group,Date,Time,open,high,low,close,vol,transaction,vwap,dollar_returns,dollar_returns_log,ema_fast,ema_slow,EWMAC,periodCORR,periodCOV,periodKURT,periodSKEW,periodVAR,Target,bar,sine,leadsine,periodVolStd,VolAdjEMA,longs,shorts,shortFCs,longFCs,FCs,shifted_leadsine,diff_leadsine,position,trend_following,prev_position,new_trade,trade_number,IntraTrade_P_DD,position_stoploss_start,stop_loss,position_with_stoploss,prev_position_with_stoploss,PL,CumPL,Signals,Trades,commission,NetCumPL,NetPL,MaxEquity
0,2019-06-02,22:07:02,153.75,154.0625,153.71875,154.03125,288,44333.21875,153.93478732638889,,,154.03125,154.03125,0.0,,,,,,0,0,,,,,0.0,0.0,0.2727931097101266,-0.4674205891246751,-0.0,,,,,,,,,0,2390726993408,0.0,,,,,,,,,
1,2019-06-02,22:21:33,154.0625,154.125,154.0,154.125,288,44365.8125,154.04796006944446,0.09375,0.0006084575788571911,154.083984375,154.07885742187497,0.005126953125028422,,,,,,-1,1,,,,,0.0,0.0,0.2727931097101266,-0.4674205891246751,-0.0,,,-0.0,-1.0,,0.0,0.0,93.75,0,0,-0.0,0.0,0.0,0.0,0.0,0.0,0.0,0.0,0.0,
2,2019-06-02,22:34:44,154.125,154.21875,154.09375,154.09375,289,44547.96875,154.1452205882353,-0.03125,-0.00020277806010859933,154.0880829015544,154.08397754089017,0.0041053606642265095,,,,,,0,2,,,,,0.0,0.0,0.2727931097101266,-0.4674205891246751,-0.0,,,-0.0,-1.0,-0.0,0.0,0.0,62.5,0,0,-0.0,-0.0,0.0,0.0,0.0,0.0,0.0,0.0,0.0,0.0
3,2019-06-02,22:58:41,154.09375,154.28125,154.0625,154.15625,288,44408.375,154.19574652777777,0.0625,0.0004055150096125004,154.11197415865385,154.102901280901,0.009072877752856812,1.0000000000000002,0.009765625,1.0500000000000007,-1.1858541225631423,0.009765624999999998,-1,3,,,0.09882117688026185,0.9181106762015291,0.9181106762015291,0.0,0.2727931097101266,-0.3670989435069175,-0.0,,,-0.0,-1.0,-0.0,0.0,0.0,125.0,0,0,-0.0,-0.0,-0.0,0.0,0.0,0.0,0.0,0.0,-0.0,-0.0
4,2019-06-02,23:32:11,154.15625,154.15625,153.96875,154.0,288,44362.21875,154.03548177083334,-0.15625,-0.0010140960203823823,154.07719065148433,154.08101498352298,-0.0038243320386470714,1.0000000000000004,0.00712890625,2.021017076374554,-1.3385038869326558,0.007128906249999998,0,4,,,0.08443285053816434,-0.4529436130926839,0.0,-0.4529436130926839,0.22053360241820497,-0.4674205891246751,-0.0,,,-0.0,-1.0,-0.0,0.0,0.0,-31.25,0,0,-0.0,-0.0,0.0,0.0,0.0,0.0,0.0,0.0,0.0,0.0
5,2019-06-02,23:58:19,154.0,154.09375,153.96875,154.03125,288,44361.375,154.03255208333334,0.03125,0.00020290149202129015,154.064078993794,154.0720595582233,-0.007980564429288961,1.0000000000000002,0.00751953125,0.12987012987012747,-0.9266785330582887,0.0075195312499999984,-1,5,,,0.08671523078444754,-0.9203186518786598,0.0,-0.9203186518786598,0.16660903313081354,-0.4674205891246751,-0.0,,,-0.0,-1.0,-0.0,0.0,0.0,0.0,0,0,-0.0,-0.0,-0.0,0.0,0.0,0.0,0.0,0.0,-0.0,-0.0
6,2019-06-03,00:22:49,154.0625,154.0625,153.96875,154.03125,289,44510.71875,154.0163278546713,0.0,0.0,154.05526626523644,154.0656690668859,-0.01040280164946239,1.0000000000000007,0.005566406250000001,1.0987996306555867,-1.2639100390556421,0.0055664062499999984,0,6,,,0.07460835241445825,-1.394321320979398,0.0,-1.394321320979398,0.11191978434524441,-0.4674205891246751,-0.0,,,-0.0,-1.0,-0.0,0.0,0.0,0.0,0,0,-0.0,-0.0,-0.0,0.0,0.0,0.0,0.0,0.0,-0.0,-0.0
7,2019-06-03,00:54:21,154.03125,154.09375,153.96875,153.96875,288,44360.4375,154.029296875,-0.0625,-0.0004058441614143149,154.03306759013483,154.0521884065579,-0.01912081642305452,1.0000000000000007,0.00146484375,2.0000000000000013,-1.3608276348795436,0.0014648437499999991,0,7,,,0.03827327723098715,-4.995865994870635,0.0,-4.995865994870635,-0.30361748057449933,-0.4674205891246751,-1.0,,,-0.0,-1.0,-0.0,0.0,0.0,-62.5,0,0,-0.0,-0.0,0.0,0.0,-1.0,0.0,0.0,0.0,0.0,0.0
8,2019-06-03,01:17:19,153.96875,154.09375,153.96875,153.96875,288,44362.96875,154.0380859375,0.0,0.0,154.0171129629346,154.04171707974226,-0.024604116807665832,1.0000000000000004,0.0017578124999999998,-2.4074074074074083,-0.1656346649999846,0.0017578124999999987,0,8,,,0.041926274578121044,-5.868424288883833,0.0,-5.868424288883833,-0.4042910858766202,-0.4674205891246751,-1.0,,,-1.0,-1.0,-0.0,0.0,0.0,-62.5,0,0,-1.0,-0.0,-0.0,0.0,0.0,1.0,2.5,-2.5,-2.5,0.0
9,2019-06-03,01:32:22,153.96875,154.0,153.9375,154.0,289,44497.96875,153.97221020761245,0.03125,0.00020294266939302474,154.0129748400795,154.03693470938242,-0.023959869302927927,1.0000000000000004,0.003125,-2.32421875,0.052407843222651435,0.003124999999999999,-1,9,,,0.055901699437494734,-4.2860717194685884,0.0,-4.2860717194685884,-0.2217231828320843,-0.4674205891246751,-1.0,,,-1.0,-1.0,-1.0,1.0,1.0,31.25,0,0,-1.0,-1.0,-31.25,-31.25,0.0,0.0,2.5,-33.75,-31.25,-2.5
10,2019-06-03,01:48:30,154.0,154.125,153.9375,153.9375,288,44358.03125,154.02094184027777,-0.0625,-0.00040592653287241376,153.99507476621767,154.02641774173455,-0.03134297551687837,1.0000000000000002,0.0027343750000000003,0.5357142857142847,-1.088511769215251,0.0027343749999999994,0,10,,,0.052291251658379716,-5.993923366310478,0.0,-5.993923366310478,-0.41877085722636015,-0.4674205891246751,-1.0,,,-1.0,-1.0,-1.0,0.0,1.0,-31.25,0,0,-1.0,-1.0,62.5,31.25,0.0,0.0,2.5,28.75,62.5,62.5
11,2019-06-03,02:09:22,153.9375,154.0,153.9375,154.0,289,44498.0,153.97231833910035,0.0625,0.00040592653287241376,153.996225665822,154.02381853738117,-0.027592871559164678,1.0000000000000002,0.0041015625,-3.163265306122449,-0.4414786044290983,0.004101562499999999,-1,11,,,0.06404344228724748,-4.308461658791732,0.0,-4.308461658791732,-0.22430647833179163,-0.4674205891246751,-1.0,,,-1.0,-1.0,-1.0,0.0,1.0,31.25,0,0,-1.0,-1.0,-62.5,-31.25,0.0,0.0,2.5,-33.75,-62.5,62.5
12,2019-06-03,02:33:53,154.0,154.125,154.0,154.0625,288,44373.53125,154.07476128472223,0.0625,0.0004057618233801463,154.0115369189556,154.0273833046591,-0.01584638570349739,1.0000000000000002,0.0046875,-3.3333333333333326,-0.6085806194501847,0.004687499999999999,-1,12,,,0.06846531968814576,-2.3145127745954377,0.0,-2.3145127745954377,0.005750383585041652,-0.4674205891246751,-0.0,,,-1.0,-1.0,-1.0,0.0,1.0,93.75,0,0,-1.0,-1.0,-62.5,-93.75,1.0,0.0,2.5,-96.25,-62.5,-62.5
13,2019-06-03,03:37:25,154.0625,154.09375,153.96875,154.0,288,44364.46875,154.04329427083334,-0.0625,-0.0004057618233801463,154.00889482976936,154.02500569762012,-0.016110867850755994,1.0000000000000002,0.0046875,-3.3333333333333326,-0.6085806194501847,0.004687499999999999,0,13,,,0.06846531968814576,-2.3531428647583557,0.0,-2.3531428647583557,0.0012933398820245134,-0.4674205891246751,-0.0,,,-0.0,-1.0,-1.0,0.0,1.0,31.25,0,0,-0.0,-1.0,62.5,-31.25,0.0,1.0,5.0,-36.25,60.0,60.0
14,2019-06-03,04:48:02,154.0,154.09375,153.9375,154.0625,289,44512.9375,154.0240051903114,0.0625,0.0004057618233801463,154.02108825310688,154.02808840192216,-0.007000148815279772,1.0000000000000002,0.007031249999999999,-2.407407407407407,0.1656346649999846,0.0070312499999999984,-1,14,,,0.0838525491562421,-0.8348164588576101,0.0,-0.8348164588576101,0.17647406345798688,-0.4674205891246751,-0.0,,,-0.0,-1.0,-0.0,0.0,1.0,93.75,0,0,-0.0,-0.0,-0.0,-31.25,0.0,0.0,5.0,-36.25,-0.0,60.0
15,2019-06-03,05:21:39,154.0625,154.09375,153.96875,154.0,288,44362.21875,154.03548177083334,-0.0625,-0.0004057618233801463,154.01631639388398,154.02589203178758,-0.009575637903594725,1.0000000000000004,0.005078125,-0.1775147928994123,0.4047960089109363,0.0050781249999999984,0,15,,,0.07126096406869611,-1.3437424021324968,0.0,-1.3437424021324968,0.11775545417674793,-0.4674205891246751,-0.0,,,-0.0,-1.0,-0.0,0.0,1.0,31.25,0,0,-0.0,-0.0,0.0,-31.25,0.0,0.0,5.0,-36.25,0.0,0.0
16,2019-06-03,06:01:54,154.0,154.0,153.875,153.875,288,44338.625,153.95355902777777,-0.125,-0.000812017909011864,153.98446850361006,154.01462728102933,-0.030158777419273974,1.0000000000000002,0.0056640625,-0.9453032104637344,-0.6013638196305312,0.005664062499999999,0,16,,,0.07525996611745184,-4.007280228137192,0.0,-4.007280228137192,-0.18955691411117515,-0.4674205891246751,-1.0,,,-0.0,-1.0,-0.0,0.0,1.0,-93.75,0,0,-0.0,-0.0,0.0,-31.25,-1.0,0.0,5.0,-36.25,0.0,0.0
17,2019-06-03,06:29:07,153.875,153.9375,153.875,153.875,289,44477.78125,153.90235726643598,0.0,0.0,153.95987535233022,154.00464171142187,-0.044766359091653385,1.0000000000000002,0.00390625,-0.1874999999999988,-0.9374999999999997,0.003906249999999999,0,17,,,0.06249999999999999,-7.1626174546645425,0.0,-7.1626174546645425,-0.553611873783243,-0.4674205891246751,-1.0,,,-1.0,-1.0,-0.0,0.0,1.0,-93.75,0,0,-1.0,-0.0,-0.0,-31.25,0.0,1.0,7.5,-38.75,-2.5,0.0
18,2019-06-03,06:47:14,153.875,153.90625,153.84375,153.90625,289,44471.0625,153.8791089965398,0.03125,0.0002030663018448564,153.947857194519,153.99788063179764,-0.05002343727863945,1.0000000000000002,0.00634765625,1.9999999999999976,-0.9051513929454648,0.00634765625,-1,18,,,0.07967217989988726,-6.278658038665041,0.0,-6.278658038665041,-0.4516228353888856,-0.4674205891246751,-1.0,,,-1.0,-1.0,-1.0,1.0,2.0,31.25,0,0,-1.0,-1.0,-31.25,-62.5,0.0,0.0,7.5,-70.0,-31.25,-2.5
19,2019-06-03,07:00:06,153.90625,153.96875,153.875,153.90625,288,44325.40625,153.90766059027777,0.0,0.0,153.93855006746332,153.99181434194185,-0.05326427447852211,0.9999999999999998,0.00322265625,-2.231404958677679,0.5671631517317608,0.0032226562500000007,0,19,,,0.056768444139327974,-9.382725788255618,0.0,-9.382725788255618,-0.8097624503549402,-0.4674205891246751,-1.0,,,-1.0,-1.0,-1.0,0.0,2.0,31.25,0,0,-1.0,-1.0,-0.0,-62.5,0.0,0.0,7.5,-70.0,-0.0,-0.0
20,2019-06-03,07:05:18,153.90625,154.0,153.875,154.0,289,44486.1875,153.9314446366782,0.09375,0.0006089516071670076,153.95227567246437,153.99233771750752,-0.04006204504315747,0.9999999999999993,0.0026367187499999993,-1.687242798353914,-0.5184205276797867,0.002636718750000001,-1,20,,,0.05134898976610933,-7.801914940417908,0.0,-7.801914940417908,-0.6273724273106833,-0.4674205891246751,-1.0,,,-1.0,-1.0,-1.0,0.0,2.0,125.0,0,0,-1.0,-1.0,-93.75,-156.25,0.0,0.0,7.5,-163.75,-93.75,-0.0
21,2019-06-03,07:10:57,154.0,154.125,154.0,154.125,288,44365.1875,154.04578993055554,0.125,0.0008113590708784812,153.99081185598897,154.0005475820305,-0.009735726041526505,0.9999999999999997,0.002636718750000001,3.251028806584349,-1.7355817665801554,0.0026367187500000015,-1,21,,,0.05134898976610934,-1.8959917392478374,0.0,-1.8959917392478374,0.05403829948969752,-0.4674205891246751,-0.0,,,-1.0,-1.0,-1.0,0.0,2.0,250.0,0,0,-1.0,-1.0,-125.0,-281.25,1.0,0.0,7.5,-288.75,-125.0,-93.75
22,2019-06-03,07:12:52,154.125,154.21875,154.125,154.21875,288,44404.59375,154.1826171875,0.09375,0.0006080875833474053,154.04162167757744,154.01364363634556,0.02797804123187575,1.000000000000003,0.00029296875000000243,-3.333333333324403,0.6085806194499522,0.00029296875000000156,-1,22,,,0.017116329922036485,16.345817917341797,16.345817917341797,0.0,0.2727931097101266,1.3186814516667607,2.0,,,-0.0,-1.0,-1.0,0.0,2.0,343.75,0,0,-0.0,-1.0,-93.75,-375.0,2.0,1.0,10.0,-385.0,-96.25,-96.25
23,2019-06-03,07:13:58,154.21875,154.375,154.21875,154.34375,288,44444.03125,154.31955295138889,0.125,0.0008102086730428226,154.10892294744394,154.03289291611492,0.07603003132902586,0.9999999999999993,0.004199218749999998,3.877771768523509,-1.9177563393288473,0.0041992187500000016,-1,23,,,0.06480137922914914,11.732779800900568,11.732779800900568,0.0,0.2727931097101266,0.8146163240794182,1.0,,,2.0,-1.0,-0.0,0.0,2.0,468.75,0,0,2.0,-0.0,-0.0,-375.0,-1.0,2.0,15.0,-390.0,-5.0,-5.0
24,2019-06-03,07:14:51,154.34375,154.46875,154.34375,154.4375,288,44476.4375,154.43207465277777,0.09375,0.0006072260079301728,154.18207672507552,154.05585408602238,0.12622263905313957,1.0,0.00712890625,-2.707825107900172,-0.5779903148118282,0.007128906250000001,-1,24,,,0.08443285053816435,14.94947028894706,14.94947028894706,0.0,0.2727931097101266,1.166103014702518,1.0,,,1.0,-1.0,2.0,1.0,3.0,93.75,0,0,1.0,2.0,187.5,-187.5,0.0,1.0,17.5,-205.0,185.0,185.0
25,2019-06-03,07:16:18,154.4375,154.5,154.40625,154.40625,287,44329.5625,154.45840592334494,-0.03125,-0.00020236770280490646,154.23196549313028,154.07523528489293,0.15673020823734873,0.9999999999999999,0.006542968749999999,-2.4125640454444195,-0.36326900585846333,0.00654296875,0,25,,,0.0808886194096549,19.376051832903624,19.376051832903624,0.0,0.2727931097101266,1.6497940951594003,2.0,,,1.0,-1.0,1.0,0.0,3.0,62.5,0,0,1.0,1.0,-31.25,-218.75,1.0,0.0,17.5,-236.25,-31.25,185.0
26,2019-06-03,07:20:28,154.40625,154.46875,154.3125,154.34375,288,44465.3125,154.39344618055554,-0.0625,-0.0004048583051252663,154.25683459809673,154.08973166212405,0.16710293597267878,1.0000000000000002,0.00419921875,-1.963223363980531,-0.23551393640880577,0.004199218749999999,0,26,,,0.06480137922914912,25.786941259656416,20.0,0.0,0.2727931097101266,1.7179727020810263,2.0,,,2.0,-1.0,1.0,0.0,3.0,0.0,0,0,2.0,1.0,-62.5,-281.25,0.0,1.0,20.0,-301.25,-65.0,-31.25
27,2019-06-03,07:23:26,154.34375,154.40625,154.3125,154.40625,288,44455.125,154.35807291666666,0.0625,0.0004048583051252663,154.2900672299372,154.1064318777316,0.18363535220558447,1.0000000000000002,0.00322265625,-2.2314049586776847,-0.5671631517317617,0.003222656249999999,-1,27,,,0.05676844413932796,32.348139003930505,20.0,0.0,0.2727931097101266,1.7179727020810263,2.0,,,2.0,-1.0,2.0,0.0,3.0,62.5,0,0,2.0,2.0,125.0,-156.25,0.0,0.0,20.0,-176.25,125.0,125.0
28,2019-06-03,07:27:38,154.40625,154.4375,154.40625,154.4375,287,44317.1875,154.41528745644598,0.03125,0.00020236770280490646,154.322852480156,154.12352386825708,0.19932861189892037,1.0000000000000002,0.00322265625,-2.2314049586776847,-0.5671631517317617,0.003222656249999999,-1,28,,,0.05676844413932796,35.11257264858344,20.0,0.0,0.2727931097101266,1.7179727020810263,2.0,,,2.0,-1.0,2.0,0.0,3.0,93.75,0,0,2.0,2.0,62.5,-93.75,0.0,0.0,20.0,-113.75,62.5,125.0
29,2019-06-03,07:31:03,154.4375,154.5,154.40625,154.5,288,44472.71875,154.41916232638889,0.0625,0.0004046125889720642,154.36223953773958,154.14256301882722,0.21967651891236528,1.0000000000000002,0.0016601562499999997,-1.4878892733564004,-0.5413870509510853,0.0016601562499999993,-1,29,,,0.04074501503251655,53.914943640848456,20.0,0.0,0.2727931097101266,1.7179727020810263,2.0,,,2.0,-1.0,2.0,0.0,3.0,156.25,0,0,2.0,2.0,125.0,31.25,0.0,0.0,20.0,11.25,125.0,125.0
30,2019-06-03,07:34:34,154.5,154.5,154.375,154.46875,288,44480.8125,154.447265625,-0.03125,-0.0002022858305679165,154.38591832156573,154.15873862474785,0.22717969681787054,1.0000000000000004,0.005175781250000001,1.128515485938049,1.0326585393989962,0.005175781249999999,0,30,,,0.07194290270763336,31.57777741344402,20.0,0.0,0.2727931097101266,1.7179727020810263,2.0,,,2.0,-1.0,2.0,0.0,3.0,125.0,0,0,2.0,2.0,-62.5,-31.25,0.0,0.0,20.0,-51.25,-62.5,125.0
31,2019-06-03,07:37:29,154.46875,154.53125,154.46875,154.46875,287,44337.75,154.48693379790942,0.0,0.0,154.40433128365737,154.1738280876917,0.23050319596566737,1.0000000000000004,0.005175781250000001,1.128515485938049,1.0326585393989962,0.005175781249999999,0,31,,,0.07194290270763336,32.039740862611914,20.0,0.0,0.2727931097101266,1.7179727020810263,2.0,,,2.0,-1.0,2.0,0.0,3.0,125.0,0,0,2.0,2.0,0.0,-31.25,0.0,0.0,20.0,-51.25,0.0,0.0
32,2019-06-03,07:41:03,154.46875,154.625,154.4375,154.625,287,44355.28125,154.54801829268294,0.15625,0.0010110202054196549,154.45338104688037,154.19540210888923,0.25797893799114036,1.0000000000000002,0.00537109375,3.3223140495867747,1.744369497454994,0.005371093749999999,-1,32,,,0.07328774624724108,35.20082840599727,20.0,0.0,0.2727931097101266,1.7179727020810263,2.0,,,2.0,-1.0,2.0,0.0,3.0,281.25,0,0,2.0,2.0,312.5,281.25,0.0,0.0,20.0,261.25,312.5,312.5
33,2019-06-03,07:43:45,154.59375,154.6875,154.5625,154.65625,288,44526.46875,154.60579427083334,0.03125,0.00020208143950739554,154.49847181001795,154.21706941820256,0.28140239181539073,1.0,0.004199218749999999,1.9307733910221785,1.4467284665112368,0.004199218749999999,-1,33,,,0.06480137922914912,43.425370750258594,20.0,0.0,0.2727931097101266,1.7179727020810263,2.0,,,2.0,-1.0,2.0,0.0,3.0,312.5,0,0,2.0,2.0,62.5,343.75,0.0,0.0,20.0,323.75,62.5,312.5
34,2019-06-03,07:45:11,154.65625,154.65625,154.625,154.65625,287,44385.25,154.65243902439025,0.0,0.0,154.53353893694882,154.23738789988653,0.2961510370622875,1.0000000000000004,0.005175781250000001,1.128515485938049,1.0326585393989962,0.005175781249999999,0,34,,,0.07194290270763336,41.1647328529135,20.0,0.0,0.2727931097101266,1.7179727020810263,2.0,,,2.0,-1.0,2.0,0.0,3.0,312.5,0,0,2.0,2.0,0.0,343.75,0.0,0.0,20.0,323.75,0.0,62.5
35,2019-06-03,07:49:39,154.65625,154.75,154.625,154.71875,287,44395.90625,154.689568815331,0.0625,0.00040404040953667675,154.57470179608126,154.2593180749946,0.31538372108664703,1.0000000000000007,0.00126953125,-0.1775147928994123,-0.4047960089109363,0.001269531249999999,-1,35,,,0.03563048203434805,88.5151429561393,20.0,0.0,0.2727931097101266,1.7179727020810263,2.0,,,2.0,-1.0,2.0,0.0,3.0,375.0,0,0,2.0,2.0,125.0,468.75,0.0,0.0,20.0,448.75,125.0,125.0
36,2019-06-03,07:55:00,154.71875,154.71875,154.6875,154.6875,287,44398.90625,154.70002177700349,-0.03125,-0.0002019997986870692,154.59977035862602,154.27854114001403,0.3212292186119896,1.0000000000000004,0.0016601562499999997,-1.4878892733564004,-0.5413870509510853,0.001660156249999999,0,36,,,0.04074501503251654,78.83890050246215,20.0,0.0,0.2727931097101266,1.7179727020810263,2.0,,,2.0,-1.0,2.0,0.0,3.0,343.75,0,0,2.0,2.0,-62.5,406.25,0.0,0.0,20.0,386.25,-62.5,125.0
37,2019-06-03,07:58:53,154.6875,154.71875,154.6875,154.71875,287,44396.3125,154.6909843205575,0.03125,0.0002019997986870692,154.6262121617185,154.29802887782378,0.32818328389473095,1.0000000000000002,0.00634765625,0.5798816568047324,-1.206868523927286,0.006347656249999999,-1,37,,,0.07967217989988726,41.191703842810924,20.0,0.0,0.2727931097101266,1.7179727020810263,2.0,,,2.0,-1.0,2.0,0.0,3.0,375.0,0,0,2.0,2.0,62.5,468.75,0.0,0.0,20.0,448.75,62.5,62.5
38,2019-06-03,08:00:59,154.71875,154.78125,154.6875,154.78125,287,44406.0625,154.72495644599303,0.0625,0.00040387722681511917,154.6606669228306,154.31913579353505,0.3415311292955323,1.0000000000000004,0.005175781250000001,1.1285154859380562,-1.032658539398995,0.005175781249999999,-1,38,,,0.07194290270763336,47.47252563376135,20.0,0.0,0.2727931097101266,1.7179727020810263,2.0,,,2.0,-1.0,2.0,0.0,3.0,437.5,0,0,2.0,2.0,125.0,593.75,0.0,0.0,20.0,573.75,125.0,125.0
39,2019-06-03,08:05:23,154.78125,154.78125,154.625,154.65625,287,44395.96875,154.68978658536585,-0.125,-0.0008079176363517959,154.6596853421426,154.33367313175498,0.3260122103876313,1.0,0.00859375,1.4488636363636367,-0.8848873194830054,0.00859375,0,39,,,0.09270248108869579,35.167581984748566,20.0,0.0,0.2727931097101266,1.7179727020810263,2.0,,,2.0,-1.0,2.0,0.0,3.0,312.5,0,0,2.0,2.0,-250.0,343.75,0.0,0.0,20.0,323.75,-250.0,125.0
40,2019-06-03,08:08:42,154.65625,154.6875,154.625,154.65625,288,44540.375,154.65407986111111,0.0,0.0,154.65892190720064,154.34741383008543,0.31150807711520656,1.0,0.00859375,1.4488636363636367,-0.8848873194830054,0.00859375,0,40,,,0.09270248108869579,33.6029924395618,20.0,0.0,0.2727931097101266,1.7179727020810263,2.0,,,2.0,-1.0,2.0,0.0,3.0,312.5,0,0,2.0,2.0,0.0,343.75,0.0,0.0,20.0,323.75,0.0,0.0
41,2019-06-03,08:14:11,154.65625,154.8125,154.65625,154.78125,287,44410.78125,154.7413980836237,0.125,0.0008079176363517959,154.68610663618804,154.36567778772599,0.32042884846205766,1.0,0.00830078125,0.8927335640138416,0.0,0.00830078125,-1,41,,,0.09110862335695782,35.169980256055204,20.0,0.0,0.2727931097101266,1.7179727020810263,2.0,,,2.0,-1.0,2.0,0.0,3.0,437.5,0,0,2.0,2.0,250.0,593.75,0.0,0.0,20.0,573.75,250.0,250.0
42,2019-06-03,08:23:31,154.78125,154.875,154.75,154.8125,287,44430.375,154.80966898954705,0.03125,0.00020187746106703486,154.7141946196255,154.38427771333886,0.32991690628662695,0.9999999999999997,0.005175781249999999,-2.7162691349234627,0.19669686464742786,0.005175781250000001,-1,42,,,0.07194290270763337,45.858158882936166,20.0,0.0,0.2727931097101266,1.7179727020810263,2.0,,,2.0,-1.0,2.0,0.0,3.0,468.75,0,0,2.0,2.0,62.5,656.25,0.0,0.0,20.0,636.25,62.5,250.0
43,2019-06-03,08:29:04,154.8125,154.8125,154.75,154.78125,287,44423.875,154.78702090592336,-0.03125,-0.00020187746106703486,154.72909605015795,154.4006250321814,0.32847101797653977,0.9999999999999992,0.0045898437499999984,-0.7378904481665849,-0.912717046241344,0.004589843750000001,0,43,,,0.06774838558962126,48.48396240261997,20.0,0.0,0.2727931097101266,1.7179727020810263,2.0,,,2.0,-1.0,2.0,0.0,3.0,437.5,0,0,2.0,2.0,-62.5,593.75,0.0,0.0,20.0,573.75,-62.5,62.5
44,2019-06-03,08:32:04,154.78125,154.90625,154.78125,154.90625,286,44288.71875,154.85565996503496,0.125,0.0008072654323356687,154.76846407722866,154.42123213268346,0.3472319445452001,1.0,0.004199218750000001,-1.963223363980531,0.23551393640880605,0.004199218750000001,-1,44,,,0.06480137922914914,53.58403612326314,20.0,0.0,0.2727931097101266,1.7179727020810263,2.0,,,2.0,-1.0,2.0,0.0,3.0,562.5,0,0,2.0,2.0,250.0,843.75,0.0,0.0,20.0,823.75,250.0,250.0
45,2019-06-03,08:37:26,154.90625,155.0,154.875,155.0,287,44465.46875,154.9319468641115,0.09375,0.0006050216983997103,154.8199169951528,154.44458699078137,0.3753300043714205,0.9999999999999999,0.01240234375,-0.2250604501208997,-0.6031940731563137,0.01240234375,-1,45,,,0.11136581050753414,33.702444463063344,20.0,0.0,0.2727931097101266,1.7179727020810263,2.0,,,2.0,-1.0,2.0,0.0,3.0,656.25,0,0,2.0,2.0,187.5,1031.25,0.0,0.0,20.0,1011.25,187.5,250.0
46,2019-06-03,08:39:58,155.0,155.03125,155.0,155.0,287,44488.59375,155.01252177700349,0.0,0.0,154.8599357374809,154.46678666644544,0.3931490710354524,1.0,0.015917968749999997,-2.711054236139862,-0.12308456985909101,0.015917968749999997,0,46,,,0.12616643273866468,31.161146630007618,20.0,0.0,0.2727931097101266,1.7179727020810263,2.0,,,2.0,-1.0,2.0,0.0,3.0,656.25,0,0,2.0,2.0,0.0,1031.25,0.0,0.0,20.0,1011.25,0.0,187.5
47,2019-06-03,08:46:17,155.0,155.0,154.84375,154.84375,286,44299.625,154.8937937062937,-0.15625,-0.0010085729548849898,154.85633888618102,154.48171640695296,0.3746224792280657,1.0000000000000004,0.010449218750000001,-1.6097475762075284,0.008571278138071273,0.010449218749999996,0,47,,,0.10222142021122577,36.64813876132445,20.0,0.0,0.2727931097101266,1.7179727020810263,2.0,,,2.0,-1.0,2.0,0.0,3.0,500.0,0,0,2.0,2.0,-312.5,718.75,0.0,0.0,20.0,698.75,-312.5,0.0
48,2019-06-03,08:53:55,154.84375,154.84375,154.71875,154.71875,287,44425.84375,154.7938806620209,-0.125,-0.0008075914026655084,154.82576344095986,154.49102196568805,0.3347414752718123,1.0000000000000007,0.006054687499999999,-2.8043704474505717,-0.6995781251731448,0.006054687499999996,0,48,,,0.07781187248742955,43.01933169978522,20.0,0.0,0.2727931097101266,1.7179727020810263,2.0,,,2.0,-1.0,2.0,0.0,3.0,375.0,0,0,2.0,2.0,-250.0,468.75,0.0,0.0,20.0,448.75,-250.0,-250.0
49,2019-06-03,09:02:57,154.71875,154.75,154.65625,154.71875,287,44399.90625,154.703506097561,0.0,0.0,154.8019825933163,154.4998869468181,0.3020956464982021,1.000000000000001,0.005175781250000001,-2.7162691349234716,0.19669686464742664,0.0051757812499999955,0,49,,,0.07194290270763333,41.99102831948272,20.0,0.0,0.2727931097101266,1.7179727020810263,2.0,,,2.0,-1.0,2.0,0.0,3.0,375.0,0,0,2.0,2.0,0.0,468.75,0.0,0.0,20.0,448.75,0.0,0.0
50,2019-06-03,09:08:37,154.71875,154.75,154.65625,154.71875,288,44551.5,154.69270833333334,0.0,0.0,154.78348641126706,154.50833788391773,0.27514852734933015,1.0000000000000013,0.00341796875,-2.8979591836734833,0.3818017741606049,0.0034179687499999957,0,50,,,0.0584633966683428,47.063383763044286,20.0,0.0,0.2727931097101266,1.7179727020810263,2.0,,,2.0,-1.0,2.0,0.0,3.0,375.0,0,0,2.0,2.0,0.0,468.75,0.0,0.0,20.0,448.75,0.0,0.0
51,2019-06-03,09:18:09,154.71875,154.71875,154.59375,154.625,287,44384.375,154.64939024390245,-0.09375,-0.0006061218490440723,154.7482671344155,154.5128074883963,0.23545964601919422,1.0000000000000016,0.00263671875,-3.333333333333337,-0.608580619450185,0.0026367187499999963,0,51,,,0.051348989766109285,45.85477671356241,20.0,0.0,0.2727931097101266,1.7179727020810263,2.0,,,2.0,-1.0,2.0,0.0,3.0,281.25,0,0,2.0,2.0,-187.5,281.25,0.0,0.0,20.0,261.25,-187.5,0.0
52,2019-06-03,09:27:04,154.625,154.65625,154.53125,154.53125,287,44372.46875,154.6079050522648,-0.09375,-0.0006064894555661837,154.7000410253636,154.51350877517393,0.18653225018965713,1.0000000000000016,0.00263671875,-3.333333333333337,-0.608580619450185,0.0026367187499999963,0,52,,,0.051348989766109285,36.3263719577147,20.0,0.0,0.2727931097101266,1.7179727020810263,2.0,,,2.0,-1.0,2.0,0.0,3.0,187.5,0,0,2.0,2.0,-187.5,93.75,0.0,0.0,20.0,73.75,-187.5,-187.5
53,2019-06-03,09:34:02,154.53125,154.5625,154.5,154.53125,287,44354.78125,154.5462761324042,0.0,0.0,154.6625318607161,154.51417853513436,0.14835332558172354,1.0000000000000007,0.00458984375,-1.82435491172476,0.0686991325127901,0.004589843749999997,0,53,,,0.06774838558962122,21.897691626241595,20.0,0.0,0.2727931097101266,1.7179727020810263,2.0,,,2.0,-1.0,2.0,0.0,3.0,187.5,0,0,2.0,2.0,0.0,93.75,0.0,0.0,20.0,73.75,0.0,0.0
54,2019-06-03,09:41:09,154.53125,154.59375,154.53125,154.53125,288,44508.9375,154.544921875,0.0,0.0,154.63335808491374,154.51481854179696,0.11853954311678194,1.0000000000000007,0.00322265625,1.0743801652892582,-0.2669003066972995,0.0032226562499999972,0,54,,,0.056768444139327946,20.881238672993735,20.0,0.0,0.2727931097101266,1.7179727020810263,2.0,,,2.0,-1.0,2.0,0.0,3.0,187.5,0,0,2.0,2.0,0.0,93.75,0.0,0.0,20.0,73.75,0.0,0.0
55,2019-06-03,09:46:57,154.53125,154.625,154.53125,154.59375,287,44365.78125,154.5846036585366,0.0625,0.0004043671708959806,154.62455628146665,154.5177579159353,0.10679836553134692,1.000000000000001,0.0021484375,0.8677685950413228,0.5516180692881075,0.0021484374999999976,-1,55,,,0.04635124054434787,23.041101872810618,20.0,0.0,0.2727931097101266,1.7179727020810263,2.0,,,2.0,-1.0,2.0,0.0,3.0,250.0,0,0,2.0,2.0,125.0,218.75,0.0,0.0,20.0,198.75,125.0,125.0
56,2019-06-03,09:59:10,154.59375,154.59375,154.5625,154.5625,287,44366.0625,154.58558362369337,-0.03125,-0.00020216314634691201,154.6107659884104,154.51941338080164,0.09135260760876918,1.000000000000001,0.0021484375,0.8677685950413228,0.5516180692881075,0.0021484374999999976,0,56,,,0.04635124054434787,19.708772955357034,19.708772955357034,0.0,0.2727931097101266,1.6861504206020062,2.0,,,2.0,-1.0,2.0,0.0,3.0,218.75,0,0,2.0,2.0,-62.5,156.25,0.0,0.0,20.0,136.25,-62.5,125.0
57,2019-06-03,10:06:34,154.5625,154.59375,154.46875,154.5,288,44512.84375,154.55848524305554,-0.0625,-0.00040444894383462326,154.58615131281613,154.51869953030817,0.06745178250795902,1.000000000000001,0.0027343750000000003,0.5357142857142847,1.088511769215251,0.0027343749999999972,0,57,,,0.052291251658379695,12.899248032658221,12.899248032658221,0.0,0.2727931097101266,0.9420759164838057,1.0,,,2.0,-1.0,2.0,0.0,3.0,156.25,0,0,2.0,2.0,-125.0,31.25,-1.0,0.0,20.0,11.25,-125.0,-62.5
58,2019-06-03,10:12:05,154.5,154.5,154.4375,154.5,287,44337.78125,154.48704268292684,0.0,0.0,154.56700656967612,154.51801603109263,0.04899053858349589,1.0000000000000007,0.00419921875,1.9307733910221774,1.4467284665112368,0.004199218749999997,0,58,,,0.06480137922914911,7.560107387569129,7.560107387569129,0.0,0.2727931097101266,0.3586698091547367,1.0,,,1.0,-1.0,2.0,0.0,3.0,156.25,0,0,1.0,2.0,0.0,31.25,0.0,1.0,22.5,8.75,-2.5,-2.5
59,2019-06-03,10:19:02,154.5,154.5,154.4375,154.4375,288,44486.34375,154.46647135416666,-0.0625,-0.0004046125889720642,154.53822732383432,154.51508995491076,0.023137368923556778,1.0000000000000007,0.004687500000000001,1.7447916666666632,1.5309606208043702,0.004687499999999997,0,59,,,0.06846531968814575,3.379429034866953,3.379429034866953,0.0,0.2727931097101266,-0.09815151207947526,0.0,,,1.0,-1.0,1.0,0.0,3.0,93.75,0,0,1.0,1.0,-62.5,-31.25,-1.0,0.0,22.5,-53.75,-62.5,-2.5
60,2019-06-03,10:25:18,154.4375,154.53125,154.40625,154.53125,287,44330.3125,154.46101916376307,0.09375,0.0006068575082576189,154.53667680708574,154.51567398138562,0.021002825700122685,1.0000000000000007,0.00439453125,-0.9629629629629631,0.5237828008789241,0.004394531249999997,-1,60,,,0.06629126073623881,3.1682646350156487,3.1682646350156487,0.0,0.2727931097101266,-0.12122537521830112,0.0,,,0.0,-1.0,1.0,0.0,3.0,187.5,0,0,0.0,1.0,93.75,62.5,0.0,1.0,25.0,37.5,91.25,91.25
61,2019-06-03,10:37:09,154.53125,154.53125,154.40625,154.46875,288,44479.71875,154.44346788194446,-0.0625,-0.00040453074985347115,154.5215819584852,154.5139872011604,0.007594757324795864,1.0000000000000007,0.00751953125,-1.0844999156687447,0.4773798503633612,0.007519531249999997,0,61,,,0.08671523078444753,0.8758273784307327,0.8758273784307327,0.0,0.2727931097101266,-0.371719225270835,-0.0,,,0.0,-1.0,0.0,0.0,3.0,125.0,0,0,0.0,0.0,-0.0,62.5,-0.0,0.0,25.0,37.5,-0.0,91.25
62,2019-06-03,10:51:12,154.46875,154.53125,154.4375,154.5,288,44493.8125,154.49240451388889,0.03125,0.0002022858305679165,154.5167859670728,154.51348699209612,0.0032989749766727527,1.0000000000000004,0.00712890625,-0.6811784574967147,-0.18252325730899852,0.007128906249999997,-1,62,,,0.08443285053816434,0.3907217339750468,0.3907217339750468,0.0,0.2727931097101266,-0.4247265563168088,-0.0,0.5845450890588455,,-0.0,-1.0,0.0,0.0,3.0,156.25,0,0,-0.0,0.0,0.0,62.5,0.0,0.0,25.0,37.5,0.0,0.0
63,2019-06-03,11:08:39,154.5,154.5,154.375,154.375,287,44325.5,154.44425087108013,-0.125,-0.0008093889555587097,154.48527797113027,154.50855903611566,-0.023281064985383182,1.0000000000000009,0.004199218749999999,-1.963223363980531,0.23551393640880577,0.004199218749999996,0,63,-0.160383228426896,0.5845450890588455,0.0648013792291491,-3.5926804741388656,0.0,-3.5926804741388656,-0.1417214258936365,-0.4674205891246751,-1.0,0.6102600342778851,0.02571494521903961,0.0,-1.0,-0.0,0.0,3.0,31.25,0,0,0.0,-0.0,0.0,62.5,-1.0,0.0,25.0,37.5,0.0,0.0
64,2019-06-03,11:16:50,154.375,154.375,154.34375,154.375,288,44458.375,154.36935763888889,0.0,0.0,154.46077175335165,154.50382921196322,-0.043057458611571064,1.0000000000000009,0.004199218749999999,-1.963223363980531,0.23551393640880577,0.004199218749999996,0,64,-0.12865180942390603,0.6102600342778851,0.0648013792291491,-6.644528114025522,0.0,-6.644528114025522,-0.49383601450989123,-0.4674205891246751,-1.0,0.6215773414149116,0.0113173071370265,1.0,-1.0,0.0,0.0,3.0,31.25,0,0,1.0,0.0,0.0,62.5,0.0,1.0,27.5,35.0,-2.5,0.0
65,2019-06-03,11:22:20,154.375,154.40625,154.28125,154.28125,288,44443.53125,154.31781684027777,-0.09375,-0.000607471923105507,154.42087802788788,154.49598329140179,-0.07510526351390467,1.0000000000000016,0.00244140625,-1.2000000000000028,0.0,0.002441406249999996,0,65,-0.11439252351152043,0.6215773414149116,0.04941058844013089,-15.200236606149133,0.0,-15.200236606149133,-1.4809723763161409,-0.4674205891246751,-2.0,0.6826201611455901,0.06104281973067849,1.0,-1.0,1.0,1.0,4.0,-93.75,0,0,1.0,1.0,-93.75,-31.25,-1.0,0.0,27.5,-58.75,-93.75,-2.5
66,2019-06-03,11:27:18,154.28125,154.28125,154.21875,154.21875,288,44424.21875,154.25075954861111,-0.0625,-0.0004051863912808429,154.3759606861708,154.48625440675306,-0.11029372058226272,1.0000000000000018,0.0016601562499999997,-1.4878892733564086,-0.5413870509510866,0.0016601562499999967,0,66,-0.03404945920882988,0.6826201611455901,0.04074501503251651,-27.069255096419266,0.0,-20.0,-2.034757136339064,-0.4674205891246751,-3.0,0.6718510829333917,-0.010769078212198413,-2.0,-1.0,1.0,0.0,4.0,-156.25,0,0,-2.0,1.0,-62.5,-93.75,-1.0,3.0,35.0,-128.75,-70.0,-70.0
67,2019-06-03,11:32:02,154.21875,154.21875,154.15625,154.1875,288,44410.78125,154.2041015625,-0.03125,-0.00020265477828029788,154.33408053210286,154.47581541990166,-0.14173488779880472,1.0000000000000027,0.0012695312499999994,-0.17751479289940994,0.40479600891093587,0.0012695312499999964,0,67,-0.04867381409575335,0.6718510829333917,0.03563048203434801,-39.77911038704764,0.0,-20.0,-2.034757136339064,-0.4674205891246751,-3.0,0.6622678334457761,-0.009583249487615575,-3.0,-1.0,-2.0,1.0,5.0,-31.25,0,0,-3.0,-2.0,62.5,-31.25,0.0,1.0,37.5,-68.75,60.0,60.0
68,2019-06-03,11:37:36,154.1875,154.21875,154.15625,154.1875,288,44405.71875,154.1865234375,0.0,0.0,154.30150707956528,154.46578304875686,-0.1642759691915785,1.0000000000000027,0.0009765625,-2.9999999999999964,9.251858538542974e-16,0.0009765624999999974,0,68,-0.061517832511700433,0.6622678334457761,0.03124999999999996,-52.56831014130519,0.0,-20.0,-2.034757136339064,-0.4674205891246751,-3.0,0.7063108612914483,0.044043027845672156,3.0,-1.0,-3.0,0.0,5.0,-31.25,0,0,3.0,-3.0,-0.0,-31.25,0.0,6.0,52.5,-83.75,-15.0,60.0
69,2019-06-03,11:43:35,154.1875,154.1875,154.125,154.125,288,44400.3125,154.16775173611111,-0.0625,-0.00040543280506710744,154.26228328320798,154.4539725513048,-0.19168926809680897,1.0000000000000029,0.00078125,0.3124999999999976,-1.257788237343632,0.0007812499999999978,0,69,-0.0011249679335858574,0.7063108612914483,0.027950849718747332,-68.58083744346355,0.0,-20.0,-2.034757136339064,-0.4674205891246751,-3.0,0.7390204879401707,0.032709626648722456,3.0,-1.0,3.0,1.0,6.0,-62.5,0,0,3.0,3.0,-187.5,-218.75,0.0,0.0,52.5,-271.25,-187.5,-15.0
70,2019-06-03,11:56:29,154.125,154.15625,154.125,154.125,288,44392.9375,154.14214409722223,0.0,0.0,154.23177588639612,154.44261552236546,-0.21083963596933586,1.0000000000000013,0.001171875,2.9166666666666665,-1.2932338163316421,0.0011718749999999982,0,70,0.04620061546969209,0.7390204879401707,0.03423265984407286,-61.590199806177566,0.0,-20.0,-2.034757136339064,-0.4674205891246751,-3.0,0.7318407736626676,-0.00717971427750308,-3.0,-1.0,3.0,0.0,6.0,-62.5,0,0,-3.0,3.0,0.0,-218.75,0.0,6.0,67.5,-286.25,-15.0,-15.0
71,2019-06-03,12:02:21,154.125,154.15625,154.09375,154.125,288,44386.3125,154.119140625,0.0,0.0,154.2080479113127,154.43169157199893,-0.22364366068623553,1.0000000000000013,0.0017578124999999998,-2.4074074074074083,-0.1656346649999846,0.0017578124999999979,0,71,0.03561350986142008,0.7318407736626676,0.04192627457812103,-53.342125656674156,0.0,-20.0,-2.034757136339064,-0.4674205891246751,-3.0,0.760590592550342,0.02874981888767436,3.0,-1.0,-3.0,1.0,7.0,0.0,0,0,3.0,-3.0,-0.0,-218.75,0.0,6.0,82.5,-301.25,-15.0,-15.0
72,2019-06-03,12:07:54,154.125,154.15625,154.125,154.15625,288,44395.875,154.15234375,0.03125,0.0002027369495039011,154.19653726423027,154.42225234832827,-0.2257150840979989,1.0000000000000009,0.00146484375,2.0000000000000013,-1.3608276348795436,0.0014648437499999985,-1,72,0.0787425462518128,0.760590592550342,0.03827327723098714,-58.9745902175457,0.0,-20.0,-2.034757136339064,-0.4674205891246751,-3.0,0.7824010125305703,0.021810419980228257,3.0,-1.0,3.0,1.0,8.0,31.25,0,0,3.0,3.0,93.75,-125.0,0.0,0.0,82.5,-207.5,93.75,93.75
73,2019-06-03,12:12:03,154.15625,154.1875,154.09375,154.09375,288,44386.84375,154.12098524305554,-0.0625,-0.0004055150096125004,154.17369564976545,154.4110340287548,-0.23733837898936372,1.0000000000000004,0.0032226562500000003,1.0743801652892546,-0.2669003066972995,0.003222656249999999,0,73,0.11287266148014995,0.7824010125305703,0.05676844413932796,-41.80815285457872,0.0,-20.0,-2.034757136339064,-0.4674205891246751,-3.0,0.793969094894222,0.0115680823636517,3.0,-1.0,3.0,0.0,8.0,-31.25,0,0,3.0,3.0,-187.5,-312.5,0.0,0.0,82.5,-395.0,-187.5,93.75
74,2019-06-03,12:16:48,154.09375,154.125,154.09375,154.125,289,44536.96875,154.10715830449826,0.03125,0.00020277806010859933,154.1628743941915,154.40129890882787,-0.23842451463636394,1.0000000000000004,0.003125,2.3632812499999987,-0.821056210488204,0.0031249999999999993,-1,74,0.13152962132800677,0.793969094894222,0.055901699437494734,-42.65067377834427,0.0,-20.0,-2.034757136339064,-0.4674205891246751,-3.0,0.7994736628194015,0.005504567925179504,3.0,-1.0,3.0,0.0,8.0,0.0,0,0,3.0,3.0,93.75,-218.75,0.0,0.0,82.5,-301.25,93.75,93.75
75,2019-06-03,12:20:03,154.125,154.25,154.09375,154.21875,288,44401.0625,154.17035590277777,0.09375,0.0006080875833474053,154.17529119554524,154.3951061107092,-0.21981491516396545,1.0000000000000002,0.005859375,-1.75,-0.17010345435994295,0.005859374999999998,-1,75,0.14055339711536372,0.7994736628194015,0.07654655446197431,-28.716500266927355,0.0,-20.0,-2.034757136339064,-0.4674205891246751,-3.0,0.8027152738218661,0.0032416110024646727,3.0,-1.0,3.0,0.0,8.0,93.75,0,0,3.0,3.0,281.25,62.5,0.0,0.0,82.5,-20.0,281.25,281.25
76,2019-06-03,12:22:09,154.21875,154.25,154.21875,154.25,288,44422.1875,154.24370659722223,0.03125,0.00020261371764185299,154.1918931521562,154.3901990049332,-0.19830585277699697,1.0000000000000004,0.004687500000000001,2.916666666666662,-1.293233816331642,0.004687499999999999,-1,76,0.14591347072401892,0.8027152738218661,0.06846531968814576,-28.964423693669264,0.0,-20.0,-2.034757136339064,-0.4674205891246751,-3.0,0.8089822016315074,0.006266927809641221,3.0,-1.0,3.0,0.0,8.0,125.0,0,0,3.0,3.0,93.75,156.25,0.0,0.0,82.5,73.75,93.75,281.25
77,2019-06-03,12:26:04,154.25,154.25,154.125,154.15625,288,44403.4375,154.17860243055554,-0.09375,-0.0006079643514853572,154.18397245165278,154.3823115090196,-0.1983390573668089,1.0000000000000002,0.007031249999999999,-2.407407407407407,-0.16563466499998442,0.0070312499999999984,0,77,0.15637600296038512,0.8089822016315074,0.0838525491562421,-23.653312792822145,0.0,-20.0,-2.034757136339064,-0.4674205891246751,-3.0,0.8277439836223638,0.01876178199085643,3.0,-1.0,3.0,0.0,8.0,31.25,0,0,3.0,3.0,-281.25,-125.0,0.0,0.0,82.5,-207.5,-281.25,93.75
78,2019-06-03,12:29:12,154.15625,154.25,154.15625,154.1875,288,44408.25,154.1953125,0.03125,0.00020269585556320635,154.18475635128738,154.37576280623745,-0.1910064549500703,1.0000000000000002,0.0056640625,-3.0856123662306767,-0.4725001439954172,0.005664062499999998,-1,78,0.1885415551110714,0.8277439836223638,0.07525996611745184,-25.37955633038457,0.0,-20.0,-2.034757136339064,-0.4674205891246751,-3.0,0.848197230392149,0.020453246769785216,3.0,-1.0,3.0,0.0,8.0,62.5,0,0,3.0,3.0,93.75,-31.25,0.0,0.0,82.5,-113.75,93.75,93.75
79,2019-06-03,12:30:41,154.1875,154.1875,154.09375,154.09375,288,44394.75,154.1484375,-0.09375,-0.0006082108651757068,154.16453271763044,154.36630968778354,-0.20177697015310514,1.0000000000000002,0.0056640625,-3.0856123662306767,-0.4725001439954172,0.005664062499999998,0,79,0.2252253224436159,0.848197230392149,0.07525996611745184,-26.810664495677415,0.0,-20.0,-2.034757136339064,-0.4674205891246751,-3.0,0.8709818553641098,0.022784624971960765,3.0,-1.0,3.0,0.0,8.0,-31.25,0,0,3.0,3.0,-281.25,-312.5,0.0,0.0,82.5,-395.0,-281.25,93.75
80,2019-06-03,12:37:16,154.09375,154.15625,154.0625,154.15625,288,44383.1875,154.10828993055554,0.0625,0.0004055150096125004,154.16269211370994,154.35928776731782,-0.19659565360788633,1.0000000000000002,0.00419921875,3.8777717685235253,-1.9177563393288484,0.004199218749999999,-1,80,0.26846487964091187,0.8709818553641098,0.06480137922914912,-30.338189703137243,0.0,-20.0,-2.034757136339064,-0.4674205891246751,-3.0,0.8990903878264518,0.028108532462342017,3.0,-1.0,3.0,0.0,8.0,31.25,0,0,3.0,3.0,187.5,-125.0,0.0,0.0,82.5,-207.5,187.5,187.5
81,2019-06-03,12:39:11,154.15625,154.21875,154.15625,154.1875,288,44405.40625,154.18543836805554,0.03125,0.00020269585556320635,154.16820497733613,154.35356043772947,-0.18535546039333894,1.0000000000000004,0.00654296875,-3.2145243929605716,-0.5016571985664497,0.006542968749999998,-1,81,0.32620769976813546,0.8990903878264518,0.08088861940965489,-22.914899740669192,0.0,-20.0,-2.034757136339064,-0.4674205891246751,-3.0,0.9341078855151054,0.03501749768865359,3.0,-1.0,3.0,0.0,8.0,62.5,0,0,3.0,3.0,93.75,-31.25,0.0,0.0,82.5,-113.75,93.75,187.5
82,2019-06-03,12:41:12,154.1875,154.28125,154.15625,154.25,288,44417.0,154.22569444444446,0.0625,0.00040526849592215086,154.18638164905508,154.35011662943316,-0.16373498037808076,1.0000000000000002,0.004589843749999999,-0.7378904481665908,-0.912717046241344,0.0045898437499999984,-1,82,0.4080833780318325,0.9341078855151054,0.06774838558962124,-24.168100679164265,0.0,-20.0,-2.034757136339064,-0.4674205891246751,-3.0,0.9648982469529478,0.030790361437842417,3.0,-1.0,3.0,0.0,8.0,125.0,0,0,3.0,3.0,187.5,156.25,0.0,0.0,82.5,73.75,187.5,187.5
83,2019-06-03,12:45:29,154.25,154.25,154.15625,154.15625,288,44416.4375,154.22374131944446,-0.09375,-0.0006079643514853572,154.1796857270383,154.34368575059352,-0.16400002355521792,1.0000000000000004,0.00390625,-0.1875000000000012,-0.9375000000000003,0.0039062499999999983,0,83,0.4965828719728957,0.9648982469529478,0.062499999999999986,-26.24000376883487,0.0,-20.0,-2.034757136339064,-0.4674205891246751,-3.0,0.986374838751202,0.02147659179825423,3.0,-1.0,3.0,0.0,8.0,31.25,0,0,3.0,3.0,-281.25,-125.0,0.0,0.0,82.5,-207.5,-281.25,187.5
84,2019-06-03,12:50:34,154.15625,154.1875,154.09375,154.125,288,44392.5,154.140625,-0.03125,-0.0002027369495039011,154.1675333432456,154.33644896608422,-0.16891562283862527,1.0000000000000007,0.00361328125,-0.021913805697588867,-0.5901286563843656,0.003613281249999998,0,84,0.5811437563510037,0.986374838751202,0.060110575192722934,-28.100816253555735,0.0,-20.0,-2.034757136339064,-0.4674205891246751,-3.0,0.9973208990555297,0.010946060304327654,3.0,-1.0,3.0,0.0,8.0,0.0,0,0,3.0,3.0,-93.75,-218.75,0.0,0.0,82.5,-301.25,-93.75,-93.75
85,2019-06-03,12:56:36,154.125,154.1875,154.125,154.15625,289,44549.5625,154.15073529411765,0.03125,0.0002027369495039011,154.16502593363444,154.3304996124675,-0.16547367883305242,1.0000000000000013,0.0022460937500000003,1.455576559546311,-1.1180799331493774,0.0022460937499999972,-1,85,0.6534870176391481,0.9973208990555297,0.04739297152532216,-34.915236058713795,0.0,-20.0,-2.034757136339064,-0.4674205891246751,-3.0,0.999932062146148,0.0026111630906183736,3.0,-1.0,3.0,0.0,8.0,31.25,0,0,3.0,3.0,93.75,-125.0,0.0,0.0,82.5,-207.5,93.75,93.75
86,2019-06-03,13:00:18,154.15625,154.1875,154.09375,154.15625,288,44385.875,154.11762152777777,0.0,0.0,154.1630757261595,154.3247595730621,-0.16168384690260496,1.0000000000000018,0.00126953125,-0.17751479289940755,-0.4047960089109363,0.0012695312499999977,0,86,0.7153010441009264,0.999932062146148,0.03563048203434803,-45.37795664586873,0.0,-20.0,-2.034757136339064,-0.4674205891246751,-3.0,0.9861108837162115,-0.013821178429936576,-3.0,-1.0,3.0,0.0,8.0,31.25,0,0,-3.0,3.0,0.0,-125.0,0.0,6.0,97.5,-222.5,-15.0,93.75
87,2019-06-03,13:03:26,154.15625,154.21875,154.09375,154.15625,288,44400.6875,154.16905381944446,0.0,0.0,154.16155889812367,154.3192206509228,-0.15766175279912886,1.0000000000000002,0.00322265625,1.0743801652892582,0.2669003066972995,0.003222656249999999,0,87,0.81472785953087,0.9861108837162115,0.05676844413932796,-27.772780316504075,0.0,-20.0,-2.034757136339064,-0.4674205891246751,-3.0,0.965271336207417,-0.020839547508794465,-3.0,-1.0,-3.0,1.0,9.0,0.0,0,0,-3.0,-3.0,-0.0,-125.0,0.0,0.0,97.5,-222.5,-0.0,-0.0
88,2019-06-03,13:07:21,154.15625,154.1875,154.09375,154.09375,288,44395.375,154.15060763888889,-0.0625,-0.0004055150096125004,154.1464902540933,154.31182495114405,-0.16533469705075277,1.0,0.00458984375,-1.82435491172476,-0.0686991325127901,0.004589843749999999,0,88,0.867281127802775,0.965271336207417,0.06774838558962125,-24.40422684789131,0.0,-20.0,-2.034757136339064,-0.4674205891246751,-3.0,0.936034431999492,-0.02923690420792502,-3.0,-1.0,-3.0,0.0,9.0,-62.5,0,0,-3.0,-3.0,187.5,62.5,0.0,0.0,97.5,-35.0,187.5,187.5
89,2019-06-03,13:12:13,154.09375,154.1875,154.09375,154.1875,288,44385.6875,154.11697048611111,0.09375,0.0006082108651757068,154.1556035309628,154.3077552174697,-0.15215168650689748,1.0000000000000002,0.00439453125,-0.9629629629629642,-0.5237828008789239,0.00439453125,-1,89,0.9107131305023293,0.936034431999492,0.06629126073623882,-22.951997716906014,0.0,-20.0,-2.034757136339064,-0.4674205891246751,-3.0,0.8886558320930509,-0.04737859990644111,-3.0,-1.0,-3.0,0.0,9.0,31.25,0,0,-3.0,-3.0,-281.25,-218.75,0.0,0.0,97.5,-316.25,-281.25,187.5
90,2019-06-03,13:14:02,154.1875,154.28125,154.1875,154.28125,288,44423.9375,154.24978298611111,0.09375,0.0006078411695611408,154.18352496852987,154.30688928040007,-0.1233643118702048,1.0000000000000004,0.005078125,-2.507396449704141,-0.2276977550124023,0.005078124999999999,-1,90,0.9526358887075365,0.8886558320930509,0.07126096406869611,-17.311625443529035,0.0,-17.311625443529035,-1.7245791678762161,-0.4674205891246751,-2.0,0.8151583245259254,-0.07349750756712548,3.0,-1.0,-3.0,0.0,9.0,125.0,0,0,3.0,-3.0,-281.25,-500.0,1.0,6.0,112.5,-612.5,-296.25,-281.25
91,2019-06-03,13:17:27,154.28125,154.34375,154.28125,154.3125,288,44441.71875,154.3115234375,0.03125,0.00020253164626193865,154.21218608663693,154.3070722372292,-0.09488615059225936,1.0000000000000004,0.005078125,-2.507396449704141,-0.2276977550124023,0.005078124999999999,-1,91,0.9859872464666387,0.8151583245259254,0.07126096406869611,-13.31530548769848,0.0,-13.31530548769848,-1.2634937130078114,-0.4674205891246751,-2.0,0.6966955151218084,-0.11846280940411702,-2.0,1.0,3.0,1.0,10.0,31.25,0,0,-2.0,3.0,93.75,-406.25,0.0,5.0,125.0,-531.25,81.25,81.25
92,2019-06-03,13:22:05,154.3125,154.375,154.25,154.28125,288,44449.59375,154.3388671875,-0.03125,-0.00020253164626193865,154.22753362294094,154.30623176009928,-0.07869813715834084,1.0000000000000004,0.00390625,-0.1875000000000012,0.9375000000000003,0.0039062499999999983,0,92,0.9998931671068646,0.6966955151218084,0.062499999999999986,-12.591701945334536,0.0,-12.591701945334536,-1.1800061363966123,-0.4674205891246751,-2.0,0.5216734316621054,-0.17502208345970294,-2.0,1.0,-2.0,1.0,11.0,-31.25,0,0,-2.0,-2.0,62.5,-343.75,0.0,0.0,125.0,-468.75,62.5,81.25
93,2019-06-03,13:28:45,154.28125,154.28125,154.1875,154.21875,288,44425.59375,154.25553385416666,-0.0625,-0.0004051863912808429,154.22558170673173,154.30338941064414,-0.07780770391241276,1.0000000000000029,0.001171875,2.9166666666666714,1.2932338163316428,0.0011718749999999967,0,93,0.9721436181341503,0.5216734316621054,0.03423265984407283,-22.729085109606135,0.0,-20.0,-2.034757136339064,-0.4674205891246751,-3.0,0.08410907701432417,-0.43756435464778126,-2.0,1.0,-2.0,0.0,11.0,-93.75,0,0,-2.0,-2.0,125.0,-218.75,-1.0,0.0,125.0,-343.75,125.0,125.0
94,2019-06-03,13:31:21,154.21875,154.28125,154.1875,154.1875,288,44426.1875,154.25759548611111,-0.03125,-0.00020265477828029788,154.21711910523544,154.2996305458642,-0.08251144062876392,1.0000000000000073,0.0004882812499999999,1.9999999999999691,-2.6168207644729593e-15,0.0004882812499999963,0,94,0.764075284907266,0.08410907701432417,0.02209708691207953,-37.34041548420505,0.0,-20.0,-2.034757136339064,-0.4674205891246751,-3.0,-0.21923950067543513,-0.3033485776897593,-3.0,1.0,-2.0,0.0,11.0,-125.0,0,0,-3.0,-2.0,62.5,-156.25,0.0,1.0,127.5,-283.75,60.0,125.0
95,2019-06-03,13:33:17,154.1875,154.1875,154.125,154.15625,288,44402.40625,154.17502170138889,-0.03125,-0.00020269585556320635,154.2035926374049,154.2949877415813,-0.0913951041763994,1.0000000000000073,0.0004882812499999999,1.9999999999999691,-2.6168207644729593e-15,0.0004882812499999963,0,95,0.5348778938067755,-0.21923950067543513,0.02209708691207953,-41.36070267544525,0.0,-20.0,-2.034757136339064,-0.4674205891246751,-3.0,-0.5049386075915832,-0.285699106916148,-3.0,1.0,-3.0,0.0,11.0,-156.25,0,0,-3.0,-3.0,93.75,-62.5,0.0,0.0,127.5,-190.0,93.75,93.75
96,2019-06-03,13:36:13,154.15625,154.1875,154.125,154.15625,288,44399.96875,154.16655815972223,0.0,0.0,154.19307205131463,154.2905025050355,-0.09743045372087522,1.0000000000000036,0.00078125,0.3125000000000024,1.2577882373436315,0.0007812499999999973,0,96,0.25329742392815535,-0.5049386075915832,0.027950849718747322,-34.85777881576395,0.0,-20.0,-2.034757136339064,-0.4674205891246751,-3.0,-0.7195993090569145,-0.21466070146533134,-3.0,1.0,-3.0,0.0,11.0,-156.25,0,0,-3.0,-3.0,-0.0,-62.5,0.0,0.0,127.5,-190.0,-0.0,93.75
97,2019-06-03,13:41:54,154.15625,154.1875,154.09375,154.125,288,44393.8125,154.14518229166666,-0.03125,-0.0002027369495039011,154.17794492879995,154.2851603254747,-0.10721539667474644,1.0000000000000009,0.0016601562499999997,-1.4878892733564004,0.5413870509510851,0.0016601562499999984,0,97,-0.01782599807012092,-0.7195993090569145,0.040745015032516534,-26.31374576477227,0.0,-20.0,-2.034757136339064,-0.4674205891246751,-3.0,-0.8519625459875814,-0.13236323693066687,-3.0,1.0,-3.0,0.0,11.0,-187.5,0,0,-3.0,-3.0,93.75,31.25,0.0,0.0,127.5,-96.25,93.75,93.75
98,2019-06-03,13:44:03,154.125,154.15625,154.125,154.15625,288,44396.5,154.15451388888889,0.03125,0.0002027369495039011,154.173123833511,154.2810055589547,-0.1078817254436899,1.0000000000000007,0.00126953125,-0.1775147928994123,-0.4047960089109363,0.0012695312499999992,-1,98,-0.23218545162830678,-0.8519625459875814,0.03563048203434805,-30.277930379861576,0.0,-20.0,-2.034757136339064,-0.4674205891246751,-3.0,-0.8862541406247285,-0.03429159463714715,-3.0,1.0,-3.0,0.0,11.0,-156.25,0,0,-3.0,-3.0,-93.75,-62.5,0.0,0.0,127.5,-190.0,-93.75,93.75
99,2019-06-03,13:45:48,154.15625,154.21875,154.125,154.21875,288,44403.6875,154.17947048611111,0.0625,0.0004053506338435042,154.18326298161978,154.27900199523614,-0.09573901361636672,1.0000000000000002,0.0014648437500000002,2.0000000000000013,-1.3608276348795436,0.0014648437499999998,-1,99,-0.29914494150168336,-0.8862541406247285,0.038273277230987154,-25.01458472933006,0.0,-20.0,-2.034757136339064,-0.4674205891246751,-3.0,-0.8682244794884646,0.01802966113626392,-3.0,1.0,-3.0,0.0,11.0,-93.75,0,0,-3.0,-3.0,-187.5,-250.0,0.0,0.0,127.5,-377.5,-187.5,-93.75
100,2019-06-03,13:47:22,154.21875,154.28125,154.21875,154.25,288,44423.59375,154.24858940972223,0.03125,0.00020261371764185299,154.19809343014887,154.27806994485462,-0.07997651470574851,0.9999999999999941,0.0002929687499999992,-3.3333333333337323,-0.6085806194501595,0.0002929687500000009,-1,100,-0.2630811164900619,-0.8682244794884646,0.017116329922036468,-46.7252705866475,0.0,-20.0,-2.034757136339064,-0.4674205891246751,-3.0,-0.7629638832559487,0.10526059623251594,-3.0,1.0,-3.0,0.0,11.0,-62.5,0,0,-3.0,-3.0,-93.75,-343.75,0.0,0.0,127.5,-471.25,-93.75,-93.75
101,2019-06-03,13:51:56,154.25,154.34375,154.25,154.3125,288,44436.46875,154.29329427083334,0.0625,0.00040510431990092854,154.2235171123382,154.27917492741295,-0.05565781507476686,0.9999999999999999,0.0016601562499999997,2.664359861591688,-1.714392328011769,0.0016601562500000002,-1,101,-0.08239404086277692,-0.7629638832559487,0.040745015032516554,-13.660030565788022,0.0,-13.660030565788022,-1.3032672349460541,-0.4674205891246751,-2.0,-0.7819332553747205,-0.01896937211877181,-3.0,1.0,-3.0,0.0,11.0,0.0,0,0,-3.0,-3.0,-187.5,-531.25,1.0,0.0,127.5,-658.75,-187.5,-93.75
102,2019-06-03,13:55:13,154.3125,154.375,154.25,154.375,288,44443.5625,154.31792534722223,0.0625,0.00040494027684356837,154.25717997626322,154.28224622641923,-0.025066250156015712,1.0000000000000002,0.0016601562499999997,-1.4878892733564004,-0.5413870509510853,0.0016601562499999995,-1,102,-0.11212669592126415,-0.7819332553747205,0.04074501503251655,-6.151979606833278,0.0,-6.151979606833278,-0.43700699306176005,-0.4674205891246751,-1.0,-0.6098297384101902,0.1721035169645303,-2.0,1.0,-3.0,0.0,11.0,62.5,0,0,-2.0,-3.0,-187.5,-718.75,1.0,1.0,130.0,-848.75,-190.0,-187.5
103,2019-06-03,13:57:34,154.375,154.375,154.3125,154.34375,288,44454.25,154.35503472222223,-0.03125,-0.00020244964134352728,154.27641775931593,154.28421496636332,-0.007797207047389065,1.0000000000000007,0.00439453125,-0.9629629629629631,-0.5237828008789241,0.004394531249999998,0,103,0.12919032891495397,-0.6098297384101902,0.06629126073623881,-1.1762043685385275,0.0,-1.1762043685385275,0.13708557570886604,-0.4674205891246751,-0.0,-0.29214585686063665,0.3176838815495535,-1.0,1.0,-2.0,0.0,11.0,31.25,0,0,-1.0,-2.0,62.5,-656.25,1.0,1.0,132.5,-788.75,60.0,60.0
104,2019-06-03,13:59:59,154.34375,154.40625,154.34375,154.34375,287,44299.6875,154.35431184668988,0.0,0.0,154.291380479468,154.28611832505152,0.005262154416470821,1.0000000000000009,0.0032226562500000003,1.0743801652892546,0.2669003066972995,0.0032226562499999972,0,104,0.4696800654697312,-0.29214585686063665,0.056768444139327946,0.926950614245444,0.926950614245444,0.0,0.2727931097101266,-0.3661330064421253,-0.0,-0.30721152332687013,-0.015065666466233474,-0.0,1.0,-1.0,0.0,11.0,31.25,0,0,-0.0,-1.0,-0.0,-656.25,0.0,1.0,135.0,-791.25,-2.5,60.0
105,2019-06-03,14:00:22,154.34375,154.5,154.21875,154.25,288,44464.28125,154.38986545138889,-0.09375,-0.0006075949554009696,154.28218481736397,154.28496499318783,-0.002780175823858144,1.000000000000001,0.0021484374999999997,0.8677685950413286,-0.5516180692881066,0.0021484374999999967,0,105,0.45568063390227415,-0.30721152332687013,0.04635124054434786,-0.5998061305820137,0.0,-0.5998061305820137,0.20358897049980962,-0.4674205891246751,-0.0,-0.26599616027008355,0.04121536305678658,-0.0,1.0,-0.0,0.0,11.0,-62.5,0,0,-0.0,-0.0,0.0,-656.25,0.0,0.0,135.0,-791.25,0.0,0.0
106,2019-06-03,14:00:44,154.25,154.28125,154.1875,154.21875,288,44420.0625,154.236328125,-0.03125,-0.00020261371764185299,154.26808819128306,154.28285306902913,-0.01476487774607449,1.0000000000000009,0.002734375,0.5357142857142883,-1.0885117692152515,0.0027343749999999972,0,106,0.49354492595798116,-0.26599616027008355,0.052291251658379695,-2.8235846872692734,0.0,-2.8235846872692734,-0.05298506728232033,-0.4674205891246751,-1.0,-0.2868133654566441,-0.02081720518656055,-0.0,1.0,-0.0,0.0,11.0,-93.75,0,0,-0.0,-0.0,0.0,-656.25,-1.0,0.0,135.0,-791.25,0.0,0.0
107,2019-06-03,14:01:14,154.21875,154.28125,154.1875,154.25,288,44417.9375,154.22894965277777,0.03125,0.00020261371764185299,154.26406859322012,154.28180640016464,-0.01773780694452398,1.0000000000000004,0.005078125,-0.17751479289940994,-0.4047960089109366,0.0050781249999999984,-1,107,0.47459105973310245,-0.2868133654566441,0.07126096406869611,-2.489133732098348,0.0,-2.489133732098348,-0.01439694808751757,-0.4674205891246751,-0.0,-0.3812432696342478,-0.09442990417760372,-1.0,1.0,-0.0,0.0,11.0,-62.5,0,0,-1.0,-0.0,-0.0,-656.25,1.0,1.0,137.5,-793.75,-2.5,0.0
108,2019-06-03,14:02:02,154.25,154.34375,154.1875,154.28125,288,44426.65625,154.25922309027777,0.03125,0.0002025726736389899,154.26788668361567,154.28178869306026,-0.013902009444592522,0.9999999999999998,0.001953125,2.0000000000000013,-6.542051911182396e-16,0.001953125,-1,108,0.38412266580417165,-0.3812432696342478,0.04419417382415922,-3.145665648125056,0.0,-3.145665648125056,-0.0901459673058464,-0.4674205891246751,-1.0,-0.6928673947299152,-0.3116241250956674,-0.0,1.0,-1.0,1.0,12.0,31.25,0,0,-0.0,-1.0,-31.25,-687.5,-1.0,1.0,140.0,-827.5,-33.75,-2.5
109,2019-06-03,14:03:11,154.28125,154.40625,154.28125,154.375,288,44454.375,154.35546875,0.09375,0.000607471923105507,154.2916896428122,154.28475196070931,0.006937682102886811,0.9999999999999998,0.001953125,2.0000000000000013,-6.542051911182396e-16,0.001953125,-1,109,0.019938737068889996,-0.6928673947299152,0.04419417382415922,1.5698182594136996,1.5698182594136996,0.0,0.2727931097101266,-0.2958870744979296,-0.0,-0.9465378721445865,-0.2536704774146713,-1.0,1.0,-0.0,0.0,12.0,125.0,0,0,-1.0,-0.0,-0.0,-687.5,1.0,1.0,142.5,-830.0,-2.5,-2.5
110,2019-06-03,14:04:23,154.375,154.40625,154.3125,154.40625,287,44310.09375,154.3905705574913,0.03125,0.00020240866378173905,154.3171474999651,154.2886105458734,0.02853695409169177,1.0000000000000004,0.0037109375,-0.8171745152354575,0.08099829095409096,0.003710937499999999,-1,110,-0.44119585518524196,-0.9465378721445865,0.060917464655056014,4.68452754120378,4.68452754120378,0.0,0.2727931097101266,0.04445616392607887,0.0,-0.9855374288014032,-0.03899955665681665,-0.0,1.0,-1.0,1.0,13.0,31.25,0,0,-0.0,-1.0,-31.25,-718.75,0.0,1.0,145.0,-863.75,-33.75,-2.5
111,2019-06-03,14:05:16,154.40625,154.40625,154.3125,154.375,288,44453.28125,154.35167100694446,-0.03125,-0.00020240866378173905,154.33000361108395,154.29135142678032,0.038652184303629156,1.0000000000000002,0.004589843749999999,-0.7378904481665908,0.912717046241344,0.0045898437499999984,0,111,-0.577055375981997,-0.9855374288014032,0.06774838558962124,5.70525540457314,5.70525540457314,0.0,0.2727931097101266,0.1559907551637853,0.0,-0.998168913720435,-0.012631484919031877,0.0,1.0,-0.0,0.0,13.0,0.0,0,0,0.0,-0.0,0.0,-718.75,0.0,0.0,145.0,-863.75,0.0,0.0
112,2019-06-03,14:07:39,154.375,154.40625,154.25,154.3125,288,44444.75,154.32204861111111,-0.0625,-0.00040494027684356837,154.32611391973197,154.29202176617144,0.034092153560521865,1.0000000000000004,0.00322265625,-2.2314049586776847,0.5671631517317617,0.003222656249999998,0,112,-0.7485836085325075,-0.998168913720435,0.05676844413932795,6.005476119241315,6.005476119241315,0.0,0.2727931097101266,0.18879577194962593,0.0,-0.9969061735386189,0.0012627401818161577,0.0,1.0,0.0,0.0,13.0,-62.5,0,0,0.0,0.0,-0.0,-718.75,0.0,0.0,145.0,-863.75,-0.0,-0.0
113,2019-06-03,14:09:50,154.3125,154.3125,154.21875,154.25,288,44424.0625,154.25021701388889,-0.0625,-0.00040510431990092854,154.3091997153471,154.29069105018826,0.018508665158833537,1.0000000000000009,0.0026367187499999997,3.2510288065843675,1.7355817665801567,0.0026367187499999976,0,113,-0.760498253511136,-0.9969061735386189,0.0513489897661093,3.60448477041887,3.60448477041887,0.0,0.2727931097101266,-0.07355974734834914,0.0,-0.9987721931582116,-0.0018660196195927625,0.0,1.0,0.0,0.0,13.0,-125.0,0,0,0.0,0.0,-0.0,-718.75,0.0,0.0,145.0,-863.75,-0.0,-0.0
114,2019-06-03,14:12:06,154.25,154.3125,154.1875,154.3125,288,44424.53125,154.25184461805554,0.0625,0.00040510431990092854,154.30993311193663,154.29138106112097,0.01855205081565714,1.0000000000000004,0.00322265625,-2.2314049586776847,0.5671631517317617,0.003222656249999998,-1,114,-0.6712092731077294,-0.9987721931582116,0.05676844413932795,3.2680217146914337,3.2680217146914337,0.0,0.2727931097101266,-0.1103249525846145,0.0,-0.6505180601190049,0.3482541330392067,0.0,1.0,0.0,0.0,13.0,-62.5,0,0,0.0,0.0,0.0,-718.75,0.0,0.0,145.0,-863.75,0.0,0.0
115,2019-06-03,14:14:18,154.3125,154.34375,154.28125,154.28125,288,44441.5625,154.31098090277777,-0.03125,-0.00020253164626193865,154.30355908706184,154.29106080412117,0.012498282940669014,1.0000000000000007,0.00419921875,-1.963223363980531,0.23551393640880577,0.004199218749999998,0,115,0.07705535317419736,-0.6505180601190049,0.06480137922914911,1.928706316029614,1.928706316029614,0.0,0.2727931097101266,-0.256671496936816,0.0,-0.7674163851538123,-0.11689832503480735,0.0,1.0,0.0,0.0,13.0,-93.75,0,0,0.0,0.0,-0.0,-718.75,0.0,0.0,145.0,-863.75,-0.0,-0.0
116,2019-06-03,14:16:45,154.28125,154.375,154.28125,154.3125,287,44286.40625,154.30803571428572,0.03125,0.00020253164626193865,154.30554595660365,154.29173795678795,0.013807999815696803,1.0000000000000007,0.00419921875,-1.963223363980531,0.23551393640880577,0.004199218749999998,-1,116,-0.0892844958327521,-0.7674163851538123,0.06480137922914911,2.130818815888051,2.130818815888051,0.0,0.2727931097101266,-0.23458673187384393,0.0,-0.9996320046500076,-0.2322156194961953,0.0,1.0,0.0,0.0,13.0,-62.5,0,0,0.0,0.0,0.0,-718.75,0.0,0.0,145.0,-863.75,0.0,0.0
117,2019-06-03,14:20:02,154.3125,154.3125,154.1875,154.21875,288,44425.03125,154.25358072916666,-0.09375,-0.0006077180375427815,154.28625796624726,154.28943452553375,-0.0031765592864871905,1.0000000000000013,0.0022460937500000003,1.4555765595463086,1.1180799331493776,0.002246093749999997,0,117,-0.7260280091590525,-0.9996320046500076,0.04739297152532216,-0.6702595731499867,0.0,-0.6702595731499867,0.19546022756317272,-0.4674205891246751,-0.0,-0.7159822229849788,0.28364978166502874,0.0,1.0,0.0,0.0,13.0,-156.25,0,0,0.0,0.0,-0.0,-718.75,-0.0,0.0,145.0,-863.75,-0.0,-0.0
118,2019-06-03,14:24:50,154.21875,154.25,154.15625,154.15625,288,44410.4375,154.20290798611111,-0.0625,-0.0004053506338435042,154.2573673070812,154.28523466436874,-0.027867357287533423,1.0000000000000009,0.00263671875,-1.6872427983539093,0.5184205276797864,0.002636718749999997,0,118,-0.9999202187722037,-0.7159822229849788,0.0513489897661093,-5.4270507393557486,0.0,-5.4270507393557486,-0.35336650373596334,-0.4674205891246751,-1.0,-0.36107260247721445,0.35490962050776437,0.0,1.0,0.0,0.0,13.0,-218.75,0,0,0.0,0.0,-0.0,-718.75,-1.0,0.0,145.0,-863.75,-0.0,-0.0
119,2019-06-03,14:28:27,154.15625,154.15625,154.09375,154.09375,289,44543.46875,154.12964965397924,-0.0625,-0.0004055150096125004,154.2210079055076,154.27920097302626,-0.05819306751865838,1.0000000000000027,0.0012695312499999994,-0.17751479289940994,0.40479600891093587,0.0012695312499999964,0,119,-0.9147206223336379,-0.36107260247721445,0.03563048203434801,-16.33238289130074,0.0,-16.33238289130074,-1.611596598259404,-0.4674205891246751,-2.0,-0.07060035186940364,0.2904722506078108,1.0,-1.0,0.0,0.0,13.0,-281.25,0,0,1.0,0.0,-0.0,-718.75,-1.0,1.0,147.5,-866.25,-2.5,-0.0
120,2019-06-03,14:32:02,154.09375,154.15625,154.0625,154.09375,288,44382.84375,154.10709635416666,0.0,0.0,154.19272837095036,154.27336172942324,-0.08063335847288045,1.0000000000000047,0.0007812500000000005,0.31249999999999406,1.2577882373436315,0.0007812499999999969,0,120,-0.755264312363627,-0.07060035186940364,0.027950849718747315,-28.84826732791515,0.0,-20.0,-2.034757136339064,-0.4674205891246751,-3.0,0.19945596781467065,0.2700563196840743,2.0,-1.0,1.0,1.0,14.0,0.0,0,0,2.0,1.0,0.0,-718.75,-1.0,1.0,150.0,-868.75,-2.5,-2.5
121,2019-06-03,14:36:02,154.09375,154.125,154.03125,154.0625,288,44371.15625,154.06651475694446,-0.03125,-0.0002028191873897356,154.1637887329614,154.26672714461665,-0.10293841165525919,1.0000000000000009,0.0016601562499999997,-1.4878892733564004,0.5413870509510853,0.0016601562499999984,0,121,-0.5518620686831174,0.19945596781467065,0.040745015032516534,-25.264050479085416,0.0,-20.0,-2.034757136339064,-0.4674205891246751,-3.0,0.5421552958530804,0.34269932803840975,3.0,-1.0,2.0,0.0,14.0,-31.25,0,0,3.0,2.0,-62.5,-781.25,0.0,1.0,152.5,-933.75,-65.0,-2.5
122,2019-06-03,14:40:37,154.0625,154.0625,154.0,154.0,288,44361.28125,154.0322265625,-0.0625,-0.0004057618233801463,154.12739123674774,154.2583406300193,-0.13094939327154975,1.0000000000000007,0.00126953125,-0.1775147928994123,0.4047960089109363,0.001269531249999999,0,122,-0.21080480363596946,0.5421552958530804,0.03563048203434805,-36.75206895750486,0.0,-20.0,-2.034757136339064,-0.4674205891246751,-3.0,0.600545809334741,0.05839051348166058,3.0,-1.0,3.0,0.0,14.0,-93.75,0,0,3.0,3.0,-187.5,-968.75,0.0,0.0,152.5,-1121.25,-187.5,-65.0
123,2019-06-03,14:42:52,154.0,154.03125,154.0,154.03125,289,44511.84375,154.0202205882353,0.03125,0.00020290149202129015,154.1060265174705,154.25120518120298,-0.14517866373248012,1.0000000000000013,0.001171875,2.9166666666666714,1.2932338163316428,0.0011718749999999984,-1,123,-0.1407457458232761,0.600545809334741,0.03423265984407286,-42.40940213052617,0.0,-20.0,-2.034757136339064,-0.4674205891246751,-3.0,0.7048656579603628,0.10431984862562182,3.0,-1.0,3.0,0.0,14.0,-62.5,0,0,3.0,3.0,93.75,-875.0,0.0,0.0,152.5,-1027.5,93.75,93.75
124,2019-06-03,14:45:53,154.03125,154.03125,153.96875,154.0,288,44352.15625,154.00054253472223,-0.03125,-0.00020290149202129015,154.08246506914372,154.24331716779957,-0.1608520986558517,1.0000000000000002,0.00263671875,-1.6872427983539093,0.5184205276797869,0.0026367187499999997,0,124,-0.0031644200716907404,0.7048656579603628,0.05134898976610932,-31.32527034874894,0.0,-20.0,-2.034757136339064,-0.4674205891246751,-3.0,0.7333011928122289,0.028435534851866118,3.0,-1.0,3.0,0.0,14.0,-93.75,0,0,3.0,3.0,-93.75,-968.75,0.0,0.0,152.5,-1121.25,-93.75,93.75
125,2019-06-03,14:47:39,154.0,154.03125,153.96875,153.96875,289,44504.15625,153.99362024221455,-0.03125,-0.00020294266939302474,154.05719505377849,154.23470101280157,-0.17750595902307964,0.9999999999999998,0.001953125,-1.750000000000001,0.8838834764831844,0.001953125,0,125,0.03775756320412191,0.7333011928122289,0.04419417382415922,-40.16501354439713,0.0,-20.0,-2.034757136339064,-0.4674205891246751,-3.0,0.7676301932222561,0.03432900041002718,3.0,-1.0,3.0,0.0,14.0,-125.0,0,0,3.0,3.0,-93.75,-1062.5,0.0,0.0,152.5,-1215.0,-93.75,-93.75
126,2019-06-03,14:52:03,153.96875,154.03125,153.9375,154.03125,288,44350.46875,153.99468315972223,0.0625,0.0004058441614143149,154.05142948627216,154.22832044677108,-0.17689096049892328,0.9999999999999998,0.001953125,-1.750000000000001,0.8838834764831844,0.001953125,-1,126,0.08961670172227677,0.7676301932222561,0.04419417382415922,-40.025855263804914,0.0,-20.0,-2.034757136339064,-0.4674205891246751,-3.0,0.7997091244162976,0.03207893119404148,3.0,-1.0,3.0,0.0,14.0,-62.5,0,0,3.0,3.0,187.5,-875.0,0.0,0.0,152.5,-1027.5,187.5,187.5
127,2019-06-03,14:54:53,154.03125,154.03125,154.0,154.0,289,44510.4375,154.01535467128028,-0.03125,-0.00020290149202129015,154.040000711545,154.2211641731984,-0.18116346165339792,0.9999999999999998,0.001953125,-1.750000000000001,0.8838834764831844,0.001953125,0,127,0.14094157440902735,0.7997091244162976,0.04419417382415922,-40.992611916270945,0.0,-20.0,-2.034757136339064,-0.4674205891246751,-3.0,0.8359125835306436,0.03620345911434597,3.0,-1.0,3.0,0.0,14.0,-93.75,0,0,3.0,3.0,-93.75,-968.75,0.0,0.0,152.5,-1121.25,-93.75,187.5
128,2019-06-03,14:57:54,154.0,154.03125,153.96875,154.03125,288,44353.90625,154.00661892361111,0.03125,0.00020290149202129015,154.03805610897942,154.21521508587549,-0.17715897689606663,0.9999999999999996,0.0017578124999999998,-2.407407407407407,-0.1656346649999846,0.001757812500000001,-1,128,0.2029749905276198,0.8359125835306436,0.041926274578121064,-42.25488161748476,0.0,-20.0,-2.034757136339064,-0.4674205891246751,-3.0,0.8663499498918994,0.030437366361255824,3.0,-1.0,3.0,0.0,14.0,-62.5,0,0,3.0,3.0,93.75,-875.0,0.0,0.0,152.5,-1027.5,93.75,93.75
129,2019-06-03,15:01:40,154.03125,154.0625,153.96875,154.0,288,44361.46875,154.03287760416666,-0.03125,-0.00020290149202129015,154.02959919587286,154.20847718965194,-0.1788779937790821,0.9999999999999996,0.0027343750000000003,-0.6122448979591854,0.5122408325718829,0.0027343750000000016,0,129,0.25944631829072423,0.8663499498918994,0.05229125165837974,-34.20801531921577,0.0,-20.0,-2.034757136339064,-0.4674205891246751,-3.0,0.8934019502957613,0.02705200040386191,3.0,-1.0,3.0,0.0,14.0,-93.75,0,0,3.0,3.0,-93.75,-968.75,0.0,0.0,152.5,-1121.25,-93.75,93.75
130,2019-06-03,15:07:13,154.0,154.0625,154.0,154.03125,289,44513.78125,154.02692474048442,0.03125,0.00020290149202129015,154.02996604123445,154.2029315946109,-0.17296555337645714,0.999999999999999,0.0021484374999999997,0.8677685950413286,0.5516180692881066,0.002148437500000002,-1,130,0.31405703802830376,0.8934019502957613,0.046351240544347916,-37.31627273513149,0.0,-20.0,-2.034757136339064,-0.4674205891246751,-3.0,0.9257757372745254,0.03237378697876414,3.0,-1.0,3.0,0.0,14.0,-62.5,0,0,3.0,3.0,93.75,-875.0,0.0,0.0,152.5,-1027.5,93.75,93.75
131,2019-06-03,15:12:21,154.03125,154.125,154.03125,154.125,288,44379.59375,154.09581163194446,0.09375,0.0006084575788571911,154.05108469873792,154.20049431770434,-0.14940961896641625,0.9999999999999998,0.0048828125,0.1999999999999993,0.0,0.0048828125,-1,131,0.3872842345546055,0.9257757372745254,0.06987712429686843,-21.381764128079908,0.0,-20.0,-2.034757136339064,-0.4674205891246751,-3.0,0.9554699656519033,0.029694228377377896,3.0,-1.0,3.0,0.0,14.0,31.25,0,0,3.0,3.0,281.25,-593.75,0.0,0.0,152.5,-746.25,281.25,281.25
132,2019-06-03,15:15:07,154.125,154.15625,154.09375,154.125,288,44388.0625,154.12521701388889,0.0,0.0,154.0675103212406,154.19813445810206,-0.13062413686145646,0.9999999999999998,0.004589843749999999,1.4350384789497521,-0.42200895686427736,0.00458984375,0,132,0.4669603061002116,0.9554699656519033,0.06774838558962125,-19.280774844244775,0.0,-19.280774844244775,-1.951774727082677,-0.4674205891246751,-2.0,0.9742817581279781,0.018811792476074785,3.0,-1.0,3.0,0.0,14.0,31.25,0,0,3.0,3.0,0.0,-593.75,1.0,0.0,152.5,-746.25,0.0,281.25
133,2019-06-03,15:20:44,154.15625,154.15625,154.03125,154.03125,288,44381.75,154.10329861111111,-0.09375,-0.0006084575788571911,154.059452472076,154.1929204075017,-0.13346793542569912,0.9999999999999998,0.004589843749999999,1.4350384789497521,-0.42200895686427736,0.00458984375,0,133,0.5295865967486183,0.9742817581279781,0.06774838558962125,-19.70053371222263,0.0,-19.70053371222263,-2.0002054610368587,-0.4674205891246751,-2.0,0.9947039807346535,0.020422222606675366,2.0,-1.0,3.0,0.0,14.0,-62.5,0,0,2.0,3.0,-281.25,-875.0,0.0,1.0,155.0,-1030.0,-283.75,0.0
134,2019-06-03,15:22:22,154.03125,154.0625,154.0,154.03125,289,44515.0625,154.03135813148788,0.0,0.0,154.05318525605912,154.1878716563147,-0.13468640025558898,1.0000000000000007,0.0026367187499999997,-1.6872427983539058,-0.5184205276797867,0.002636718749999998,0,134,0.6306845927624287,0.9947039807346535,0.051348989766109306,-26.229610527699798,0.0,-20.0,-2.034757136339064,-0.4674205891246751,-3.0,0.9988827791580389,0.004178798423385421,2.0,-1.0,2.0,0.0,14.0,-62.5,0,0,2.0,2.0,0.0,-875.0,-1.0,0.0,155.0,-1030.0,0.0,0.0
135,2019-06-03,15:27:03,154.03125,154.0625,154.0,154.0625,288,44364.40625,154.04307725694446,0.03125,0.00020286033135885617,154.0552551991571,154.18395826466198,-0.12870306550487953,1.0000000000000002,0.00419921875,-1.9632233639805285,-0.235513936408806,0.004199218749999999,-1,135,0.6729012701364846,0.9988827791580389,0.06480137922914912,-19.861161449938088,0.0,-19.861161449938088,-2.01873828982124,-0.4674205891246751,-2.0,0.9999771576690517,0.0010943785110127946,3.0,-1.0,2.0,0.0,14.0,-31.25,0,0,3.0,2.0,62.5,-812.5,1.0,1.0,157.5,-970.0,60.0,60.0
136,2019-06-03,15:31:51,154.0625,154.09375,154.0,154.0,288,44368.46875,154.05718315972223,-0.0625,-0.0004057618233801463,154.0429762660111,154.17821868621763,-0.13524242020653787,1.0000000000000002,0.00244140625,-1.2000000000000004,0.0,0.0024414062499999996,0,136,0.7023112913926788,0.9999771576690517,0.04941058844013092,-27.37114138407932,0.0,-20.0,-2.034757136339064,-0.4674205891246751,-3.0,0.995285343736954,-0.0046918139320977215,-2.0,-1.0,3.0,0.0,14.0,-93.75,0,0,-2.0,3.0,-187.5,-1000.0,-1.0,5.0,170.0,-1170.0,-200.0,60.0
137,2019-06-03,15:36:28,153.96875,154.0625,153.96875,154.0625,289,44510.25,154.01470588235293,0.0625,0.0004057618233801463,154.04731487356418,154.17460976870618,-0.12729489514200054,1.0,0.00263671875,-1.6872427983539093,-0.5184205276797869,0.00263671875,-1,137,0.7723553915780662,0.995285343736954,0.051348989766109326,-24.79014596427679,0.0,-20.0,-2.034757136339064,-0.4674205891246751,-3.0,0.9789940866960556,-0.0162912570408984,-3.0,-1.0,-2.0,1.0,15.0,62.5,0,0,-3.0,-2.0,-125.0,-1125.0,0.0,1.0,172.5,-1297.5,-127.5,-127.5
138,2019-06-03,15:43:00,154.0625,154.09375,154.0,154.03125,288,44365.65625,154.04741753472223,-0.03125,-0.00020286033135885617,154.04374490166103,154.17014067603594,-0.12639577437491312,1.0000000000000002,0.00244140625,-1.2000000000000004,0.0,0.0024414062499999996,0,138,0.8364243985970967,0.9789940866960556,0.04941058844013092,-25.58070615331012,0.0,-20.0,-2.034757136339064,-0.4674205891246751,-3.0,0.9427909650143219,-0.036203121681733674,-3.0,-1.0,-3.0,0.0,15.0,31.25,0,0,-3.0,-3.0,93.75,-1031.25,0.0,0.0,172.5,-1203.75,93.75,93.75
139,2019-06-03,15:49:18,154.03125,154.0625,153.9375,154.0625,288,44349.75,153.9921875,0.03125,0.00020286033135885617,154.0479127012919,154.1667864467522,-0.11887374546031992,0.9999999999999992,0.0016601562499999997,-1.4878892733564004,-0.5413870509510853,0.0016601562500000013,-1,139,0.9023922950152594,0.9427909650143219,0.04074501503251657,-29.175040275590206,0.0,-20.0,-2.034757136339064,-0.4674205891246751,-3.0,0.8814995328261769,-0.061291432188145034,-3.0,-1.0,-3.0,0.0,15.0,62.5,0,0,-3.0,-3.0,-93.75,-1125.0,0.0,0.0,172.5,-1297.5,-93.75,93.75
140,2019-06-03,15:55:21,154.0625,154.0625,154.0,154.0625,289,44513.65625,154.02649221453288,0.0,0.0,154.05115432322705,154.16353801358517,-0.11238369035811502,0.9999999999999998,0.00126953125,-0.17751479289940755,0.4047960089109363,0.0012695312500000003,0,140,0.9571994374251079,0.8814995328261769,0.035630482034348064,-31.541445397728904,0.0,-20.0,-2.034757136339064,-0.4674205891246751,-3.0,0.6717363794152157,-0.2097631534109612,3.0,-1.0,-3.0,0.0,15.0,62.5,0,0,3.0,-3.0,-0.0,-1125.0,0.0,6.0,187.5,-1312.5,-15.0,-15.0
141,2019-06-03,15:58:56,154.0625,154.125,154.0625,154.125,288,44379.25,154.09461805555554,0.0625,0.0004055972474983349,154.06756447362108,154.16233804347115,-0.09477356985007646,0.9999999999999987,0.0009765625,-2.9999999999999964,-9.251858538542974e-16,0.0009765625000000015,-1,141,0.9988071783470441,0.6717363794152157,0.03125000000000002,-30.327542352024444,0.0,-20.0,-2.034757136339064,-0.4674205891246751,-3.0,0.44599701475449005,-0.22573936466072564,-3.0,1.0,3.0,1.0,16.0,62.5,0,0,-3.0,3.0,187.5,-937.5,0.0,6.0,202.5,-1140.0,172.5,172.5
142,2019-06-03,16:05:30,154.125,154.15625,154.09375,154.125,288,44387.6875,154.12391493055554,0.0,0.0,154.0803279239275,154.1611758649747,-0.08084794104718185,0.9999999999999989,0.001171875,-3.3333333333333304,0.6085806194501845,0.001171875000000001,0,142,0.9482524409889608,0.44599701475449005,0.0342326598440729,-23.617195221007634,0.0,-20.0,-2.034757136339064,-0.4674205891246751,-3.0,-0.1334024590348176,-0.5793994737893077,-3.0,1.0,-3.0,1.0,17.0,0.0,0,0,-3.0,-3.0,-0.0,-937.5,0.0,0.0,202.5,-1140.0,-0.0,172.5
143,2019-06-03,16:12:14,154.125,154.21875,154.125,154.1875,288,44403.03125,154.17719184027777,0.0625,0.00040543280506710744,154.10414394083253,154.1619949340637,-0.05785099323117038,0.9999999999999987,0.0009765625,-2.9999999999999964,-9.251858538542974e-16,0.0009765625000000015,-1,143,0.6064568402930063,-0.1334024590348176,0.03125000000000002,-18.512317833974507,0.0,-18.512317833974507,-1.863112068926308,-0.4674205891246751,-2.0,-0.47013111645885347,-0.3367286574240359,-3.0,1.0,-3.0,0.0,17.0,62.5,0,0,-3.0,-3.0,-187.5,-1125.0,1.0,0.0,202.5,-1327.5,-187.5,-0.0
144,2019-06-03,16:20:40,154.1875,154.21875,154.15625,154.1875,288,44408.59375,154.19650607638889,0.0,0.0,154.12266750953643,154.1627882439062,-0.04012073436976493,0.9999999999999992,0.00078125,0.3124999999999976,1.257788237343632,0.0007812500000000007,0,144,0.2916571304049924,-0.47013111645885347,0.027950849718747384,-14.354030297281044,0.0,-14.354030297281044,-1.3833391975042937,-0.4674205891246751,-2.0,-0.43640491504815093,0.03372620141070254,-2.0,1.0,-3.0,0.0,17.0,62.5,0,0,-2.0,-3.0,-0.0,-1125.0,0.0,1.0,205.0,-1330.0,-2.5,-2.5
145,2019-06-03,16:29:03,154.1875,154.21875,154.15625,154.21875,288,44406.75,154.19010416666666,0.03125,0.00020265477828029788,154.14401917408392,154.16452829642913,-0.020509122345202968,0.9999999999999998,0.00126953125,-0.17751479289940755,0.4047960089109363,0.0012695312500000003,-1,145,0.3276347217972677,-0.43640491504815093,0.035630482034348064,-5.75606087097896,0.0,-5.75606087097896,-0.39132687424495427,-0.4674205891246751,-1.0,-0.26004744204067226,0.17635747300747867,-2.0,1.0,-2.0,0.0,17.0,93.75,0,0,-2.0,-2.0,-62.5,-1187.5,1.0,0.0,205.0,-1392.5,-62.5,-2.5
146,2019-06-03,16:30:04,154.21875,154.21875,154.1875,154.21875,288,44414.96875,154.21864149305554,0.0,0.0,154.1606260242875,154.1662136977587,-0.005587673471211474,1.0000000000000002,0.00068359375,-0.612244897959183,-0.5122408325718831,0.0006835937499999998,0,146,0.49889805726117964,-0.26004744204067226,0.026145625829189858,-2.137135101571448,0.0,-2.137135101571448,0.026215778236548748,-0.4674205891246751,-0.0,-0.22409719489849209,0.035950247142180175,-1.0,1.0,-2.0,0.0,17.0,93.75,0,0,-1.0,-2.0,-0.0,-1187.5,1.0,1.0,207.5,-1395.0,-2.5,-2.5
147,2019-06-03,16:39:23,154.21875,154.25,154.1875,154.1875,288,44411.59375,154.20692274305554,-0.03125,-0.00020265477828029788,154.16659801889028,154.16687514304542,-0.000277124155132924,0.9999999999999994,0.00126953125,-0.1775147928994123,-0.4047960089109363,0.0012695312500000007,0,147,0.5306621466879884,-0.22409719489849209,0.03563048203434807,-0.07777726803296517,0.0,-0.07777726803296517,0.2638193620108015,-0.4674205891246751,-0.0,-0.3034083460278431,-0.07931115112935103,-0.0,1.0,-1.0,0.0,17.0,62.5,0,0,-0.0,-1.0,31.25,-1156.25,0.0,1.0,210.0,-1366.25,28.75,28.75
148,2019-06-03,16:50:36,154.1875,154.21875,154.15625,154.21875,288,44410.375,154.20269097222223,0.03125,0.00020265477828029788,154.1781873480258,154.16848659878627,0.009700749239527795,1.0000000000000004,0.00361328125,-0.021913805697588867,-0.5901286563843656,0.003613281249999999,-1,148,0.4592321123309165,-0.3034083460278431,0.06011057519272294,1.613817403747316,1.613817403747316,0.0,0.2727931097101266,-0.29107930275565574,-0.0,-0.4690948806230379,-0.16568653459519478,-0.0,1.0,-0.0,0.0,17.0,93.75,0,0,-0.0,-0.0,-0.0,-1156.25,0.0,0.0,210.0,-1366.25,-0.0,28.75
149,2019-06-03,17:02:17,154.21875,154.28125,154.15625,154.28125,288,44415.84375,154.2216796875,0.0625,0.0004051863912808429,154.2010901595756,154.17198848081676,0.029101678758848948,0.9999999999999998,0.004589843749999999,-0.7378904481665908,-0.912717046241344,0.00458984375,-1,149,0.2927796095783519,-0.4690948806230379,0.06774838558962125,4.295553097771114,4.295553097771114,0.0,0.2727931097101266,0.00195305696966791,0.0,-0.6497778580671457,-0.18068297744410783,-0.0,1.0,-0.0,0.0,17.0,156.25,0,0,-0.0,-0.0,-0.0,-1156.25,0.0,0.0,210.0,-1366.25,-0.0,-0.0
150,2019-06-03,17:13:20,154.28125,154.28125,154.15625,154.1875,288,44412.125,154.20876736111111,-0.09375,-0.0006078411695611408,154.19807012411437,154.17247005537257,0.025600068741795212,0.9999999999999998,0.00419921875,3.8777717685235253,-1.9177563393288484,0.004199218750000001,0,150,0.07802661677087983,-0.6497778580671457,0.06480137922914914,3.950543807295959,3.950543807295959,0.0,0.2727931097101266,-0.03574599247073418,0.0,-0.7774002485605546,-0.12762239049340884,0.0,1.0,-0.0,0.0,17.0,62.5,0,0,0.0,-0.0,0.0,-1156.25,0.0,0.0,210.0,-1366.25,0.0,0.0
151,2019-06-03,17:18:09,154.1875,154.25,154.1875,154.25,289,44567.75,154.2136678200692,0.0625,0.00040526849592215086,154.2096100965334,154.17487640306982,0.03473369346357913,0.9999999999999997,0.00458984375,4.1511996378451785,-2.031531490021056,0.004589843750000001,-1,151,-0.10493040772890157,-0.7774002485605546,0.06774838558962126,5.126866590441702,5.126866590441702,0.0,0.2727931097101266,0.09279040345822209,0.0,-0.8962941212019043,-0.11889387264134976,0.0,1.0,0.0,0.0,17.0,125.0,0,0,0.0,0.0,0.0,-1156.25,0.0,0.0,210.0,-1366.25,0.0,0.0
152,2019-06-03,17:25:03,154.25,154.28125,154.1875,154.28125,287,44268.53125,154.24575348432055,0.03125,0.0002025726736389899,154.22553007508154,154.1781771041159,0.0473529709656475,1.0000000000000002,0.00537109375,-2.62809917355372,-0.5814564991516648,0.005371093749999999,-1,152,-0.32020201670547216,-0.8962941212019043,0.07328774624724108,6.4612398921231815,6.4612398921231815,0.0,0.2727931097101266,0.23859692653115738,1.0,-0.8960252235603268,0.000268897641577559,0.0,1.0,0.0,0.0,17.0,156.25,0,0,0.0,0.0,0.0,-1156.25,1.0,0.0,210.0,-1366.25,0.0,0.0
153,2019-06-03,17:25:31,154.28125,154.375,154.28125,154.34375,288,44447.1875,154.33051215277777,0.0625,0.00040502228176197974,154.25180116950787,154.18331338360116,0.06848778590671145,0.9999999999999996,0.0029296875,3.6666666666666643,-1.924500897298752,0.0029296875000000013,-1,153,-0.3196278722392125,-0.8960252235603268,0.054126587736527426,12.653261321421219,12.653261321421219,0.0,0.2727931097101266,0.9151970310606508,1.0,-0.9093033543591943,-0.013278130798867527,1.0,1.0,0.0,0.0,17.0,218.75,0,0,1.0,0.0,0.0,-1156.25,0.0,1.0,212.5,-1368.75,-2.5,0.0
154,2019-06-03,17:26:08,154.34375,154.34375,154.28125,154.28125,288,44443.5,154.31770833333334,-0.0625,-0.00040502228176197974,154.25834535406167,154.18635073513033,0.07199461893134185,1.0,0.0027343750000000003,0.5357142857142847,-1.088511769215251,0.0027343750000000003,0,154,-0.3487234764778318,-0.9093033543591943,0.05229125165837972,13.76800452237877,13.76800452237877,0.0,0.2727931097101266,1.037004646700141,1.0,-0.8978465101483513,0.011456844210843031,1.0,1.0,1.0,1.0,18.0,-62.5,0,0,1.0,1.0,-62.5,-1218.75,0.0,0.0,212.5,-1431.25,-62.5,-2.5
155,2019-06-03,17:26:34,154.28125,154.375,154.25,154.34375,288,44442.5625,154.314453125,0.0625,0.00040502228176197974,154.2773241642702,154.19123103621064,0.08609312805955938,1.0,0.0027343750000000003,0.5357142857142847,-1.088511769215251,0.0027343750000000003,-1,155,-0.32352817418788343,-0.8978465101483513,0.05229125165837972,16.464155155820002,16.464155155820002,0.0,0.2727931097101266,1.3316121220202644,2.0,-0.895172129819105,0.002674380329246273,1.0,1.0,1.0,0.0,18.0,0.0,0,0,1.0,1.0,62.5,-1156.25,1.0,0.0,212.5,-1368.75,62.5,62.5
156,2019-06-03,17:27:30,154.34375,154.34375,154.3125,154.34375,288,44448.34375,154.33452690972223,0.0,0.0,154.29208546109905,154.19595890051585,0.09612656058320113,1.0000000000000004,0.00244140625,-1.2000000000000004,0.0,0.002441406249999999,0,156,-0.31781022079722926,-0.895172129819105,0.049410588440130916,19.454648005189075,19.454648005189075,0.0,0.2727931097101266,1.658382272540754,2.0,-0.8778223873796985,0.017349742439406457,2.0,1.0,1.0,0.0,18.0,0.0,0,0,2.0,1.0,0.0,-1156.25,0.0,1.0,215.0,-1371.25,-2.5,62.5
157,2019-06-03,17:28:41,154.34375,154.375,154.28125,154.375,288,44445.375,154.32421875,0.03125,0.00020244964134352728,154.31051091418814,154.2015076398051,0.10900327438304203,0.9999999999999994,0.00126953125,-0.1775147928994123,-0.4047960089109363,0.0012695312500000005,-1,157,-0.28201971626762334,-0.8778223873796985,0.03563048203434807,30.592702697078863,20.0,0.0,0.2727931097101266,1.7179727020810263,2.0,-0.8670008376895699,0.010821549690128607,2.0,1.0,2.0,0.0,18.0,31.25,0,0,2.0,2.0,62.5,-1093.75,0.0,0.0,215.0,-1308.75,62.5,62.5
158,2019-06-03,17:30:37,154.375,154.375,154.3125,154.34375,287,44295.65625,154.3402656794425,-0.03125,-0.00020244964134352728,154.31789737770188,154.20591495433462,0.11198242336726594,1.0000000000000004,0.00068359375,-0.612244897959183,-0.5122408325718831,0.0006835937499999996,0,158,-0.2607061390060102,-0.8670008376895699,0.026145625829189854,42.830270768368834,20.0,0.0,0.2727931097101266,1.7179727020810263,2.0,-0.8588630182953372,0.008137819394232748,2.0,1.0,2.0,0.0,18.0,0.0,0,0,2.0,2.0,-62.5,-1156.25,0.0,0.0,215.0,-1371.25,-62.5,62.5
159,2019-06-03,17:31:36,154.34375,154.375,154.3125,154.375,288,44453.53125,154.3525390625,0.03125,0.00020244964134352728,154.33058684932368,154.21115284942402,0.11943399989965542,1.0000000000000004,0.00068359375,-0.612244897959183,-0.5122408325718831,0.0006835937499999996,-1,159,-0.24512399129033405,-0.8588630182953372,0.026145625829189854,45.68029875433897,20.0,0.0,0.2727931097101266,1.7179727020810263,2.0,-0.8531073355796026,0.005755682715734567,2.0,1.0,2.0,0.0,18.0,31.25,0,0,2.0,2.0,62.5,-1093.75,0.0,0.0,215.0,-1308.75,62.5,62.5
160,2019-06-03,17:33:57,154.375,154.40625,154.3125,154.375,288,44454.71875,154.35666232638889,0.0,0.0,154.34045643836288,154.21622742689226,0.12422901147061793,1.0000000000000004,0.00068359375,-0.612244897959183,-0.5122408325718831,0.0006835937499999996,0,160,-0.2343153113226312,-0.8531073355796026,0.026145625829189854,47.514261958084205,20.0,0.0,0.2727931097101266,1.7179727020810263,2.0,-0.8577803675426369,-0.004673031963034258,2.0,1.0,2.0,0.0,18.0,31.25,0,0,2.0,2.0,0.0,-1093.75,0.0,0.0,215.0,-1308.75,0.0,62.5
161,2019-06-03,17:37:04,154.34375,154.375,154.3125,154.375,288,44453.25,154.3515625,0.0,0.0,154.34813278539335,154.22114384353222,0.12698894186112852,1.0000000000000009,0.00263671875,3.251028806584363,-1.7355817665801556,0.0026367187499999984,0,161,-0.24307784524022374,-0.8577803675426369,0.051348989766109306,24.730562848374113,20.0,0.0,0.2727931097101266,1.7179727020810263,2.0,-0.8609938070676016,-0.0032134395249647785,2.0,1.0,2.0,0.0,18.0,31.25,0,0,2.0,2.0,0.0,-1093.75,0.0,0.0,215.0,-1308.75,0.0,0.0
162,2019-06-03,17:38:56,154.375,154.40625,154.34375,154.40625,287,44309.0625,154.38697735191639,0.03125,0.00020240866378173905,154.36104772197262,154.22687456078592,0.13417316118670897,1.0000000000000007,0.00224609375,3.724007561436674,-1.7487916903105656,0.002246093749999998,-1,162,-0.24916913401968546,-0.8609938070676016,0.047392971525322174,28.310772012896454,20.0,0.0,0.2727931097101266,1.7179727020810263,2.0,-0.8717853851901293,-0.010791578122527623,2.0,1.0,2.0,0.0,18.0,62.5,0,0,2.0,2.0,62.5,-1031.25,0.0,0.0,215.0,-1246.25,62.5,62.5
163,2019-06-03,17:42:24,154.40625,154.40625,154.3125,154.3125,288,44457.875,154.36762152777777,-0.09375,-0.0006073489406253074,154.35025933931203,154.22952494286014,0.1207343964518941,1.0000000000000002,0.00341796875,2.000000000000002,-1.1454053224818188,0.003417968749999999,0,163,-0.27004223827308815,-0.8717853851901293,0.058463396668342826,20.651279831859345,20.0,0.0,0.2727931097101266,1.7179727020810263,2.0,-0.895004477532606,-0.023219092342476766,2.0,1.0,2.0,0.0,18.0,-31.25,0,0,2.0,2.0,-187.5,-1218.75,0.0,0.0,215.0,-1433.75,-187.5,62.5
164,2019-06-03,17:46:43,154.3125,154.34375,154.3125,154.3125,288,44445.0625,154.32313368055554,0.0,0.0,154.34186837502048,154.23209281467413,0.10977556034634972,1.0000000000000002,0.00419921875,1.9307733910221774,-1.4467284665112368,0.00419921875,0,164,-0.3174536964199996,-0.895004477532606,0.06480137922914912,16.940312328563863,16.940312328563863,0.0,0.2727931097101266,1.3836416565639598,2.0,-0.9123810633772217,-0.017376585844615655,2.0,1.0,2.0,0.0,18.0,-31.25,0,0,2.0,2.0,0.0,-1218.75,0.0,0.0,215.0,-1433.75,0.0,0.0
165,2019-06-03,17:50:53,154.3125,154.40625,154.3125,154.375,288,44459.21875,154.37228732638889,0.0625,0.00040494027684356837,154.3492309583493,154.23651464857315,0.11271630977614677,1.0000000000000002,0.007617187499999999,-2.692307692307691,-0.33969551717255186,0.007617187499999997,-1,165,-0.355702400089507,-0.9123810633772217,0.08727650027355587,12.91485215640561,12.91485215640561,0.0,0.2727931097101266,0.9437809738514401,1.0,-0.917592573801354,-0.00521151042413226,2.0,1.0,2.0,0.0,18.0,31.25,0,0,2.0,2.0,125.0,-1093.75,-1.0,0.0,215.0,-1308.75,125.0,125.0
166,2019-06-03,17:55:53,154.375,154.4375,154.34375,154.4375,287,44314.03125,154.40429006968643,0.0625,0.0004047763665866455,154.36884630093837,154.2427324627575,0.12611383818088484,1.0000000000000002,0.0060546875,0.3173777315296557,-0.9198156830980229,0.0060546874999999984,-1,166,-0.36774531556987394,-0.917592573801354,0.07781187248742957,16.207531595034986,16.207531595034986,0.0,0.2727931097101266,1.3035709516150198,2.0,-0.9307848937615282,-0.013192319960174226,1.0,1.0,2.0,0.0,18.0,93.75,0,0,1.0,2.0,125.0,-968.75,1.0,1.0,217.5,-1186.25,122.5,125.0
167,2019-06-03,18:01:41,154.4375,154.4375,154.3125,154.3125,288,44457.8125,154.36740451388889,-0.125,-0.0008097166434302139,154.35632490072987,154.24489047558524,0.11143442514463686,0.9999999999999999,0.007031249999999999,0.31249999999999883,-1.2577882373436318,0.007031249999999999,0,167,-0.3996691636881148,-0.9307848937615282,0.08385254915624211,13.289330648374392,13.289330648374392,0.0,0.2727931097101266,0.9847001130539104,1.0,-0.9490931735198634,-0.018308279758335266,2.0,1.0,1.0,0.0,18.0,-31.25,0,0,2.0,1.0,-125.0,-1093.75,-1.0,1.0,220.0,-1313.75,-127.5,122.5
168,2019-06-03,18:08:13,154.3125,154.3125,154.21875,154.28125,288,44432.15625,154.2783203125,-0.03125,-0.00020253164626193865,154.3396415894566,154.2460149468635,0.09362664259307962,1.0000000000000002,0.006640624999999999,-1.8122837370242226,-0.16354400497480734,0.006640624999999997,0,168,-0.44837478400887,-0.9490931735198634,0.0814900300650331,11.489337102754892,11.489337102754892,0.0,0.2727931097101266,0.7880154221133894,1.0,-0.9637670607994402,-0.014673887279576747,1.0,1.0,2.0,0.0,18.0,-62.5,0,0,1.0,2.0,-62.5,-1156.25,0.0,1.0,222.5,-1378.75,-65.0,-65.0
169,2019-06-03,18:14:23,154.28125,154.34375,154.28125,154.34375,288,44438.75,154.30121527777777,0.0625,0.00040502228176197974,154.34055456957736,154.24903707065047,0.09151749892689054,1.0000000000000009,0.005566406250000001,-1.1172668513388746,-0.20575279705556937,0.005566406249999997,-1,169,-0.49286881708114,-0.9637670607994402,0.07460835241445823,12.266387872834933,12.266387872834933,0.0,0.2727931097101266,0.8729234991063467,1.0,-0.97816053339999,-0.014393472600549795,1.0,1.0,1.0,0.0,18.0,0.0,0,0,1.0,1.0,62.5,-1093.75,0.0,0.0,222.5,-1316.25,62.5,62.5
170,2019-06-03,18:21:01,154.34375,154.34375,154.25,154.28125,288,44433.0,154.28125,-0.0625,-0.00040502228176197974,154.32737577633796,154.25003299408056,0.07734278225740354,1.0000000000000002,0.00419921875,-1.963223363980531,-0.23551393640880577,0.00419921875,0,170,-0.5446912091607495,-0.97816053339999,0.06480137922914912,11.935360508903027,11.935360508903027,0.0,0.2727931097101266,0.8367522500892319,1.0,-0.9879134618514012,-0.00975292845141118,1.0,1.0,1.0,0.0,18.0,-62.5,0,0,1.0,1.0,-62.5,-1156.25,0.0,0.0,222.5,-1378.75,-62.5,62.5
171,2019-06-03,18:30:00,154.28125,154.34375,154.25,154.3125,287,44287.0625,154.31032229965157,0.03125,0.00020253164626193865,154.32407004826288,154.2519639941945,0.0721060540683709,1.0,0.004199218750000001,1.9307733910221714,-1.4467284665112357,0.0041992187500000016,-1,171,-0.5889542136241089,-0.9879134618514012,0.06480137922914914,11.127240643041121,11.127240643041121,0.0,0.2727931097101266,0.7484492634219989,1.0,-0.9944685595453736,-0.006555097693972445,1.0,1.0,1.0,0.0,18.0,-31.25,0,0,1.0,1.0,31.25,-1125.0,0.0,0.0,222.5,-1347.5,31.25,31.25
172,2019-06-03,18:34:40,154.3125,154.40625,154.3125,154.40625,288,44455.875,154.36067708333334,0.09375,0.0006073489406253074,154.34233225976,154.256732650324,0.08559960943600231,1.0000000000000002,0.00615234375,-3.030990173847318,-0.19604278777442427,0.006152343749999999,-1,172,-0.6289247273977105,-0.9944685595453736,0.07843687748756957,10.913184228881098,10.913184228881098,0.0,0.2727931097101266,0.7250593908497558,1.0,-0.9965870475502531,-0.0021184880048794597,1.0,1.0,1.0,0.0,18.0,62.5,0,0,1.0,1.0,93.75,-1031.25,0.0,0.0,222.5,-1253.75,93.75,93.75
173,2019-06-03,18:38:19,154.40625,154.5,154.40625,154.5,288,44486.3125,154.46636284722223,0.09375,0.0006069802917769707,154.3773695353689,154.2642504902753,0.1131190450936117,1.0,0.004199218750000001,1.9307733910221714,-1.4467284665112357,0.004199218750000001,-1,173,-0.6463228475172514,-0.9965870475502531,0.06480137922914914,17.456271215092933,17.456271215092933,0.0,0.2727931097101266,1.4400203110218894,2.0,-0.9956848455419762,0.0009022020082768423,1.0,1.0,1.0,0.0,18.0,156.25,0,0,1.0,1.0,93.75,-937.5,1.0,0.0,222.5,-1160.0,93.75,93.75
174,2019-06-03,18:44:48,154.5,154.5,154.40625,154.4375,287,44327.25,154.45034843205576,-0.0625,-0.0004046125889720642,154.3907318608425,154.26960380663135,0.12112805421114103,1.0,0.00458984375,-0.7378904481665955,-0.9127170462413433,0.00458984375,0,174,-0.6384365746477968,-0.9956848455419762,0.06774838558962125,17.879105628414756,17.879105628414756,0.0,0.2727931097101266,1.48622328553011,2.0,-0.9866788041812644,0.009006041360711814,2.0,1.0,1.0,0.0,18.0,93.75,0,0,2.0,1.0,-62.5,-1000.0,0.0,1.0,225.0,-1225.0,-65.0,93.75
175,2019-06-03,18:52:45,154.4375,154.53125,154.40625,154.5,288,44489.625,154.47786458333334,0.0625,0.0004046125889720642,154.41501366954418,154.27672199767372,0.1382916718704621,1.0,0.00458984375,-0.7378904481665955,-0.9127170462413433,0.00458984375,-1,175,-0.5826548053089743,-0.9866788041812644,0.06774838558962125,20.412541297758654,20.0,0.0,0.2727931097101266,1.7179727020810263,2.0,-0.9714605713219245,0.015218232859339875,2.0,1.0,2.0,0.0,18.0,156.25,0,0,2.0,2.0,125.0,-875.0,0.0,0.0,225.0,-1100.0,125.0,125.0
176,2019-06-03,18:57:41,154.46875,154.53125,154.46875,154.5,287,44342.90625,154.50489982578398,0.0,0.0,154.4338995207566,154.28361939860034,0.15028012215626063,1.0,0.00458984375,-0.7378904481665955,-0.9127170462413433,0.00458984375,0,176,-0.5191998565007466,-0.9714605713219245,0.06774838558962125,22.182096421686968,20.0,0.0,0.2727931097101266,1.7179727020810263,2.0,-0.9270113090955212,0.04444926222640333,2.0,1.0,2.0,0.0,18.0,156.25,0,0,2.0,2.0,0.0,-875.0,0.0,0.0,225.0,-1100.0,0.0,125.0
177,2019-06-03,18:59:59,154.5,154.59375,154.5,154.59375,288,44513.25,154.55989583333334,0.09375,0.0006066120901815353,154.46942184947736,154.2931986382928,0.1762232111845492,0.9999999999999994,0.00224609375,-3.081285444234387,-0.31535587858059516,0.0022460937500000007,-1,177,-0.3903073398446606,-0.9270113090955212,0.0473929715253222,37.18340621254201,20.0,0.0,0.2727931097101266,1.7179727020810263,2.0,-0.8190946766511354,0.10791663244438576,2.0,1.0,2.0,0.0,18.0,250.0,0,0,2.0,2.0,187.5,-687.5,0.0,0.0,225.0,-912.5,187.5,187.5
178,2019-06-03,19:03:53,154.59375,154.6875,154.5625,154.6875,287,44379.125,154.6310975609756,0.09375,0.0006062443350272062,154.51788366070463,154.3053762808471,0.2125073798575272,0.9999999999999997,0.00263671875,-3.3333333333333197,-0.6085806194501858,0.002636718750000001,-1,178,-0.17354968589723482,-0.8190946766511354,0.05134898976610933,41.384919318857456,20.0,0.0,0.2727931097101266,1.7179727020810263,2.0,-0.7195728407424813,0.09952183590865415,2.0,1.0,2.0,0.0,18.0,343.75,0,0,2.0,2.0,187.5,-500.0,0.0,0.0,225.0,-725.0,187.5,187.5
179,2019-06-03,19:05:19,154.6875,154.71875,154.6875,154.6875,287,44401.65625,154.7096036585366,0.0,0.0,154.55557618054806,154.31717647239998,0.23839970814807998,0.9999999999999992,0.0017578125000000005,4.999999999999979,-2.2360679774997894,0.001757812500000002,0,179,-0.017787887480163213,-0.7195728407424813,0.04192627457812108,56.86164834508982,20.0,0.0,0.2727931097101266,1.7179727020810263,2.0,-0.5247681376475426,0.1948047030949387,2.0,1.0,2.0,0.0,18.0,343.75,0,0,2.0,2.0,0.0,-500.0,0.0,0.0,225.0,-725.0,0.0,187.5
180,2019-06-03,19:10:34,154.6875,154.8125,154.6875,154.78125,287,44417.4375,154.76459059233449,0.09375,0.0006058770255021884,154.60572591820406,154.3315057241547,0.2742201940493487,0.9999999999999999,0.003710937499999999,-2.4792243767313025,-0.7559840489048504,0.0037109375,-1,180,0.23085414933761195,-0.5247681376475426,0.06091746465505602,45.015037247875526,20.0,0.0,0.2727931097101266,1.7179727020810263,2.0,-0.286577044509204,0.23819109313833858,2.0,1.0,2.0,0.0,18.0,437.5,0,0,2.0,2.0,187.5,-312.5,0.0,0.0,225.0,-537.5,187.5,187.5
181,2019-06-03,19:13:01,154.78125,154.875,154.78125,154.875,287,44441.96875,154.85006533101046,0.09375,0.0006055101607946867,154.6655646030476,154.34828544922874,0.3172791538188733,1.0000000000000004,0.003125,-2.324218750000005,-0.052407843222650706,0.003124999999999999,-1,181,0.4748081710433778,-0.286577044509204,0.055901699437494734,56.75662046260902,20.0,0.0,0.2727931097101266,1.7179727020810263,2.0,-0.12663389502491845,0.15994314948428556,2.0,1.0,2.0,0.0,18.0,531.25,0,0,2.0,2.0,187.5,-125.0,0.0,0.0,225.0,-350.0,187.5,187.5
182,2019-06-03,19:15:19,154.875,154.9375,154.8125,154.84375,287,44452.40625,154.88643292682926,-0.03125,-0.0002017959849442974,154.70516135792593,154.36358071575287,0.3415806421730565,1.0000000000000004,0.00390625,-2.9999999999999996,-4.625929269271487e-16,0.0039062499999999983,0,182,0.6118705485685836,-0.12663389502491845,0.062499999999999986,54.65290274768905,20.0,0.0,0.2727931097101266,1.7179727020810263,2.0,-0.06967352445332876,0.05696037057158969,2.0,1.0,2.0,0.0,18.0,500.0,0,0,2.0,2.0,-62.5,-187.5,0.0,0.0,225.0,-412.5,-62.5,187.5
183,2019-06-03,19:17:35,154.8125,154.875,154.8125,154.875,286,44286.28125,154.84713723776224,0.03125,0.0002017959849442974,154.74290327838685,154.37936691423013,0.3635363641567153,1.0000000000000004,0.00390625,-2.9999999999999996,-4.625929269271487e-16,0.0039062499999999983,-1,183,0.6561217820336683,-0.06967352445332876,0.062499999999999986,58.165818265074456,20.0,0.0,0.2727931097101266,1.7179727020810263,2.0,-0.080901708523945,-0.011228184070616237,2.0,1.0,2.0,0.0,18.0,531.25,0,0,2.0,2.0,62.5,-125.0,0.0,0.0,225.0,-350.0,62.5,62.5
184,2019-06-03,19:24:13,154.875,154.875,154.8125,154.84375,287,44439.125,154.8401567944251,-0.03125,-0.0002017959849442974,154.76531366096756,154.39369981872082,0.3716138422467452,1.000000000000001,0.005078125,-0.17751479289940994,0.4047960089109366,0.005078124999999995,0,184,0.6475827981404287,-0.080901708523945,0.07126096406869609,52.148304068480854,20.0,0.0,0.2727931097101266,1.7179727020810263,2.0,-0.1288487150692891,-0.047947006545344104,2.0,1.0,2.0,0.0,18.0,500.0,0,0,2.0,2.0,-62.5,-187.5,0.0,0.0,225.0,-412.5,-62.5,62.5
185,2019-06-03,19:27:28,154.84375,154.9375,154.84375,154.9375,287,44454.59375,154.8940548780488,0.09375,0.0006052658310471415,154.8035772918637,154.41048228692873,0.3930950049349633,1.0000000000000007,0.0048828125,0.1999999999999993,0.0,0.004882812499999996,-1,185,0.6101027241824644,-0.1288487150692891,0.0698771242968684,56.25517776961239,20.0,0.0,0.2727931097101266,1.7179727020810263,2.0,-0.1875303139649091,-0.058681598895619996,2.0,1.0,2.0,0.0,18.0,593.75,0,0,2.0,2.0,187.5,0.0,0.0,0.0,225.0,-225.0,187.5,187.5
186,2019-06-03,19:33:20,154.9375,154.9375,154.84375,154.84375,287,44457.125,154.90287456445992,-0.09375,-0.0006052658310471415,154.81250456033845,154.42385232853007,0.38865223180837916,1.000000000000001,0.005175781249999999,1.128515485938055,1.032658539398995,0.005175781249999994,0,186,0.5619579128956761,-0.1875303139649091,0.07194290270763332,54.02231730735299,20.0,0.0,0.2727931097101266,1.7179727020810263,2.0,-0.2591035728527754,-0.07157325888786631,2.0,1.0,2.0,0.0,18.0,500.0,0,0,2.0,2.0,-187.5,-187.5,0.0,0.0,225.0,-412.5,-187.5,187.5
187,2019-06-03,19:39:17,154.84375,154.84375,154.8125,154.84375,287,44439.875,154.8427700348432,0.0,0.0,154.81944799137437,154.43680863107284,0.382639360301539,1.000000000000001,0.005175781250000001,0.2741189035243856,0.6064819993295688,0.005175781249999995,0,187,0.49974486763601583,-0.2591035728527754,0.07194290270763333,53.18653347315384,20.0,0.0,0.2727931097101266,1.7179727020810263,2.0,-0.3662201005056979,-0.10711652765292251,2.0,1.0,2.0,0.0,18.0,500.0,0,0,2.0,2.0,0.0,-187.5,0.0,0.0,225.0,-412.5,0.0,0.0
188,2019-06-03,19:45:35,154.84375,154.875,154.75,154.78125,286,44274.40625,154.80561625874125,-0.0625,-0.00040371417585038927,154.81095954884674,154.44743574414017,0.3635238047065741,1.0000000000000038,0.00224609375,-3.081285444234387,0.31535587858059516,0.0022460937499999916,0,188,0.39902612448180674,-0.3662201005056979,0.047392971525322104,76.70415950017885,20.0,0.0,0.2727931097101266,1.7179727020810263,2.0,-0.4620163079955555,-0.09579620748985757,2.0,1.0,2.0,0.0,18.0,437.5,0,0,2.0,2.0,-125.0,-312.5,0.0,0.0,225.0,-537.5,-125.0,0.0
189,2019-06-03,19:54:12,154.78125,154.8125,154.71875,154.78125,287,44419.40625,154.77145034843207,0.0,0.0,154.8043574268808,154.45773411234322,0.3466233145375952,1.0000000000000042,0.0016601562499999997,-1.4878892733564086,-0.5413870509510866,0.0016601562499999926,0,189,0.30041793691251545,-0.4620163079955555,0.040745015032516464,85.07134290194108,20.0,0.0,0.2727931097101266,1.7179727020810263,2.0,-0.5606957109425371,-0.09867940294698163,2.0,1.0,2.0,0.0,18.0,437.5,0,0,2.0,2.0,0.0,-312.5,0.0,0.0,225.0,-537.5,0.0,0.0
190,2019-06-03,19:58:34,154.78125,154.78125,154.6875,154.6875,287,44405.46875,154.72288763066203,-0.09375,-0.0006058770255021884,154.7783891097962,154.46482194985177,0.3135671599444265,1.000000000000001,0.005175781249999999,1.128515485938055,1.032658539398995,0.005175781249999994,0,190,0.1890281836379162,-0.5606957109425371,0.07194290270763332,43.58555856701015,20.0,0.0,0.2727931097101266,1.7179727020810263,2.0,-0.6930785163898783,-0.13238280544734116,2.0,1.0,2.0,0.0,18.0,343.75,0,0,2.0,2.0,-187.5,-500.0,0.0,0.0,225.0,-725.0,-187.5,0.0
191,2019-06-03,20:06:12,154.71875,154.75,154.65625,154.65625,288,44552.1875,154.69509548611111,-0.03125,-0.00020204061084960756,154.75124708539707,154.47072667290166,0.28052041249540594,1.0000000000000007,0.005566406249999999,-1.1172668513388746,-0.2057527970555698,0.005566406249999996,0,191,0.01964596179988666,-0.6930785163898783,0.07460835241445823,37.599062761375805,20.0,0.0,0.2727931097101266,1.7179727020810263,2.0,-0.7808656789494621,-0.08778716255958385,2.0,1.0,2.0,0.0,18.0,312.5,0,0,2.0,2.0,-62.5,-562.5,0.0,0.0,225.0,-787.5,-62.5,-62.5
192,2019-06-03,20:20:06,154.65625,154.75,154.625,154.75,287,44390.3125,154.67007839721254,0.09375,0.000605999412545799,154.75096995530885,154.47934038253715,0.2716295727717011,1.0000000000000009,0.007617187500000001,-2.6923076923076916,0.33969551717255164,0.007617187499999995,-1,192,-0.11042654550429057,-0.7808656789494621,0.08727650027355585,31.122876366526683,20.0,0.0,0.2727931097101266,1.7179727020810263,2.0,-0.879619415529854,-0.09875373658039188,2.0,1.0,2.0,0.0,18.0,406.25,0,0,2.0,2.0,187.5,-375.0,0.0,0.0,225.0,-600.0,187.5,187.5
193,2019-06-03,20:30:25,154.75,154.8125,154.71875,154.8125,287,44420.34375,154.7747168989547,0.0625,0.00040379568487303175,154.76464329857356,154.48961536191777,0.27502793665578906,1.0000000000000002,0.00615234375,-1.2169312169312185,-0.8284388773693415,0.006152343749999997,-1,193,-0.2856296218555227,-0.879619415529854,0.07843687748756957,35.063600880768696,20.0,0.0,0.2727931097101266,1.7179727020810263,2.0,-0.9295112795528833,-0.04989186402302925,2.0,1.0,2.0,0.0,18.0,468.75,0,0,2.0,2.0,125.0,-250.0,0.0,0.0,225.0,-475.0,125.0,187.5
194,2019-06-03,20:49:48,154.8125,154.8125,154.65625,154.71875,287,44412.40625,154.74706010452962,-0.09375,-0.000605754687882154,154.75444478777945,154.4966815985644,0.2577631892150407,1.0,0.00712890625,3.372114843310193,-1.7035504015506535,0.00712890625,0,194,-0.3964872143131854,-0.9295112795528833,0.08443285053816435,30.528779683747572,20.0,0.0,0.2727931097101266,1.7179727020810263,2.0,-0.9660606951687063,-0.03654941561582303,2.0,1.0,2.0,0.0,18.0,375.0,0,0,2.0,2.0,-187.5,-437.5,0.0,0.0,225.0,-662.5,-187.5,125.0
195,2019-06-03,22:02:04,154.71875,154.84375,154.65625,154.78125,287,44408.0625,154.731925087108,0.0625,0.00040387722681511917,154.76040150160625,154.50545673534447,0.2549447662617865,1.0000000000000002,0.01416015625,-2.090368608799048,-0.5433369635574729,0.014160156249999997,-1,195,-0.5004516517180497,-0.9660606951687063,0.11899645477912356,21.4245682138182,20.0,0.0,0.2727931097101266,1.7179727020810263,2.0,-0.989079000133383,-0.023018304964676717,2.0,1.0,2.0,0.0,18.0,437.5,0,0,2.0,2.0,125.0,-312.5,0.0,0.0,225.0,-537.5,125.0,125.0
196,2019-06-03,22:59:35,154.8125,154.90625,154.78125,154.90625,287,44437.46875,154.83438588850174,0.125,0.0008072654323356687,154.79281227902712,154.51781502457976,0.27499725444735645,1.0000000000000007,0.01689453125,-2.460155701827658,0.5753487666168172,0.016894531249999994,-1,196,-0.5951665917895023,-0.989079000133383,0.12997896464428385,21.157058390174686,20.0,0.0,0.2727931097101266,1.7179727020810263,2.0,-0.999189139331933,-0.010110139198549972,2.0,1.0,2.0,0.0,18.0,562.5,0,0,2.0,2.0,250.0,-62.5,0.0,0.0,225.0,-287.5,250.0,250.0
197,2019-06-03,23:30:20,154.90625,154.9375,154.75,154.75,287,44433.5625,154.82077526132403,-0.15625,-0.0010091836561416656,154.78329843924334,154.52497388141097,0.25832455783236696,1.0000000000000002,0.017871093749999997,-2.5808474424437846,0.6910677567671911,0.017871093749999994,0,197,-0.7350032584090088,-0.999189139331933,0.13368281022629647,19.323692956115945,19.323692956115945,0.0,0.2727931097101266,1.6440728582560575,2.0,-0.9686440391436381,0.030545100188294927,2.0,1.0,2.0,0.0,18.0,406.25,0,0,2.0,2.0,-312.5,-375.0,0.0,0.0,225.0,-600.0,-312.5,250.0
198,2019-06-03,23:47:00,154.75,154.75,154.5625,154.59375,287,44394.0625,154.68314459930315,-0.15625,-0.0010102031367233977,154.74117656385596,154.52709429082824,0.21408227302771365,1.0000000000000004,0.015136718749999998,-0.2476586888657645,1.106130138388756,0.015136718749999993,0,198,-0.8606173309897658,-0.9686440391436381,0.12303137303143452,17.400624552325823,17.400624552325823,0.0,0.2727931097101266,1.4339398188474282,2.0,-0.8691260439435239,0.09951799520011417,2.0,1.0,2.0,0.0,18.0,250.0,0,0,2.0,2.0,-312.5,-687.5,0.0,0.0,225.0,-912.5,-312.5,-312.5
199,2019-06-04,00:00:17,154.59375,154.625,154.46875,154.46875,287,44358.40625,154.5589067944251,-0.125,-0.0008088979207494518,154.68063732744352,154.5252956113774,0.15534171606611835,1.0000000000000016,0.00537109375,-2.6280991735537262,0.5814564991516649,0.005371093749999991,0,199,-0.9642933281036165,-0.8691260439435239,0.07328774624724103,21.196137692932027,20.0,0.0,0.2727931097101266,1.7179727020810263,2.0,-0.6365704945972841,0.2325555493462398,-2.0,1.0,2.0,0.0,18.0,125.0,0,0,-2.0,2.0,-250.0,-937.5,0.0,4.0,235.0,-1172.5,-260.0,-260.0
200,2019-06-04,00:08:51,154.46875,154.53125,154.4375,154.46875,288,44495.40625,154.49793836805554,0.0,0.0,154.6335512546783,154.5235524865873,0.10999876809100329,1.0000000000000016,0.004199218749999998,-1.9632233639805392,0.23551393640880497,0.004199218749999992,0,200,-0.9954571586178554,-0.6365704945972841,0.06480137922914907,16.974757235031728,16.974757235031728,0.0,0.2727931097101266,1.3874054399395137,2.0,-0.4270545892967398,0.20951590530054431,-2.0,-1.0,-2.0,1.0,19.0,0.0,0,0,-2.0,-2.0,-0.0,-937.5,0.0,0.0,235.0,-1172.5,-0.0,-0.0
201,2019-06-04,00:36:52,154.5,154.53125,154.40625,154.4375,287,44336.8125,154.48366724738676,-0.03125,-0.0002023267584041477,154.58998430919425,154.52089990980852,0.06908439938572997,1.0000000000000009,0.005566406250000001,-1.1172668513388768,0.20575279705556965,0.005566406249999996,0,201,-0.9413574223590954,-0.4270545892967398,0.07460835241445823,9.259606619103174,9.259606619103174,0.0,0.2727931097101266,0.544373520104924,1.0,-0.05149219246985592,0.37556239682688386,-2.0,-1.0,-2.0,0.0,19.0,-31.25,0,0,-2.0,-2.0,62.5,-875.0,-1.0,0.0,235.0,-1110.0,62.5,62.5
202,2019-06-04,00:40:51,154.4375,154.4375,154.3125,154.34375,288,44462.21875,154.38270399305554,-0.09375,-0.0006072260079301728,154.53526557381775,154.51543955064207,0.01982602317568194,1.0000000000000004,0.00322265625,1.0743801652892582,-0.2669003066972995,0.003222656249999998,0,202,-0.7425792097675598,-0.05149219246985592,0.05676844413932795,3.492437299677005,3.492437299677005,0.0,0.2727931097101266,-0.08580313689114105,0.0,0.23977323858896774,0.29126543105882363,-1.0,-1.0,-2.0,0.0,19.0,-125.0,0,0,-1.0,-2.0,187.5,-687.5,-1.0,1.0,237.5,-925.0,185.0,185.0
203,2019-06-04,01:04:02,154.3125,154.40625,154.3125,154.40625,287,44309.09375,154.3870862369338,0.0625,0.0004048583051252663,154.50659544630273,154.51207414175775,-0.005478695455025218,1.0000000000000009,0.0032226562500000003,1.0743801652892546,0.2669003066972995,0.0032226562499999977,-1,203,-0.5169344305330147,0.23977323858896774,0.056768444139327946,-0.9650952281832392,0.0,-0.9650952281832392,0.1614428231473699,-0.4674205891246751,-0.0,0.34652875670988786,0.10675551812092013,-0.0,-1.0,-1.0,0.0,19.0,-62.5,0,0,-0.0,-1.0,-62.5,-750.0,-0.0,1.0,240.0,-990.0,-65.0,185.0
204,2019-06-04,01:39:09,154.40625,154.4375,154.3125,154.40625,288,44459.59375,154.37358940972223,0.0,0.0,154.48429645823546,154.5088126317049,-0.024516173469436353,1.0000000000000007,0.00439453125,-0.9629629629629642,0.5237828008789239,0.0043945312499999965,0,204,-0.4182611511407476,0.34652875670988786,0.06629126073623881,-3.6982512019166247,0.0,-3.6982512019166247,-0.15390191383659452,-0.4674205891246751,-1.0,0.41613074645289894,0.06960198974301107,0.0,-1.0,-0.0,0.0,19.0,-62.5,0,0,0.0,-0.0,-0.0,-750.0,-1.0,0.0,240.0,-990.0,-0.0,-0.0
205,2019-06-04,02:15:02,154.40625,154.40625,154.34375,154.375,288,44460.8125,154.37782118055554,-0.03125,-0.00020240866378173905,154.46000835640538,154.50468872350356,-0.044680367098180795,1.0000000000000009,0.0032226562500000003,1.0743801652892546,0.2669003066972995,0.0032226562499999972,0,205,-0.3487267107849176,0.41613074645289894,0.056768444139327946,-7.8706344300225775,0.0,-7.8706344300225775,-0.6353011110679648,-0.4674205891246751,-1.0,0.4686470415136039,0.05251629506070499,1.0,-1.0,0.0,0.0,19.0,-93.75,0,0,1.0,0.0,-0.0,-750.0,0.0,1.0,242.5,-992.5,-2.5,-0.0
206,2019-06-04,02:37:34,154.375,154.375,154.25,154.28125,288,44440.25,154.30642361111111,-0.09375,-0.000607471923105507,154.42028427720422,154.497803010613,-0.07751873340879456,1.0000000000000033,0.001171875,2.916666666666662,-1.2932338163316435,0.0011718749999999958,0,206,-0.2932643799647047,0.4686470415136039,0.034232659844072824,-22.644671422520638,0.0,-20.0,-2.034757136339064,-0.4674205891246751,-3.0,0.5132692454363117,0.04462220392270777,1.0,-1.0,1.0,1.0,20.0,-93.75,0,0,1.0,1.0,-93.75,-843.75,-2.0,0.0,242.5,-1086.25,-93.75,-2.5
207,2019-06-04,03:19:46,154.28125,154.34375,154.25,154.25,288,44436.125,154.29210069444446,-0.03125,-0.0002025726736389899,154.3824433267144,154.4901668281303,-0.10772350141590437,1.0000000000000033,0.001171875,2.916666666666662,-1.2932338163316435,0.0011718749999999958,0,207,-0.2439224198704835,0.5132692454363117,0.034232659844072824,-31.46804890609633,0.0,-20.0,-2.034757136339064,-0.4674205891246751,-3.0,0.5461793903821217,0.032910144945810016,3.0,-1.0,1.0,0.0,20.0,-125.0,0,0,3.0,1.0,-31.25,-875.0,0.0,2.0,247.5,-1122.5,-36.25,-36.25
208,2019-06-04,03:26:26,154.25,154.25,154.21875,154.21875,288,44417.34375,154.22688802083334,-0.03125,-0.00020261371764185299,154.346067031889,154.48180336048296,-0.13573632859396412,1.000000000000001,0.0021484374999999997,0.8677685950413286,-0.5516180692881066,0.0021484374999999967,0,208,-0.20611373934222582,0.5461793903821217,0.04635124054434786,-29.284292502181156,0.0,-20.0,-2.034757136339064,-0.4674205891246751,-3.0,0.5983150772402129,0.052135686858091224,3.0,-1.0,3.0,0.0,20.0,-156.25,0,0,3.0,3.0,-93.75,-968.75,0.0,0.0,247.5,-1216.25,-93.75,-36.25
209,2019-06-04,03:43:46,154.21875,154.25,154.15625,154.21875,288,44408.625,154.19661458333334,0.0,0.0,154.3177743581359,154.47369796939012,-0.15592361125422372,1.0000000000000016,0.0009765625,-3.0,0.0,0.0009765624999999985,0,209,-0.14350438446530325,0.5983150772402129,0.031249999999999976,-49.895555601351624,0.0,-20.0,-2.034757136339064,-0.4674205891246751,-3.0,0.6886435404151598,0.09032846317494692,3.0,-1.0,3.0,0.0,20.0,-156.25,0,0,3.0,3.0,0.0,-968.75,0.0,0.0,247.5,-1216.25,0.0,0.0
210,2019-06-04,04:30:13,154.21875,154.25,154.15625,154.25,288,44409.78125,154.20062934027777,0.03125,0.00020261371764185299,154.30271338966125,154.46680552496335,-0.16409213530209854,1.0000000000000013,0.00068359375,-0.612244897959183,-0.5122408325718831,0.0006835937499999989,-1,210,-0.02577864111562268,0.6886435404151598,0.02614562582918984,-62.760836697548335,0.0,-20.0,-2.034757136339064,-0.4674205891246751,-3.0,0.7712528819891059,0.08260934157394606,3.0,-1.0,3.0,0.0,20.0,-125.0,0,0,3.0,3.0,93.75,-875.0,0.0,0.0,247.5,-1122.5,93.75,93.75
211,2019-06-04,04:58:01,154.25,154.28125,154.21875,154.28125,288,44420.71875,154.23860677083334,0.03125,0.0002025726736389899,154.29794374751432,154.46108854310455,-0.16314479559022743,1.0000000000000013,0.00029296875,-3.333333333333344,-0.6085806194501838,0.0002929687499999996,-1,211,0.09526426819828022,0.7712528819891059,0.01711632992203643,-95.31529032995945,0.0,-20.0,-2.034757136339064,-0.4674205891246751,-3.0,0.8527550103977706,0.08150212840866466,3.0,-1.0,3.0,0.0,20.0,-93.75,0,0,3.0,3.0,93.75,-781.25,0.0,0.0,247.5,-1028.75,93.75,93.75
212,2019-06-04,05:29:55,154.28125,154.3125,154.25,154.28125,288,44433.15625,154.28179253472223,0.0,0.0,154.2942340258445,154.45554792832235,-0.16131390247784338,0.9999999999999997,0.0022460937500000003,3.7240075614366623,1.7487916903105667,0.0022460937500000007,0,212,0.2336591250662946,0.8527550103977706,0.0473929715253222,-34.03751596197189,0.0,-20.0,-2.034757136339064,-0.4674205891246751,-3.0,0.9183263748811158,0.06557136448334522,3.0,-1.0,3.0,0.0,20.0,-93.75,0,0,3.0,3.0,0.0,-781.25,0.0,0.0,247.5,-1028.75,0.0,93.75
213,2019-06-04,05:47:20,154.28125,154.3125,154.25,154.3125,287,44282.5625,154.29464285714286,0.03125,0.00020253164626193865,154.2982931312124,154.4511409637757,-0.15284783256331025,0.9999999999999994,0.00224609375,1.4555765595463097,1.118079933149378,0.002246093750000001,-1,213,0.369464945470225,0.9183263748811158,0.0473929715253222,-32.25116038179695,0.0,-20.0,-2.034757136339064,-0.4674205891246751,-3.0,0.9472841966678451,0.028957821786729343,3.0,-1.0,3.0,0.0,20.0,-62.5,0,0,3.0,3.0,93.75,-687.5,0.0,0.0,247.5,-935.0,93.75,93.75
214,2019-06-04,06:13:55,154.3125,154.4375,154.25,154.4375,288,44451.5,154.34548611111111,0.125,0.0008097166434302139,154.329227990943,154.45072073443401,-0.12149274349101802,0.9999999999999994,0.00224609375,1.4555765595463097,1.118079933149378,0.002246093750000001,-1,214,0.44327793889259126,0.9472841966678451,0.0473929715253222,-25.635181669523316,0.0,-20.0,-2.034757136339064,-0.4674205891246751,-3.0,0.9878028182155424,0.04051862154769725,3.0,-1.0,3.0,0.0,20.0,62.5,0,0,3.0,3.0,375.0,-312.5,0.0,0.0,247.5,-560.0,375.0,375.0
215,2019-06-04,06:23:00,154.4375,154.5,154.4375,154.5,288,44488.75,154.47482638888889,0.0625,0.0004046125889720642,154.367177326289,154.4522387960195,-0.08506146973047635,0.9999999999999986,0.0016601562499999993,2.664359861591695,1.7143923280117723,0.0016601562500000015,-1,215,0.5883785010720407,0.9878028182155424,0.040745015032516575,-20.876534138616222,0.0,-20.0,-2.034757136339064,-0.4674205891246751,-3.0,0.998944631510974,0.011141813295431624,3.0,-1.0,3.0,0.0,20.0,125.0,0,0,3.0,3.0,187.5,-125.0,0.0,0.0,247.5,-372.5,187.5,375.0
216,2019-06-04,06:30:12,154.5,154.59375,154.5,154.53125,287,44351.53125,154.53495209059233,0.03125,0.00020224491928555466,154.403637920447,154.4546726705598,-0.051034750112791016,0.9999999999999998,0.00322265625,1.0743801652892557,0.2669003066973004,0.0032226562500000007,-1,216,0.6738826599304255,0.998944631510974,0.056768444139327974,-8.989985701833817,0.0,-8.989985701833817,-0.7644490762021399,-0.4674205891246751,-1.0,0.9976902686644475,-0.001254362846526469,-3.0,-1.0,3.0,0.0,20.0,156.25,0,0,-3.0,3.0,93.75,-31.25,2.0,6.0,262.5,-293.75,78.75,187.5
217,2019-06-04,06:46:29,154.53125,154.59375,154.5,154.5625,288,44510.5,154.55034722222223,0.03125,0.0002022040245490686,154.43894060479212,154.45799408587365,-0.019053481081527934,1.0000000000000009,0.00263671875,-1.6872427983539093,-0.5184205276797869,0.0026367187499999976,-1,217,0.7535054595818421,0.9976902686644475,0.0513489897661093,-3.7105853821691674,0.0,-3.7105853821691674,-0.155325000870423,-0.4674205891246751,-1.0,0.9843273021783686,-0.013362966486078931,-1.0,-1.0,-3.0,1.0,21.0,31.25,0,0,-1.0,-3.0,-93.75,-125.0,0.0,2.0,267.5,-392.5,-98.75,78.75
218,2019-06-04,06:54:55,154.5625,154.59375,154.53125,154.53125,287,44362.15625,154.57197299651568,-0.03125,-0.0002022040245490686,154.4594538037272,154.4602505182391,-0.00079671451189256,1.0000000000000022,0.0017578124999999998,-2.407407407407407,0.1656346649999846,0.0017578124999999961,0,218,0.8207236726367494,0.9843273021783686,0.04192627457812101,-0.19002749944024866,0.0,-0.19002749944024866,0.2508682095556536,-0.4674205891246751,-0.0,0.9301249277933075,-0.05420237438506115,-1.0,-1.0,-1.0,0.0,21.0,0.0,0,0,-1.0,-1.0,31.25,-93.75,1.0,0.0,267.5,-361.25,31.25,31.25
219,2019-06-04,07:00:16,154.53125,154.5625,154.40625,154.46875,287,44333.9375,154.47364982578398,-0.0625,-0.00040453074985347115,154.46151962512116,154.46051231111343,0.0010073140077224707,1.0000000000000036,0.0014648437500000002,2.0000000000000013,1.3608276348795436,0.0014648437499999948,0,219,0.9173778497173268,0.9301249277933075,0.03827327723098709,0.2631899018323212,0.2631899018323212,0.0,0.2727931097101266,-0.438661916835803,-0.0,0.8917901949554335,-0.03833473283787392,-0.0,-1.0,-1.0,0.0,21.0,-62.5,0,0,-0.0,-1.0,62.5,-31.25,0.0,1.0,270.0,-301.25,60.0,60.0
220,2019-06-04,07:05:45,154.46875,154.5,154.4375,154.4375,288,44484.0,154.45833333333334,-0.03125,-0.0002023267584041477,154.4561819306498,154.45980353055288,-0.003621599903084416,1.0000000000000098,0.0006835937499999995,-0.612244897959202,-0.5122408325718871,0.000683593749999993,0,220,0.9505207679564385,0.8917901949554335,0.026145625829189726,-1.3851647410333388,0.0,-1.3851647410333388,0.11297624776061943,-0.4674205891246751,-0.0,0.7863657924620735,-0.10542440249336005,0.0,-1.0,-0.0,0.0,21.0,-93.75,0,0,0.0,-0.0,0.0,-31.25,0.0,0.0,270.0,-301.25,0.0,60.0
221,2019-06-04,07:11:44,154.4375,154.46875,154.375,154.375,288,44471.375,154.41449652777777,-0.0625,-0.0004047763665866455,154.4381415016165,154.45719165725453,-0.01905015563801271,1.0000000000000044,0.0012695312499999994,-0.17751479289940994,0.40479600891093587,0.0012695312499999935,0,221,0.9928676838041031,0.7863657924620735,0.035630482034347974,-5.346589366837153,0.0,-5.346589366837153,-0.34408307073832634,-0.4674205891246751,-1.0,0.6368381255376343,-0.1495276669244392,-0.0,1.0,0.0,0.0,21.0,-156.25,0,0,-0.0,0.0,-0.0,-31.25,-1.0,0.0,270.0,-301.25,-0.0,-0.0
222,2019-06-04,07:17:05,154.375,154.375,154.25,154.28125,287,44292.34375,154.3287238675958,-0.09375,-0.000607471923105507,154.40327672347954,154.45177297264001,-0.04849624916047901,1.0000000000000044,0.0012695312499999994,-0.17751479289940994,0.40479600891093587,0.0012695312499999935,0,222,0.9954901436856587,0.6368381255376343,0.035630482034347974,-13.610887754403201,0.0,-13.610887754403201,-1.2975972596209244,-0.4674205891246751,-2.0,0.40403703315556366,-0.23280109238207064,-1.0,1.0,-0.0,0.0,21.0,-250.0,0,0,-1.0,-0.0,0.0,-31.25,-1.0,1.0,272.5,-303.75,-2.5,-0.0
223,2019-06-04,07:22:01,154.28125,154.3125,154.28125,154.28125,288,44437.1875,154.29578993055554,0.0,0.0,154.37615967381745,154.446521325789,-0.07036165197155242,1.0000000000000013,0.00390625,-0.1875,0.9375000000000006,0.003906249999999995,0,223,0.9325180414325603,0.40403703315556366,0.06249999999999996,-11.257864315448394,0.0,-11.257864315448394,-1.0261112688449407,-0.4674205891246751,-1.0,-0.2365197564276521,-0.6405567895832158,-2.0,1.0,-1.0,1.0,22.0,0.0,0,0,-2.0,-1.0,-0.0,-31.25,1.0,1.0,275.0,-306.25,-2.5,-2.5
224,2019-06-04,07:32:35,154.28125,154.34375,154.21875,154.21875,288,44428.75,154.26649305555554,-0.0625,-0.0004051863912808429,154.34117974630246,154.43950678121112,-0.09832703490866379,1.000000000000001,0.0037109375,-0.8171745152354575,0.08099829095409096,0.0037109374999999955,0,224,0.5197990903847413,-0.2365197564276521,0.060917464655055986,-16.14102547856166,0.0,-16.14102547856166,-1.5895182560169339,-0.4674205891246751,-2.0,-0.8012645511824202,-0.5647447947547681,-1.0,1.0,-2.0,0.0,22.0,-62.5,0,0,-1.0,-2.0,125.0,93.75,-1.0,1.0,277.5,-183.75,122.5,122.5
225,2019-06-04,07:35:52,154.21875,154.28125,154.21875,154.28125,288,44422.90625,154.24620225694446,0.0625,0.0004051863912808429,154.32786202490192,154.43463316928754,-0.1067711443856183,1.0000000000000013,0.0021484375,0.8677685950413228,-0.5516180692881075,0.002148437499999997,-1,225,-0.14351038405000888,-0.8012645511824202,0.04635124054434786,-23.0352290751446,0.0,-20.0,-2.034757136339064,-0.4674205891246751,-3.0,-0.9698397836245094,-0.16857523244208916,-2.0,1.0,-1.0,0.0,22.0,0.0,0,0,-2.0,-1.0,-62.5,31.25,-1.0,1.0,280.0,-248.75,-65.0,122.5
226,2019-06-04,07:44:27,154.28125,154.3125,154.25,154.28125,288,44438.40625,154.30002170138889,0.0,0.0,154.31750379714595,154.42990976768294,-0.1124059705369973,1.0000000000000013,0.00244140625,-1.2000000000000004,0.0,0.0024414062499999965,0,226,-0.5134277505515301,-0.9698397836245094,0.049410588440130895,-22.749368927916276,0.0,-20.0,-2.034757136339064,-0.4674205891246751,-3.0,-0.9681479981120945,0.0016917855124148895,-3.0,1.0,-2.0,0.0,22.0,0.0,0,0,-3.0,-2.0,-0.0,31.25,0.0,1.0,282.5,-251.25,-2.5,-2.5
227,2019-06-04,07:48:14,154.28125,154.3125,154.25,154.3125,288,44433.0,154.28125,0.03125,0.00020253164626193865,154.31639184222465,154.4262942516082,-0.109902409383551,1.0000000000000004,0.00244140625,-1.1999999999999993,0.0,0.0024414062499999987,-1,227,-0.8616284352859993,-0.9681479981120945,0.049410588440130916,-22.242683775506116,0.0,-20.0,-2.034757136339064,-0.4674205891246751,-3.0,-0.7570116458321027,0.21113635227999183,-3.0,1.0,-3.0,0.0,22.0,31.25,0,0,-3.0,-3.0,-93.75,-62.5,0.0,0.0,282.5,-345.0,-93.75,-2.5
228,2019-06-04,08:00:37,154.28125,154.28125,154.21875,154.28125,288,44426.03125,154.25705295138889,-0.03125,-0.00020253164626193865,154.3085825439525,154.42182786992572,-0.11324532597322445,1.0000000000000007,0.0048828125,0.1999999999999993,0.0,0.0048828124999999965,0,228,-0.9973126173767396,-0.7570116458321027,0.0698771242968684,-16.20635180865616,0.0,-16.20635180865616,-1.5970554454710866,-0.4674205891246751,-2.0,-0.3883972155900821,0.36861443024202056,3.0,1.0,-3.0,0.0,22.0,0.0,0,0,3.0,-3.0,93.75,31.25,1.0,6.0,297.5,-266.25,78.75,78.75
229,2019-06-04,08:08:40,154.28125,154.375,154.28125,154.375,288,44450.5625,154.34223090277777,0.09375,0.000607471923105507,154.3233419786297,154.42038592294875,-0.09704394431904007,1.0000000000000004,0.006640624999999999,-1.4878892733564004,0.541387050951085,0.0066406249999999955,-1,229,-0.9262315841088118,-0.3883972155900821,0.08149003006503308,-11.908689227577188,0.0,-11.908689227577188,-1.1012018281508276,-0.4674205891246751,-2.0,-0.0635739585653528,0.3248232570247293,2.0,-1.0,3.0,1.0,23.0,93.75,0,0,2.0,3.0,281.25,312.5,0.0,1.0,300.0,12.5,278.75,278.75
230,2019-06-04,08:18:18,154.375,154.375,154.28125,154.28125,287,44293.25,154.33188153310104,-0.09375,-0.000607471923105507,154.3139882056009,154.4161016803305,-0.10211347472960597,1.000000000000001,0.006054687500000001,2.814776274713836,1.6712144101358444,0.006054687499999994,0,230,-0.7506299732258754,-0.0635739585653528,0.07781187248742955,-13.123122663074627,0.0,-13.123122663074627,-1.2413201367954514,-0.4674205891246751,-2.0,0.46518149235831613,0.5287554509236689,2.0,-1.0,2.0,0.0,23.0,0.0,0,0,2.0,2.0,-187.5,125.0,0.0,0.0,300.0,-175.0,-187.5,278.75
231,2019-06-04,08:30:00,154.28125,154.28125,154.1875,154.1875,288,44416.40625,154.2236328125,-0.09375,-0.0006078411695611408,154.2858797154674,154.40906278658102,-0.1231830711136297,1.0000000000000009,0.00634765625,0.5798816568047324,1.2068685239272863,0.006347656249999995,0,231,-0.2970087744051385,0.46518149235831613,0.07967217989988723,-15.461240205604572,0.0,-15.461240205604572,-1.5110863223232969,-0.4674205891246751,-2.0,0.8312621421587114,0.3660806498003953,2.0,-1.0,2.0,0.0,23.0,-93.75,0,0,2.0,2.0,-187.5,-62.5,0.0,0.0,300.0,-362.5,-187.5,-187.5
232,2019-06-04,08:41:38,154.1875,154.1875,154.125,154.125,289,44547.375,154.1431660899654,-0.0625,-0.00040543280506710744,154.25012866758576,154.4003163763451,-0.15018770875934706,1.000000000000005,0.0014648437500000002,2.0000000000000013,1.3608276348795443,0.001464843749999993,0,232,0.19472414979533015,0.8312621421587114,0.038273277230987064,-39.2408802238004,0.0,-20.0,-2.034757136339064,-0.4674205891246751,-3.0,0.9128978785307404,0.08163573637202903,2.0,-1.0,2.0,0.0,23.0,-156.25,0,0,2.0,2.0,-125.0,-187.5,-1.0,0.0,300.0,-487.5,-125.0,-125.0
233,2019-06-04,08:55:54,154.125,154.15625,154.09375,154.125,288,44388.09375,154.12532552083334,0.0,0.0,154.22232229701117,154.39183945123577,-0.16951715422459301,1.0000000000000036,0.0017578125000000003,-2.4074074074074034,0.16563466499998453,0.0017578124999999942,0,233,0.3568837602918109,0.9128978785307404,0.04192627457812099,-40.43220055450733,0.0,-20.0,-2.034757136339064,-0.4674205891246751,-3.0,0.9625053611390674,0.049607482608326925,3.0,-1.0,2.0,0.0,23.0,-156.25,0,0,3.0,2.0,0.0,-187.5,0.0,1.0,302.5,-490.0,-2.5,-2.5
234,2019-06-04,09:04:14,154.125,154.15625,154.0625,154.0625,288,44373.96875,154.07628038194446,-0.0625,-0.0004055972474983349,154.18680623100872,154.3816993767908,-0.19489314578208905,1.0000000000000053,0.0009765625,-2.9999999999999964,9.251858538542974e-16,0.0009765624999999949,0,234,0.4887824026355114,0.9625053611390674,0.031249999999999917,-62.36580665026867,0.0,-20.0,-2.034757136339064,-0.4674205891246751,-3.0,0.9087410809117425,-0.05376428022732482,-3.0,-1.0,3.0,0.0,23.0,-218.75,0,0,-3.0,3.0,-187.5,-375.0,0.0,6.0,317.5,-692.5,-202.5,-2.5
235,2019-06-04,09:13:00,154.0625,154.09375,154.03125,154.0625,288,44368.5625,154.05750868055554,0.0,0.0,154.1591826241179,154.37187170193482,-0.21268907781691837,1.000000000000003,0.00126953125,-0.17751479289940755,-0.4047960089109363,0.0012695312499999961,0,235,0.3474586587375156,0.9087410809117425,0.03563048203434801,-59.693011621870504,0.0,-20.0,-2.034757136339064,-0.4674205891246751,-3.0,0.7644868977252776,-0.144254183186465,-3.0,-1.0,-3.0,1.0,24.0,0.0,0,0,-3.0,-3.0,-0.0,-375.0,0.0,0.0,317.5,-692.5,-0.0,-0.0
236,2019-06-04,09:21:47,154.0625,154.09375,154.0,154.03125,289,44517.46875,154.03968425605535,-0.03125,-0.00020286033135885617,154.13075315209173,154.36138466773227,-0.23063151564053896,1.0000000000000007,0.00361328125,-0.021913805697588867,0.5901286563843656,0.0036132812499999976,0,236,0.08474507313644543,0.7644868977252776,0.060110575192722934,-38.36787701683139,0.0,-20.0,-2.034757136339064,-0.4674205891246751,-3.0,0.6171378843188289,-0.14734901340644868,-3.0,-1.0,-3.0,0.0,24.0,-31.25,0,0,-3.0,-3.0,93.75,-281.25,0.0,0.0,317.5,-598.75,93.75,93.75
237,2019-06-04,09:30:16,154.03125,154.09375,154.03125,154.0625,288,44369.28125,154.06000434027777,0.03125,0.00020286033135885617,154.11558578496025,154.3521828020493,-0.23659701708905345,1.0000000000000004,0.0021484374999999997,0.8677685950413286,0.5516180692881066,0.002148437499999999,-1,237,-0.12000814167514978,0.6171378843188289,0.04635124054434788,-51.044376441809035,0.0,-20.0,-2.034757136339064,-0.4674205891246751,-3.0,0.5817473032906577,-0.035390581028171164,-3.0,-1.0,-3.0,0.0,24.0,0.0,0,0,-3.0,-3.0,-93.75,-375.0,0.0,0.0,317.5,-692.5,-93.75,93.75
238,2019-06-04,09:38:01,154.0625,154.15625,154.0625,154.15625,288,44386.78125,154.12076822916666,0.09375,0.000608334197002236,154.12462227719132,154.34615066035136,-0.22152838316003454,1.0000000000000002,0.001953125,2.0000000000000013,-6.542051911182396e-16,0.0019531249999999993,-1,238,-0.1637816831630088,0.5817473032906577,0.044194173824159216,-50.126151026480706,0.0,-20.0,-2.034757136339064,-0.4674205891246751,-3.0,0.6472328658273591,0.06548556253670135,3.0,-1.0,-3.0,0.0,24.0,93.75,0,0,3.0,-3.0,-281.25,-656.25,0.0,6.0,332.5,-988.75,-296.25,-93.75
239,2019-06-04,09:50:42,154.15625,154.21875,154.125,154.1875,288,44402.34375,154.1748046875,0.03125,0.00020269585556320635,154.13859510448216,154.34126640181282,-0.20267129733065303,1.0000000000000002,0.001953125,2.0000000000000013,-6.542051911182396e-16,0.0019531249999999993,-1,239,-0.08135933710348138,0.6472328658273591,0.044194173824159216,-45.85927958220154,0.0,-20.0,-2.034757136339064,-0.4674205891246751,-3.0,0.8112720641682194,0.16403919834086034,3.0,-1.0,3.0,1.0,25.0,31.25,0,0,3.0,3.0,93.75,-562.5,0.0,0.0,332.5,-895.0,93.75,93.75
240,2019-06-04,10:07:36,154.1875,154.25,154.15625,154.21875,288,44410.8125,154.20421006944446,0.03125,0.00020265477828029788,154.15640730348613,154.33749464569462,-0.18108734220848532,1.0000000000000002,0.001953125,2.0000000000000013,-6.542051911182396e-16,0.0019531249999999993,-1,240,0.1602326852566757,0.8112720641682194,0.044194173824159216,-40.97538805205404,0.0,-20.0,-2.034757136339064,-0.4674205891246751,-3.0,0.9505437586715937,0.1392716945033743,3.0,-1.0,3.0,0.0,25.0,62.5,0,0,3.0,3.0,93.75,-468.75,0.0,0.0,332.5,-801.25,93.75,93.75
241,2019-06-04,10:17:43,154.21875,154.21875,154.15625,154.1875,288,44406.0625,154.18771701388889,-0.03125,-0.00020265477828029788,154.16331679160035,154.33287702810622,-0.16956023650587326,1.0000000000000029,0.00078125,0.3125000000000024,-1.2577882373436315,0.0007812499999999979,0,241,0.45251517028079774,0.9505437586715937,0.027950849718747332,-60.66371441729193,0.0,-20.0,-2.034757136339064,-0.4674205891246751,-3.0,0.999942640194909,0.049398881523315286,3.0,-1.0,3.0,0.0,25.0,31.25,0,0,3.0,3.0,-93.75,-562.5,0.0,0.0,332.5,-895.0,-93.75,93.75
242,2019-06-04,10:28:51,154.1875,154.25,154.1875,154.21875,288,44416.5625,154.22417534722223,0.03125,0.00020265477828029788,154.17563528235584,154.32936365904044,-0.15372837668459738,1.0000000000000036,0.00068359375,-0.612244897959183,-0.5122408325718831,0.0006835937499999975,-1,242,0.7146397386970976,0.999942640194909,0.026145625829189813,-58.796977241588955,0.0,-20.0,-2.034757136339064,-0.4674205891246751,-3.0,0.9411600927726135,-0.058782547422295495,-3.0,-1.0,3.0,0.0,25.0,62.5,0,0,-3.0,3.0,93.75,-468.75,0.0,6.0,347.5,-816.25,78.75,78.75
243,2019-06-04,10:44:11,154.21875,154.25,154.1875,154.21875,288,44414.875,154.21831597222223,0.0,0.0,154.1852163307212,154.32595850082885,-0.140742170107643,1.0000000000000018,0.00126953125,-0.17751479289940755,0.4047960089109363,0.0012695312499999979,0,243,0.9044752428588347,0.9411600927726135,0.03563048203434803,-39.50049566322639,0.0,-20.0,-2.034757136339064,-0.4674205891246751,-3.0,0.776077826731356,-0.16508226604125753,-3.0,-1.0,-3.0,1.0,26.0,0.0,0,0,-3.0,-3.0,-0.0,-468.75,0.0,0.0,347.5,-816.25,-0.0,78.75
244,2019-06-04,11:07:41,154.21875,154.25,154.1875,154.21875,288,44417.8125,154.228515625,0.0,0.0,154.1926682572276,154.32265821740714,-0.1299899601795289,1.000000000000001,0.0021484375,0.8677685950413228,-0.5516180692881075,0.0021484374999999976,0,244,0.994697694699977,0.776077826731356,0.04635124054434787,-28.04454824788504,0.0,-20.0,-2.034757136339064,-0.4674205891246751,-3.0,0.5025192317081908,-0.27355859502316515,3.0,-1.0,-3.0,0.0,26.0,0.0,0,0,3.0,-3.0,-0.0,-468.75,0.0,6.0,362.5,-831.25,-15.0,-0.0
245,2019-06-04,11:20:03,154.21875,154.28125,154.1875,154.28125,288,44418.625,154.23133680555554,0.0625,0.0004051863912808429,154.2123530889548,154.321383534304,-0.10903044534919104,1.000000000000001,0.0021484375,0.8677685950413228,-0.5516180692881075,0.0021484374999999976,-1,245,0.9666752596411322,0.5025192317081908,0.04635124054434787,-23.522659602793816,0.0,-20.0,-2.034757136339064,-0.4674205891246751,-3.0,0.13191224059203288,-0.3706069911161579,-3.0,1.0,3.0,1.0,27.0,62.5,0,0,-3.0,3.0,187.5,-281.25,0.0,6.0,377.5,-658.75,172.5,172.5
246,2019-06-04,11:24:26,154.28125,154.3125,154.21875,154.21875,288,44428.875,154.26692708333334,-0.0625,-0.0004051863912808429,154.21377462474263,154.31822417621558,-0.10444955147295332,1.0000000000000007,0.00751953125,0.12987012987012747,-0.9266785330582887,0.007519531249999996,0,246,0.7942036968751576,0.13191224059203288,0.08671523078444753,-12.045121777117666,0.0,-12.045121777117666,-1.1169430763138901,-0.4674205891246751,-2.0,-0.2875242996203991,-0.419436540212432,-3.0,1.0,-3.0,1.0,28.0,-62.5,0,0,-3.0,-3.0,187.5,-93.75,1.0,0.0,377.5,-471.25,187.5,187.5
247,2019-06-04,11:33:15,154.21875,154.25,154.21875,154.25,288,44420.75,154.23871527777777,0.03125,0.00020261371764185299,154.22182470813317,154.31612406675754,-0.09429935862436878,1.0000000000000007,0.00732421875,-0.13333333333333167,-0.6085806194501847,0.007324218749999996,-1,247,0.47393764386659487,-0.2875242996203991,0.08558164961018218,-11.018642320391708,0.0,-11.018642320391708,-0.9985104301672688,-0.4674205891246751,-1.0,-0.687151891150342,-0.3996275915299429,-2.0,1.0,-3.0,0.0,28.0,-31.25,0,0,-2.0,-3.0,-93.75,-187.5,1.0,1.0,380.0,-567.5,-96.25,187.5
248,2019-06-04,11:45:31,154.25,154.28125,154.09375,154.09375,288,44411.0625,154.205078125,-0.15625,-0.0010134793610978576,154.19336366188136,154.30927893181445,-0.11591526993308321,1.000000000000001,0.005175781250000001,1.128515485938049,-1.0326585393989962,0.0051757812499999955,0,248,0.027833061425629527,-0.687151891150342,0.07194290270763333,-16.11212024682239,0.0,-16.11212024682239,-1.586183242286331,-0.4674205891246751,-2.0,-0.9431390820435769,-0.25598719089323485,-1.0,1.0,-2.0,0.0,28.0,-187.5,0,0,-1.0,-2.0,312.5,125.0,-1.0,1.0,382.5,-257.5,310.0,310.0
249,2019-06-04,11:50:02,154.09375,154.09375,154.0,154.0625,289,44521.40625,154.05330882352942,-0.03125,-0.0002028191873897356,154.16428284812997,154.30168266207252,-0.13739981394255096,1.000000000000001,0.005175781250000001,1.128515485938049,-1.0326585393989962,0.0051757812499999955,0,249,-0.43185890377300923,-0.9431390820435769,0.07194290270763333,-19.09845290798539,0.0,-19.09845290798539,-1.9307388756389017,-0.4674205891246751,-2.0,-0.9940443209641627,-0.05090523892058585,-2.0,1.0,-1.0,0.0,28.0,-218.75,0,0,-2.0,-1.0,31.25,156.25,0.0,1.0,385.0,-228.75,28.75,310.0
250,2019-06-04,11:54:53,154.0625,154.09375,154.03125,154.0625,288,44366.125,154.04904513888889,0.0,0.0,154.14166443743443,154.2943203099083,-0.15265587247387202,1.0000000000000013,0.00361328125,2.6077428780131497,-1.5174736878455117,0.003613281249999995,0,250,-0.7799535360560778,-0.9940443209641627,0.06011057519272291,-25.395842908579056,0.0,-20.0,-2.034757136339064,-0.4674205891246751,-3.0,-0.8630588653686274,0.13098545559553532,-2.0,1.0,-2.0,0.0,28.0,-218.75,0,0,-2.0,-2.0,-0.0,156.25,-1.0,0.0,385.0,-228.75,-0.0,28.75
251,2019-06-04,12:01:13,154.0625,154.09375,154.0,154.0,288,44368.125,154.05598958333334,-0.0625,-0.0004057618233801463,154.1101834513379,154.28526085881958,-0.17507740748169454,1.0000000000000062,0.0006835937500000001,-0.6122448979591925,0.5122408325718826,0.0006835937499999958,0,251,-0.9674367807595153,-0.8630588653686274,0.02614562582918978,-66.96240840646955,0.0,-20.0,-2.034757136339064,-0.4674205891246751,-3.0,-0.6050135535843396,0.2580453117842878,3.0,1.0,-2.0,0.0,28.0,-281.25,0,0,3.0,-2.0,125.0,281.25,0.0,5.0,397.5,-116.25,112.5,112.5
252,2019-06-04,12:05:19,154.0,154.0,153.9375,153.96875,289,44498.96875,153.97567041522493,-0.03125,-0.00020294266939302474,154.07875379548503,154.2755184760513,-0.19676468056627527,1.000000000000004,0.0009765625,-2.9999999999999964,9.251858538542974e-16,0.0009765624999999962,0,252,-0.9908183337902438,-0.6050135535843396,0.031249999999999938,-62.964697781208216,0.0,-20.0,-2.034757136339064,-0.4674205891246751,-3.0,-0.28942591137541235,0.31558764220892727,3.0,-1.0,3.0,1.0,29.0,-31.25,0,0,3.0,3.0,-93.75,187.5,0.0,0.0,397.5,-210.0,-93.75,112.5
253,2019-06-04,12:07:51,153.96875,154.0,153.90625,153.90625,288,44339.09375,153.95518663194446,-0.0625,-0.00040600893777398284,154.0404196187106,154.2641523128819,-0.2237326941713036,1.000000000000004,0.0009765625,-2.9999999999999964,9.251858538542974e-16,0.0009765624999999962,0,253,-0.8814979316999252,-0.28942591137541235,0.031249999999999938,-71.59446213481729,0.0,-20.0,-2.034757136339064,-0.4674205891246751,-3.0,0.01972012363091031,0.30914603500632265,3.0,-1.0,3.0,0.0,29.0,-93.75,0,0,3.0,3.0,-187.5,0.0,0.0,0.0,397.5,-397.5,-187.5,-93.75
254,2019-06-04,12:10:02,153.90625,153.9375,153.875,153.90625,289,44478.78125,153.90581747404843,0.0,0.0,154.01060414788603,154.25313612366796,-0.24253197578192953,1.000000000000004,0.0009765625,-2.9999999999999964,9.251858538542974e-16,0.0009765624999999962,0,254,-0.693025043670925,0.01972012363091031,0.031249999999999938,-77.6102322502176,0.0,-20.0,-2.034757136339064,-0.4674205891246751,-3.0,0.27193781372197096,0.25221769009106065,3.0,-1.0,3.0,0.0,29.0,-93.75,0,0,3.0,3.0,0.0,0.0,0.0,0.0,397.5,-397.5,0.0,0.0
255,2019-06-04,12:15:33,153.90625,153.9375,153.90625,153.90625,288,44327.09375,153.91351996527777,0.0,0.0,153.9874143372447,154.24245912507558,-0.255044787830883,1.0000000000000029,0.001171875,-3.3333333333333304,-0.6085806194501845,0.0011718749999999965,0,255,-0.4881702673717874,0.27193781372197096,0.03423265984407283,-74.50335118351676,0.0,-20.0,-2.034757136339064,-0.4674205891246751,-3.0,0.35982504118754244,0.08788722746557148,3.0,-1.0,3.0,0.0,29.0,-93.75,0,0,3.0,3.0,0.0,0.0,0.0,0.0,397.5,-397.5,0.0,0.0
256,2019-06-04,12:16:58,153.90625,153.90625,153.84375,153.84375,289,44471.875,153.88192041522493,-0.0625,-0.0004061738479883559,153.95548892896812,154.23018716447973,-0.27469823551160744,1.0000000000000022,0.001171875,2.9166666666666665,-1.2932338163316421,0.0011718749999999976,0,256,-0.40530989807091294,0.35982504118754244,0.034232659844072845,-80.24449071817293,0.0,-20.0,-2.034757136339064,-0.4674205891246751,-3.0,0.5236516610451375,0.16382661985759506,3.0,-1.0,3.0,0.0,29.0,-156.25,0,0,3.0,3.0,-187.5,-187.5,0.0,0.0,397.5,-585.0,-187.5,0.0
257,2019-06-04,12:20:00,153.84375,153.875,153.8125,153.84375,289,44458.78125,153.83661332179932,0.0,0.0,153.9306580558641,154.218293044358,-0.2876349884939202,1.0000000000000016,0.00146484375,2.0000000000000013,-1.3608276348795436,0.0014648437499999978,0,257,-0.23212958798980868,0.5236516610451375,0.03827327723098713,-75.15295509135099,0.0,-20.0,-2.034757136339064,-0.4674205891246751,-3.0,0.6508097480801103,0.12715808703497278,3.0,-1.0,3.0,0.0,29.0,-156.25,0,0,3.0,3.0,0.0,-187.5,0.0,0.0,397.5,-585.0,0.0,0.0
258,2019-06-04,12:22:47,153.84375,153.875,153.8125,153.875,288,44307.5,153.84548611111111,0.03125,0.00020310754614349946,153.91828959900542,154.20772695625087,-0.28943735724544695,1.0000000000000009,0.0016601562499999997,2.6643598615916986,-1.7143923280117699,0.0016601562499999982,-1,258,-0.07667236908667403,0.6508097480801103,0.040745015032516534,-71.03626223096535,0.0,-20.0,-2.034757136339064,-0.4674205891246751,-3.0,0.7621863732875587,0.1113766252074484,3.0,-1.0,3.0,0.0,29.0,-125.0,0,0,3.0,3.0,93.75,-93.75,0.0,0.0,397.5,-491.25,93.75,93.75
259,2019-06-04,12:28:32,153.875,153.9375,153.875,153.90625,289,44476.03125,153.8963019031142,0.03125,0.0002030663018448564,153.91561413255977,154.19844799704143,-0.2828338644816597,1.0000000000000033,0.00029296875,-3.333333333333344,-0.6085806194501838,0.00029296874999999896,-1,259,0.08119616598359575,0.7621863732875587,0.017116329922036412,-165.2421201098288,0.0,-20.0,-2.034757136339064,-0.4674205891246751,-3.0,0.8161616554918478,0.053975282204289154,3.0,-1.0,3.0,0.0,29.0,-93.75,0,0,3.0,3.0,93.75,0.0,0.0,0.0,397.5,-397.5,93.75,93.75
260,2019-06-04,12:33:06,153.90625,153.96875,153.90625,153.9375,289,44488.3125,153.93879757785467,0.03125,0.00020302507429459382,153.9204776586576,154.1904165249094,-0.2699388662518061,1.0000000000000002,0.001171875,2.916666666666662,1.2932338163316435,0.001171875,-1,260,0.16853043115282887,0.8161616554918478,0.03423265984407288,-78.85418996985824,0.0,-20.0,-2.034757136339064,-0.4674205891246751,-3.0,0.8627381287026857,0.04657647321083791,3.0,-1.0,3.0,0.0,29.0,-62.5,0,0,3.0,3.0,93.75,93.75,0.0,0.0,397.5,-303.75,93.75,93.75
261,2019-06-04,12:40:24,153.9375,153.96875,153.875,153.9375,288,44332.3125,153.931640625,0.0,0.0,153.92426040117815,154.1826323145779,-0.25837191339974197,1.0000000000000002,0.0021484374999999997,0.8677685950413286,0.5516180692881066,0.0021484374999999993,0,261,0.25249873893303115,0.8627381287026857,0.04635124054434789,-55.74217871311064,0.0,-20.0,-2.034757136339064,-0.4674205891246751,-3.0,0.9396065022149808,0.07686837351229503,3.0,-1.0,3.0,0.0,29.0,-62.5,0,0,3.0,3.0,0.0,93.75,0.0,0.0,397.5,-303.75,0.0,93.75
262,2019-06-04,12:49:39,153.9375,154.03125,153.9375,154.03125,289,44498.875,153.97534602076124,0.09375,0.0006088280248937039,153.948035867583,154.17797314215778,-0.2299372745747803,1.0000000000000004,0.002734375,0.5357142857142883,1.0885117692152515,0.0027343749999999985,-1,262,0.42239012450048324,0.9396065022149808,0.05229125165837971,-43.972417427864855,0.0,-20.0,-2.034757136339064,-0.4674205891246751,-3.0,0.9702965127759884,0.03069001056100762,3.0,-1.0,3.0,0.0,29.0,31.25,0,0,3.0,3.0,281.25,375.0,0.0,0.0,397.5,-22.5,281.25,281.25
263,2019-06-04,12:55:02,154.03125,154.03125,153.96875,154.0,288,44351.96875,153.99989149305554,-0.03125,-0.00020290149202129015,153.95958345256457,154.17249561538586,-0.2129121628212829,1.0000000000000002,0.01025390625,2.0,-0.7347778569623423,0.010253906249999997,0,263,0.515040861618592,0.9702965127759884,0.1012615734126228,-21.02595838143892,0.0,-20.0,-2.034757136339064,-0.4674205891246751,-3.0,0.9889164734518736,0.018619960675885228,3.0,-1.0,3.0,0.0,29.0,0.0,0,0,3.0,3.0,-93.75,281.25,0.0,0.0,397.5,-116.25,-93.75,281.25
264,2019-06-04,12:59:59,154.0,154.0625,153.96875,153.96875,288,44355.15625,154.01095920138889,-0.03125,-0.00020294266939302474,153.9616204631058,154.1662249327325,-0.20460446962670176,1.0000000000000002,0.01025390625,2.0,-0.7347778569623423,0.010253906249999997,0,264,0.5942833345116311,0.9889164734518736,0.1012615734126228,-20.20553925159499,0.0,-20.0,-2.034757136339064,-0.4674205891246751,-3.0,0.9950412719320284,0.006124798480154792,3.0,-1.0,3.0,0.0,29.0,-31.25,0,0,3.0,3.0,-93.75,187.5,0.0,0.0,397.5,-210.0,-93.75,-93.75
265,2019-06-04,13:02:14,153.96875,153.96875,153.78125,153.78125,289,44470.5,153.87716262975778,-0.1875,-0.001218521677984974,153.9215381379712,154.1543766442317,-0.2328385062604923,1.0000000000000007,0.005566406249999999,4.422899353647279,-2.0428313421945847,0.005566406249999995,0,265,0.6332695445853144,0.9950412719320284,0.07460835241445823,-31.208101871362448,0.0,-20.0,-2.034757136339064,-0.4674205891246751,-3.0,0.9999945996837553,0.004953327751726855,3.0,-1.0,3.0,0.0,29.0,-218.75,0,0,3.0,3.0,-562.5,-375.0,0.0,0.0,397.5,-772.5,-562.5,-93.75
266,2019-06-04,13:04:28,153.78125,153.8125,153.75,153.78125,289,44443.0625,153.782223183391,0.0,0.0,153.89036299619985,154.1428930945727,-0.25253009837285845,1.0000000000000007,0.006152343749999999,4.225245653817093,-2.0173435258077865,0.0061523437499999955,0,266,0.7094268175006679,0.9999945996837553,0.07843687748756956,-32.19532781794873,0.0,-20.0,-2.034757136339064,-0.4674205891246751,-3.0,0.9997507036775213,-0.000243896006233979,-3.0,-1.0,3.0,0.0,29.0,-218.75,0,0,-3.0,3.0,0.0,-375.0,0.0,6.0,412.5,-787.5,-15.0,-15.0
267,2019-06-04,13:06:26,153.78125,153.8125,153.71875,153.75,289,44438.8125,153.76751730103805,-0.03125,-0.0002032313796238583,153.85917121926656,154.1308012902931,-0.27163007102655,1.0000000000000007,0.00751953125,3.772980266486762,-1.8814382337850113,0.007519531249999996,0,267,0.6911423657561653,0.9997507036775213,0.08671523078444753,-31.324378493756736,0.0,-20.0,-2.034757136339064,-0.4674205891246751,-3.0,0.999911604902382,0.0001609012248606767,3.0,-1.0,-3.0,1.0,30.0,-31.25,0,0,3.0,-3.0,93.75,-281.25,0.0,6.0,427.5,-708.75,78.75,78.75
268,2019-06-04,13:10:26,153.75,153.78125,153.71875,153.75,289,44431.40625,153.7418901384083,0.0,0.0,153.83491094831845,154.11908171037513,-0.28417076205667513,1.0000000000000007,0.0022460937500000003,1.455576559546311,1.1180799331493774,0.002246093749999999,0,268,0.7164459353507974,0.999911604902382,0.04739297152532218,-59.96052851525505,0.0,-20.0,-2.034757136339064,-0.4674205891246751,-3.0,0.9999909718257833,7.936692340138052e-05,3.0,-1.0,3.0,1.0,31.0,0.0,0,0,3.0,3.0,0.0,-281.25,0.0,0.0,427.5,-708.75,0.0,78.75
269,2019-06-04,13:16:07,153.75,153.78125,153.71875,153.78125,288,44276.75,153.73871527777777,0.03125,0.0002032313796238583,153.8229862931366,154.10868463815163,-0.285698345015021,1.0000000000000004,0.002734375,0.5357142857142883,1.0885117692152515,0.0027343749999999985,-1,269,0.704095712051494,0.9999909718257833,0.05229125165837971,-54.63597369623063,0.0,-20.0,-2.034757136339064,-0.4674205891246751,-3.0,0.985755523207591,-0.01423544861819237,-3.0,-1.0,3.0,0.0,31.0,31.25,0,0,-3.0,3.0,93.75,-187.5,0.0,6.0,442.5,-630.0,78.75,78.75
270,2019-06-04,13:21:50,153.78125,153.875,153.78125,153.875,289,44459.59375,153.83942474048442,0.09375,0.0006094464383661347,153.8345448946618,154.10149283287828,-0.2669479382164752,1.0000000000000002,0.0021484374999999997,0.8677685950413286,0.5516180692881066,0.0021484374999999993,-1,270,0.5781099674694222,0.985755523207591,0.04635124054434789,-57.59240423372597,0.0,-20.0,-2.034757136339064,-0.4674205891246751,-3.0,0.8970246838205552,-0.08873083938703574,-3.0,-1.0,-3.0,1.0,32.0,93.75,0,0,-3.0,-3.0,-281.25,-468.75,0.0,0.0,442.5,-911.25,-281.25,78.75
271,2019-06-04,13:25:23,153.875,153.875,153.84375,153.84375,289,44464.4375,153.85618512110727,-0.03125,-0.00020310754614349946,153.83659047362585,154.09356067134652,-0.2569701977206762,1.0000000000000007,0.0027343750000000003,-0.6122448979591854,0.5122408325718829,0.002734374999999999,0,271,0.3217648647266974,0.8970246838205552,0.05229125165837971,-49.14210112993089,0.0,-20.0,-2.034757136339064,-0.4674205891246751,-3.0,0.5209057576877952,-0.37611892613276,-3.0,-1.0,-3.0,0.0,32.0,62.5,0,0,-3.0,-3.0,93.75,-375.0,0.0,0.0,442.5,-817.5,93.75,93.75
272,2019-06-04,13:30:31,153.84375,153.9375,153.84375,153.875,288,44316.9375,153.87825520833334,0.03125,0.00020310754614349946,153.84512592393122,154.0868344020574,-0.2417084781261849,1.0000000000000004,0.002734375,0.5357142857142883,1.0885117692152515,0.0027343749999999985,-1,272,-0.2352603912297297,0.5209057576877952,0.05229125165837971,-46.22350210801484,0.0,-20.0,-2.034757136339064,-0.4674205891246751,-3.0,0.48825893738709836,-0.03264682030069688,-3.0,-1.0,-3.0,0.0,32.0,93.75,0,0,-3.0,-3.0,-93.75,-468.75,0.0,0.0,442.5,-911.25,-93.75,93.75
273,2019-06-04,13:35:57,153.875,153.9375,153.8125,153.84375,289,44467.71875,153.86753892733563,-0.03125,-0.00020310754614349946,153.84482016305762,154.07935345307538,-0.23453329001776524,1.0000000000000009,0.0016601562499999997,-1.4878892733564004,0.5413870509510851,0.0016601562499999982,0,273,-0.27184003970261994,0.48825893738709836,0.040745015032516534,-57.5612230921,0.0,-20.0,-2.034757136339064,-0.4674205891246751,-3.0,0.507053961450477,0.01879502406337863,3.0,-1.0,-3.0,0.0,32.0,62.5,0,0,3.0,-3.0,93.75,-375.0,0.0,6.0,457.5,-832.5,78.75,78.75
274,2019-06-04,13:38:16,153.84375,153.9375,153.84375,153.84375,289,44477.0625,153.89987024221455,0.0,0.0,153.84458234904483,154.07210277373565,-0.22752042469082312,1.000000000000001,0.00126953125,-0.17751479289940755,0.4047960089109363,0.0012695312499999985,0,274,-0.25092415981584454,0.507053961450477,0.03563048203434804,-63.85555616999281,0.0,-20.0,-2.034757136339064,-0.4674205891246751,-3.0,0.7424654334535665,0.23541147200308954,3.0,-1.0,3.0,1.0,33.0,0.0,0,0,3.0,3.0,0.0,-375.0,0.0,0.0,457.5,-832.5,0.0,78.75
275,2019-06-04,13:43:09,153.84375,153.9375,153.84375,153.90625,288,44321.59375,153.89442274305554,0.0625,0.0004061738479883559,153.85828627147933,154.0669986956207,-0.2087124241413676,1.0,0.0026367187499999997,-1.6872427983539058,0.5184205276797867,0.0026367187499999993,-1,275,0.05132255637119674,0.7424654334535665,0.05134898976610932,-40.64586763868901,0.0,-20.0,-2.034757136339064,-0.4674205891246751,-3.0,0.9765956367688712,0.23413020331530465,3.0,-1.0,3.0,0.0,33.0,62.5,0,0,3.0,3.0,187.5,-187.5,0.0,0.0,457.5,-645.0,187.5,187.5
276,2019-06-04,13:48:35,153.90625,153.90625,153.84375,153.90625,289,44470.3125,153.87651384083046,0.0,0.0,153.86894487781726,154.06205172156547,-0.19310684374821108,0.9999999999999997,0.0060546875,0.31737773152966514,0.9198156830980223,0.006054687500000002,0,276,0.5384703132286438,0.9765956367688712,0.07781187248742959,-24.817143910706847,0.0,-20.0,-2.034757136339064,-0.4674205891246751,-3.0,0.9219345803331156,-0.054661056435755584,-3.0,-1.0,3.0,0.0,33.0,62.5,0,0,-3.0,3.0,0.0,-187.5,0.0,6.0,472.5,-660.0,-15.0,187.5
277,2019-06-04,13:55:12,153.90625,154.0,153.875,154.0,289,44484.28125,153.92484861591694,0.09375,0.0006089516071670076,153.89806823830233,154.06014211593808,-0.16207387763574843,0.9999999999999991,0.004687499999999999,1.7447916666666938,0.8463074239229125,0.004687500000000002,-1,277,0.9258009083595892,0.9219345803331156,0.06846531968814579,-23.67240500358172,0.0,-20.0,-2.034757136339064,-0.4674205891246751,-3.0,0.684734120585832,-0.23720045974728354,3.0,-1.0,-3.0,1.0,34.0,93.75,0,0,3.0,-3.0,-281.25,-468.75,0.0,6.0,487.5,-956.25,-296.25,-15.0
278,2019-06-04,13:55:53,154.0,154.21875,154.0,154.1875,288,44388.09375,154.12532552083334,0.1875,0.0012167918759455887,153.9623864075685,154.06406146038773,-0.10167505281924605,1.0,0.0134765625,0.5891619407687448,-0.47596081196446494,0.013476562499999999,-1,278,0.9995145867703358,0.684734120585832,0.11608859763129194,-8.75840133259042,0.0,-8.75840133259042,-0.7377294477907025,-0.4674205891246751,-1.0,0.23482224972402643,-0.4499118708618056,-3.0,1.0,3.0,1.0,35.0,187.5,0,0,-3.0,3.0,562.5,93.75,2.0,6.0,502.5,-408.75,547.5,547.5
279,2019-06-04,13:56:27,154.1875,154.25,154.15625,154.25,288,44411.21875,154.20562065972223,0.0625,0.00040526849592215086,154.02630053921996,154.0697835523067,-0.043483013086728306,1.0000000000000002,0.015625,-1.417968750000001,-0.11718750000000029,0.015624999999999998,-1,279,0.85337929843119,0.23482224972402643,0.12499999999999999,-3.478641046938265,0.0,-3.478641046938265,-0.1285638404788338,-0.4674205891246751,-1.0,-0.06528877280981919,-0.30011102253384564,-1.0,1.0,-3.0,1.0,36.0,62.5,0,0,-1.0,-3.0,-187.5,-93.75,0.0,2.0,507.5,-601.25,-192.5,547.5
280,2019-06-04,13:57:39,154.25,154.25,154.125,154.125,288,44408.90625,154.19759114583334,-0.125,-0.0008107013009892583,154.04823375272665,154.07148278071924,-0.02324902799259121,1.0000000000000002,0.014453125,-0.021913805697588867,0.5901286563843656,0.014453124999999997,0,280,0.6594319726356227,-0.06528877280981919,0.1202211503854459,-1.9338550594509836,0.0,-1.9338550594509836,0.04966972379714718,-0.4674205891246751,-0.0,-0.3495748822245087,-0.2842861094146895,-1.0,1.0,-1.0,0.0,36.0,-62.5,0,0,-1.0,-1.0,125.0,31.25,1.0,0.0,507.5,-476.25,125.0,125.0
281,2019-06-04,13:58:13,154.125,154.15625,154.0625,154.0625,288,44376.90625,154.08648003472223,-0.0625,-0.0004055972474983349,154.05140402989852,154.07120634634563,-0.01980231644711239,1.0000000000000007,0.0056640625,-0.9453032104637344,-0.6013638196305312,0.0056640624999999955,0,281,0.415307532757051,-0.3495748822245087,0.07525996611745182,-2.6311885945056894,0.0,-2.6311885945056894,-0.030786884722544816,-0.4674205891246751,-0.0,-0.5660155347153075,-0.2164406524907988,-0.0,1.0,-1.0,0.0,36.0,-125.0,0,0,-0.0,-1.0,62.5,93.75,0.0,1.0,510.0,-416.25,60.0,125.0
282,2019-06-04,14:00:00,154.0625,154.125,154.03125,154.0625,288,44375.25,154.08072916666666,0.0,0.0,154.0538698010322,154.070938420137,-0.01706861910480484,1.0000000000000016,0.005078125,-2.50739644970414,0.2276977550124023,0.005078124999999993,0,282,0.18270157114647007,-0.5660155347153075,0.07126096406869607,-2.3952270822986015,0.0,-2.3952270822986015,-0.003562232444964508,-0.4674205891246751,-0.0,-0.714478160828284,-0.14846262611297645,-0.0,1.0,-0.0,0.0,36.0,-125.0,0,0,-0.0,-0.0,-0.0,93.75,0.0,0.0,510.0,-416.25,-0.0,60.0
283,2019-06-04,14:02:02,154.03125,154.125,154.03125,154.09375,289,44526.46875,154.07082612456747,0.03125,0.0002028191873897356,154.0627320674695,154.07164041299896,-0.008908345529448525,1.0000000000000013,0.004199218749999999,-1.963223363980531,0.23551393640880577,0.004199218749999994,-1,283,-0.010479617764694171,-0.714478160828284,0.06480137922914908,-1.3747154204769387,0.0,-1.3747154204769387,0.11418186437166777,-0.4674205891246751,-0.0,-0.8003011115985453,-0.08582295077026136,-0.0,1.0,-0.0,0.0,36.0,-93.75,0,0,-0.0,-0.0,-0.0,93.75,0.0,0.0,510.0,-416.25,-0.0,-0.0
284,2019-06-04,14:04:55,154.09375,154.09375,153.96875,153.96875,288,44356.03125,154.01399739583334,-0.125,-0.0008115236801629067,154.04184716358742,154.06847412529245,-0.02662696170503409,1.0000000000000007,0.006542968749999999,-2.4125640454444173,-0.36326900585846333,0.006542968749999995,0,284,-0.14191831353519435,-0.8003011115985453,0.08088861940965487,-3.2918056828468867,0.0,-3.2918056828468867,-0.10700724095984626,-0.4674205891246751,-1.0,-0.9131482136467063,-0.11284710204816095,-0.0,1.0,-0.0,0.0,36.0,-218.75,0,0,-0.0,-0.0,0.0,93.75,-1.0,0.0,510.0,-416.25,0.0,0.0
285,2019-06-04,14:07:12,153.96875,154.0,153.875,153.875,289,44489.28125,153.94214965397924,-0.09375,-0.0006090752396188392,154.00477001612356,154.06252029370302,-0.0577502775794585,1.0000000000000007,0.00712890625,-2.707825107900167,-0.5779903148118288,0.0071289062499999955,0,285,-0.3574569848707746,-0.9131482136467063,0.08443285053816432,-6.839787737991259,0.0,-6.839787737991259,-0.5163645841761717,-0.4674205891246751,-1.0,-0.9686630452666748,-0.05551483161996851,-1.0,1.0,-0.0,0.0,36.0,-312.5,0,0,-1.0,-0.0,0.0,93.75,0.0,1.0,512.5,-418.75,-2.5,0.0
286,2019-06-04,14:12:51,153.875,153.96875,153.84375,153.9375,288,44325.78125,153.90896267361111,0.0625,0.00040609137613945023,153.98982112365167,154.05867302593066,-0.0688519022789933,1.0000000000000009,0.006542968749999999,-2.4125640454444195,0.36326900585846333,0.006542968749999994,-1,286,-0.5093180500832916,-0.9686630452666748,0.08088861940965486,-8.511939353334437,0.0,-8.511939353334437,-0.7092932777470068,-0.4674205891246751,-1.0,-0.9996270217656281,-0.030963976498953327,-1.0,1.0,-1.0,1.0,37.0,62.5,0,0,-1.0,-1.0,-62.5,31.25,0.0,0.0,512.5,-481.25,-62.5,-2.5
287,2019-06-04,14:16:46,153.9375,154.0,153.9375,153.96875,289,44495.3125,153.96301903114187,0.03125,0.00020298386347938902,153.9851386517291,154.05590582234436,-0.07076717061525528,1.000000000000001,0.00419921875,-1.963223363980531,0.23551393640880577,0.0041992187499999955,-1,287,-0.687532202213903,-0.9996270217656281,0.0648013792291491,-10.920627223845049,0.0,-10.920627223845049,-0.9872016921596299,-0.4674205891246751,-1.0,-0.9767981149490557,0.02282890681657246,-1.0,1.0,-1.0,0.0,37.0,93.75,0,0,-1.0,-1.0,-31.25,0.0,0.0,0.0,512.5,-512.5,-31.25,-31.25
288,2019-06-04,14:21:18,153.96875,153.96875,153.84375,153.90625,288,44325.25,153.90711805555554,-0.0625,-0.00040600893777398284,153.96760784023374,154.05130047735688,-0.08369263712313568,1.000000000000001,0.00322265625,-2.2314049586776847,0.5671631517317617,0.003222656249999996,0,288,-0.8421361061131333,-0.9767981149490557,0.05676844413932793,-14.74280974087068,0.0,-14.74280974087068,-1.4281956025400004,-0.4674205891246751,-2.0,-0.8750229987813342,0.1017751161677215,-1.0,1.0,-1.0,0.0,37.0,31.25,0,0,-1.0,-1.0,62.5,62.5,-1.0,0.0,512.5,-450.0,62.5,62.5
289,2019-06-04,14:25:20,153.90625,153.90625,153.8125,153.875,289,44467.625,153.86721453287197,-0.03125,-0.0002030663018448564,153.9470283201818,154.0458752187828,-0.09884689860101048,1.0000000000000033,0.0016601562499999997,2.664359861591688,1.714392328011769,0.0016601562499999945,0,289,-0.9610319000384621,-0.8750229987813342,0.040745015032516485,-24.259875354598815,0.0,-20.0,-2.034757136339064,-0.4674205891246751,-3.0,-0.6734375450538012,0.201585453727533,2.0,1.0,-1.0,0.0,37.0,0.0,0,0,2.0,-1.0,31.25,93.75,-1.0,3.0,520.0,-426.25,23.75,62.5
290,2019-06-04,14:29:51,153.875,153.875,153.78125,153.8125,289,44453.0625,153.81682525951558,-0.0625,-0.0004062563533429042,153.9171331379192,154.03869363645234,-0.12156049853314244,1.0000000000000318,0.00019531249999999963,5.000000000000057,2.2360679774997854,0.00019531249999999345,0,290,-0.9989167869100942,-0.6734375450538012,0.013975424859373451,-86.98161219163985,0.0,-20.0,-2.034757136339064,-0.4674205891246751,-3.0,-0.39332705111527055,0.2801104939385306,3.0,-1.0,2.0,1.0,38.0,-62.5,0,0,3.0,2.0,-125.0,-31.25,0.0,1.0,522.5,-553.75,-127.5,23.75
291,2019-06-04,14:33:43,153.8125,153.84375,153.71875,153.75,288,44284.5625,153.76584201388889,-0.0625,-0.0004064214646470887,153.87999244060384,154.0298097885201,-0.14981734791626877,1.000000000000008,0.0007812500000000005,0.31249999999999406,1.2577882373436315,0.0007812499999999942,0,291,-0.9282372271146541,-0.39332705111527055,0.027950849718747266,-53.60028386392236,0.0,-20.0,-2.034757136339064,-0.4674205891246751,-3.0,0.09777116992372996,0.4910982210390005,3.0,-1.0,3.0,0.0,38.0,-125.0,0,0,3.0,3.0,-187.5,-218.75,0.0,0.0,522.5,-741.25,-187.5,-127.5
292,2019-06-04,14:37:14,153.75,153.78125,153.65625,153.6875,289,44418.84375,153.69842128027682,-0.0625,-0.00040658671021631676,153.8372163426919,154.0192760685525,-0.18205972586059715,1.0000000000000036,0.0019531249999999996,1.9999999999999691,-2.6168207644729593e-15,0.001953124999999993,0,292,-0.6345843201516043,0.09777116992372996,0.04419417382415914,-41.195413355837545,0.0,-20.0,-2.034757136339064,-0.4674205891246751,-3.0,0.35907241206771257,0.2613012421439826,3.0,-1.0,3.0,0.0,38.0,-187.5,0,0,3.0,3.0,-187.5,-406.25,0.0,0.0,522.5,-928.75,-187.5,-187.5
293,2019-06-04,14:42:06,153.6875,153.75,153.65625,153.6875,289,44416.875,153.6916089965398,0.0,0.0,153.80394604431595,154.0090665303752,-0.2051204860592577,1.000000000000001,0.005078125,-0.1775147928994123,0.4047960089109363,0.005078124999999994,0,293,-0.4060470828746312,0.35907241206771257,0.07126096406869609,-28.78441075558844,0.0,-20.0,-2.034757136339064,-0.4674205891246751,-3.0,0.5454674556339446,0.18639504356623204,3.0,-1.0,3.0,0.0,38.0,-187.5,0,0,3.0,3.0,0.0,-406.25,0.0,0.0,522.5,-928.75,0.0,0.0
294,2019-06-04,14:44:53,153.6875,153.6875,153.5625,153.5625,290,44542.75,153.5956896551724,-0.125,-0.000813669695013175,153.7502913678013,153.99532466009128,-0.24503329228997472,1.000000000000001,0.005078125,-0.1775147928994123,0.4047960089109363,0.005078124999999994,0,294,-0.20694508622055177,0.5454674556339446,0.07126096406869609,-34.38534624002011,0.0,-20.0,-2.034757136339064,-0.4674205891246751,-3.0,0.6731139953665125,0.1276465397325679,3.0,-1.0,3.0,0.0,38.0,-312.5,0,0,3.0,3.0,-375.0,-781.25,0.0,0.0,522.5,-1303.75,-375.0,0.0
295,2019-06-04,14:48:54,153.5625,153.625,153.5625,153.625,289,44392.03125,153.60564446366783,0.0625,0.0004069176048009382,153.72244884162325,153.98392896073022,-0.2614801191069773,1.0000000000000009,0.006640624999999999,-1.4878892733564004,0.5413870509510853,0.006640624999999994,-1,295,-0.04696938798130773,0.6731139953665125,0.08149003006503307,-32.08737546155073,0.0,-20.0,-2.034757136339064,-0.4674205891246751,-3.0,0.678009383027929,0.004895387661416506,3.0,-1.0,3.0,0.0,38.0,-250.0,0,0,3.0,3.0,187.5,-593.75,0.0,0.0,522.5,-1116.25,187.5,187.5
296,2019-06-04,14:55:00,153.625,153.625,153.5,153.5625,289,44376.78125,153.55287629757785,-0.0625,-0.0004069176048009382,153.68690465459588,153.9709607086445,-0.28405605404861944,1.0000000000000007,0.007617187499999999,-2.6923076923076947,0.3396955171725508,0.007617187499999994,0,296,-0.040336103328734385,0.678009383027929,0.08727650027355585,-32.54668245842649,0.0,-20.0,-2.034757136339064,-0.4674205891246751,-3.0,0.669762357594167,-0.00824702543376199,-3.0,-1.0,3.0,0.0,38.0,-312.5,0,0,-3.0,3.0,-187.5,-781.25,0.0,6.0,537.5,-1318.75,-202.5,187.5
297,2019-06-04,14:59:52,153.5625,153.5625,153.4375,153.4375,289,44356.375,153.48226643598616,-0.125,-0.0008143322925588947,153.63148139801905,153.9545450519712,-0.323063653952147,1.0000000000000007,0.0056640625,-0.9453032104637344,-0.6013638196305312,0.0056640624999999955,0,297,-0.051486672063214126,0.669762357594167,0.07525996611745182,-42.92636186521384,0.0,-20.0,-2.034757136339064,-0.4674205891246751,-3.0,0.664608061303935,-0.005154296290232008,-3.0,-1.0,-3.0,1.0,39.0,-125.0,0,0,-3.0,-3.0,375.0,-406.25,0.0,0.0,537.5,-943.75,375.0,375.0
298,2019-06-04,15:03:11,153.4375,153.5,153.4375,153.46875,290,44503.21875,153.459375,0.03125,0.00020364525067861905,153.59531886512593,153.93959620472165,-0.3442773395957204,1.0000000000000016,0.00390625,-0.1874999999999988,-0.9374999999999997,0.0039062499999999944,-1,298,-0.05839577662462427,0.664608061303935,0.06249999999999995,-55.0843743353153,0.0,-20.0,-2.034757136339064,-0.4674205891246751,-3.0,0.5960144140880803,-0.0685936472158547,-3.0,-1.0,-3.0,0.0,39.0,-93.75,0,0,-3.0,-3.0,-93.75,-500.0,0.0,0.0,537.5,-1037.5,-93.75,375.0
299,2019-06-04,15:08:43,153.46875,153.5,153.4375,153.46875,289,44352.65625,153.46939878892732,0.0,0.0,153.56719245065352,153.9251074012144,-0.3579149505608825,1.0000000000000013,0.00361328125,2.607742878013152,-1.5174736878455117,0.003613281249999995,0,299,-0.14634233885003908,0.5960144140880803,0.06011057519272291,-59.542759225536784,0.0,-20.0,-2.034757136339064,-0.4674205891246751,-3.0,0.5374374267035378,-0.058576987384542534,-3.0,-1.0,-3.0,0.0,39.0,-93.75,0,0,-3.0,-3.0,-0.0,-500.0,0.0,0.0,537.5,-1037.5,-0.0,-0.0
300,2019-06-04,15:13:25,153.46875,153.46875,153.4375,153.46875,290,44505.5,153.46724137931034,0.0,0.0,153.5453163505083,153.9110644814572,-0.36574813094890146,1.000000000000007,0.00048828125,2.0,0.0,0.00048828124999999653,0,300,-0.21628006648968925,0.5374374267035378,0.022097086912079532,-165.5187095041757,0.0,-20.0,-2.034757136339064,-0.4674205891246751,-3.0,0.5610366494241686,0.023599222720630864,3.0,-1.0,-3.0,0.0,39.0,-93.75,0,0,3.0,-3.0,-0.0,-500.0,0.0,6.0,552.5,-1052.5,-15.0,-0.0
301,2019-06-04,15:19:53,153.46875,153.53125,153.40625,153.4375,289,44352.375,153.46842560553634,-0.03125,-0.00020364525067861905,153.52135716150647,153.8964921064172,-0.37513494491074084,1.000000000000007,0.00048828125,2.0,0.0,0.00048828124999999653,0,301,-0.1886237838601808,0.5610366494241686,0.022097086912079532,-169.76669658011375,0.0,-20.0,-2.034757136339064,-0.4674205891246751,-3.0,0.5147750399034637,-0.046261609520704905,-3.0,-1.0,3.0,1.0,40.0,-31.25,0,0,-3.0,3.0,-93.75,-593.75,0.0,6.0,567.5,-1161.25,-108.75,-15.0
302,2019-06-04,15:28:25,153.4375,153.46875,153.40625,153.4375,290,44501.6875,153.4540948275862,0.0,0.0,153.5027222367273,153.88236818245315,-0.37964594572585497,1.0000000000000044,0.00068359375,-0.612244897959183,-0.5122408325718831,0.0006835937499999969,0,302,-0.24221960697507527,0.5147750399034637,0.026145625829189802,-145.2043826397937,0.0,-20.0,-2.034757136339064,-0.4674205891246751,-3.0,0.47985147770658176,-0.034923562196881974,-3.0,-1.0,-3.0,1.0,41.0,0.0,0,0,-3.0,-3.0,-0.0,-593.75,0.0,0.0,567.5,-1161.25,-0.0,-0.0
303,2019-06-04,15:35:23,153.4375,153.5,153.40625,153.46875,289,44350.03125,153.46031574394465,0.03125,0.00020364525067861905,153.4951728507879,153.8696405171942,-0.3744676664063036,1.0000000000000036,0.00078125,0.3125000000000024,-1.2577882373436315,0.0007812499999999973,-1,303,-0.2810737139827828,0.47985147770658176,0.027950849718747322,-133.97362519363372,0.0,-20.0,-2.034757136339064,-0.4674205891246751,-3.0,0.521906279700868,0.04205480199428624,3.0,-1.0,-3.0,0.0,41.0,31.25,0,0,3.0,-3.0,-93.75,-687.5,0.0,6.0,582.5,-1270.0,-108.75,-0.0
304,2019-06-04,15:47:30,153.46875,153.53125,153.4375,153.5,289,44357.0,153.48442906574394,0.03125,0.0002036037877335417,153.49624555061283,153.85826613826046,-0.3620205876476348,1.0000000000000036,0.00078125,0.3125000000000024,-1.2577882373436315,0.0007812499999999973,-1,304,-0.23412061893686878,0.521906279700868,0.027950849718747322,-129.52042291752537,0.0,-20.0,-2.034757136339064,-0.4674205891246751,-3.0,0.5060258347496354,-0.015880444951232642,-3.0,-1.0,3.0,1.0,42.0,31.25,0,0,-3.0,3.0,93.75,-593.75,0.0,6.0,597.5,-1191.25,78.75,78.75
305,2019-06-04,15:52:05,153.5,153.53125,153.5,153.53125,290,44518.625,153.5125,0.03125,0.0002035623416700716,153.50402431714335,153.8482033962079,-0.3441790790645598,1.0000000000000009,0.001953125,2.0000000000000013,-6.542051911182396e-16,0.0019531249999999987,-1,305,-0.2520782546768015,0.5060258347496354,0.0441941738241592,-77.87883543970919,0.0,-20.0,-2.034757136339064,-0.4674205891246751,-3.0,0.5488417718811609,0.04281593713152554,3.0,-1.0,-3.0,1.0,43.0,31.25,0,0,3.0,-3.0,-93.75,-687.5,0.0,6.0,612.5,-1300.0,-108.75,78.75
306,2019-06-04,16:00:19,153.53125,153.53125,153.4375,153.5,289,44360.15625,153.49535034602076,-0.03125,-0.0002035623416700716,153.50313002444483,153.83748871588384,-0.3343586914390073,1.0000000000000004,0.0021484375,0.867768595041318,-0.5516180692881069,0.0021484374999999993,0,306,-0.20299938717220267,0.5488417718811609,0.04635124054434789,-72.13586681010187,0.0,-20.0,-2.034757136339064,-0.4674205891246751,-3.0,0.5957353744684943,0.04689360258733344,3.0,-1.0,3.0,1.0,44.0,-31.25,0,0,3.0,3.0,-93.75,-781.25,0.0,0.0,612.5,-1393.75,-93.75,-93.75
307,2019-06-04,16:08:20,153.5,153.59375,153.5,153.59375,289,44376.4375,153.55168685121106,0.09375,0.0006105627542885017,153.52326779679044,153.82998856804184,-0.3067207712514062,1.0000000000000002,0.0056640625,-0.9453032104637332,-0.601363819630531,0.005664062499999998,-1,307,-0.14668605220499353,0.5957353744684943,0.07525996611745184,-40.75483780749159,0.0,-20.0,-2.034757136339064,-0.4674205891246751,-3.0,0.6968055008841525,0.10107012641565816,3.0,-1.0,3.0,0.0,44.0,62.5,0,0,3.0,3.0,281.25,-500.0,0.0,0.0,612.5,-1112.5,281.25,281.25
308,2019-06-04,16:18:27,153.59375,153.65625,153.5625,153.65625,289,44394.5625,153.61440311418684,0.0625,0.0004068348306729419,153.5528193975037,153.82464242393476,-0.2718230264310648,1.0000000000000002,0.005566406249999999,-1.1172668513388746,-0.2057527970555698,0.005566406249999998,-1,308,-0.014463606880517666,0.6968055008841525,0.07460835241445825,-36.433323834985075,0.0,-20.0,-2.034757136339064,-0.4674205891246751,-3.0,0.7871370374101686,0.09033153652601611,3.0,-1.0,3.0,0.0,44.0,125.0,0,0,3.0,3.0,187.5,-312.5,0.0,0.0,612.5,-925.0,187.5,281.25
309,2019-06-04,16:24:59,153.65625,153.65625,153.53125,153.5625,290,44544.09375,153.60032327586208,-0.09375,-0.0006103143308147096,153.55497064250287,153.81657600303637,-0.26160536053350825,1.0000000000000004,0.009082031249999999,-2.500867152271937,-0.1621934862691496,0.009082031249999997,0,309,0.12046192565827396,0.7871370374101686,0.09529969176235564,-27.450808674792068,0.0,-20.0,-2.034757136339064,-0.4674205891246751,-3.0,0.8603894620164486,0.07325242460628001,3.0,-1.0,3.0,0.0,44.0,31.25,0,0,3.0,3.0,-281.25,-593.75,0.0,0.0,612.5,-1206.25,-281.25,187.5
310,2019-06-04,16:33:27,153.5625,153.5625,153.5,153.5625,289,44369.28125,153.52692474048442,0.0,0.0,153.5566438330578,153.80875781001154,-0.25211397695375126,1.0000000000000009,0.006152343749999999,-1.216931216931215,0.8284388773693421,0.006152343749999994,0,310,0.24801937373049995,0.8603894620164486,0.07843687748756954,-32.142276060607536,0.0,-20.0,-2.034757136339064,-0.4674205891246751,-3.0,0.8807634689530432,0.020374006936594635,3.0,-1.0,3.0,0.0,44.0,31.25,0,0,3.0,3.0,0.0,-593.75,0.0,0.0,612.5,-1206.25,0.0,0.0
311,2019-06-04,16:46:19,153.5625,153.59375,153.4375,153.4375,289,44361.71875,153.50075692041523,-0.125,-0.0008143322925588947,153.53016742571162,153.79733382735145,-0.26716640163982674,1.0000000000000016,0.004589843749999999,-2.367587143503846,0.5594072218898561,0.004589843749999993,0,311,0.28793884413399196,0.8807634689530432,0.0677483855896212,-39.43509491992318,0.0,-20.0,-2.034757136339064,-0.4674205891246751,-3.0,0.9229422426501789,0.04217877369713563,3.0,-1.0,3.0,0.0,44.0,-93.75,0,0,3.0,3.0,-375.0,-968.75,0.0,0.0,612.5,-1581.25,-375.0,0.0
312,2019-06-04,16:50:58,153.4375,153.4375,153.34375,153.34375,290,44481.28125,153.38372844827586,-0.09375,-0.0006111846986627256,153.48874133110905,153.78337661392376,-0.29463528281470985,1.0000000000000016,0.004199218750000001,-1.963223363980531,-0.23551393640880605,0.004199218749999995,0,312,0.3804261241689191,0.9229422426501789,0.06480137922914908,-45.46744009457385,0.0,-20.0,-2.034757136339064,-0.4674205891246751,-3.0,0.9674575818559038,0.044515339205724924,3.0,-1.0,3.0,0.0,44.0,-187.5,0,0,3.0,3.0,-281.25,-1250.0,0.0,0.0,612.5,-1862.5,-281.25,-281.25
313,2019-06-04,16:58:45,153.34375,153.375,153.3125,153.375,290,44471.3125,153.34935344827585,0.03125,0.0002037697408985295,153.4634654797515,153.77081049204293,-0.30734501229142097,1.0000000000000016,0.00361328125,-0.021913805697588867,0.5901286563843657,0.003613281249999994,-1,313,0.5051742873190955,0.9674575818559038,0.060110575192722907,-51.12994033180183,0.0,-20.0,-2.034757136339064,-0.4674205891246751,-3.0,0.9836017079507497,0.016144126094845945,3.0,-1.0,3.0,0.0,44.0,-156.25,0,0,3.0,3.0,93.75,-1156.25,0.0,0.0,612.5,-1768.75,93.75,93.75
314,2019-06-04,17:06:44,153.375,153.40625,153.34375,153.34375,289,44322.1875,153.3639705882353,-0.03125,-0.0002037697408985295,153.43686203980675,153.75766947227174,-0.32080743246498855,1.0000000000000004,0.009765625,1.0500000000000007,1.1858541225631423,0.009765624999999997,0,314,0.5679816762180985,0.9836017079507497,0.09882117688026183,-32.4634296608003,0.0,-20.0,-2.034757136339064,-0.4674205891246751,-3.0,0.9958567862098484,0.012255078259098662,3.0,-1.0,3.0,0.0,44.0,-187.5,0,0,3.0,3.0,-93.75,-1250.0,0.0,0.0,612.5,-1862.5,-93.75,93.75
315,2019-06-04,17:10:21,153.34375,153.375,153.25,153.28125,290,44458.84375,153.3063577586207,-0.0625,-0.0004076640904395745,153.40228158651638,153.74300965802027,-0.3407280715038894,1.0000000000000004,0.00712890625,2.021017076374554,1.3385038869326558,0.007128906249999997,0,315,0.6398759926950577,0.9958567862098484,0.08443285053816434,-40.354917467802125,0.0,-20.0,-2.034757136339064,-0.4674205891246751,-3.0,0.9998048484326534,0.003948062222804971,3.0,-1.0,3.0,0.0,44.0,-250.0,0,0,3.0,3.0,-187.5,-1437.5,0.0,0.0,612.5,-2050.0,-187.5,-93.75
316,2019-06-04,17:18:15,153.28125,153.46875,153.28125,153.4375,289,44327.9375,153.38386678200692,0.15625,0.0010188487891023001,153.41010790062384,153.73360889248661,-0.3235009918627725,1.0000000000000004,0.00712890625,3.372114843310191,1.703550401550653,0.007128906249999997,-1,316,0.6929998037859078,0.9998048484326534,0.08443285053816434,-38.31458843339032,0.0,-20.0,-2.034757136339064,-0.4674205891246751,-3.0,0.9986603866899684,-0.00114446174268501,-3.0,-1.0,3.0,0.0,44.0,-93.75,0,0,-3.0,3.0,468.75,-968.75,0.0,6.0,627.5,-1596.25,453.75,453.75
317,2019-06-04,17:24:26,153.4375,153.4375,153.375,153.4375,290,44491.78125,153.4199353448276,0.0,0.0,153.41619503381855,153.7244974096574,-0.30830237583884923,1.0000000000000007,0.010937500000000001,1.4684311224489797,0.8884176939918593,0.010937499999999996,0,317,0.7427480000437825,0.9986603866899684,0.10458250331675942,-29.479345594268594,0.0,-20.0,-2.034757136339064,-0.4674205891246751,-3.0,0.9901481791744233,-0.008512207515545045,-3.0,-1.0,-3.0,1.0,45.0,0.0,0,0,-3.0,-3.0,-0.0,-968.75,0.0,0.0,627.5,-1596.25,-0.0,453.75
318,2019-06-04,17:30:18,153.4375,153.4375,153.40625,153.4375,289,44339.15625,153.42268598615917,0.0,0.0,153.42092947074778,153.71566630680658,-0.29473683605880296,1.0,0.01435546875,-1.33416631958906,-0.25372311539759873,0.01435546875,0,318,0.601128918616946,0.9901481791744233,0.11981430945425509,-24.599468744702236,0.0,-20.0,-2.034757136339064,-0.4674205891246751,-3.0,0.6325699725942259,-0.35757820658019746,-3.0,-1.0,-3.0,0.0,45.0,0.0,0,0,-3.0,-3.0,-0.0,-968.75,0.0,0.0,627.5,-1596.25,-0.0,-0.0
319,2019-06-04,17:32:54,153.4375,153.46875,153.3125,153.3125,290,44485.875,153.39956896551723,-0.125,-0.0008149959701313492,153.39683403280384,153.70326062691527,-0.3064265941114286,1.0000000000000007,0.010937500000000001,1.4684311224489797,0.8884176939918593,0.010937499999999996,0,319,-0.10036195805620557,0.6325699725942259,0.10458250331675942,-29.299986555430205,0.0,-20.0,-2.034757136339064,-0.4674205891246751,-3.0,0.19768447129943323,-0.43488550129479264,-3.0,-1.0,-3.0,0.0,45.0,-125.0,0,0,-3.0,-3.0,375.0,-593.75,0.0,0.0,627.5,-1221.25,375.0,375.0
320,2019-06-04,17:37:49,153.3125,153.5,153.3125,153.46875,290,44480.125,153.37974137931033,0.15625,0.0010186412208099682,153.41281535884744,153.69604459804924,-0.2832292392018019,1.0000000000000002,0.01298828125,-1.6298264458137826,0.13607128123709536,0.012988281249999997,-1,320,-0.5533684962441158,0.19768447129943323,0.11396614080506542,-24.852051425190776,0.0,-20.0,-2.034757136339064,-0.4674205891246751,-3.0,0.19575153293561134,-0.0019329383638218844,-3.0,-1.0,-3.0,0.0,45.0,31.25,0,0,-3.0,-3.0,-468.75,-1062.5,0.0,0.0,627.5,-1690.0,-468.75,375.0
321,2019-06-04,17:43:15,153.46875,153.46875,153.40625,153.40625,289,44345.1875,153.4435553633218,-0.0625,-0.00040733198119191627,153.41135639021468,153.687127461188,-0.2757710709733203,1.0000000000000002,0.01298828125,-1.6298264458137848,-0.13607128123709536,0.012988281249999997,0,321,-0.5550095216092595,0.19575153293561134,0.11396614080506542,-24.197631772494237,0.0,-20.0,-2.034757136339064,-0.4674205891246751,-3.0,0.504182871431286,0.3084313384956747,3.0,-1.0,-3.0,0.0,45.0,-31.25,0,0,3.0,-3.0,187.5,-875.0,0.0,6.0,642.5,-1517.5,172.5,172.5
322,2019-06-04,17:52:12,153.40625,153.5,153.40625,153.5,289,44341.25,153.42993079584775,0.09375,0.000610935768925458,153.43105497016697,153.6813694553276,-0.2503144851606294,1.0000000000000002,0.008007812500000001,-1.5437239738251023,0.3066279347281074,0.0080078125,-1,322,-0.2541441076894705,0.504182871431286,0.0894863816454772,-27.97235518498369,0.0,-20.0,-2.034757136339064,-0.4674205891246751,-3.0,0.8280523862370305,0.32386951480574444,3.0,-1.0,3.0,1.0,46.0,93.75,0,0,3.0,3.0,281.25,-593.75,0.0,0.0,642.5,-1236.25,281.25,281.25
323,2019-06-04,17:55:21,153.5,153.53125,153.5,153.53125,290,44515.53125,153.50183189655172,0.03125,0.0002035623416700716,153.45332053235208,153.6767502102447,-0.22342967789262502,1.0000000000000004,0.0037109375,-0.8171745152354575,0.08099829095409096,0.003710937499999998,-1,323,0.1890815215263971,0.8280523862370305,0.06091746465505601,-36.67744203699076,0.0,-20.0,-2.034757136339064,-0.4674205891246751,-3.0,0.9966187973786521,0.16856641114162163,3.0,-1.0,3.0,0.0,46.0,125.0,0,0,3.0,3.0,93.75,-500.0,0.0,0.0,642.5,-1142.5,93.75,281.25
324,2019-06-04,18:00:22,153.53125,153.53125,153.46875,153.5,289,44357.21875,153.48518598615917,-0.03125,-0.0002035623416700716,153.46369374738495,153.67131153121355,-0.20761778382859575,1.0000000000000007,0.0027343750000000003,-0.6122448979591854,0.5122408325718829,0.0027343749999999985,0,324,0.6466169739581591,0.9966187973786521,0.05229125165837971,-39.70411440616661,0.0,-20.0,-2.034757136339064,-0.4674205891246751,-3.0,0.9144286812475851,-0.08219011613106697,-3.0,-1.0,3.0,0.0,46.0,93.75,0,0,-3.0,3.0,-93.75,-593.75,0.0,6.0,657.5,-1251.25,-108.75,93.75
325,2019-06-04,18:04:56,153.5,153.53125,153.5,153.53125,290,44517.9375,153.51012931034484,0.03125,0.0002035623416700716,153.47870624796607,153.6670017835625,-0.1882955355964384,1.0000000000000018,0.001171875,-3.3333333333333326,-0.6085806194501847,0.0011718749999999978,-1,325,0.9327981159980452,0.9144286812475851,0.03423265984407285,-55.00464657263274,0.0,-20.0,-2.034757136339064,-0.4674205891246751,-3.0,0.7355775234618661,-0.17885115778571903,3.0,-1.0,-3.0,1.0,47.0,31.25,0,0,3.0,-3.0,-93.75,-687.5,0.0,6.0,672.5,-1360.0,-108.75,-108.75
326,2019-06-04,18:11:58,153.53125,153.5625,153.5,153.5,289,44368.34375,153.52368079584775,-0.03125,-0.0002035623416700716,153.4834381928625,153.66186307984185,-0.178424886979343,1.0000000000000018,0.0017578124999999998,-2.407407407407407,0.1656346649999846,0.0017578124999999966,0,326,0.9991546659601407,0.7355775234618661,0.041926274578121016,-42.55681879077636,0.0,-20.0,-2.034757136339064,-0.4674205891246751,-3.0,0.2910728641682925,-0.44450465929357363,-3.0,1.0,3.0,1.0,48.0,-31.25,0,0,-3.0,3.0,-93.75,-781.25,0.0,6.0,687.5,-1468.75,-108.75,-108.75
327,2019-06-04,18:12:54,153.5,153.5625,153.5,153.53125,289,44363.6875,153.50756920415225,0.03125,0.0002035623416700716,153.49406303889307,153.6578440738632,-0.1637810349701283,1.0000000000000018,0.0017578124999999998,-2.407407407407407,0.1656346649999846,0.0017578124999999966,-1,327,0.8823092810439904,0.2910728641682925,0.041926274578121016,-39.06405627930427,0.0,-20.0,-2.034757136339064,-0.4674205891246751,-3.0,-0.09576575187869968,-0.38683861604699216,-3.0,1.0,-3.0,1.0,49.0,31.25,0,0,-3.0,-3.0,-93.75,-875.0,0.0,0.0,687.5,-1562.5,-93.75,-93.75
328,2019-06-04,18:16:08,153.53125,153.53125,153.4375,153.46875,290,44509.59375,153.4813577586207,-0.0625,-0.0004071661294036133,153.48843791913907,153.6520255954369,-0.16358767629782278,1.0000000000000033,0.001171875,2.9166666666666714,1.2932338163316428,0.0011718749999999958,0,328,0.6361402339543767,-0.09576575187869968,0.034232659844072824,-47.78701890035781,0.0,-20.0,-2.034757136339064,-0.4674205891246751,-3.0,-0.7244478167976696,-0.6286820649189699,-3.0,1.0,-3.0,0.0,49.0,-31.25,0,0,-3.0,-3.0,187.5,-687.5,0.0,0.0,687.5,-1375.0,187.5,187.5
329,2019-06-04,18:19:25,153.46875,153.46875,153.4375,153.4375,289,44349.5625,153.4586937716263,-0.03125,-0.00020364525067861905,153.47711838155263,153.64542458881456,-0.16830620726193501,1.0000000000000009,0.00263671875,-1.6872427983539093,0.5184205276797869,0.002636718749999997,0,329,-0.024832296774110866,-0.7244478167976696,0.0513489897661093,-32.776926679289474,0.0,-20.0,-2.034757136339064,-0.4674205891246751,-3.0,-0.9160328119378677,-0.1915849951401981,-3.0,1.0,-3.0,0.0,49.0,-62.5,0,0,-3.0,-3.0,93.75,-593.75,0.0,0.0,687.5,-1281.25,93.75,187.5
330,2019-06-04,18:25:16,153.4375,153.5,153.40625,153.40625,289,44348.96875,153.4566392733564,-0.03125,-0.00020368673051329722,153.4613698523187,153.63806513397094,-0.17669528165222914,1.0000000000000002,0.004589843749999999,-2.3675871435038487,0.5594072218898559,0.004589843749999998,0,330,-0.3641101231200797,-0.9160328119378677,0.06774838558962124,-26.081105861701612,0.0,-20.0,-2.034757136339064,-0.4674205891246751,-3.0,-0.9921188914561061,-0.07608607951823843,-3.0,1.0,-3.0,0.0,49.0,-93.75,0,0,-3.0,-3.0,93.75,-500.0,0.0,0.0,687.5,-1187.5,93.75,93.75
331,2019-06-04,18:31:42,153.4375,153.5,153.4375,153.46875,290,44509.96875,153.48265086206897,0.0625,0.00040733198119191627,153.46300988513678,153.63285527511567,-0.16984538997888876,1.0000000000000002,0.00341796875,-2.897959183673469,-0.381801774160606,0.003417968749999999,-1,331,-0.6129334732751863,-0.9921188914561061,0.058463396668342826,-29.05157750966903,0.0,-20.0,-2.034757136339064,-0.4674205891246751,-3.0,-0.9983173335417469,-0.0061984420856407985,-3.0,1.0,-3.0,0.0,49.0,-31.25,0,0,-3.0,-3.0,-187.5,-687.5,0.0,0.0,687.5,-1375.0,-187.5,93.75
332,2019-06-04,18:38:21,153.46875,153.59375,153.46875,153.5625,289,44376.71875,153.55266003460207,0.09375,0.0006106870418802757,153.48511879955086,153.63069043200414,-0.14557163245328297,1.0000000000000002,0.00263671875,-1.6872427983539093,-0.5184205276797864,0.0026367187499999993,-1,332,-0.7469200144416878,-0.9983173335417469,0.05134898976610932,-28.349463760893933,0.0,-20.0,-2.034757136339064,-0.4674205891246751,-3.0,-0.9972746689277624,0.0010426646139845008,-3.0,1.0,-3.0,0.0,49.0,62.5,0,0,-3.0,-3.0,-281.25,-968.75,0.0,0.0,687.5,-1656.25,-281.25,-187.5
333,2019-06-04,18:46:08,153.5625,153.625,153.53125,153.625,289,44386.125,153.58520761245674,0.0625,0.0004069176048009382,153.5162035107618,153.63051533666052,-0.11431182589871014,0.9999999999999997,0.001171875,2.916666666666707,-1.293233816331645,0.0011718750000000004,-1,333,-0.757348803749025,-0.9972746689277624,0.03423265984407289,-33.39262167164095,0.0,-20.0,-2.034757136339064,-0.4674205891246751,-3.0,-0.9981837978185573,-0.0009091288907948636,-3.0,1.0,-3.0,0.0,49.0,125.0,0,0,-3.0,-3.0,-187.5,-1156.25,0.0,0.0,687.5,-1843.75,-187.5,-187.5
334,2019-06-04,18:49:27,153.625,153.65625,153.625,153.625,289,44397.84375,153.62575692041523,0.0,0.0,153.54038050837033,153.63034562917667,-0.08996512080634034,0.9999999999999993,0.0012695312499999994,-0.17751479289940994,-0.40479600891093587,0.00126953125,0,334,-0.6632249632898388,-0.9981837978185573,0.035630482034348064,-25.249481811560464,0.0,-20.0,-2.034757136339064,-0.4674205891246751,-3.0,-0.8476466707268645,0.15053712709169276,-3.0,1.0,-3.0,0.0,49.0,125.0,0,0,-3.0,-3.0,-0.0,-1156.25,0.0,0.0,687.5,-1843.75,-0.0,-0.0
335,2019-06-04,18:54:49,153.625,153.71875,153.625,153.6875,289,44412.0,153.67474048442907,0.0625,0.0004067520902122368,153.57307372873248,153.63210427358746,-0.05903054485497705,1.0000000000000004,0.0016601562499999997,-1.4878892733564004,-0.5413870509510853,0.0016601562499999989,-1,335,-0.22421333010757377,-0.8476466707268645,0.04074501503251654,-14.487795576432541,0.0,-14.487795576432541,-1.3987727026452377,-0.4674205891246751,-2.0,-0.11662566798951135,0.7310210027373532,-3.0,1.0,-3.0,0.0,49.0,187.5,0,0,-3.0,-3.0,-187.5,-1343.75,1.0,0.0,687.5,-2031.25,-187.5,-0.0
336,2019-06-04,18:59:00,153.6875,153.71875,153.65625,153.71875,289,44421.8125,153.7086937716263,0.03125,0.00020331401920170578,153.60544623345862,153.63477036703364,-0.02932413357501673,1.000000000000001,0.0016601562499999997,-1.4878892733564004,0.5413870509510851,0.001660156249999998,-1,336,0.6198146434439467,-0.11662566798951135,0.04074501503251653,-7.196986809702888,0.0,-7.196986809702888,-0.5575773244670073,-0.4674205891246751,-1.0,-0.06480810221788168,0.05181756577162967,-2.0,1.0,-3.0,0.0,49.0,218.75,0,0,-2.0,-3.0,-93.75,-1437.5,1.0,1.0,690.0,-2127.5,-96.25,-96.25
337,2019-06-04,18:59:55,153.71875,153.71875,153.65625,153.6875,289,44417.3125,153.69312283737025,-0.03125,-0.00020331401920170578,153.62368040380116,153.6363928592135,-0.012712455412327017,1.0000000000000009,0.0017578124999999998,-2.407407407407407,-0.1656346649999846,0.0017578124999999983,0,337,0.659794014011726,-0.06480810221788168,0.04192627457812104,-3.032097542709157,0.0,-3.032097542709157,-0.07704276182605646,-0.4674205891246751,-1.0,-0.1551126884015432,-0.09030458618366151,-1.0,1.0,-2.0,0.0,49.0,187.5,0,0,-1.0,-2.0,62.5,-1375.0,0.0,1.0,692.5,-2067.5,60.0,60.0
338,2019-06-04,19:00:45,153.65625,153.6875,153.625,153.65625,289,44407.65625,153.65971020761245,-0.03125,-0.00020335536419846534,153.63091809184536,153.6370038634668,-0.006085771621428648,1.0000000000000016,0.0017578124999999998,-2.407407407407407,0.1656346649999846,0.0017578124999999972,0,338,0.5888672805674287,-0.1551126884015432,0.04192627457812102,-1.4515412310457156,0.0,-1.4515412310457156,0.10531789346762233,-0.4674205891246751,-0.0,-0.30758487291634035,-0.15247218451479716,-1.0,1.0,-1.0,0.0,49.0,156.25,0,0,-1.0,-1.0,31.25,-1343.75,1.0,0.0,692.5,-2036.25,31.25,60.0
339,2019-06-04,19:04:23,153.65625,153.71875,153.65625,153.6875,289,44414.09375,153.68198529411765,0.03125,0.00020335536419846534,153.64349184921306,153.63855762846987,0.004934220743194828,1.0000000000000027,0.00126953125,-0.1775147928994123,0.4047960089109363,0.0012695312499999968,-1,339,0.4553313540956027,-0.30758487291634035,0.035630482034348016,1.384831318992038,1.384831318992038,0.0,0.2727931097101266,-0.31610053542583794,-0.0,-0.5087515243394801,-0.20116665142313978,-0.0,1.0,-1.0,0.0,49.0,187.5,0,0,-0.0,-1.0,-31.25,-1375.0,0.0,1.0,695.0,-2070.0,-33.75,31.25
340,2019-06-04,19:15:40,153.6875,153.6875,153.59375,153.625,290,44552.15625,153.628125,-0.0625,-0.0004067520902122368,153.63938254938796,153.63814046085366,0.0012420885342976362,1.0,0.00712890625,2.021017076374554,1.3385038869326558,0.007128906249999999,0,340,0.249016052072645,-0.5087515243394801,0.08443285053816435,0.14710962929484442,0.14710962929484442,0.0,0.2727931097101266,-0.4513459692780396,-0.0,-0.7012633173601065,-0.19251179302062638,-0.0,1.0,-0.0,0.0,49.0,125.0,0,0,-0.0,-0.0,0.0,-1375.0,0.0,0.0,695.0,-2070.0,0.0,0.0
341,2019-06-04,19:30:06,153.625,153.65625,153.59375,153.625,289,44397.03125,153.6229455017301,0.0,0.0,153.63618642730177,153.63773612975902,-0.001549702457253943,1.0000000000000002,0.00634765625,1.9999999999999976,0.9051513929454645,0.00634765625,0,341,0.008230038454608936,-0.7012633173601065,0.07967217989988726,-0.19450986017970573,0.0,-0.19450986017970573,0.2503510459242928,-0.4674205891246751,-0.0,-0.8955936842538503,-0.19433036689374383,-0.0,1.0,-0.0,0.0,49.0,125.0,0,0,-0.0,-0.0,-0.0,-1375.0,0.0,0.0,695.0,-2070.0,-0.0,-0.0
342,2019-06-04,19:40:31,153.625,153.78125,153.625,153.78125,289,44412.59375,153.67679498269896,0.15625,0.0010165701800524118,153.66842277679027,153.64215203877293,0.02627073801733104,1.0,0.00947265625,0.7620363481772768,0.9334509605008138,0.00947265625,-1,342,-0.31870767880436707,-0.8955936842538503,0.09732757188998398,2.699208200429233,2.699208200429233,0.0,0.2727931097101266,-0.17247901448540215,0.0,-0.9578361226808502,-0.062242438426999835,-0.0,1.0,-0.0,0.0,49.0,281.25,0,0,-0.0,-0.0,-0.0,-1375.0,0.0,0.0,695.0,-2070.0,-0.0,-0.0
343,2019-06-04,19:46:35,153.78125,153.84375,153.78125,153.8125,288,44301.71875,153.82541232638889,0.03125,0.00020319008502323044,153.70043993750355,153.6473936268127,0.053046310690859855,0.9999999999999999,0.01240234375,-0.2250604501208997,0.6031940731563137,0.01240234375,-1,343,-0.47412996772662547,-0.9578361226808502,0.11136581050753414,4.7632491919296145,4.7632491919296145,0.0,0.2727931097101266,0.05305805229452276,0.0,-0.9876660613211752,-0.029829938640325016,0.0,1.0,-0.0,0.0,49.0,312.5,0,0,0.0,-0.0,-0.0,-1375.0,0.0,0.0,695.0,-2070.0,-0.0,-0.0
344,2019-06-04,19:57:37,153.8125,153.84375,153.71875,153.71875,289,44443.78125,153.78471020761245,-0.09375,-0.0006096941556616997,153.70450884028057,153.64958925312354,0.05491958715703049,1.0000000000000002,0.0126953125,-0.8698224852070998,0.3200193439760937,0.0126953125,0,344,-0.5876700785263306,-0.9876660613211752,0.11267347735824966,4.874224923618142,4.874224923618142,0.0,0.2727931097101266,0.06518433327046036,0.0,-0.9999429617508755,-0.01227690042970031,0.0,1.0,0.0,0.0,49.0,218.75,0,0,0.0,0.0,-0.0,-1375.0,0.0,0.0,695.0,-2070.0,-0.0,-0.0
345,2019-06-04,20:09:58,153.71875,153.75,153.59375,153.59375,289,44412.75,153.6773356401384,-0.125,-0.000813504214073113,153.67989576466266,153.64787108767436,0.032024676988299916,1.0000000000000007,0.005078125,-2.5073964497041423,-0.2276977550124017,0.005078124999999998,0,345,-0.6995141896274129,-0.9999429617508755,0.0712609640686961,4.493999962928917,4.493999962928917,0.0,0.2727931097101266,0.02363727935850113,0.0,-0.9919469104055988,0.0079960513452767,0.0,1.0,0.0,0.0,49.0,93.75,0,0,0.0,0.0,-0.0,-1375.0,0.0,0.0,695.0,-2070.0,-0.0,-0.0
346,2019-06-04,20:36:34,153.59375,153.6875,153.5625,153.625,289,44398.6875,153.62867647058823,0.03125,0.00020343810465917045,153.66769670584875,153.6471673481705,0.020529357678242377,1.0000000000000004,0.0045898437499999984,-0.7378904481665849,0.912717046241344,0.004589843749999996,-1,346,-0.7909705438308091,-0.9919469104055988,0.06774838558962122,3.0302357022345623,3.0302357022345623,0.0,0.2727931097101266,-0.13630775040290466,0.0,-0.9637992871664769,0.0281476232391219,0.0,1.0,0.0,0.0,49.0,125.0,0,0,0.0,0.0,0.0,-1375.0,0.0,0.0,695.0,-2070.0,0.0,0.0
347,2019-06-04,20:52:43,153.625,153.6875,153.5625,153.59375,290,44555.6875,153.64030172413794,-0.03125,-0.00020343810465917045,153.65126410454903,153.64552370637836,0.005740398170672734,1.0000000000000002,0.00927734375,-1.9889196675900276,0.25613908599594076,0.009277343749999998,0,347,-0.8700440668301404,-0.9637992871664769,0.09631896879639025,0.5959779514258947,0.5959779514258947,0.0,0.2727931097101266,-0.4022982782870418,-0.0,-0.8565542838028851,0.10724500336359177,0.0,1.0,0.0,0.0,49.0,93.75,0,0,0.0,0.0,-0.0,-1375.0,-0.0,0.0,695.0,-2070.0,-0.0,-0.0
348,2019-06-04,22:05:14,153.59375,153.59375,153.375,153.46875,289,44360.625,153.4969723183391,-0.125,-0.0008141665420220434,153.61070541464926,153.64008441572724,-0.029379001077984412,1.0,0.00654296875,0.7952773446201805,-0.5016571985664497,0.006542968749999999,0,348,-0.9705826998831916,-0.8565542838028851,0.0808886194096549,-3.6320314640550935,0.0,-3.6320314640550935,-0.14626164521681007,-0.4674205891246751,-1.0,-0.6371425680299156,0.21941171577296947,0.0,1.0,0.0,0.0,49.0,-31.25,0,0,0.0,0.0,-0.0,-1375.0,-1.0,0.0,695.0,-2070.0,-0.0,-0.0
349,2019-06-04,23:08:41,153.4375,153.59375,153.4375,153.5625,289,44371.125,153.5333044982699,0.09375,0.0006106870418802757,153.59999310028277,153.6376971605307,-0.0377040602479326,1.0,0.01005859375,-1.0208313695918545,-0.299487953068572,0.01005859375,-1,349,-0.9955275313558606,-0.6371425680299156,0.10029254084925758,-3.75940822005924,0.0,-3.75940822005924,-0.16095805844972583,-0.4674205891246751,-1.0,-0.46244414838526815,0.1746984196446475,1.0,-1.0,0.0,0.0,49.0,62.5,0,0,1.0,0.0,0.0,-1375.0,0.0,1.0,697.5,-2072.5,-2.5,-0.0
350,2019-06-04,23:49:08,153.5625,153.65625,153.53125,153.5625,289,44386.5625,153.5867214532872,0.0,0.0,153.59166130021995,153.63538336190965,-0.04372206168969228,1.0,0.010937500000000001,-1.9754464285714295,-0.08804139309829244,0.010937500000000001,0,350,-0.9539524991416914,-0.46244414838526815,0.10458250331675945,-4.180628719248277,0.0,-4.180628719248277,-0.20955743177695713,-0.4674205891246751,-1.0,-0.29528538316174413,0.16715876522352402,1.0,-1.0,1.0,1.0,50.0,0.0,0,0,1.0,1.0,0.0,-1375.0,0.0,0.0,697.5,-2072.5,0.0,0.0
351,2019-06-05,00:07:22,153.5625,153.6875,153.5,153.6875,290,44543.75,153.59913793103448,0.125,0.000813669695013175,153.61295878906,153.6369869775331,-0.02402818847309618,0.9999999999999996,0.006542968749999999,-2.4125640454444173,0.36326900585846333,0.006542968750000003,-1,351,-0.8843745480633922,-0.29528538316174413,0.08088861940965492,-2.9705277019758554,0.0,-2.9705277019758554,-0.06993898676938948,-0.4674205891246751,-1.0,-0.13643990998258906,0.15884547317915507,1.0,-1.0,1.0,0.0,50.0,125.0,0,0,1.0,1.0,125.0,-1250.0,0.0,0.0,697.5,-1947.5,125.0,125.0
352,2019-06-05,00:33:50,153.6875,153.71875,153.59375,153.625,289,44405.21875,153.6512759515571,-0.0625,-0.0004067520902122368,153.61563461371335,153.63661814148986,-0.020983527776508026,0.9999999999999996,0.006542968749999999,-2.4125640454444173,0.36326900585846333,0.006542968750000003,0,352,-0.7969717507751171,-0.13643990998258906,0.08088861940965492,-2.594126087161703,0.0,-2.594126087161703,-0.026510704825503995,-0.4674205891246751,-0.0,0.01188566502295849,0.14832557500554755,1.0,-1.0,1.0,0.0,50.0,62.5,0,0,1.0,1.0,-62.5,-1312.5,1.0,0.0,697.5,-2010.0,-62.5,125.0
353,2019-06-05,01:06:01,153.625,153.625,153.5625,153.59375,289,44394.09375,153.6127811418685,-0.03125,-0.00020343810465917045,153.6107713662215,153.63529910107488,-0.02452773485336479,0.9999999999999996,0.006542968749999999,-2.4125640454444173,0.36326900585846333,0.006542968750000003,0,353,-0.6986523989401998,0.01188566502295849,0.08088861940965492,-3.0322850151695313,0.0,-3.0322850151695313,-0.07706439193215969,-0.4674205891246751,-1.0,0.405685319447244,0.3937996544242855,0.0,-1.0,1.0,0.0,50.0,31.25,0,0,0.0,1.0,-31.25,-1343.75,-1.0,1.0,700.0,-2043.75,-33.75,-33.75
354,2019-06-05,01:19:20,153.59375,153.6875,153.5625,153.6875,289,44398.78125,153.6290008650519,0.09375,0.0006101901948714072,153.62782217372785,153.6369053069839,-0.009083133256041265,0.9999999999999994,0.00341796875,2.000000000000002,1.1454053224818188,0.0034179687500000013,-1,354,-0.35944181746723997,0.405685319447244,0.05846339666834285,-1.5536444636580038,0.0,-1.5536444636580038,0.09353747649077715,-0.4674205891246751,-0.0,0.8211807856870574,0.4154954662398134,1.0,-1.0,0.0,0.0,50.0,125.0,0,0,1.0,0.0,0.0,-1343.75,1.0,1.0,702.5,-2046.25,-2.5,-2.5
355,2019-06-05,01:36:43,153.6875,153.71875,153.625,153.6875,289,44414.3125,153.68274221453288,0.0,0.0,153.64108391289946,153.63846208969397,0.002621823205487317,0.9999999999999989,0.00224609375,3.724007561436674,1.7487916903105656,0.002246093750000002,0,355,0.17713919598573916,0.8211807856870574,0.047392971525322215,0.5532092884461716,0.5532092884461716,0.0,0.2727931097101266,-0.406971595744528,-0.0,0.9588767292501522,0.13769594356309478,0.0,-1.0,1.0,1.0,51.0,0.0,0,0,0.0,1.0,0.0,-1343.75,0.0,1.0,705.0,-2048.75,-2.5,-2.5
356,2019-06-05,01:58:03,153.6875,153.75,153.6875,153.6875,289,44422.09375,153.7096669550173,0.0,0.0,153.65139859892182,153.6399709700085,0.011427628913310173,0.9999999999999986,0.0017578124999999998,4.999999999999997,2.2360679774997907,0.0017578125000000024,0,356,0.47733516581774793,0.9588767292501522,0.041926274578121085,2.725648540992382,2.725648540992382,0.0,0.2727931097101266,-0.16958988734120706,0.0,0.9890090530604522,0.030132323810299955,0.0,-1.0,0.0,0.0,51.0,0.0,0,0,0.0,0.0,0.0,-1343.75,0.0,0.0,705.0,-2048.75,0.0,0.0
357,2019-06-05,02:20:12,153.6875,153.71875,153.625,153.6875,289,44407.28125,153.65841262975778,0.0,0.0,153.65942113249477,153.6414334219315,0.017987710563261317,0.9999999999999977,0.00078125,5.000000000000004,2.236067977499789,0.000781250000000002,0,357,0.803884261931785,0.9890090530604522,0.027950849718747405,6.4354789726469255,6.4354789726469255,0.0,0.2727931097101266,0.2357820395012224,1.0,0.8813907845123996,-0.10761826854805256,0.0,-1.0,0.0,0.0,51.0,0.0,0,0,0.0,0.0,0.0,-1343.75,1.0,0.0,705.0,-2048.75,0.0,0.0
358,2019-06-05,03:02:46,153.6875,153.71875,153.65625,153.6875,289,44417.1875,153.6926903114187,0.0,0.0,153.66566088082928,153.64285087410798,0.022810006721300624,0.9999999999999976,0.001171875,-3.3333333333333304,0.6085806194501845,0.0011718750000000026,0,358,0.9572660557944507,0.8813907845123996,0.03423265984407292,6.663229449653755,6.663229449653755,0.0,0.2727931097101266,0.2606682577272036,1.0,0.5148022783757598,-0.36658850613663985,-1.0,-1.0,0.0,0.0,51.0,0.0,0,0,-1.0,0.0,0.0,-1343.75,0.0,1.0,707.5,-2051.25,-2.5,0.0
359,2019-06-05,04:19:55,153.6875,153.78125,153.65625,153.75,289,44421.15625,153.70642301038063,0.0625,0.00040658671021631676,153.6844029073117,153.6461478131343,0.03825509417740136,0.9999999999999972,0.001171875,-3.333333333333344,-0.6085806194501838,0.0011718750000000032,-1,359,0.9702291452308535,0.5148022783757598,0.03423265984407293,11.175028277571858,11.175028277571858,0.0,0.2727931097101266,0.753671002217302,1.0,0.19921492948921934,-0.3155873488865404,1.0,1.0,-1.0,1.0,52.0,62.5,0,0,1.0,-1.0,-62.5,-1406.25,0.0,2.0,712.5,-2118.75,-67.5,-2.5
360,2019-06-05,05:40:39,153.75,153.8125,153.71875,153.8125,289,44439.9375,153.77141003460207,0.0625,0.0004064214646470887,153.7128689279091,153.65126640643237,0.06160252147674328,0.9999999999999964,0.001171875,2.916666666666707,-1.293233816331645,0.0011718750000000043,-1,360,0.8337996341208073,0.19921492948921934,0.03423265984407294,17.995248326404635,17.995248326404635,0.0,0.2727931097101266,1.4989141591805906,2.0,-0.3463347441866027,-0.5455496736758221,1.0,1.0,1.0,1.0,53.0,62.5,0,0,1.0,1.0,62.5,-1343.75,1.0,0.0,712.5,-2056.25,62.5,62.5
361,2019-06-05,05:48:29,153.8125,153.90625,153.8125,153.875,288,44309.21875,153.85145399305554,0.0625,0.0004062563533429042,153.74889805504043,153.65815060104578,0.090747453994652,0.99999999999997,0.0001953124999999991,4.999999999998603,2.2360679774998586,0.00019531250000000494,-1,361,0.41844900216761877,-0.3463347441866027,0.013975424859373862,64.93359229346373,20.0,0.0,0.2727931097101266,1.7179727020810263,2.0,-0.4945455632394966,-0.1482108190528939,2.0,1.0,1.0,0.0,53.0,125.0,0,0,2.0,1.0,62.5,-1281.25,0.0,1.0,715.0,-1996.25,60.0,62.5
362,2019-06-05,06:05:42,153.875,153.96875,153.875,153.96875,289,44479.0,153.90657439446366,0.09375,0.0006090752396188392,153.79775404280923,153.66770761871095,0.13004642409828193,0.9999999999999916,0.0004882812500000004,2.0000000000001243,-1.0467283057891821e-14,0.0004882812500000046,-1,362,0.26488654294039327,-0.4945455632394966,0.022097086912079712,58.85229334333208,20.0,0.0,0.2727931097101266,1.7179727020810263,2.0,-0.5944015685078311,-0.09985600526833449,2.0,1.0,2.0,0.0,53.0,218.75,0,0,2.0,2.0,187.5,-1093.75,0.0,0.0,715.0,-1808.75,187.5,187.5
363,2019-06-05,06:15:39,153.96875,154.03125,153.9375,154.03125,288,44347.65625,153.98491753472223,0.0625,0.0004058441614143149,153.84964203329608,153.67889366641992,0.17074836687615402,0.9999999999999932,0.0006835937499999995,-0.612244897959202,0.5122408325718871,0.0006835937500000042,-1,363,0.1483275313407845,-0.5944015685078311,0.02614562582918994,65.3066665880012,20.0,0.0,0.2727931097101266,1.7179727020810263,2.0,-0.5343058094685603,0.06009575903927078,2.0,1.0,2.0,0.0,53.0,281.25,0,0,2.0,2.0,125.0,-968.75,0.0,0.0,715.0,-1683.75,125.0,187.5
364,2019-06-05,06:23:11,154.03125,154.09375,154.03125,154.0625,289,44525.3125,154.06682525951558,0.03125,0.00020286033135885617,153.89694380367473,153.69069706942201,0.20624673425271567,0.9999999999999946,0.0007812499999999996,0.31250000000000827,1.2577882373436324,0.0007812500000000038,-1,364,0.21989991579146595,-0.5343058094685603,0.02795084971874744,73.78907486822486,20.0,0.0,0.2727931097101266,1.7179727020810263,2.0,-0.5293686312766396,0.004937178191920744,2.0,1.0,2.0,0.0,53.0,312.5,0,0,2.0,2.0,62.5,-906.25,0.0,0.0,715.0,-1621.25,62.5,125.0
365,2019-06-05,06:29:39,154.0625,154.125,154.03125,154.09375,288,44370.28125,154.0634765625,0.03125,0.0002028191873897356,153.94067851396923,153.70309883166425,0.2375796823049825,0.9999999999999938,0.0004882812499999999,1.9999999999999691,2.6168207644729593e-15,0.000488281250000003,-1,365,0.22558353177079696,-0.5293686312766396,0.022097086912079678,107.51629083519886,20.0,0.0,0.2727931097101266,1.7179727020810263,2.0,-0.5386012387628761,-0.009232607486236555,2.0,1.0,2.0,0.0,53.0,343.75,0,0,2.0,2.0,62.5,-843.75,0.0,0.0,715.0,-1558.75,62.5,62.5
366,2019-06-05,06:38:00,154.09375,154.1875,154.09375,154.125,288,44387.53125,154.12337239583334,0.03125,0.00020277806010859933,153.9816388441983,153.7160805416284,0.2655583025699002,0.9999999999999994,0.0029296875,3.666666666666669,-1.9245008972987523,0.0029296875000000017,-1,366,0.2149318685964756,-0.5386012387628761,0.05412658773652743,49.062450391767015,20.0,0.0,0.2727931097101266,1.7179727020810263,2.0,-0.5582969401822041,-0.01969570141932797,2.0,1.0,2.0,0.0,53.0,375.0,0,0,2.0,2.0,62.5,-781.25,0.0,0.0,715.0,-1496.25,62.5,62.5
367,2019-06-05,06:46:39,154.125,154.1875,154.125,154.125,288,44393.15625,154.14290364583334,0.0,0.0,154.01349687882092,153.72866280614934,0.2848340726715719,0.9999999999999993,0.00263671875,3.251028806584363,-1.7355817665801556,0.0026367187500000015,0,367,0.19186936864438617,-0.5582969401822041,0.05134898976610934,55.470238843834906,20.0,0.0,0.2727931097101266,1.7179727020810263,2.0,-0.5894014763881729,-0.031104536205968758,2.0,1.0,2.0,0.0,53.0,375.0,0,0,2.0,2.0,0.0,-781.25,0.0,0.0,715.0,-1496.25,0.0,62.5
368,2019-06-05,06:56:38,154.125,154.125,154.03125,154.03125,289,44523.96875,154.06217560553634,-0.09375,-0.0006084575788571911,154.0174420168607,153.73797327267312,0.2794687441875965,0.9999999999999999,0.0026367187499999997,-1.6872427983539058,-0.5184205276797867,0.0026367187500000006,0,368,0.15445955127331965,-0.5894014763881729,0.051348989766109326,54.425363665488845,20.0,0.0,0.2727931097101266,1.7179727020810263,2.0,-0.5974511105551948,-0.00804963416702198,2.0,1.0,2.0,0.0,53.0,281.25,0,0,2.0,2.0,-187.5,-968.75,0.0,0.0,715.0,-1683.75,-187.5,0.0
369,2019-06-05,07:05:49,154.03125,154.09375,154.0,154.03125,288,44364.5625,154.04361979166666,0.0,0.0,154.02051045755834,153.74699725777003,0.27351319978831157,1.0,0.00224609375,-3.081285444234387,0.31535587858059516,0.0022460937499999994,0,369,0.1445709703966555,-0.5974511105551948,0.04739297152532219,57.71176421005228,20.0,0.0,0.2727931097101266,1.7179727020810263,2.0,-0.6520184563043031,-0.054567345749108265,2.0,1.0,2.0,0.0,53.0,281.25,0,0,2.0,2.0,0.0,-968.75,0.0,0.0,715.0,-1683.75,0.0,0.0
370,2019-06-05,07:15:32,154.03125,154.0625,153.9375,153.96875,288,44359.75,154.02690972222223,-0.0625,-0.0004058441614143149,154.00900813365652,153.75382048194444,0.25518765171207747,1.0000000000000007,0.0016601562499999993,2.6643598615916986,1.7143923280117708,0.0016601562499999984,0,370,0.07508387778625336,-0.6520184563043031,0.040745015032516534,62.63039822378887,20.0,0.0,0.2727931097101266,1.7179727020810263,2.0,-0.7196591329925394,-0.06764067668823626,2.0,1.0,2.0,0.0,53.0,218.75,0,0,2.0,2.0,-125.0,-1093.75,0.0,0.0,715.0,-1808.75,-125.0,0.0
371,2019-06-05,07:22:36,153.96875,154.0,153.875,153.875,289,44485.78125,153.93003892733563,-0.09375,-0.0006090752396188392,153.97922854839953,153.75754911580162,0.22167943259790945,1.0,0.00224609375,-3.081285444234387,0.31535587858059516,0.0022460937499999994,0,371,-0.01791214143891463,-0.7196591329925394,0.04739297152532219,46.77474854672609,20.0,0.0,0.2727931097101266,1.7179727020810263,2.0,-0.8257143755858583,-0.10605524259331889,2.0,1.0,2.0,0.0,53.0,125.0,0,0,2.0,2.0,-187.5,-1281.25,0.0,0.0,715.0,-1996.25,-187.5,-125.0
372,2019-06-05,07:30:34,153.875,153.9375,153.78125,153.78125,289,44471.09375,153.87921712802768,-0.09375,-0.0006094464383661347,153.93523331542187,153.75827838008985,0.1769549353320201,1.0000000000000007,0.00224609375,1.455576559546299,1.118079933149377,0.002246093749999998,0,372,-0.1849974720530699,-0.8257143755858583,0.047392971525322174,37.33780128926347,20.0,0.0,0.2727931097101266,1.7179727020810263,2.0,-0.9083696045288332,-0.08265522894297495,2.0,1.0,2.0,0.0,53.0,31.25,0,0,2.0,2.0,-187.5,-1468.75,0.0,0.0,715.0,-2183.75,-187.5,-187.5
373,2019-06-05,07:35:31,153.78125,153.84375,153.75,153.78125,288,44293.46875,153.79676649305554,0.0,0.0,153.9010148008837,153.75898520509438,0.1420295957893245,1.0000000000000004,0.00341796875,-2.8979591836734833,0.3818017741606049,0.0034179687499999983,0,373,-0.3466247220058355,-0.9083696045288332,0.05846339666834282,24.29376394174369,20.0,0.0,0.2727931097101266,1.7179727020810263,2.0,-0.9716968566711548,-0.0633272521423216,2.0,1.0,2.0,0.0,53.0,31.25,0,0,2.0,2.0,0.0,-1468.75,0.0,0.0,715.0,-2183.75,0.0,0.0
374,2019-06-05,07:45:02,153.78125,153.78125,153.65625,153.65625,289,44426.4375,153.72469723183391,-0.125,-0.0008131734540386404,153.84662262290956,153.75582409615458,0.09079852675498046,1.0000000000000004,0.00322265625,-2.231404958677679,-0.5671631517317608,0.0032226562499999985,0,374,-0.5200526949696537,-0.9716968566711548,0.05676844413932795,15.994542061454384,15.994542061454384,0.0,0.2727931097101266,1.2802976567258157,2.0,-0.9995440900457132,-0.02784723337455841,2.0,1.0,2.0,0.0,53.0,-93.75,0,0,2.0,2.0,-250.0,-1718.75,0.0,0.0,715.0,-2433.75,-250.0,0.0
375,2019-06-05,07:50:59,153.65625,153.6875,153.625,153.65625,289,44401.3125,153.63775951557093,0.0,0.0,153.80431759559633,153.75276025366279,0.05155734193354533,1.0000000000000002,0.00361328125,2.607742878013152,-1.5174736878455117,0.0036132812499999997,0,375,-0.6854347899462442,-0.9995440900457132,0.06011057519272295,8.577083444675958,8.577083444675958,0.0,0.2727931097101266,0.4697944417806412,1.0,-0.978432417636532,0.021111672409181215,2.0,1.0,2.0,0.0,53.0,-93.75,0,0,2.0,2.0,0.0,-1718.75,-1.0,0.0,715.0,-2433.75,0.0,0.0
376,2019-06-05,07:56:21,153.65625,153.71875,153.625,153.625,289,44410.84375,153.67073961937717,-0.03125,-0.00020339672601377146,153.76446924101938,153.74882913890386,0.015640102115526133,1.0000000000000004,0.004199218750000001,-1.963223363980531,-0.23551393640880605,0.004199218749999999,0,376,-0.8379212584915726,-0.978432417636532,0.06480137922914912,2.413544634631922,2.413544634631922,0.0,0.2727931097101266,-0.20369337649716923,0.0,-0.8491272274617738,0.12930519017475817,1.0,1.0,2.0,0.0,53.0,-125.0,0,0,1.0,2.0,-62.5,-1781.25,-1.0,1.0,717.5,-2498.75,-65.0,0.0
377,2019-06-05,08:01:22,153.625,153.65625,153.625,153.65625,289,44400.0,153.6332179930796,0.03125,0.00020339672601377146,153.74042052079287,153.7459805289228,-0.00556000812991897,1.0000000000000002,0.0021484374999999997,0.8677685950413286,-0.5516180692881066,0.0021484374999999997,-1,377,-0.9739091970453546,-0.8491272274617738,0.04635124054434789,-1.1995381492754809,0.0,-1.1995381492754809,0.13439338213482532,-0.4674205891246751,-0.0,-0.6795935494172709,0.16953367804450292,-0.0,1.0,1.0,0.0,53.0,-93.75,0,0,-0.0,1.0,31.25,-1750.0,-0.0,1.0,720.0,-2470.0,28.75,28.75
378,2019-06-05,08:11:28,153.625,153.65625,153.53125,153.5625,290,44538.8125,153.58211206896553,-0.09375,-0.0006103143308147096,153.70088262728333,153.7403349336717,-0.03945230638836961,1.0000000000000002,0.0021484374999999997,0.8677685950413286,-0.5516180692881066,0.0021484374999999997,0,378,-0.9992708609327197,-0.6795935494172709,0.04635124054434789,-8.511596653086874,0.0,-8.511596653086874,-0.7092537378449776,-0.4674205891246751,-1.0,-0.4648926953349817,0.21470085408228923,0.0,-1.0,-0.0,0.0,53.0,-187.5,0,0,0.0,-0.0,0.0,-1750.0,-1.0,0.0,720.0,-2470.0,0.0,28.75
379,2019-06-05,08:19:33,153.5625,153.59375,153.5,153.53125,289,44380.375,153.56531141868513,-0.03125,-0.00020352091247666237,153.66318648788703,153.73390150634899,-0.0707150184619536,1.0000000000000002,0.00244140625,-1.1999999999999993,0.0,0.0024414062499999996,0,379,-0.9547778097500228,-0.4648926953349817,0.04941058844013092,-14.311713479720346,0.0,-14.311713479720346,-1.3784567883655834,-0.4674205891246751,-2.0,-0.09878969032770758,0.3661030050072741,1.0,-1.0,0.0,0.0,53.0,-218.75,0,0,1.0,0.0,-0.0,-1750.0,-1.0,1.0,722.5,-2472.5,-2.5,0.0
380,2019-06-05,08:32:31,153.53125,153.5625,153.5,153.53125,289,44370.65625,153.53168252595157,0.0,0.0,153.6338672683566,153.7276660333476,-0.09379876499099282,1.0000000000000002,0.00244140625,-1.1999999999999993,0.0,0.0024414062499999996,0,380,-0.7735027111733781,-0.09878969032770758,0.04941058844013092,-18.983535301273633,0.0,-18.983535301273633,-1.917479968056747,-0.4674205891246751,-2.0,0.1403265849115309,0.2391162752392385,2.0,-1.0,1.0,1.0,54.0,0.0,0,0,2.0,1.0,0.0,-1750.0,0.0,1.0,725.0,-2475.0,-2.5,-2.5
381,2019-06-05,08:43:51,153.53125,153.5625,153.46875,153.46875,290,44514.65625,153.49881465517242,-0.0625,-0.0004071661294036133,153.59717454205514,153.71969933411222,-0.122524792057078,0.9999999999999998,0.00126953125,-0.17751479289940755,-0.4047960089109363,0.00126953125,0,381,-0.6008842721212309,0.1403265849115309,0.035630482034348064,-34.38763246002766,0.0,-20.0,-2.034757136339064,-0.4674205891246751,-3.0,0.35478718416354194,0.21446059925201102,2.0,-1.0,2.0,0.0,54.0,-62.5,0,0,2.0,2.0,-125.0,-1875.0,-1.0,0.0,725.0,-2600.0,-125.0,-2.5
382,2019-06-05,08:55:04,153.4375,153.53125,153.4375,153.5,289,44356.0625,153.48118512110727,0.03125,0.0002036037877335417,153.57558019937622,153.7129393117893,-0.13735911241309395,0.9999999999999998,0.00126953125,-0.17751479289940755,-0.4047960089109363,0.00126953125,-1,382,-0.4102350008871627,0.35478718416354194,0.035630482034348064,-38.55101154137592,0.0,-20.0,-2.034757136339064,-0.4674205891246751,-3.0,0.5339255820208678,0.17913839785732588,3.0,-1.0,2.0,0.0,54.0,-31.25,0,0,3.0,2.0,62.5,-1812.5,0.0,1.0,727.5,-2540.0,60.0,60.0
383,2019-06-05,09:03:12,153.5,153.53125,153.4375,153.5,289,44363.6875,153.50756920415225,0.0,0.0,153.55878459951484,153.70638729274734,-0.14760269323249986,0.9999999999999999,0.0016601562499999997,-1.4878892733564004,0.5413870509510853,0.0016601562499999997,0,383,-0.2203386389997615,0.5339255820208678,0.040745015032516554,-36.225951350049954,0.0,-20.0,-2.034757136339064,-0.4674205891246751,-3.0,0.6726607273179653,0.13873514529709752,3.0,-1.0,3.0,0.0,54.0,-31.25,0,0,3.0,3.0,0.0,-1812.5,0.0,0.0,727.5,-2540.0,0.0,60.0
384,2019-06-05,09:23:06,153.5,153.5,153.4375,153.46875,290,44504.3125,153.46314655172415,-0.03125,-0.0002036037877335417,153.53877691073376,153.69907533254604,-0.1602984218122856,0.9999999999999994,0.0016601562499999997,-1.4878892733564004,-0.5413870509510851,0.0016601562500000006,0,384,-0.04758143847309081,0.6726607273179653,0.04074501503251656,-39.34184873520342,0.0,-20.0,-2.034757136339064,-0.4674205891246751,-3.0,0.7042336474818265,0.03157292016386115,3.0,-1.0,3.0,0.0,54.0,-62.5,0,0,3.0,3.0,-93.75,-1906.25,0.0,0.0,727.5,-2633.75,-93.75,0.0
385,2019-06-05,09:30:20,153.46875,153.53125,153.34375,153.40625,289,44337.96875,153.41857698961937,-0.0625,-0.00040733198119191627,153.50932648612627,153.69006527035924,-0.18073878423297174,0.9999999999999998,0.00126953125,-0.1775147928994123,0.4047960089109363,0.00126953125,0,385,-0.004055003092889077,0.7042336474818265,0.035630482034348064,-50.72588803562582,0.0,-20.0,-2.034757136339064,-0.4674205891246751,-3.0,0.791374014214658,0.08714036673283154,3.0,-1.0,3.0,0.0,54.0,-125.0,0,0,3.0,3.0,-187.5,-2093.75,0.0,0.0,727.5,-2821.25,-187.5,-93.75
386,2019-06-05,09:40:31,153.40625,153.5,153.375,153.4375,290,44501.75,153.45431034482758,0.03125,0.00020368673051329722,153.4933650447649,153.68229398783865,-0.18892894307376196,1.0000000000000004,0.0021484375,0.867768595041318,0.5516180692881069,0.0021484374999999993,-1,386,0.12730872360918766,0.791374014214658,0.04635124054434789,-40.76027757940992,0.0,-20.0,-2.034757136339064,-0.4674205891246751,-3.0,0.8089075104403283,0.017533496225670242,3.0,-1.0,3.0,0.0,54.0,-93.75,0,0,3.0,3.0,93.75,-2000.0,0.0,0.0,727.5,-2727.5,93.75,93.75
387,2019-06-05,09:54:02,153.4375,153.46875,153.40625,153.40625,289,44336.59375,153.41381920415225,-0.03125,-0.00020368673051329722,153.47400614592826,153.6738002806648,-0.19979413473654972,1.0000000000000004,0.0021484375,0.867768595041318,0.5516180692881069,0.0021484374999999993,0,387,0.1562505139424603,0.8089075104403283,0.04635124054434789,-43.10437701131018,0.0,-20.0,-2.034757136339064,-0.4674205891246751,-3.0,0.8191390624288402,0.010231551988511889,3.0,-1.0,3.0,0.0,54.0,-125.0,0,0,3.0,3.0,-93.75,-2093.75,0.0,0.0,727.5,-2821.25,-93.75,93.75
388,2019-06-05,10:06:24,153.40625,153.4375,153.28125,153.3125,290,44467.15625,153.33502155172414,-0.09375,-0.000611309239618052,153.43811589127756,153.66268329058533,-0.22456739930777303,0.9999999999999999,0.0037109375,-0.8171745152354575,-0.08099829095409096,0.0037109375000000007,0,388,0.17362588864909448,0.8191390624288402,0.06091746465505603,-36.86420644381404,0.0,-20.0,-2.034757136339064,-0.4674205891246751,-3.0,0.8229499504264148,0.0038108879975746746,3.0,-1.0,3.0,0.0,54.0,-218.75,0,0,3.0,3.0,-281.25,-2375.0,0.0,0.0,727.5,-3102.5,-281.25,-93.75
389,2019-06-05,10:20:50,153.3125,153.34375,153.25,153.28125,290,44460.53125,153.31217672413794,-0.03125,-0.00020385281897095098,153.40325680432701,153.65094682192108,-0.24769001759406706,0.9999999999999999,0.0037109375,-0.8171745152354575,-0.08099829095409096,0.0037109375000000007,0,389,0.18019631445747794,0.8229499504264148,0.06091746465505603,-40.65993537265659,0.0,-20.0,-2.034757136339064,-0.4674205891246751,-3.0,0.8262791636980944,0.0033292132716795653,3.0,-1.0,3.0,0.0,54.0,-250.0,0,0,3.0,3.0,-93.75,-2468.75,0.0,0.0,727.5,-3196.25,-93.75,-93.75
390,2019-06-05,10:24:51,153.28125,153.375,153.25,153.34375,289,44299.5625,153.28568339100346,0.0625,0.0004076640904395745,153.39003307003213,153.6414945653963,-0.2514614953641683,0.9999999999999999,0.0037109375,-0.8171745152354575,-0.08099829095409096,0.0037109375000000007,-1,390,0.18598205924404995,0.8262791636980944,0.06091746465505603,-41.27904810025568,0.0,-20.0,-2.034757136339064,-0.4674205891246751,-3.0,0.7912621951854707,-0.0350169685126237,-3.0,-1.0,3.0,0.0,54.0,-187.5,0,0,-3.0,3.0,187.5,-2281.25,0.0,6.0,742.5,-3023.75,172.5,172.5
391,2019-06-05,10:27:12,153.34375,153.4375,153.34375,153.375,290,44481.40625,153.38415948275863,0.03125,0.0002037697408985295,153.38669238780278,153.63329469341662,-0.246602305613834,0.999999999999999,0.0022460937500000003,-3.081285444234405,-0.3153558785805939,0.002246093750000002,-1,391,0.1271273208772235,0.7912621951854707,0.047392971525322215,-52.033518405165545,0.0,-20.0,-2.034757136339064,-0.4674205891246751,-3.0,0.8038122968433161,0.012550101657845425,3.0,-1.0,-3.0,1.0,55.0,31.25,0,0,3.0,-3.0,-93.75,-2375.0,0.0,6.0,757.5,-3132.5,-108.75,172.5
392,2019-06-05,10:30:13,153.375,153.40625,153.34375,153.34375,290,44472.90625,153.35484913793104,-0.03125,-0.0002037697408985295,153.37714963495773,153.62438558464868,-0.2472359496909462,0.9999999999999986,0.0014648437500000002,2.0000000000000013,-1.3608276348795436,0.0014648437500000026,0,392,0.14773531797777487,0.8038122968433161,0.03827327723098719,-64.59753843362454,0.0,-20.0,-2.034757136339064,-0.4674205891246751,-3.0,0.8203350369748595,0.016522740131543423,3.0,-1.0,3.0,1.0,56.0,-31.25,0,0,3.0,3.0,-93.75,-2468.75,0.0,0.0,757.5,-3226.25,-93.75,-93.75
393,2019-06-05,10:37:24,153.34375,153.40625,153.34375,153.40625,289,44322.40625,153.36472750865053,0.0625,0.0004074979681494284,153.38361638274492,153.61767369036454,-0.23405730761962218,0.9999999999999983,0.00126953125,-0.1775147928994123,-0.4047960089109363,0.001269531250000002,-1,393,0.17568195852620105,0.8203350369748595,0.03563048203434809,-65.69018836006454,0.0,-20.0,-2.034757136339064,-0.4674205891246751,-3.0,0.8401580488318026,0.019823011856943018,3.0,-1.0,3.0,0.0,56.0,31.25,0,0,3.0,3.0,187.5,-2281.25,0.0,0.0,757.5,-3038.75,187.5,187.5
394,2019-06-05,10:48:51,153.40625,153.46875,153.40625,153.4375,290,44495.53125,153.43286637931035,0.03125,0.00020368673051329722,153.39559051991273,153.6121298603775,-0.2165393404647773,0.9999999999999984,0.0016601562499999997,-1.4878892733564004,-0.5413870509510853,0.0016601562500000023,-1,394,0.21058800320802346,0.8401580488318026,0.04074501503251658,-53.14498971026712,0.0,-20.0,-2.034757136339064,-0.4674205891246751,-3.0,0.8928162972052079,0.05265824837340538,3.0,-1.0,3.0,0.0,56.0,62.5,0,0,3.0,3.0,93.75,-2187.5,0.0,0.0,757.5,-2945.0,93.75,187.5
395,2019-06-05,10:56:18,153.4375,153.5,153.40625,153.4375,289,44345.71875,153.4453935986159,0.0,0.0,153.4049037377099,153.6067566112368,-0.20185287352688874,0.9999999999999964,0.0007812500000000005,0.31249999999999406,-1.2577882373436315,0.0007812500000000032,0,395,0.3128207285878018,0.8928162972052079,0.02795084971874743,-72.2170794655664,0.0,-20.0,-2.034757136339064,-0.4674205891246751,-3.0,0.9119903713362875,0.01917407413107952,3.0,-1.0,3.0,0.0,56.0,62.5,0,0,3.0,3.0,0.0,-2187.5,0.0,0.0,757.5,-2945.0,0.0,93.75
396,2019-06-05,11:03:27,153.4375,153.5,153.4375,153.5,290,44503.40625,153.46002155172414,0.0625,0.00040724903841216076,153.42603624044105,153.60347177899848,-0.17743553855743244,0.9999999999999984,0.0016601562499999997,-1.4878892733564004,-0.5413870509510853,0.0016601562500000023,-1,396,0.3548111668552142,0.9119903713362875,0.04074501503251658,-43.54779067226504,0.0,-20.0,-2.034757136339064,-0.4674205891246751,-3.0,0.9299375811626073,0.01794720982631981,3.0,-1.0,3.0,0.0,56.0,125.0,0,0,3.0,3.0,187.5,-2000.0,0.0,0.0,757.5,-2757.5,187.5,187.5
397,2019-06-05,11:10:03,153.5,153.5625,153.46875,153.5625,289,44367.34375,153.5202205882353,0.0625,0.00040708325414673396,153.45636152034305,153.60221110387943,-0.1458495835363749,0.9999999999999989,0.0017578124999999998,-2.4074074074074083,0.1656346649999846,0.001757812500000002,-1,397,0.3975496940833253,0.9299375811626073,0.04192627457812108,-34.78715554958595,0.0,-20.0,-2.034757136339064,-0.4674205891246751,-3.0,0.9462396886135938,0.01630210745098648,3.0,-1.0,3.0,0.0,56.0,187.5,0,0,3.0,3.0,187.5,-1812.5,0.0,0.0,757.5,-2570.0,187.5,187.5
398,2019-06-05,11:17:05,153.5625,153.5625,153.46875,153.53125,289,44366.53125,153.51740916955018,-0.03125,-0.00020352091247666237,153.47300340471128,153.60002767691185,-0.12702427220057189,0.9999999999999987,0.001953125,-1.7499999999999953,-0.8838834764831853,0.0019531250000000026,0,398,0.44036728135989445,0.9462396886135938,0.04419417382415925,-28.742311759459255,0.0,-20.0,-2.034757136339064,-0.4674205891246751,-3.0,0.9756918411044228,0.029452152490828998,3.0,-1.0,3.0,0.0,56.0,156.25,0,0,3.0,3.0,-93.75,-1906.25,0.0,0.0,757.5,-2663.75,-93.75,187.5
399,2019-06-05,11:25:45,153.53125,153.53125,153.5,153.53125,289,44366.5625,153.51751730103805,0.0,0.0,153.48594709255323,153.59791143282067,-0.11196434026743418,0.9999999999999997,0.0060546875,0.3173777315296557,-0.9198156830980229,0.006054687500000001,0,399,0.534957949353251,0.9756918411044228,0.07781187248742959,-14.389107560099122,0.0,-14.389107560099122,-1.3873863248266232,-0.4674205891246751,-2.0,0.9937372749593167,0.01804543385489399,3.0,-1.0,3.0,0.0,56.0,156.25,0,0,3.0,3.0,0.0,-1906.25,1.0,0.0,757.5,-2663.75,0.0,0.0
400,2019-06-05,11:28:13,153.53125,153.59375,153.53125,153.59375,290,44535.75,153.57155172413792,0.0625,0.0004070004126184301,153.50990329420807,153.59778338827186,-0.0878800940637916,0.9999999999999997,0.00732421875,-0.13333333333333405,-0.6085806194501847,0.007324218750000002,-1,400,0.6236649860998134,0.9937372749593167,0.08558164961018222,-10.268567439875092,0.0,-10.268567439875092,-0.9119686564126972,-0.4674205891246751,-1.0,0.9980577402924758,0.004320465333159107,2.0,-1.0,3.0,0.0,56.0,218.75,0,0,2.0,3.0,187.5,-1718.75,1.0,1.0,760.0,-2478.75,185.0,185.0
401,2019-06-05,11:32:23,153.59375,153.59375,153.46875,153.46875,289,44369.0625,153.5261678200692,-0.125,-0.0008141665420220434,153.5007581177174,153.59381311628601,-0.09305499856861843,0.9999999999999996,0.007031249999999999,1.238425925925925,-0.9989840732811562,0.007031250000000002,0,401,0.7497830672438448,0.9980577402924758,0.08385254915624213,-11.097456130430741,0.0,-11.097456130430741,-1.007603771504651,-0.4674205891246751,-1.0,0.9802010427629115,-0.017856697529564314,-1.0,-1.0,2.0,0.0,56.0,93.75,0,0,-1.0,2.0,-250.0,-1968.75,0.0,3.0,767.5,-2736.25,-257.5,185.0
402,2019-06-05,11:36:44,153.46875,153.5625,153.4375,153.5625,289,44367.21875,153.51978806228374,0.09375,0.0006106870418802757,153.51447853600243,153.592849632519,-0.0783710965165767,0.9999999999999997,0.00712890625,2.0210170763745565,-1.338503886932656,0.007128906250000002,-1,402,0.8331173677340069,0.9802010427629115,0.08443285053816436,-9.282062137787507,0.0,-9.282062137787507,-0.7981481287846452,-0.4674205891246751,-1.0,0.9110739243018333,-0.06912711846107822,-1.0,-1.0,-1.0,1.0,57.0,93.75,0,0,-1.0,-1.0,-93.75,-2062.5,0.0,0.0,767.5,-2830.0,-93.75,-93.75
403,2019-06-05,11:44:32,153.5625,153.625,153.5625,153.5625,290,44537.1875,153.57650862068965,0.0,0.0,153.52514997244634,153.59191579460423,-0.0667658221578904,0.9999999999999998,0.00654296875,2.3991980396524824,-1.2281952102833766,0.006542968750000002,0,403,0.9357263823321215,0.9110739243018333,0.08088861940965492,-8.25404397369665,0.0,-8.25404397369665,-0.6795379504101006,-0.4674205891246751,-1.0,0.7720760626009266,-0.13899786170090667,1.0,-1.0,-1.0,0.0,57.0,93.75,0,0,1.0,-1.0,-0.0,-2062.5,0.0,2.0,772.5,-2835.0,-5.0,-5.0
404,2019-06-05,11:51:28,153.5625,153.625,153.53125,153.59375,289,44383.4375,153.57590830449826,0.03125,0.00020347950014176774,153.54039442301382,153.59197223187306,-0.051577808859235574,0.9999999999999986,0.0021484374999999997,0.8677685950413286,0.5516180692881066,0.0021484375000000028,-1,404,0.9953278881565953,0.7720760626009266,0.04635124054434792,-11.127600524496637,0.0,-11.127600524496637,-1.0110817567018393,-0.4674205891246751,-1.0,0.411055001164275,-0.36102106143665164,-1.0,1.0,1.0,1.0,58.0,31.25,0,0,-1.0,1.0,31.25,-2031.25,0.0,2.0,777.5,-2808.75,26.25,26.25
405,2019-06-05,11:57:31,153.59375,153.625,153.59375,153.625,289,44392.03125,153.60564446366783,0.03125,0.00020343810465917045,153.55919566234408,153.59298847402877,-0.03379281168469106,0.9999999999999971,0.00078125,0.3125000000000024,-1.2577882373436315,0.0007812500000000022,-1,405,0.9352657770364284,0.411055001164275,0.027950849718747412,-12.090083852450926,0.0,-12.090083852450926,-1.1221306887137974,-0.4674205891246751,-2.0,0.05576073541977107,-0.35529426574450396,-1.0,1.0,-1.0,1.0,59.0,31.25,0,0,-1.0,-1.0,-31.25,-2062.5,-1.0,0.0,777.5,-2840.0,-31.25,26.25
406,2019-06-05,12:04:02,153.625,153.625,153.59375,153.59375,289,44394.625,153.61461937716263,-0.03125,-0.00020343810465917045,153.5668744040454,153.59301190566723,-0.02613750162183237,0.9999999999999993,0.001953125,-1.750000000000001,-0.8838834764831844,0.0019531250000000017,0,406,0.7454354302219075,0.05576073541977107,0.04419417382415924,-5.914241484823055,0.0,-5.914241484823055,-0.40957735996476197,-0.4674205891246751,-1.0,-0.2688971290513645,-0.32465786447113554,-2.0,1.0,-1.0,0.0,59.0,0.0,0,0,-2.0,-1.0,31.25,-2031.25,1.0,1.0,780.0,-2811.25,28.75,28.75
407,2019-06-05,12:07:28,153.5625,153.65625,153.53125,153.625,289,44388.03125,153.591803633218,0.03125,0.00020343810465917045,153.5797912031464,153.59399615757727,-0.014204954430852013,0.9999999999999997,0.018359375,3.361815301041195,1.740786947065143,0.018359375000000004,-1,407,0.49092427871475613,-0.2688971290513645,0.13549677117924253,-1.0483611016871335,0.0,-1.0483611016871335,0.1518358138027993,-0.4674205891246751,-0.0,-0.45035664810824605,-0.18145951905688157,-1.0,1.0,-2.0,0.0,59.0,31.25,0,0,-1.0,-2.0,-62.5,-2093.75,1.0,1.0,782.5,-2876.25,-65.0,28.75
408,2019-06-05,12:13:51,153.625,153.65625,153.5625,153.5625,289,44387.125,153.5886678200692,-0.0625,-0.0004069176048009382,153.57594871355832,153.5930270423131,-0.017078328754791983,1.0,0.0197265625,3.8040388197235586,1.9297766520456772,0.019726562500000003,0,408,0.3128891655239069,-0.45035664810824605,0.14045128158902645,-1.2159610479571676,0.0,-1.2159610479571676,0.1324985489401368,-0.4674205891246751,-0.0,-0.654179879603218,-0.20382323149497195,-0.0,1.0,-1.0,0.0,59.0,-31.25,0,0,-0.0,-1.0,62.5,-2031.25,0.0,1.0,785.0,-2816.25,60.0,60.0
409,2019-06-05,12:15:09,153.5625,153.84375,153.5625,153.84375,289,44427.375,153.72794117647058,0.28125,0.0018298266770759852,153.63546011054538,153.600741615869,0.034718494676383216,0.9999999999999998,0.0185546875,1.4875346260387812,1.2678237924425786,0.018554687500000003,-1,409,0.07223740782163199,-0.654179879603218,0.13621559198564606,2.5487900592203667,2.5487900592203667,0.0,0.2727931097101266,-0.18891515431907657,0.0,-0.7043721820735337,-0.0501923024703157,-0.0,1.0,-0.0,0.0,59.0,250.0,0,0,-0.0,-0.0,-0.0,-2031.25,0.0,0.0,785.0,-2816.25,-0.0,60.0
410,2019-06-05,12:15:47,153.84375,153.90625,153.8125,153.8125,289,44465.84375,153.86105103806227,-0.03125,-0.00020314880719940476,153.67480230820198,153.60725727565787,0.06754503254410338,0.9999999999999998,0.0203125,1.4242788461538478,1.4325983752863607,0.020312500000000004,0,410,0.003859857874127468,-0.7043721820735337,0.14252192813739226,4.739272996572811,4.739272996572811,0.0,0.2727931097101266,0.050438181470452925,0.0,-0.7165029349256409,-0.012130752852107185,0.0,1.0,-0.0,0.0,59.0,218.75,0,0,0.0,-0.0,0.0,-2031.25,0.0,0.0,785.0,-2816.25,0.0,0.0
411,2019-06-05,12:17:17,153.8125,153.9375,153.8125,153.90625,289,44464.0625,153.8548875432526,0.09375,0.0006093226551877606,153.72623512860156,153.61645707533015,0.10977805327141255,1.0,0.016796875000000003,1.9307733910221725,1.4467284665112357,0.016796875000000006,-1,411,-0.013377652853669961,-0.7165029349256409,0.12960275845829827,8.470348515516772,8.470348515516772,0.0,0.2727931097101266,0.4581315518745511,1.0,-0.7260693087925516,-0.009566373866910727,0.0,1.0,0.0,0.0,59.0,312.5,0,0,0.0,0.0,0.0,-2031.25,1.0,0.0,785.0,-2816.25,0.0,0.0
412,2019-06-05,12:18:30,153.90625,153.90625,153.84375,153.875,288,44315.09375,153.87185329861111,-0.03125,-0.0002030663018448564,153.75929398891233,153.62441226197097,0.1348817269413587,0.9999999999999982,0.00390625,-2.9999999999999996,-4.625929269271487e-16,0.003906250000000007,0,412,-0.02718669008808494,-0.7260693087925516,0.06250000000000006,21.581076310617373,20.0,0.0,0.2727931097101266,1.7179727020810263,2.0,-0.6673438372436075,0.05872547154894414,1.0,1.0,0.0,0.0,59.0,281.25,0,0,1.0,0.0,-0.0,-2031.25,1.0,1.0,787.5,-2818.75,-2.5,0.0
413,2019-06-05,12:21:09,153.875,153.9375,153.875,153.90625,289,44479.875,153.90960207612457,0.03125,0.0002030663018448564,153.79195088026515,153.63308421321557,0.15886666704957975,0.9999999999999988,0.006640624999999999,-1.4878892733564004,-0.541387050951085,0.006640625000000007,-1,413,0.0547342518752633,-0.6673438372436075,0.08149003006503315,19.495227443503964,19.495227443503964,0.0,0.2727931097101266,1.6628163741534667,2.0,-0.6294338496652239,0.0379099875783836,2.0,1.0,1.0,1.0,60.0,31.25,0,0,2.0,1.0,31.25,-2000.0,0.0,1.0,790.0,-2790.0,28.75,28.75
414,2019-06-05,12:21:56,153.90625,154.03125,153.90625,154.0,288,44340.78125,153.96104600694446,0.09375,0.0006089516071670076,153.83818401798402,153.6443739560328,0.1938100619512113,0.9999999999999988,0.006640624999999999,-1.4878892733564004,-0.541387050951085,0.006640625000000007,-1,414,0.10438325938134632,-0.6294338496652239,0.08149003006503315,23.78328512046702,20.0,0.0,0.2727931097101266,1.7179727020810263,2.0,-0.6142360512793617,0.015197798385862216,2.0,1.0,2.0,0.0,60.0,125.0,0,0,2.0,2.0,187.5,-1812.5,0.0,0.0,790.0,-2602.5,187.5,187.5
415,2019-06-05,12:23:11,154.0,154.0,153.875,153.90625,289,44487.0625,153.9344723183391,-0.09375,-0.0006089516071670076,153.85330979176535,153.65243169865647,0.2008780931088836,0.9999999999999991,0.006640625000000001,2.66435986159169,-1.7143923280117686,0.006640625000000008,0,415,0.12366328329921238,-0.6142360512793617,0.08149003006503315,24.65063431054974,20.0,0.0,0.2727931097101266,1.7179727020810263,2.0,-0.602852311601561,0.011383739677800597,2.0,1.0,2.0,0.0,60.0,31.25,0,0,2.0,2.0,-187.5,-2000.0,0.0,0.0,790.0,-2790.0,-187.5,187.5
416,2019-06-05,12:24:54,153.90625,154.03125,153.90625,154.0,288,44340.9375,153.96158854166666,0.09375,0.0006089516071670076,153.88590761581753,153.66312613133297,0.2227814844845568,0.9999999999999993,0.010546875,-3.333333333333334,-0.6085806194501845,0.010546875000000008,-1,416,0.13788616764968026,-0.602852311601561,0.10269797953221868,21.692879012742914,20.0,0.0,0.2727931097101266,1.7179727020810263,2.0,-0.5988857308760952,0.003966580725465851,2.0,1.0,2.0,0.0,60.0,125.0,0,0,2.0,2.0,187.5,-1812.5,0.0,0.0,790.0,-2602.5,187.5,187.5
417,2019-06-05,12:25:16,154.0,154.09375,153.96875,154.09375,289,44515.40625,154.03254757785467,0.09375,0.0006085810107698819,153.93209481230252,153.6763761246276,0.25571868767491424,0.999999999999999,0.008984375000000001,-3.0812854442344038,-0.3153558785805939,0.008984375000000008,-1,417,0.14279933746112838,-0.5988857308760952,0.09478594305064443,26.978545493637483,20.0,0.0,0.2727931097101266,1.7179727020810263,2.0,-0.5960886829372102,0.0027970479388850222,2.0,1.0,2.0,0.0,60.0,218.75,0,0,2.0,2.0,187.5,-1625.0,0.0,0.0,790.0,-2415.0,187.5,187.5
418,2019-06-05,12:25:51,154.09375,154.15625,154.0,154.0,288,44375.46875,154.08148871527777,-0.09375,-0.0006085810107698819,153.9471848540131,153.68633380280298,0.26085105121012475,0.9999999999999989,0.006054687500000001,2.814776274713836,-1.6712144101358444,0.006054687500000008,0,418,0.1462508386018579,-0.5960886829372102,0.07781187248742963,33.52329700744122,20.0,0.0,0.2727931097101266,1.7179727020810263,2.0,-0.602833090896088,-0.006744407958877874,2.0,1.0,2.0,0.0,60.0,125.0,0,0,2.0,2.0,-187.5,-1812.5,0.0,0.0,790.0,-2602.5,-187.5,187.5
419,2019-06-05,12:26:43,154.03125,154.0625,154.0,154.03125,288,44360.59375,154.02983940972223,0.03125,0.00020290149202129015,153.96586599756574,153.69694663001772,0.2689193675480226,0.9999999999999993,0.0078125,-2.9218750000000013,-0.3314563036811942,0.007812500000000007,-1,419,0.13791002782251524,-0.602833090896088,0.08838834764831847,30.424753341696686,20.0,0.0,0.2727931097101266,1.7179727020810263,2.0,-0.6073706287487235,-0.004537537852635443,2.0,1.0,2.0,0.0,60.0,156.25,0,0,2.0,2.0,62.5,-1750.0,0.0,0.0,790.0,-2540.0,62.5,62.5
420,2019-06-05,12:28:03,154.03125,154.125,154.03125,154.09375,289,44527.03125,154.07277249134947,0.0625,0.00040567951874859176,153.99428466477337,153.70915598805857,0.28512867671480535,0.9999999999999987,0.00537109375,-2.628099173553719,0.5814564991516649,0.005371093750000007,-1,420,0.13226289213110742,-0.6073706287487235,0.07328774624724113,38.90536840263918,20.0,0.0,0.2727931097101266,1.7179727020810263,2.0,-0.638421077012551,-0.031050448263827524,2.0,1.0,2.0,0.0,60.0,218.75,0,0,2.0,2.0,125.0,-1625.0,0.0,0.0,790.0,-2415.0,125.0,125.0
421,2019-06-05,12:29:00,154.09375,154.09375,153.96875,154.0,288,44361.0,154.03125,-0.09375,-0.0006085810107698819,153.9955547392682,153.7181050513313,0.27744968793689395,0.9999999999999987,0.00537109375,-2.62809917355372,-0.5814564991516648,0.005371093750000007,0,421,0.09281923119921626,-0.638421077012551,0.07328774624724113,37.85758222130325,20.0,0.0,0.2727931097101266,1.7179727020810263,2.0,-0.6781732414707656,-0.03975216445821461,2.0,1.0,2.0,0.0,60.0,125.0,0,0,2.0,2.0,-187.5,-1812.5,0.0,0.0,790.0,-2602.5,-187.5,125.0
422,2019-06-05,12:30:41,154.0,154.0,153.9375,153.9375,289,44499.375,153.97707612456747,-0.0625,-0.00040592653287241376,153.9826536860975,153.72485567738394,0.2577980087135643,0.9999999999999988,0.005078125,-2.5073964497041423,-0.2276977550124017,0.005078125000000007,0,422,0.040113340334156956,-0.6781732414707656,0.07126096406869617,36.17660974457837,20.0,0.0,0.2727931097101266,1.7179727020810263,2.0,-0.7217527652588729,-0.043579523788107255,2.0,1.0,2.0,0.0,60.0,62.5,0,0,2.0,2.0,-125.0,-1937.5,0.0,0.0,790.0,-2727.5,-125.0,-125.0
423,2019-06-05,12:32:02,153.9375,154.0,153.9375,154.0,288,44347.21875,153.9833984375,0.0625,0.00040592653287241376,153.9865084225203,153.7333216714284,0.2531867510919028,0.9999999999999988,0.005078125,-2.5073964497041423,-0.2276977550124017,0.005078125000000007,-1,423,-0.02093164008815766,-0.7217527652588729,0.07126096406869617,35.52951526839135,20.0,0.0,0.2727931097101266,1.7179727020810263,2.0,-0.7675791741228052,-0.0458264088639323,2.0,1.0,2.0,0.0,60.0,125.0,0,0,2.0,2.0,125.0,-1812.5,0.0,0.0,790.0,-2602.5,125.0,125.0
424,2019-06-05,12:33:19,154.0,154.03125,153.96875,154.0,288,44350.0,153.99305555555554,0.0,0.0,153.98950655084914,153.74152717244635,0.24797937840278905,0.9999999999999977,0.003125,-2.32421875,-0.052407843222651435,0.0031250000000000075,0,424,-0.08953741926481579,-0.7675791741228052,0.05590169943749481,44.359899770142306,20.0,0.0,0.2727931097101266,1.7179727020810263,2.0,-0.7939817718417316,-0.02640259771892639,2.0,1.0,2.0,0.0,60.0,125.0,0,0,2.0,2.0,0.0,-1812.5,0.0,0.0,790.0,-2602.5,0.0,125.0
425,2019-06-05,12:34:46,154.0,154.0625,154.0,154.0625,289,44521.5625,154.05384948096886,0.0625,0.0004057618233801463,154.00572731732714,153.75140327576233,0.25432404156481425,0.999999999999996,0.001953125,-1.7499999999999953,-0.8838834764831853,0.001953125000000008,-1,425,-0.13155029210539074,-0.7939817718417316,0.04419417382415931,57.54696141095974,20.0,0.0,0.2727931097101266,1.7179727020810263,2.0,-0.8166713851198791,-0.022689613278147558,2.0,1.0,2.0,0.0,60.0,187.5,0,0,2.0,2.0,125.0,-1687.5,0.0,0.0,790.0,-2477.5,125.0,125.0
426,2019-06-05,12:36:08,154.0625,154.09375,154.0,154.03125,288,44366.3125,154.04969618055554,-0.03125,-0.00020286033135885617,154.0113990245878,153.76001395798676,0.25138506660104554,0.999999999999995,0.0016601562499999997,-1.4878892733564004,-0.5413870509510853,0.0016601562500000078,0,426,-0.16940044430750337,-0.8166713851198791,0.04074501503251665,61.697134336661094,20.0,0.0,0.2727931097101266,1.7179727020810263,2.0,-0.8486450005065885,-0.0319736153867094,2.0,1.0,2.0,0.0,60.0,156.25,0,0,2.0,2.0,-62.5,-1750.0,0.0,0.0,790.0,-2540.0,-62.5,125.0
427,2019-06-05,12:37:53,154.03125,154.125,154.03125,154.09375,288,44374.5625,154.07834201388889,0.0625,0.00040567951874859176,154.0296992413461,153.77028277521472,0.2594164661313698,0.999999999999999,0.00849609375,1.5814506539833542,-1.4301684243036634,0.008496093750000008,-1,427,-0.22604943888197943,-0.8486450005065885,0.09217425752345396,28.14413406751453,20.0,0.0,0.2727931097101266,1.7179727020810263,2.0,-0.8588580739565888,-0.01021307345000022,2.0,1.0,2.0,0.0,60.0,218.75,0,0,2.0,2.0,125.0,-1625.0,0.0,0.0,790.0,-2415.0,125.0,125.0
428,2019-06-05,12:39:59,154.09375,154.125,154.09375,154.125,289,44538.71875,154.11321366782008,0.03125,0.00020277806010859933,154.05087718771367,153.7811971677779,0.2696800199357767,0.999999999999999,0.00712890625,2.021017076374554,-1.3385038869326558,0.007128906250000008,-1,428,-0.2451146328120148,-0.8588580739565888,0.08443285053816439,31.940177101314255,20.0,0.0,0.2727931097101266,1.7179727020810263,2.0,-0.8733952163546268,-0.01453714239803805,2.0,1.0,2.0,0.0,60.0,250.0,0,0,2.0,2.0,62.5,-1562.5,0.0,0.0,790.0,-2352.5,62.5,125.0
429,2019-06-05,12:41:26,154.125,154.15625,153.96875,153.96875,288,44374.34375,154.07758246527777,-0.15625,-0.001014301740271506,154.03262670155507,153.78696803256662,0.24565866898845456,0.999999999999999,0.00712890625,2.021017076374554,-1.3385038869326558,0.007128906250000008,0,429,-0.2732141140859475,-0.8733952163546268,0.08443285053816439,29.095152825311125,20.0,0.0,0.2727931097101266,1.7179727020810263,2.0,-0.9085010558656618,-0.035105839511034964,2.0,1.0,2.0,0.0,60.0,93.75,0,0,2.0,2.0,-312.5,-1875.0,0.0,0.0,790.0,-2665.0,-312.5,62.5
430,2019-06-05,12:43:15,153.96875,154.0625,153.96875,153.96875,288,44355.25,154.01128472222223,0.0,0.0,154.0184318789873,153.79256133177518,0.22587054721211075,0.9999999999999983,0.00537109375,3.3223140495867747,-1.744369497454994,0.005371093750000008,0,430,-0.3469196674844541,-0.9085010558656618,0.07328774624724115,30.81968798032365,20.0,0.0,0.2727931097101266,1.7179727020810263,2.0,-0.9573131536113033,-0.04881209774564155,2.0,1.0,2.0,0.0,60.0,93.75,0,0,2.0,2.0,0.0,-1875.0,0.0,0.0,790.0,-2665.0,0.0,0.0
431,2019-06-05,12:44:59,153.96875,154.0,153.9375,153.9375,289,44498.40625,153.9737240484429,-0.03125,-0.00020298386347938902,154.00044701699014,153.79702098921246,0.20342602777768093,0.9999999999999983,0.00458984375,4.1511996378451785,-2.0315314900210546,0.004589843750000008,0,431,-0.4725314218451551,-0.9573131536113033,0.0677483855896213,30.02669746404182,20.0,0.0,0.2727931097101266,1.7179727020810263,2.0,-0.9904885567188372,-0.03317540310753386,2.0,1.0,2.0,0.0,60.0,62.5,0,0,2.0,2.0,-62.5,-1937.5,0.0,0.0,790.0,-2727.5,-62.5,0.0
432,2019-06-05,12:47:18,153.9375,154.0625,153.90625,153.9375,288,44345.625,153.97786458333334,0.0,0.0,153.98645879099234,153.80134342605083,0.1851153649415096,0.9999999999999593,0.0001953125,5.000000000000004,-2.236067977499789,0.00019531250000000798,0,432,-0.6030867276939944,-0.9904885567188372,0.013975424859373971,132.45777270044428,20.0,0.0,0.2727931097101266,1.7179727020810263,2.0,-0.9998086131650336,-0.009320056446196379,2.0,1.0,2.0,0.0,60.0,62.5,0,0,2.0,2.0,0.0,-1937.5,0.0,0.0,790.0,-2727.5,0.0,0.0
433,2019-06-05,12:50:36,153.9375,153.9375,153.875,153.9375,289,44480.71875,153.91252162629758,0.0,0.0,153.9755790596607,153.80553286448503,0.1700461951756722,0.9999999999999836,0.00048828125,2.0,0.0,0.000488281250000008,0,433,-0.7208050513979117,-0.9998086131650336,0.022097086912079792,76.95412334316033,20.0,0.0,0.2727931097101266,1.7179727020810263,2.0,-0.9805956926277271,0.0192129205373065,2.0,1.0,2.0,0.0,60.0,62.5,0,0,2.0,2.0,0.0,-1937.5,0.0,0.0,790.0,-2727.5,0.0,0.0
434,2019-06-05,12:54:25,153.9375,154.03125,153.9375,153.9375,288,44341.09375,153.96213107638889,0.0,0.0,153.96711704640276,153.80959339679467,0.15752364960809473,0.9999999999999895,0.00078125,0.3124999999999976,1.257788237343632,0.0007812500000000083,0,434,-0.8320078094523328,-0.9805956926277271,0.02795084971874752,56.35737417400897,20.0,0.0,0.2727931097101266,1.7179727020810263,2.0,-0.9490868720523284,0.03150882057539861,2.0,1.0,2.0,0.0,60.0,62.5,0,0,2.0,2.0,0.0,-1937.5,0.0,0.0,790.0,-2727.5,0.0,0.0
435,2019-06-05,12:57:17,153.9375,153.96875,153.90625,153.96875,289,44486.0625,153.93101211072664,0.03125,0.00020298386347938902,153.96747992497993,153.81449052896545,0.15298939601447614,0.9999999999999937,0.00126953125,-0.17751479289940755,0.4047960089109363,0.001269531250000008,-1,435,-0.8938546232029803,-0.9490868720523284,0.035630482034348175,42.93778452589911,20.0,0.0,0.2727931097101266,1.7179727020810263,2.0,-0.9341378438529746,0.014949028199353842,2.0,1.0,2.0,0.0,60.0,93.75,0,0,2.0,2.0,62.5,-1875.0,0.0,0.0,790.0,-2665.0,62.5,62.5
436,2019-06-05,13:00:15,153.96875,154.03125,153.9375,154.03125,288,44350.25,153.99392361111111,0.0625,0.0004058441614143149,153.98165105276217,153.82116005896341,0.16049099379875997,0.999999999999995,0.0016601562499999997,-1.4878892733564004,0.5413870509510851,0.001660156250000008,-1,436,-0.9129104094309938,-0.9341378438529746,0.04074501503251665,39.389111446070096,20.0,0.0,0.2727931097101266,1.7179727020810263,2.0,-0.888048273059194,0.04608957079378062,2.0,1.0,2.0,0.0,60.0,156.25,0,0,2.0,2.0,125.0,-1750.0,0.0,0.0,790.0,-2540.0,125.0,125.0
437,2019-06-05,13:03:58,154.03125,154.0625,153.9375,154.0,289,44503.3125,153.99070069204151,-0.03125,-0.00020290149202129015,153.98572859659282,153.8266628326272,0.15906576396562855,0.999999999999995,0.0016601562499999997,-1.4878892733564004,0.5413870509510851,0.001660156250000008,0,437,-0.9530374540586704,-0.888048273059194,0.04074501503251665,39.03931900348687,20.0,0.0,0.2727931097101266,1.7179727020810263,2.0,-0.8258819250995109,0.06216634795968312,-2.0,1.0,2.0,0.0,60.0,125.0,0,0,-2.0,2.0,-62.5,-1812.5,0.0,4.0,800.0,-2612.5,-72.5,125.0
438,2019-06-05,13:07:44,154.0,154.03125,153.96875,153.96875,288,44347.3125,153.98372395833334,-0.03125,-0.00020294266939302474,153.98195557512778,153.83103475028014,0.15092082484764546,0.9999999999999966,0.00224609375,1.4555765595463157,1.118079933149378,0.0022460937500000076,0,438,-0.9826839919766437,-0.8258819250995109,0.04739297152532227,31.844558378663343,20.0,0.0,0.2727931097101266,1.7179727020810263,2.0,-0.6231740068661293,0.20270791823338152,-2.0,-1.0,-2.0,1.0,61.0,-31.25,0,0,-2.0,-2.0,62.5,-1750.0,0.0,0.0,800.0,-2550.0,62.5,62.5
439,2019-06-05,13:14:49,153.96875,154.0,153.9375,153.96875,289,44493.3125,153.95609861591694,0.0,0.0,153.97902100287718,153.83527214709844,0.14374885577873897,0.9999999999999893,0.0006835937500000001,-0.6122448979591925,0.5122408325718826,0.0006835937500000073,0,439,-0.9936669117887581,-0.6231740068661293,0.02614562582919,54.9800783954661,20.0,0.0,0.2727931097101266,1.7179727020810263,2.0,-0.23628380671531155,0.38689020015081776,-2.0,-1.0,-2.0,0.0,61.0,-31.25,0,0,-2.0,-2.0,-0.0,-1750.0,0.0,0.0,800.0,-2550.0,-0.0,62.5
440,2019-06-05,13:22:12,153.96875,153.96875,153.875,153.90625,288,44325.53125,153.90809461805554,-0.0625,-0.00040600893777398284,153.96284966890448,153.83745608329139,0.12539358561309655,0.9999999999999966,0.0021484374999999997,0.8677685950413263,-0.5516180692881066,0.002148437500000007,0,440,-0.8541622882849056,-0.23628380671531155,0.04635124054434797,27.052908215719143,20.0,0.0,0.2727931097101266,1.7179727020810263,2.0,0.17233687839106868,0.4086206851063802,-2.0,-1.0,-2.0,0.0,61.0,-93.75,0,0,-2.0,-2.0,125.0,-1625.0,0.0,0.0,800.0,-2425.0,125.0,125.0
441,2019-06-05,13:26:35,153.90625,153.9375,153.78125,153.84375,289,44465.90625,153.86126730103805,-0.0625,-0.0004061738479883559,153.9363830758146,153.83764974246108,0.09873333335352186,0.9999999999999962,0.0019531249999999996,1.9999999999999691,-2.6168207644729593e-15,0.001953125000000007,0,441,-0.5746665240229447,0.17233687839106868,0.0441941738241593,22.340803053896675,20.0,0.0,0.2727931097101266,1.7179727020810263,2.0,0.4174020430282439,0.24506516463717523,-2.0,-1.0,-2.0,0.0,61.0,-156.25,0,0,-2.0,-2.0,125.0,-1500.0,0.0,0.0,800.0,-2300.0,125.0,125.0
442,2019-06-05,13:28:46,153.84375,153.875,153.71875,153.71875,289,44443.96875,153.7853589965398,-0.125,-0.0008128429628611045,153.88802017007805,153.8339912852943,0.054028884783747344,0.9999999999999962,0.0019531249999999996,1.9999999999999691,-2.6168207644729593e-15,0.001953125000000007,0,442,-0.34741561930139164,0.4174020430282439,0.0441941738241593,12.225341059370994,12.225341059370994,0.0,0.2727931097101266,0.8684383275678734,1.0,0.31450820685312036,-0.10289383617512354,2.0,-1.0,-2.0,0.0,61.0,-281.25,0,0,2.0,-2.0,250.0,-1250.0,-1.0,4.0,810.0,-2060.0,240.0,240.0
443,2019-06-05,13:29:58,153.71875,153.75,153.625,153.65625,289,44416.78125,153.69128460207614,-0.0625,-0.0004066693834001711,153.8365156878385,153.82852231752256,0.007993370315944048,0.9999999999999978,0.0037109375,-0.8171745152354669,-0.0809982909540922,0.0037109375000000076,0,443,-0.4488335877591499,0.31450820685312036,0.06091746465505609,1.3121639846973845,1.3121639846973845,0.0,0.2727931097101266,-0.3240408706687048,-0.0,0.2264160439115985,-0.08809216294152186,1.0,-1.0,2.0,1.0,62.0,-62.5,0,0,1.0,2.0,-125.0,-1375.0,-1.0,1.0,812.5,-2187.5,-127.5,240.0
444,2019-06-05,13:32:07,153.65625,153.71875,153.625,153.65625,289,44408.03125,153.66100778546712,0.0,0.0,153.79645664609663,153.82322162599414,-0.026764979897507146,0.9999999999999982,0.00390625,-0.1874999999999988,-0.9374999999999997,0.003906250000000008,0,444,-0.5286433823328011,0.2264160439115985,0.06250000000000006,-4.28239678360114,0.0,-4.28239678360114,-0.22129917787382702,-0.4674205891246751,-1.0,0.2871275452673308,0.060711501355732306,0.0,-1.0,1.0,0.0,62.0,-62.5,0,0,0.0,1.0,0.0,-1375.0,-1.0,1.0,815.0,-2190.0,-2.5,-2.5
445,2019-06-05,13:36:41,153.65625,153.71875,153.625,153.6875,289,44411.5,153.67301038062283,0.03125,0.00020335536419846534,153.77224405807516,153.81904557227128,-0.04680151419611889,0.9999999999999958,0.0021484375,0.8677685950413228,-0.5516180692881075,0.002148437500000009,-1,445,-0.47430234885823264,0.2871275452673308,0.04635124054434799,-10.097143818910324,0.0,-10.097143818910324,-0.8921902254759024,-0.4674205891246751,-1.0,0.35015053191519596,0.06302298664786515,1.0,-1.0,0.0,0.0,62.0,-31.25,0,0,1.0,0.0,0.0,-1375.0,0.0,1.0,817.5,-2192.5,-2.5,-2.5
446,2019-06-05,13:40:55,153.6875,153.71875,153.625,153.6875,289,44414.09375,153.68198529411765,0.0,0.0,153.7534120451696,153.81499801273281,-0.06158596756321799,0.9999999999999857,0.0006835937499999997,-0.6122448979591795,0.5122408325718838,0.0006835937500000095,0,446,-0.4147484694472405,0.35015053191519596,0.026145625829190042,-23.554979316831233,0.0,-20.0,-2.034757136339064,-0.4674205891246751,-3.0,0.4218804434042899,0.07172991148909391,1.0,-1.0,1.0,1.0,63.0,0.0,0,0,1.0,1.0,0.0,-1375.0,-2.0,0.0,817.5,-2192.5,0.0,0.0
447,2019-06-05,13:44:35,153.6875,153.78125,153.65625,153.75,289,44420.96875,153.70577422145328,0.0625,0.00040658671021631676,153.7526538129097,153.8129980722184,-0.06034425930869247,0.9999999999999972,0.00361328125,2.6077428780131497,1.5174736878455117,0.0036132812500000106,-1,447,-0.34278488156217446,0.4218804434042899,0.06011057519272304,-10.038875707846781,0.0,-10.038875707846781,-0.8854673957748275,-0.4674205891246751,-1.0,0.47488376180703373,0.05300331840274386,3.0,-1.0,1.0,0.0,63.0,62.5,0,0,3.0,1.0,62.5,-1312.5,2.0,2.0,822.5,-2135.0,57.5,57.5
448,2019-06-05,13:48:32,153.75,153.84375,153.75,153.78125,288,44291.125,153.78862847222223,0.03125,0.0002032313796238583,153.75900852115203,153.81202120767142,-0.05301268651939495,0.9999999999999972,0.00361328125,2.6077428780131497,1.5174736878455117,0.0036132812500000106,-1,448,-0.2864947541297038,0.47488376180703373,0.06011057519272304,-8.819194684035006,0.0,-8.819194684035006,-0.744743633444908,-0.4674205891246751,-1.0,0.6498492795599027,0.17496551775286895,1.0,-1.0,3.0,0.0,63.0,93.75,0,0,1.0,3.0,93.75,-1218.75,0.0,2.0,827.5,-2046.25,88.75,88.75
449,2019-06-05,13:52:14,153.78125,153.9375,153.78125,153.9375,289,44471.34375,153.8800821799308,0.15625,0.0010155378145055849,153.79867329422936,153.8158820966017,-0.017208802372351784,0.9999999999999998,0.01591796875,2.7087959652226274,-1.2627565129988225,0.015917968750000008,-1,449,-0.07793293882466973,0.6498492795599027,0.1261664327386647,-1.3639762969281455,0.0,-1.3639762969281455,0.11542091773103635,-0.4674205891246751,-0.0,0.8426123887950451,0.1927631092351424,1.0,-1.0,1.0,0.0,63.0,250.0,0,0,1.0,1.0,156.25,-1062.5,1.0,0.0,827.5,-1890.0,156.25,156.25
450,2019-06-05,13:56:17,153.9375,154.03125,153.9375,153.96875,289,44499.53125,153.97761678200692,0.03125,0.00020298386347938902,153.83646811773397,153.8205857279557,0.015882389778283823,0.9999999999999997,0.015332031250000001,2.189541157856303,-0.8487591005924725,0.015332031250000006,-1,450,0.21502541478949877,0.8426123887950451,0.12382257972599346,1.2826731451912816,1.2826731451912816,0.0,0.2727931097101266,-0.3272633248091379,-0.0,0.9873156337581739,0.1447032449631288,0.0,-1.0,1.0,0.0,63.0,281.25,0,0,0.0,1.0,31.25,-1031.25,0.0,1.0,830.0,-1861.25,28.75,156.25
451,2019-06-05,14:00:03,153.96875,154.03125,153.78125,153.78125,288,44331.25,153.92795138888889,-0.1875,-0.001218521677984974,153.8241974249042,153.8193753969776,0.004822027926621786,0.9999999999999998,0.01513671875,1.9999999999999976,-0.6145167435493087,0.015136718750000005,0,451,0.5858703999658141,0.9873156337581739,0.12303137303143456,0.3919348218108365,0.3919348218108365,0.0,0.2727931097101266,-0.42459400261590985,-0.0,0.990502760496168,0.0031871267379941504,0.0,-1.0,0.0,0.0,63.0,93.75,0,0,0.0,0.0,-0.0,-1031.25,0.0,0.0,830.0,-1861.25,-0.0,28.75
452,2019-06-05,14:00:33,153.8125,153.9375,153.75,153.78125,289,44458.84375,153.83682958477507,0.0,0.0,153.81465355270328,153.81820230700643,-0.0035487543031536006,0.9999999999999996,0.00849609375,4.43519619500595,-2.0770565944246666,0.008496093750000003,0,452,0.7976133392833894,0.990502760496168,0.09217425752345393,-0.3850049242057212,0.0,-0.3850049242057212,0.22837219933107344,-0.4674205891246751,-0.0,0.8283851348650437,-0.1621176256311243,-0.0,-1.0,0.0,0.0,63.0,93.75,0,0,-0.0,0.0,0.0,-1031.25,0.0,0.0,830.0,-1861.25,0.0,0.0
453,2019-06-05,14:00:48,153.78125,153.90625,153.78125,153.78125,289,44459.34375,153.8385596885813,0.0,0.0,153.80723054099144,153.8170653121618,-0.009834771170346812,0.9999999999999997,0.00751953125,3.772980266486762,-1.8814382337850113,0.007519531250000002,0,453,0.981848950420578,0.8283851348650437,0.08671523078444757,-1.134145764403672,0.0,-1.134145764403672,0.14193819282485953,-0.4674205891246751,-0.0,0.5991529564290718,-0.22923217843597188,0.0,-1.0,-0.0,0.0,63.0,93.75,0,0,0.0,-0.0,-0.0,-1031.25,0.0,0.0,830.0,-1861.25,-0.0,-0.0
454,2019-06-05,14:01:41,153.78125,153.875,153.75,153.8125,288,44294.3125,153.79969618055554,0.03125,0.00020319008502323044,153.80840153188225,153.8169248409246,-0.008523309042345772,0.9999999999999979,0.0022460937500000003,1.455576559546311,1.1180799331493774,0.002246093750000005,-1,454,0.9897992610445814,0.5991529564290718,0.04739297152532224,-1.7984331363969732,0.0,-1.7984331363969732,0.06529436839033398,-0.4674205891246751,-0.0,0.22891564267919692,-0.3702373137498749,-0.0,1.0,0.0,0.0,63.0,125.0,0,0,-0.0,0.0,0.0,-1031.25,0.0,0.0,830.0,-1861.25,0.0,0.0
455,2019-06-05,14:02:26,153.8125,153.8125,153.71875,153.78125,289,44435.65625,153.75659602076124,-0.03125,-0.00020319008502323044,153.80236785813065,153.81582715280146,-0.01345929467080964,0.9999999999999988,0.00361328125,-0.021913805697588867,0.5901286563843656,0.0036132812500000045,0,455,0.8501982575229364,0.22891564267919692,0.06011057519272299,-2.2390893162571217,0.0,-2.2390893162571217,0.014452554577364829,-0.4674205891246751,-0.0,-0.27181117674653943,-0.5007268194257364,-0.0,1.0,-0.0,0.0,63.0,93.75,0,0,-0.0,-0.0,0.0,-1031.25,0.0,0.0,830.0,-1861.25,0.0,0.0
456,2019-06-05,14:03:27,153.78125,153.875,153.75,153.875,289,44452.59375,153.81520328719722,0.09375,0.0006094464383661347,153.81850833410164,153.81764785693363,0.0008604771680040812,0.999999999999999,0.00634765625,-2.2603550295857993,0.0,0.006347656250000005,-1,456,0.4882851113850536,-0.27181117674653943,0.0796721798998873,0.10800221220071055,0.10800221220071055,0.0,0.2727931097101266,-0.4556192236257347,-0.0,-0.9500560562166347,-0.6782448794700953,-0.0,1.0,-0.0,0.0,63.0,187.5,0,0,-0.0,-0.0,-0.0,-1031.25,0.0,0.0,830.0,-1861.25,-0.0,-0.0
457,2019-06-05,14:05:21,153.875,153.90625,153.8125,153.8125,289,44456.96875,153.83034169550174,-0.0625,-0.0004062563533429042,153.81717314874572,153.81748946123946,-0.00031631249373731407,0.9999999999999997,0.01123046875,-2.234404536862003,0.19231559498464848,0.011230468750000003,0,457,-0.4511176899284708,-0.9500560562166347,0.10597390598633233,-0.029848149013032465,0.0,-0.029848149013032465,0.2693493045301698,-0.4674205891246751,-0.0,-0.9999909366428081,-0.049934880426173445,-0.0,1.0,-0.0,0.0,63.0,125.0,0,0,-0.0,-0.0,0.0,-1031.25,0.0,0.0,830.0,-1861.25,0.0,0.0
458,2019-06-05,14:06:32,153.8125,154.0,153.8125,153.9375,288,44331.6875,153.92947048611111,0.125,0.0008123477294823545,153.84391244902446,153.8211820953761,0.022730353648370283,0.9999999999999999,0.01298828125,-2.8509243032393017,0.48243454256788404,0.012988281250000002,-1,458,-0.7040898382334757,-0.9999909366428081,0.11396614080506544,1.9944830532824351,1.9944830532824351,0.0,0.2727931097101266,-0.24948409492133028,0.0,-0.9762544459082658,0.023736490734542315,-0.0,1.0,-0.0,0.0,63.0,250.0,0,0,-0.0,-0.0,-0.0,-1031.25,0.0,0.0,830.0,-1861.25,-0.0,-0.0
459,2019-06-05,14:08:40,153.90625,153.9375,153.75,153.8125,289,44454.875,153.82309688581316,-0.125,-0.0008123477294823545,153.8369319047968,153.8209149538274,0.016016950969401478,1.0,0.01005859375,4.069186539730421,1.9693601762387916,0.01005859375,0,459,-0.843494559088767,-0.9762544459082658,0.10029254084925758,1.5970231518488889,1.5970231518488889,0.0,0.2727931097101266,-0.29291440502713784,-0.0,-0.8955011700305014,0.08075327587776437,0.0,1.0,-0.0,0.0,63.0,125.0,0,0,0.0,-0.0,0.0,-1031.25,-0.0,0.0,830.0,-1861.25,0.0,0.0
460,2019-06-05,14:10:56,153.8125,153.8125,153.6875,153.71875,289,44434.09375,153.7511894463668,-0.09375,-0.0006096941556616997,153.8106692592864,153.81777141504736,-0.007102155760946971,0.9999999999999997,0.01240234375,-2.233864467728935,0.7225071865278925,0.012402343750000003,0,460,-0.9479192988215118,-0.8955011700305014,0.11136581050753415,-0.6377321485454007,0.0,-0.6377321485454007,0.19921316089565566,-0.4674205891246751,-0.0,-0.6855423463632786,0.20995882366722285,0.0,1.0,0.0,0.0,63.0,31.25,0,0,0.0,0.0,-0.0,-1031.25,0.0,0.0,830.0,-1861.25,-0.0,-0.0
461,2019-06-05,14:13:36,153.71875,153.71875,153.625,153.625,289,44410.46875,153.6694420415225,-0.09375,-0.0006100661094139426,153.76940942388944,153.81183998371137,-0.04243055982192345,0.9999999999999996,0.005566406249999999,1.0987996306555878,1.2639100390556428,0.005566406250000001,0,461,-0.9995485393998734,-0.6855423463632786,0.07460835241445828,-5.687105859973512,0.0,-5.687105859973512,-0.3833710166143569,-0.4674205891246751,-1.0,-0.3496328129699361,0.3359095333933425,0.0,-1.0,0.0,0.0,63.0,-62.5,0,0,0.0,0.0,-0.0,-1031.25,-1.0,0.0,830.0,-1861.25,-0.0,-0.0
462,2019-06-05,14:15:15,153.625,153.71875,153.59375,153.6875,289,44402.3125,153.64121972318338,0.0625,0.0004067520902122368,153.75120732969182,153.80801413607023,-0.05680680637840396,0.9999999999999998,0.00439453125,-0.9629629629629642,0.5237828008789239,0.004394531250000002,-1,462,-0.9097067500383177,-0.3496328129699361,0.06629126073623884,-8.56927530831374,0.0,-8.56927530831374,-0.7159085575980046,-0.4674205891246751,-1.0,0.14703914186829525,0.49667195483823134,1.0,-1.0,0.0,0.0,63.0,0.0,0,0,1.0,0.0,0.0,-1031.25,0.0,1.0,832.5,-1863.75,-2.5,-0.0
463,2019-06-05,14:17:25,153.6875,153.6875,153.59375,153.65625,289,44401.3125,153.63775951557093,-0.03125,-0.00020335536419846534,153.73010570087143,153.80334446799262,-0.07323876712118249,0.9999999999999993,0.00322265625,1.0743801652892582,-0.2669003066972995,0.0032226562500000024,0,463,-0.5954486329327279,0.14703914186829525,0.05676844413932799,-12.90131660847196,0.0,-12.90131660847196,-1.2157287060017725,-0.4674205891246751,-2.0,0.23116669181391605,0.0841275499456208,1.0,-1.0,1.0,1.0,64.0,-31.25,0,0,1.0,1.0,-31.25,-1062.5,-1.0,0.0,832.5,-1895.0,-31.25,-2.5
464,2019-06-05,14:20:38,153.65625,153.75,153.65625,153.65625,289,44421.21875,153.7066392733564,0.0,0.0,153.7136933229,153.79881848215226,-0.08512515925224307,0.9999999999999988,0.0021484375,0.8677685950413228,0.5516180692881075,0.0021484375000000028,0,464,-0.5244946639073192,0.23116669181391605,0.04635124054434792,-18.365238611207623,0.0,-18.365238611207623,-1.8461424340920858,-0.4674205891246751,-2.0,0.2861646720351737,0.05499798022125765,2.0,-1.0,1.0,0.0,64.0,-31.25,0,0,2.0,1.0,0.0,-1062.5,0.0,1.0,835.0,-1897.5,-2.5,-2.5
465,2019-06-05,14:24:08,153.65625,153.78125,153.65625,153.65625,289,44422.875,153.71237024221455,0.0,0.0,153.70092814003337,153.79443175754858,-0.09350361751521064,0.9999999999999994,0.005078125,2.8180473372781023,1.4926852828590786,0.005078125000000003,0,465,-0.47518691577269007,0.2861646720351737,0.07126096406869614,-13.121295612149225,0.0,-13.121295612149225,-1.2411093362048289,-0.4674205891246751,-2.0,0.4023919193731919,0.1162272473380182,2.0,-1.0,2.0,0.0,64.0,-31.25,0,0,2.0,2.0,0.0,-1062.5,0.0,0.0,835.0,-1897.5,0.0,0.0
466,2019-06-05,14:25:00,153.65625,153.6875,153.5625,153.59375,289,44394.25,153.61332179930795,-0.0625,-0.0004068348306729419,153.67711077558153,153.7882569314072,-0.11114615582567922,0.9999999999999991,0.005078125,-0.17751479289940755,0.4047960089109363,0.005078125000000004,0,466,-0.3627992221938014,0.4023919193731919,0.07126096406869616,-15.597060365129696,0.0,-15.597060365129696,-1.526756914449829,-0.4674205891246751,-2.0,0.5859528111915149,0.18356089181832297,2.0,-1.0,2.0,0.0,64.0,-93.75,0,0,2.0,2.0,-125.0,-1187.5,0.0,0.0,835.0,-2022.5,-125.0,0.0
467,2019-06-05,14:28:07,153.59375,153.71875,153.59375,153.71875,289,44406.6875,153.65635813148788,0.125,0.000813504214073113,153.68636393656342,153.78611825564388,-0.09975431908046062,0.9999999999999991,0.005078125,-0.17751479289940755,0.4047960089109363,0.005078125000000004,-1,467,-0.15866936227476922,0.5859528111915149,0.07126096406869616,-13.998452081604821,0.0,-13.998452081604821,-1.3423134675506239,-0.4674205891246751,-2.0,0.8048271214111038,0.21887431021958892,2.0,-1.0,2.0,0.0,64.0,31.25,0,0,2.0,2.0,250.0,-937.5,0.0,0.0,835.0,-1772.5,250.0,250.0
468,2019-06-05,14:31:49,153.71875,153.8125,153.6875,153.78125,289,44431.9375,153.74372837370242,0.0625,0.00040650407063846927,153.70744972843823,153.785968463098,-0.07851873465975245,0.9999999999999996,0.0056640625,-0.9453032104637344,0.6013638196305312,0.005664062500000003,-1,468,0.14942425529904105,0.8048271214111038,0.07525996611745187,-10.4330015957242,0.0,-10.4330015957242,-0.9309406602521222,-0.4674205891246751,-1.0,0.9642404184279603,0.15941329701685647,2.0,-1.0,2.0,0.0,64.0,93.75,0,0,2.0,2.0,125.0,-812.5,1.0,0.0,835.0,-1647.5,125.0,250.0
469,2019-06-05,14:34:33,153.78125,153.875,153.78125,153.78125,289,44452.46875,153.81477076124568,0.0,0.0,153.72384978878532,153.7858232795574,-0.06197349077208969,0.9999999999999991,0.00390625,-0.1874999999999988,0.9374999999999997,0.0039062500000000035,0,469,0.494417075917777,0.9642404184279603,0.06250000000000003,-9.915758523534347,0.0,-9.915758523534347,-0.8712624413271755,-0.4674205891246751,-1.0,0.992428895821689,0.02818847739372876,1.0,-1.0,2.0,0.0,64.0,93.75,0,0,1.0,2.0,0.0,-812.5,0.0,1.0,837.5,-1650.0,-2.5,125.0
470,2019-06-05,14:37:20,153.78125,153.8125,153.71875,153.75,289,44436.6875,153.7601643598616,-0.03125,-0.0002032313796238583,153.72966094683304,153.78472102435566,-0.05506007752262576,0.9999999999999994,0.004687500000000001,1.7447916666666632,-0.846307423922913,0.004687500000000002,0,470,0.7886004436553328,0.992428895821689,0.06846531968814579,-8.042039060566742,0.0,-8.042039060566742,-0.6550773509372727,-0.4674205891246751,-1.0,0.8827022068575863,-0.10972668896410276,-1.0,-1.0,1.0,0.0,64.0,62.5,0,0,-1.0,1.0,-31.25,-843.75,0.0,2.0,842.5,-1686.25,-36.25,-2.5
471,2019-06-05,14:42:27,153.75,153.75,153.65625,153.75,289,44425.15625,153.72026384083046,0.0,0.0,153.7341807364257,153.78365268472558,-0.04947194829986756,0.9999999999999997,0.01025390625,2.0,0.7347778569623423,0.010253906250000003,0,471,0.956457368886126,0.8827022068575863,0.10126157341262283,-4.885559905165428,0.0,-4.885559905165428,-0.2908906383525005,-0.4674205891246751,-1.0,0.6576897825058017,-0.2250124243517846,1.0,-1.0,-1.0,1.0,65.0,0.0,0,0,1.0,-1.0,-0.0,-843.75,0.0,2.0,847.5,-1691.25,-5.0,-5.0
472,2019-06-05,14:46:17,153.75,153.75,153.625,153.625,289,44425.84375,153.72264273356402,-0.125,-0.0008133388004285536,153.70991835055335,153.7787710618009,-0.06885271124755832,0.9999999999999997,0.011035156249999999,2.03383193672175,1.1688675578985666,0.011035156250000002,0,472,0.9977125865889467,0.6576897825058017,0.10504835196232258,-6.554382811474619,0.0,-6.554382811474619,-0.4834352737558156,-0.4674205891246751,-1.0,0.2726236954567857,-0.38506608704901596,-1.0,1.0,1.0,1.0,66.0,-125.0,0,0,-1.0,1.0,-125.0,-968.75,0.0,2.0,852.5,-1821.25,-130.0,-5.0
473,2019-06-05,14:51:33,153.625,153.78125,153.625,153.78125,289,44423.09375,153.71312716262975,0.15625,0.0010165701800524118,153.72576982820817,153.77884733685056,-0.05307750864238869,0.9999999999999999,0.010937500000000001,1.4684311224489797,0.8884176939918593,0.010937500000000003,-1,473,0.8730961642027572,0.2726236954567857,0.10458250331675946,-5.075180547326119,0.0,-5.075180547326119,-0.312768596326196,-0.4674205891246751,-1.0,-0.3141118661921543,-0.58673556164894,-1.0,1.0,-1.0,1.0,67.0,156.25,0,0,-1.0,-1.0,-156.25,-1125.0,0.0,0.0,852.5,-1977.5,-156.25,-130.0
474,2019-06-05,14:54:27,153.78125,153.875,153.71875,153.71875,288,44299.09375,153.81629774305554,-0.0625,-0.00040650407063846927,153.72420986638414,153.7769981873639,-0.05278832097974373,0.9999999999999999,0.0115234375,2.0985349037632837,1.3470063149059819,0.011523437500000002,0,474,0.4492066324811738,-0.3141118661921543,0.10734727523323544,-4.917527796122403,0.0,-4.917527796122403,-0.2945790140846727,-0.4674205891246751,-1.0,-0.8071362860974001,-0.49302441990524576,-1.0,1.0,-1.0,0.0,67.0,93.75,0,0,-1.0,-1.0,62.5,-1062.5,0.0,0.0,852.5,-1915.0,62.5,62.5
475,2019-06-05,14:58:39,153.71875,153.75,153.59375,153.71875,289,44410.9375,153.67106401384083,0.0,0.0,153.72299656274322,153.77520593482447,-0.05220937208125065,0.9999999999999998,0.01005859375,2.711848430577812,1.6607968306529899,0.010058593750000002,0,475,-0.15328033710777017,-0.8071362860974001,0.1002925408492576,-5.2057083846068615,0.0,-5.2057083846068615,-0.3278285734778683,-0.4674205891246751,-1.0,-0.9884546251823465,-0.18131833908494643,-1.0,1.0,-1.0,0.0,67.0,93.75,0,0,-1.0,-1.0,-0.0,-1062.5,0.0,0.0,852.5,-1915.0,-0.0,62.5
476,2019-06-05,15:02:29,153.71875,153.71875,153.625,153.65625,289,44411.6875,153.67365916955018,-0.0625,-0.0004066693834001711,153.70816399324474,153.77154575098623,-0.0633817577414959,1.0,0.00390625,-0.1875,0.9375000000000006,0.003906250000000001,0,476,-0.5918041473031068,-0.9884546251823465,0.0625,-10.141081238639345,0.0,-10.141081238639345,-0.8972596156612258,-0.4674205891246751,-1.0,-0.9310413564633587,0.057413268718987776,-1.0,1.0,-1.0,0.0,67.0,31.25,0,0,-1.0,-1.0,62.5,-1000.0,0.0,0.0,852.5,-1852.5,62.5,62.5
477,2019-06-05,15:04:51,153.65625,153.65625,153.5625,153.5625,290,44545.15625,153.60398706896552,-0.09375,-0.0006103143308147096,153.67579421696814,153.76511357194084,-0.0893193549727016,0.9999999999999998,0.00361328125,-0.021913805697585314,0.5901286563843663,0.003613281250000001,0,477,-0.9163785931401819,-0.9310413564633587,0.06011057519272296,-14.859174893324706,0.0,-14.859174893324706,-1.4416215243488426,-0.4674205891246751,-2.0,-0.6720600899761796,0.2589812664871791,-1.0,1.0,-1.0,0.0,67.0,-62.5,0,0,-1.0,-1.0,93.75,-906.25,-1.0,0.0,852.5,-1758.75,93.75,93.75
478,2019-06-05,15:08:20,153.5625,153.625,153.5625,153.625,289,44384.34375,153.57904411764707,0.0625,0.0004069176048009382,153.66450661319746,153.76080238375286,-0.0962957705554004,0.9999999999999998,0.00654296875,-2.412564045444421,0.36326900585846356,0.006542968750000002,-1,478,-0.9988284242473379,-0.6720600899761796,0.08088861940965492,-11.904736569642388,0.0,-11.904736569642388,-1.1007457803113279,-0.4674205891246751,-2.0,-0.3183698493838794,0.3536902405923002,2.0,1.0,-1.0,0.0,67.0,0.0,0,0,2.0,-1.0,-62.5,-968.75,0.0,3.0,860.0,-1828.75,-70.0,93.75
479,2019-06-05,15:10:44,153.625,153.6875,153.59375,153.59375,289,44401.15625,153.6372188581315,-0.03125,-0.00020343810465917045,153.64878292137584,153.75566230883618,-0.10687938746033865,0.9999999999999998,0.00654296875,-2.412564045444421,0.36326900585846356,0.006542968750000002,0,479,-0.8954350773037952,-0.3183698493838794,0.08088861940965492,-13.213155106413087,0.0,-13.213155106413087,-1.251707856134355,-0.4674205891246751,-2.0,0.0766925121545146,0.395062361538394,2.0,-1.0,2.0,1.0,68.0,-31.25,0,0,2.0,2.0,-62.5,-1031.25,0.0,0.0,860.0,-1891.25,-62.5,-62.5
480,2019-06-05,15:16:37,153.59375,153.71875,153.59375,153.6875,289,44402.53125,153.6419766435986,0.09375,0.0006101901948714072,153.65738671662567,153.75356500640476,-0.09617828977908971,0.9999999999999996,0.00537109375,-2.62809917355372,0.5814564991516648,0.005371093750000002,-1,480,-0.6507944093438108,0.0766925121545146,0.0732877462472411,-13.12337937840602,0.0,-13.12337937840602,-1.2413497559717577,-0.4674205891246751,-2.0,0.4895713875391905,0.4128788753846759,2.0,-1.0,2.0,0.0,68.0,62.5,0,0,2.0,2.0,187.5,-843.75,0.0,0.0,860.0,-1703.75,187.5,187.5
481,2019-06-05,15:20:35,153.6875,153.6875,153.59375,153.625,289,44401.875,153.63970588235293,-0.0625,-0.0004067520902122368,153.65018966848666,153.74960915891847,-0.09941949043181353,0.9999999999999997,0.00458984375,4.1511996378451785,2.031531490021056,0.004589843750000001,0,481,-0.2703918575885647,0.4895713875391905,0.06774838558962126,-14.674813217548335,0.0,-14.674813217548335,-1.420350332833852,-0.4674205891246751,-2.0,0.7407754241064033,0.2512040365672128,2.0,-1.0,2.0,0.0,68.0,0.0,0,0,2.0,2.0,-125.0,-968.75,0.0,0.0,860.0,-1828.75,-125.0,187.5
482,2019-06-05,15:25:59,153.625,153.65625,153.5,153.5625,289,44381.5,153.56920415224914,-0.0625,-0.0004069176048009382,153.63070307548966,153.74385195242712,-0.11314887693745845,0.9999999999999998,0.0048828125,5.0,2.23606797749979,0.004882812500000001,0,482,0.04880639359658876,0.7407754241064033,0.06987712429686843,-16.19254914623458,0.0,-16.19254914623458,-1.5954629286177342,-0.4674205891246751,-2.0,0.8222287918574419,0.08145336775103862,2.0,-1.0,2.0,0.0,68.0,-62.5,0,0,2.0,2.0,-125.0,-1093.75,0.0,0.0,860.0,-1953.75,-125.0,-125.0
483,2019-06-05,15:28:08,153.5625,153.5625,153.46875,153.5,290,44522.78125,153.52683189655173,-0.0625,-0.00040708325414673396,153.6016579476031,153.73634881340632,-0.1346908658032362,0.9999999999999972,0.00019531249999999963,5.000000000000057,2.2360679774997854,0.00019531250000000017,0,483,0.17894870362428278,0.8222287918574419,0.013975424859373692,-96.37693820298809,0.0,-20.0,-2.034757136339064,-0.4674205891246751,-3.0,0.7899939297523434,-0.032234862105098516,-2.0,-1.0,2.0,0.0,68.0,-125.0,0,0,-2.0,2.0,-125.0,-1218.75,-1.0,4.0,870.0,-2088.75,-135.0,-125.0
484,2019-06-05,15:29:52,153.5,153.5,153.4375,153.4375,289,44352.75,153.469723183391,-0.0625,-0.00040724903841216076,153.5651784036913,153.72715346289849,-0.16197505920717958,0.9999999999999999,0.0007812500000000005,0.31249999999999406,1.2577882373436315,0.0007812500000000005,0,484,0.1250725284132,0.7899939297523434,0.02795084971874738,-57.94995888748906,0.0,-20.0,-2.034757136339064,-0.4674205891246751,-3.0,0.6995230277204586,-0.09047090203188479,-3.0,-1.0,-2.0,1.0,69.0,-62.5,0,0,-3.0,-2.0,125.0,-1093.75,0.0,1.0,872.5,-1966.25,122.5,122.5
485,2019-06-05,15:32:42,153.4375,153.46875,153.375,153.40625,289,44337.96875,153.41857698961937,-0.03125,-0.00020368673051329722,153.5298609806488,153.71727950769295,-0.1874185270441444,0.9999999999999992,0.0006835937500000001,-0.6122448979591925,0.5122408325718826,0.0006835937500000006,0,485,-0.010668140772506229,0.6995230277204586,0.026145625829189872,-71.68255534159138,0.0,-20.0,-2.034757136339064,-0.4674205891246751,-3.0,0.6199271389945394,-0.07959588872591916,-3.0,-1.0,-3.0,0.0,69.0,-93.75,0,0,-3.0,-3.0,93.75,-1000.0,0.0,0.0,872.5,-1872.5,93.75,122.5
486,2019-06-05,15:37:34,153.40625,153.46875,153.375,153.40625,290,44492.84375,153.42359913793103,0.0,0.0,153.50239187383798,153.70770936664525,-0.20531749280726785,0.9999999999999996,0.00537109375,3.3223140495867725,1.7443694974549941,0.005371093750000002,0,486,-0.11648328456707976,0.6199271389945394,0.0732877462472411,-28.01525538998233,0.0,-20.0,-2.034757136339064,-0.4674205891246751,-3.0,0.6037407104725591,-0.01618642852198038,-3.0,-1.0,-3.0,0.0,69.0,-93.75,0,0,-3.0,-3.0,-0.0,-1000.0,0.0,0.0,872.5,-1872.5,-0.0,93.75
487,2019-06-05,15:43:10,153.40625,153.46875,153.375,153.375,290,44490.4375,153.41530172413792,-0.03125,-0.0002037282272508989,153.47408256854067,153.697472152928,-0.22338958438731993,0.9999999999999992,0.00419921875,1.9307733910221725,1.446728466511237,0.004199218750000002,0,487,-0.13678276651800514,0.6037407104725591,0.06480137922914915,-34.4729675578933,0.0,-20.0,-2.034757136339064,-0.4674205891246751,-3.0,0.6448464237122445,0.04110571323968548,3.0,-1.0,-3.0,0.0,69.0,-125.0,0,0,3.0,-3.0,93.75,-906.25,0.0,6.0,887.5,-1793.75,78.75,78.75
488,2019-06-05,15:48:46,153.375,153.5,153.375,153.5,289,44340.75,153.42820069204151,0.125,0.0008146639961763569,153.47984199775388,153.69139608528278,-0.2115540875288957,0.9999999999999992,0.00419921875,1.9307733910221725,1.446728466511237,0.004199218750000002,-1,488,-0.08447503775395361,0.6448464237122445,0.06480137922914915,-32.64654086771873,0.0,-20.0,-2.034757136339064,-0.4674205891246751,-3.0,0.7270190665929821,0.08217264288073756,3.0,-1.0,3.0,1.0,70.0,125.0,0,0,3.0,3.0,375.0,-531.25,0.0,0.0,887.5,-1418.75,375.0,375.0
489,2019-06-05,15:53:08,153.5,153.59375,153.5,153.53125,289,44371.5625,153.53481833910035,0.03125,0.0002035623416700716,153.49126599825306,153.68646851232648,-0.19520251407342926,0.9999999999999992,0.00419921875,1.9307733910221725,1.446728466511237,0.004199218750000002,-1,489,0.028568383648895898,0.7270190665929821,0.06480137922914915,-30.123203610089625,0.0,-20.0,-2.034757136339064,-0.4674205891246751,-3.0,0.8243801655735165,0.09736109898053436,3.0,-1.0,3.0,0.0,70.0,156.25,0,0,3.0,3.0,93.75,-437.5,0.0,0.0,887.5,-1325.0,93.75,375.0
490,2019-06-05,15:57:04,153.53125,153.5625,153.46875,153.5,290,44520.8125,153.52004310344827,-0.03125,-0.0002035623416700716,153.49320688753016,153.68073101839647,-0.18752413086630781,0.9999999999999993,0.00341796875,1.999999999999999,1.145405322481819,0.0034179687500000026,0,490,0.1826765432646893,0.8243801655735165,0.058463396668342854,-32.07547654648154,0.0,-20.0,-2.034757136339064,-0.4674205891246751,-3.0,0.8524980406351863,0.02811787506166985,3.0,-1.0,3.0,0.0,70.0,125.0,0,0,3.0,3.0,-93.75,-531.25,0.0,0.0,887.5,-1418.75,-93.75,93.75
491,2019-06-05,16:01:59,153.5,153.5625,153.46875,153.5,289,44364.15625,153.50919117647058,0.0,0.0,153.49471646807905,153.67517006281656,-0.18045359473751432,0.9999999999999973,0.00068359375,-0.612244897959183,-0.5122408325718831,0.0006835937500000019,0,491,0.2331809216327734,0.8524980406351863,0.026145625829189896,-69.01865570800359,0.0,-20.0,-2.034757136339064,-0.4674205891246751,-3.0,0.9272495306889011,0.07475149005371484,3.0,-1.0,3.0,0.0,70.0,125.0,0,0,3.0,3.0,0.0,-531.25,0.0,0.0,887.5,-1418.75,0.0,0.0
492,2019-06-05,16:12:05,153.5,153.5625,153.46875,153.53125,289,44360.6875,153.49718858131487,0.03125,0.0002035623416700716,153.50283503072816,153.67074175229018,-0.16790672156201936,0.999999999999999,0.0022460937500000003,1.455576559546311,1.1180799331493774,0.0022460937500000024,-1,492,0.3908925406538768,0.9272495306889011,0.047392971525322215,-35.428612335967635,0.0,-20.0,-2.034757136339064,-0.4674205891246751,-3.0,0.9760342939741673,0.04878476328526615,3.0,-1.0,3.0,0.0,70.0,156.25,0,0,3.0,3.0,93.75,-437.5,0.0,0.0,887.5,-1325.0,93.75,93.75
493,2019-06-05,16:18:13,153.53125,153.5625,153.5,153.53125,290,44524.15625,153.53157327586206,0.0,0.0,153.50914946834413,153.66644969752693,-0.15730022918279474,0.9999999999999981,0.0014648437500000002,2.0000000000000058,1.3608276348795423,0.0014648437500000028,0,493,0.5362821767704885,0.9760342939741673,0.038273277230987196,-41.09923177820783,0.0,-20.0,-2.034757136339064,-0.4674205891246751,-3.0,0.9998494525779276,0.023815158603760267,3.0,-1.0,3.0,0.0,70.0,156.25,0,0,3.0,3.0,0.0,-437.5,0.0,0.0,887.5,-1325.0,0.0,93.75
494,2019-06-05,16:24:24,153.53125,153.625,153.53125,153.625,289,44384.15625,153.57839532871972,0.09375,0.0006104385172776006,153.53489403093434,153.66517432197455,-0.13028029104020789,0.9999999999999999,0.011425781250000001,3.328950252027172,-1.6541664067841968,0.011425781250000003,-1,494,0.6947310131144803,0.9998494525779276,0.1068914461030442,-12.188093228209922,0.0,-12.188093228209922,-1.1334387666711874,-0.4674205891246751,-2.0,0.9897517438249117,-0.010097708753015855,-3.0,-1.0,3.0,0.0,70.0,250.0,0,0,-3.0,3.0,281.25,-156.25,1.0,6.0,902.5,-1058.75,266.25,266.25
495,2019-06-05,16:36:13,153.625,153.65625,153.59375,153.65625,289,44398.59375,153.62835207612457,0.03125,0.00020339672601377146,153.56186202406005,153.66489972740138,-0.10303770334132878,0.9999999999999999,0.01103515625,2.0338319367217443,-1.168867557898566,0.011035156250000002,-1,495,0.8008341406421755,0.9897517438249117,0.10504835196232258,-9.808597794878786,0.0,-9.808597794878786,-0.8588985030383779,-0.4674205891246751,-1.0,0.9393327398698403,-0.05041900395507137,-2.0,-1.0,-3.0,1.0,71.0,31.25,0,0,-2.0,-3.0,-93.75,-250.0,1.0,1.0,905.0,-1155.0,-96.25,266.25
496,2019-06-05,16:45:43,153.65625,153.65625,153.46875,153.46875,289,44384.3125,153.57893598615917,-0.1875,-0.0012210013726949853,153.54117046315784,153.65886435008966,-0.11769388693181781,0.9999999999999997,0.0109375,1.4684311224489808,-0.8884176939918597,0.010937500000000003,0,496,0.9067513338099633,0.9393327398698403,0.10458250331675946,-11.253688064374076,0.0,-11.253688064374076,-1.0256294233852352,-0.4674205891246751,-1.0,0.8448069625720788,-0.09452577729776157,-1.0,-1.0,-2.0,0.0,71.0,-156.25,0,0,-1.0,-2.0,375.0,125.0,0.0,1.0,907.5,-782.5,372.5,372.5
497,2019-06-05,16:50:36,153.46875,153.46875,153.40625,153.4375,290,44497.21875,153.43868534482758,-0.03125,-0.00020364525067861905,153.5181325824561,153.652053138132,-0.13392055567589978,0.9999999999999994,0.006640624999999999,3.378027681660903,-1.573406116826591,0.0066406250000000016,0,497,0.9757212105386032,0.8448069625720788,0.08149003006503312,-16.433980398464016,0.0,-16.433980398464016,-1.6233186658920342,-0.4674205891246751,-2.0,0.5174100052620659,-0.32739695731001284,1.0,-1.0,-1.0,0.0,71.0,-187.5,0,0,1.0,-1.0,31.25,156.25,-1.0,2.0,912.5,-756.25,26.25,372.5
498,2019-06-05,16:55:08,153.4375,153.4375,153.375,153.40625,289,44334.9375,153.40808823529412,-0.03125,-0.00020368673051329722,153.49326978635477,153.64448996337498,-0.15122017702020685,0.9999999999999994,0.006640624999999999,3.378027681660903,-1.573406116826591,0.0066406250000000016,0,498,0.97096200242172,0.5174100052620659,0.08149003006503312,-18.55689302108805,0.0,-18.55689302108805,-1.8682550431258853,-0.4674205891246751,-2.0,0.1272679614232346,-0.39014204383883133,-2.0,1.0,1.0,1.0,72.0,-31.25,0,0,-2.0,1.0,-31.25,125.0,0.0,3.0,920.0,-795.0,-38.75,26.25
499,2019-06-05,17:01:11,153.40625,153.4375,153.34375,153.375,290,44484.8125,153.3959051724138,-0.03125,-0.0002037282272508989,153.46698761160928,153.63619796314592,-0.1692103515366341,0.9999999999999959,0.00078125,0.3125000000000024,1.2577882373436315,0.0007812500000000033,0,499,0.7913488899443581,0.1272679614232346,0.02795084971874743,-60.538535765207854,0.0,-20.0,-2.034757136339064,-0.4674205891246751,-3.0,-0.5784040306377374,-0.705671992060972,-2.0,1.0,-2.0,1.0,73.0,-31.25,0,0,-2.0,-2.0,62.5,187.5,-1.0,0.0,920.0,-732.5,62.5,62.5
500,2019-06-05,17:12:43,153.375,153.4375,153.375,153.40625,289,44333.28125,153.40235726643598,0.03125,0.0002037282272508989,153.453490364585,153.62912264008153,-0.17563227549652538,0.999999999999996,0.0009765625,-3.0,0.0,0.000976562500000004,-1,500,0.16782925424223102,-0.5784040306377374,0.03125000000000006,-56.20232815888801,0.0,-20.0,-2.034757136339064,-0.4674205891246751,-3.0,-0.9540492289770727,-0.3756451983393353,-3.0,1.0,-2.0,0.0,73.0,0.0,0,0,-3.0,-2.0,-62.5,125.0,0.0,1.0,922.5,-797.5,-65.0,62.5
501,2019-06-05,17:20:32,153.40625,153.4375,153.375,153.40625,290,44493.09375,153.42446120689655,0.0,0.0,153.44299250578837,153.62226501933324,-0.1792725135448734,0.9999999999999938,0.00068359375,-0.612244897959183,-0.5122408325718831,0.0006835937500000042,0,501,-0.8864991628861991,-0.9540492289770727,0.02614562582918994,-68.56692385795827,0.0,-20.0,-2.034757136339064,-0.4674205891246751,-3.0,-0.7341047770173919,0.21994445195968082,-3.0,1.0,-3.0,0.0,73.0,0.0,0,0,-3.0,-3.0,-0.0,125.0,0.0,0.0,922.5,-797.5,-0.0,-0.0
502,2019-06-05,17:33:20,153.40625,153.4375,153.375,153.4375,289,44337.375,153.41652249134947,0.03125,0.00020368673051329722,153.44177194894652,153.61657994096882,-0.1748079920222949,0.9999999999999847,0.00029296875,-3.3333333333333304,0.6085806194501845,0.00029296875000000443,-1,502,-0.9992415756658222,-0.7341047770173919,0.01711632992203657,-102.12936582697952,0.0,-20.0,-2.034757136339064,-0.4674205891246751,-3.0,-0.32793497401388794,0.4061698030035039,3.0,1.0,-3.0,0.0,73.0,31.25,0,0,3.0,-3.0,-93.75,31.25,0.0,6.0,937.5,-906.25,-108.75,-0.0
503,2019-06-05,17:42:39,153.4375,153.4375,153.375,153.4375,290,44487.875,153.40646551724137,0.0,0.0,153.4408226269584,153.6110697881438,-0.17024716118538663,0.9999999999999847,0.00029296875,-3.3333333333333304,0.6085806194501845,0.00029296875000000443,0,503,-0.8998890307348321,-0.32793497401388794,0.01711632992203657,-99.46475790128373,0.0,-20.0,-2.034757136339064,-0.4674205891246751,-3.0,0.02414363420665324,0.35207860822054116,3.0,-1.0,3.0,1.0,74.0,0.0,0,0,3.0,3.0,0.0,31.25,0.0,0.0,937.5,-906.25,0.0,0.0
504,2019-06-05,17:50:24,153.4375,153.46875,153.375,153.4375,289,44342.625,153.43468858131487,0.0,0.0,153.4400842654121,153.60572917853082,-0.16564491311871166,0.9999999999999973,0.00146484375,2.0000000000000013,-1.3608276348795436,0.001464843750000004,0,504,-0.6898285320739211,0.02414363420665324,0.03827327723098721,-43.27952166703939,0.0,-20.0,-2.034757136339064,-0.4674205891246751,-3.0,0.4216586972094145,0.3975150630027613,3.0,-1.0,3.0,0.0,74.0,0.0,0,0,3.0,3.0,0.0,31.25,0.0,0.0,937.5,-906.25,0.0,0.0
505,2019-06-05,18:01:16,153.4375,153.5,153.40625,153.46875,290,44498.53125,153.44321120689656,0.03125,0.00020364525067861905,153.44645442865388,153.60151443400463,-0.15506000535074804,0.9999999999999969,0.001171875,2.9166666666666665,-1.2932338163316421,0.0011718750000000036,-1,505,-0.3430146173797375,0.4216586972094145,0.034232659844072935,-45.29592677198737,0.0,-20.0,-2.034757136339064,-0.4674205891246751,-3.0,0.7132949740012047,0.29163627679179016,3.0,-1.0,3.0,0.0,74.0,31.25,0,0,3.0,3.0,93.75,125.0,0.0,0.0,937.5,-812.5,93.75,93.75
506,2019-06-05,18:14:32,153.46875,153.5,153.40625,153.40625,289,44339.71875,153.4246323529412,-0.0625,-0.00040733198119191627,153.43752011117525,153.59550629678427,-0.157986185609019,0.999999999999999,0.0026367187499999997,-1.6872427983539058,-0.5184205276797867,0.0026367187500000028,0,506,0.008790059524557109,0.7132949740012047,0.05134898976610935,-30.767145824802743,0.0,-20.0,-2.034757136339064,-0.4674205891246751,-3.0,0.9433646103823004,0.23006963638109568,3.0,-1.0,3.0,0.0,74.0,-31.25,0,0,3.0,3.0,-187.5,-62.5,0.0,0.0,937.5,-1000.0,-187.5,93.75
507,2019-06-05,18:28:10,153.40625,153.46875,153.375,153.40625,290,44491.15625,153.41778017241379,0.0,0.0,153.43057119758075,153.58968302537235,-0.15911182779160526,0.9999999999999991,0.00244140625,-1.1999999999999993,0.0,0.0024414062500000026,0,507,0.4324713507307764,0.9433646103823004,0.04941058844013095,-32.201969823612885,0.0,-20.0,-2.034757136339064,-0.4674205891246751,-3.0,0.9888366479954646,0.04547203761316421,3.0,-1.0,3.0,0.0,74.0,-31.25,0,0,3.0,3.0,0.0,-62.5,0.0,0.0,937.5,-1000.0,0.0,0.0
508,2019-06-05,18:39:10,153.40625,153.40625,153.3125,153.3125,289,44324.78125,153.3729455017301,-0.09375,-0.000611309239618052,153.40433315367392,153.5811543158466,-0.17682116217267208,0.9999999999999991,0.005175781249999999,1.128515485938055,1.032658539398995,0.005175781250000002,0,508,0.5938516177517058,0.9888366479954646,0.07194290270763339,-24.577985529893102,0.0,-20.0,-2.034757136339064,-0.4674205891246751,-3.0,0.9907852184984873,0.001948570503022773,3.0,-1.0,3.0,0.0,74.0,-125.0,0,0,3.0,3.0,-281.25,-343.75,0.0,0.0,937.5,-1281.25,-281.25,0.0
509,2019-06-05,18:45:54,153.3125,153.3125,153.25,153.28125,290,44452.96875,153.28609913793105,-0.03125,-0.00020385281897095098,153.3769813417464,153.57192648963965,-0.19494514789326445,0.9999999999999991,0.005566406249999999,-1.1172668513388746,-0.2057527970555698,0.005566406250000004,0,509,0.7963632046998518,0.9907852184984873,0.07460835241445829,-26.12913187123084,0.0,-20.0,-2.034757136339064,-0.4674205891246751,-3.0,0.9989057307432255,0.008120512244738198,3.0,-1.0,3.0,0.0,74.0,-156.25,0,0,3.0,3.0,-93.75,-437.5,0.0,0.0,937.5,-1375.0,-93.75,-93.75
510,2019-06-05,18:53:17,153.28125,153.375,153.28125,153.375,290,44457.71875,153.30247844827585,0.09375,0.000611433831338104,153.37654104358054,153.56586721233273,-0.18932616875218855,0.9999999999999993,0.00654296875,-2.412564045444421,0.36326900585846356,0.006542968750000004,-1,510,0.7394037060819116,0.9989057307432255,0.08088861940965493,-23.405785651175353,0.0,-20.0,-2.034757136339064,-0.4674205891246751,-3.0,0.886614724798109,-0.11229100594511654,-3.0,-1.0,3.0,0.0,74.0,-62.5,0,0,-3.0,3.0,281.25,-156.25,0.0,6.0,952.5,-1108.75,266.25,266.25
511,2019-06-05,18:59:14,153.375,153.46875,153.34375,153.4375,289,44336.78125,153.4144679930796,0.0625,0.0004074149577641961,153.39008747834043,153.56191745150937,-0.1718299731689399,0.9999999999999992,0.00458984375,-2.367587143503846,-0.5594072218898565,0.0045898437500000045,-1,511,0.29988822146576916,0.886614724798109,0.06774838558962128,-25.362962035698075,0.0,-20.0,-2.034757136339064,-0.4674205891246751,-3.0,0.5819905320196113,-0.3046241927784977,-3.0,-1.0,-3.0,1.0,75.0,62.5,0,0,-3.0,-3.0,-187.5,-343.75,0.0,0.0,952.5,-1296.25,-187.5,266.25
512,2019-06-05,19:01:05,153.4375,153.4375,153.375,153.375,290,44489.21875,153.41109913793105,-0.0625,-0.0004074149577641961,153.38673470537591,153.5561661446826,-0.1694314393066918,0.9999999999999992,0.00458984375,-2.367587143503846,-0.5594072218898565,0.0045898437500000045,0,512,-0.16348664392751705,0.5819905320196113,0.06774838558962128,-25.008926461068008,0.0,-20.0,-2.034757136339064,-0.4674205891246751,-3.0,0.5623559578762606,-0.01963457414335068,-3.0,-1.0,-3.0,0.0,75.0,0.0,0,0,-3.0,-3.0,187.5,-156.25,0.0,0.0,952.5,-1108.75,187.5,187.5
513,2019-06-05,19:11:47,153.375,153.5,153.375,153.4375,289,44337.3125,153.4163062283737,0.0625,0.0004074149577641961,153.39801588195905,153.55251487830685,-0.1544989963477974,0.9999999999999992,0.00458984375,-2.367587143503846,-0.5594072218898565,0.0045898437500000045,-1,513,-0.1870575368295161,0.5623559578762606,0.06774838558962128,-22.804823318397407,0.0,-20.0,-2.034757136339064,-0.4674205891246751,-3.0,0.8640703828698908,0.3017144249936302,3.0,-1.0,-3.0,0.0,75.0,62.5,0,0,3.0,-3.0,-187.5,-343.75,0.0,6.0,967.5,-1311.25,-202.5,187.5
514,2019-06-05,19:23:36,153.4375,153.46875,153.40625,153.40625,290,44496.53125,153.43631465517242,-0.03125,-0.00020368673051329722,153.39984568596816,153.54801442005225,-0.14816873408409492,0.9999999999999988,0.00419921875,-1.9632233639805285,0.235513936408806,0.004199218750000004,0,514,0.2550529727095922,0.8640703828698908,0.06480137922914916,-22.865058714281993,0.0,-20.0,-2.034757136339064,-0.4674205891246751,-3.0,0.9986255951442605,0.13455521227436973,3.0,-1.0,3.0,1.0,76.0,-31.25,0,0,3.0,3.0,-93.75,-437.5,0.0,0.0,967.5,-1405.0,-93.75,-93.75
515,2019-06-05,19:32:18,153.40625,153.53125,153.40625,153.5,289,44348.21875,153.45404411764707,0.09375,0.000610935768925458,153.4221022001975,153.5465370531349,-0.12443485293741219,0.9999999999999988,0.00419921875,-1.9632233639805285,0.235513936408806,0.004199218750000004,-1,515,0.7431951563307696,0.9986255951442605,0.06480137922914916,-19.2025006902073,0.0,-19.2025006902073,-1.942743649912254,-0.4674205891246751,-2.0,0.8137589274339508,-0.18486666771030968,-3.0,-1.0,3.0,0.0,76.0,62.5,0,0,-3.0,3.0,281.25,-156.25,1.0,6.0,982.5,-1138.75,266.25,266.25
516,2019-06-05,19:35:56,153.5,153.5,153.4375,153.5,290,44507.75,153.475,0.0,0.0,153.43941282237583,153.54510514367,-0.10569232129418538,0.9999999999999992,0.00419921875,1.9307733910221774,1.4467284665112368,0.004199218750000003,0,516,0.9863867225569595,0.8137589274339508,0.06480137922914915,-16.310196256847963,0.0,-16.310196256847963,-1.6090367595698787,-0.4674205891246751,-2.0,0.48623716154352903,-0.3275217658904218,2.0,-1.0,-3.0,1.0,77.0,0.0,0,0,2.0,-3.0,-0.0,-156.25,0.0,5.0,995.0,-1151.25,-12.5,266.25
517,2019-06-05,19:52:44,153.46875,153.5,153.4375,153.4375,289,44356.5625,153.48291522491348,-0.0625,-0.00040724903841216076,153.43898775073677,153.54179421586403,-0.10280646512725866,0.9999999999999992,0.00419921875,1.9307733910221774,1.4467284665112368,0.004199218750000003,0,517,0.9617105092628657,0.48623716154352903,0.06480137922914915,-15.864857561706643,0.0,-15.864857561706643,-1.5576546887924496,-0.4674205891246751,-2.0,0.08980991832997627,-0.39642724321355277,-2.0,1.0,2.0,1.0,78.0,-62.5,0,0,-2.0,2.0,-125.0,-281.25,0.0,4.0,1005.0,-1286.25,-135.0,-12.5
518,2019-06-05,20:00:33,153.4375,153.46875,153.3125,153.375,290,44484.0,153.39310344827587,-0.0625,-0.0004074149577641961,153.42476825057307,153.53666208568168,-0.11189383510861717,0.9999999999999974,0.0012695312499999994,-0.17751479289940994,0.40479600891093587,0.0012695312500000024,0,518,0.7677545113099756,0.08980991832997627,0.0356304820343481,-31.403963325769922,0.0,-20.0,-2.034757136339064,-0.4674205891246751,-3.0,-0.40091259846314453,-0.4907225167931208,-2.0,1.0,-2.0,1.0,79.0,-62.5,0,0,-2.0,-2.0,125.0,-156.25,-1.0,0.0,1005.0,-1161.25,125.0,125.0
519,2019-06-05,20:16:49,153.375,153.40625,153.3125,153.34375,289,44318.90625,153.35261678200692,-0.03125,-0.0002037697408985295,153.4067641948902,153.53072632867963,-0.12396213378943344,0.9999999999999974,0.0006835937499999995,-0.6122448979589924,0.5122408325718887,0.0006835937500000014,0,519,0.3643040361695294,-0.40091259846314453,0.026145625829189886,-47.412188409365896,0.0,-20.0,-2.034757136339064,-0.4674205891246751,-3.0,-0.9949791416432483,-0.5940665431801038,-3.0,1.0,-2.0,0.0,79.0,-93.75,0,0,-3.0,-2.0,62.5,-93.75,0.0,1.0,1007.5,-1101.25,60.0,125.0
520,2019-06-05,20:38:41,153.34375,153.34375,153.25,153.25,290,44457.5,153.30172413793105,-0.09375,-0.0006115584738557445,153.37192770713682,153.52208859475672,-0.15016088761990432,0.9999999999999996,0.006054687500000001,2.814776274713836,1.6712144101358444,0.006054687500000003,0,520,-0.6327874806278705,-0.9949791416432483,0.0778118724874296,-19.29794038103409,0.0,-19.29794038103409,-1.9537552440147645,-0.4674205891246751,-2.0,-0.8108709834664474,0.18410815817680093,-3.0,1.0,-3.0,0.0,79.0,-187.5,0,0,-3.0,-3.0,281.25,187.5,1.0,0.0,1007.5,-820.0,281.25,281.25
521,2019-06-05,20:46:37,153.25,153.25,153.125,153.15625,290,44429.3125,153.20452586206898,-0.09375,-0.0006119327064997293,153.3239993277731,153.5108320216848,-0.18683269391169688,0.9999999999999996,0.012890625000000001,-2.231404958677686,0.5671631517317615,0.012890625000000006,0,521,-0.987188905407963,-0.8108709834664474,0.11353688827865596,-16.45568209101781,0.0,-16.45568209101781,-1.6258225531916437,-0.4674205891246751,-2.0,-0.4394113203564845,0.37145966310996287,2.0,1.0,-3.0,0.0,79.0,-281.25,0,0,2.0,-3.0,281.25,468.75,0.0,5.0,1020.0,-551.25,268.75,281.25
522,2019-06-05,22:00:01,153.15625,153.25,153.09375,153.25,290,44410.09375,153.13825431034482,0.09375,0.0006119327064997293,153.30755503271243,153.502806420378,-0.19525138766556438,0.9999999999999996,0.012890625000000001,-2.231404958677686,0.5671631517317615,0.012890625000000006,-1,522,-0.9458948281944105,-0.4394113203564845,0.11353688827865596,-17.19717623283411,0.0,-17.19717623283411,-1.7113743026612556,-0.4674205891246751,-2.0,-0.01270296124131268,0.4267083591151718,2.0,-1.0,2.0,1.0,80.0,93.75,0,0,2.0,2.0,187.5,656.25,0.0,0.0,1020.0,-363.75,187.5,268.75
523,2019-06-05,22:27:01,153.25,153.46875,153.21875,153.40625,290,44474.25,153.3594827586207,0.15625,0.0010190564420051729,153.32948724766524,153.49983545336764,-0.17034820570239617,0.9999999999999991,0.0099609375,-1.3437139561707039,0.3008332378742383,0.009960937500000006,-1,523,-0.7160320776975485,-0.01270296124131268,0.09980449639169574,-17.068189496577634,0.0,-17.068189496577634,-1.69649213391197,-0.4674205891246751,-2.0,0.5721130546907552,0.5848160159320679,2.0,-1.0,2.0,0.0,80.0,250.0,0,0,2.0,2.0,312.5,968.75,0.0,0.0,1020.0,-51.25,312.5,312.5
524,2019-06-05,22:47:52,153.40625,153.5625,153.34375,153.375,289,44347.9375,153.45307093425606,-0.03125,-0.0002037282272508989,153.33960119262855,153.49599436220723,-0.15639316957867777,0.9999999999999991,0.0099609375,-1.3437139561707039,0.3008332378742383,0.009960937500000006,0,524,-0.17540612074957246,0.5721130546907552,0.09980449639169574,-15.669952279994723,0.0,-15.669952279994723,-1.5351670022539181,-0.4674205891246751,-2.0,0.8790515558636831,0.30693850117292787,2.0,-1.0,2.0,0.0,80.0,218.75,0,0,2.0,2.0,-62.5,906.25,0.0,0.0,1020.0,-113.75,-62.5,312.5
525,2019-06-05,23:54:14,153.375,153.46875,153.3125,153.375,290,44481.5,153.3844827586207,0.0,0.0,153.34746759426665,153.49227145848457,-0.1448038642179199,0.9999999999999997,0.01201171875,1.505056513979773,1.1845768280070517,0.012011718750000004,0,525,0.2844866222215098,0.8790515558636831,0.10959798697968866,-13.212274076234248,0.0,-13.212274076234248,-1.2516062050640575,-0.4674205891246751,-2.0,0.9935537362577143,0.11450218039403115,2.0,-1.0,2.0,0.0,80.0,218.75,0,0,2.0,2.0,0.0,906.25,0.0,0.0,1020.0,-113.75,0.0,0.0
526,2019-06-06,00:13:14,153.375,153.375,153.21875,153.28125,289,44295.84375,153.27281574394465,-0.09375,-0.000611433831338104,153.33275257331852,153.48577849007455,-0.15302591675603594,0.9999999999999997,0.00947265625,0.7620363481772792,0.9334509605008141,0.009472656250000003,0,526,0.6223894515004696,0.9935537362577143,0.09732757188998399,-15.722771439218848,0.0,-15.722771439218848,-1.5412611454471052,-0.4674205891246751,-2.0,0.9858356868911524,-0.007718049366561841,-2.0,-1.0,2.0,0.0,80.0,125.0,0,0,-2.0,2.0,-187.5,718.75,0.0,4.0,1030.0,-311.25,-197.5,0.0
527,2019-06-06,00:30:18,153.25,153.34375,153.15625,153.15625,290,44449.9375,153.27564655172415,-0.125,-0.0008158270899158993,153.29352977924776,153.47563915122726,-0.18210937197949306,0.9999999999999999,0.013867187500000001,-2.835746875619918,0.02242584052539186,0.013867187500000005,0,527,0.8156828327158073,0.9858356868911524,0.11775902300885484,-15.464579046804714,0.0,-15.464579046804714,-1.511471549514942,-0.4674205891246751,-2.0,0.9215672850233652,-0.06426840186778726,-2.0,-1.0,-2.0,1.0,81.0,-125.0,0,0,-2.0,-2.0,250.0,968.75,0.0,0.0,1030.0,-61.25,250.0,250.0
528,2019-06-06,01:08:47,153.15625,153.3125,153.15625,153.28125,290,44443.625,153.25387931034481,0.125,0.0008158270899158993,153.29080093941494,153.46965794617898,-0.1788570067640478,0.9999999999999997,0.01416015625,-2.9464922711058263,0.2716684817787364,0.014160156250000003,-1,528,0.926158533831016,0.9215672850233652,0.11899645477912359,-15.030448352098805,0.0,-15.030448352098805,-1.4613826299456358,-0.4674205891246751,-2.0,0.7923320844598841,-0.12923520056348103,2.0,-1.0,-2.0,0.0,81.0,0.0,0,0,2.0,-2.0,-250.0,718.75,0.0,4.0,1040.0,-321.25,-260.0,250.0
529,2019-06-06,01:55:10,153.28125,153.4375,153.28125,153.40625,290,44469.59375,153.34342672413794,0.125,0.0008151620585890029,153.31645628621163,153.46770693232548,-0.15125064611385142,0.9999999999999996,0.01171875,-1.0208333333333321,-0.7818284895276181,0.011718750000000005,-1,529,0.9916622006826136,0.7923320844598841,0.10825317547305485,-13.971936199829909,0.0,-13.971936199829909,-1.3392541310749282,-0.4674205891246751,-2.0,0.5115409490648541,-0.28079113539503,-2.0,1.0,2.0,1.0,82.0,125.0,0,0,-2.0,2.0,250.0,968.75,0.0,4.0,1050.0,-81.25,240.0,240.0
530,2019-06-06,02:46:45,153.40625,153.40625,153.3125,153.375,289,44322.21875,153.36407871972318,-0.03125,-0.0002037282272508989,153.32946600038684,153.46485441115382,-0.1353884107669785,0.9999999999999977,0.0041015624999999984,0.918367346938774,-1.0223715049937006,0.004101562500000008,0,530,0.9693018690058013,0.5115409490648541,0.06404344228724755,-21.14008959102083,0.0,-20.0,-2.034757136339064,-0.4674205891246751,-3.0,-0.0012776692845142962,-0.5128186183493685,-2.0,1.0,-2.0,1.0,83.0,-31.25,0,0,-2.0,-2.0,62.5,1031.25,-1.0,0.0,1050.0,-18.75,62.5,240.0
531,2019-06-06,03:43:24,153.375,153.4375,153.34375,153.4375,290,44484.59375,153.39515086206896,0.0625,0.0004074149577641961,153.35347355585643,153.46401273691384,-0.110539181057419,0.9999999999999979,0.00322265625,1.0743801652892628,-0.2669003066972998,0.0032226562500000068,-1,531,0.7062027554168453,-0.0012776692845142962,0.05676844413932803,-19.471941275353657,0.0,-19.471941275353657,-1.9738310343397596,-0.4674205891246751,-2.0,-0.2369353845344882,-0.23565771524997392,-3.0,1.0,-2.0,0.0,83.0,31.25,0,0,-3.0,-2.0,-125.0,906.25,1.0,1.0,1052.5,-146.25,-127.5,62.5
532,2019-06-06,04:31:55,153.4375,153.53125,153.4375,153.5,289,44355.0625,153.4777249134948,0.0625,0.00040724903841216076,153.38603498788834,153.46512003738104,-0.07908504949270423,0.9999999999999961,0.0016601562499999997,2.664359861591688,-1.714392328011769,0.001660156250000006,-1,532,0.5194335888644108,-0.2369353845344882,0.04074501503251663,-19.409748512692968,0.0,-19.409748512692968,-1.9666553881007518,-0.4674205891246751,-2.0,-0.22138251930219727,0.015552865232290936,-2.0,1.0,-3.0,0.0,83.0,93.75,0,0,-2.0,-3.0,-187.5,718.75,0.0,1.0,1055.0,-336.25,-190.0,-127.5
533,2019-06-06,05:41:46,153.5,153.53125,153.46875,153.53125,290,44515.03125,153.5001077586207,0.03125,0.0002035623416700716,153.41830499057983,153.4671548055766,-0.0488498149967711,0.9999999999999981,0.0029296875,3.6666666666666643,-1.924500897298752,0.0029296875000000056,-1,533,0.5330202944970888,-0.22138251930219727,0.05412658773652747,-9.02510522823974,0.0,-9.02510522823974,-0.7685010797920958,-0.4674205891246751,-1.0,-0.2875399696841702,-0.06615745038197296,-2.0,1.0,-2.0,0.0,83.0,125.0,0,0,-2.0,-2.0,-62.5,656.25,1.0,0.0,1055.0,-398.75,-62.5,-62.5
534,2019-06-06,06:05:59,153.53125,153.59375,153.5,153.59375,289,44373.53125,153.54163062283737,0.0625,0.0004070004126184301,153.45729277045098,153.47105004254144,-0.013757272090458628,0.9999999999999986,0.00322265625,-2.2314049586776847,-0.5671631517317617,0.0032226562500000046,-1,534,0.4739232370122569,-0.2875399696841702,0.05676844413932801,-2.4234012925726587,0.0,-2.4234012925726587,-0.006812902737471649,-0.4674205891246751,-0.0,-0.32730244043217355,-0.03976247074800332,-1.0,1.0,-2.0,0.0,83.0,187.5,0,0,-1.0,-2.0,-125.0,531.25,1.0,1.0,1057.5,-526.25,-127.5,-62.5
535,2019-06-06,06:14:15,153.59375,153.65625,153.53125,153.53125,289,44385.125,153.5817474048443,-0.0625,-0.0004070004126184301,153.47372771035077,153.4729023490231,0.0008253613276849592,0.9999999999999991,0.005566406250000001,-1.1172668513388746,0.20575279705556937,0.005566406250000005,0,535,0.4367213049142523,-0.32730244043217355,0.0746083524144583,0.11062586171317368,0.11062586171317368,0.0,0.2727931097101266,-0.455332538323584,-0.0,-0.45551710580353816,-0.1282146653713646,-0.0,1.0,-1.0,0.0,83.0,125.0,0,0,-0.0,-1.0,62.5,593.75,0.0,1.0,1060.0,-466.25,60.0,60.0
536,2019-06-06,06:28:21,153.53125,153.5625,153.46875,153.5,289,44365.125,153.51254325259515,-0.03125,-0.0002035623416700716,153.4795659969395,153.47373612294223,0.0058298739972713065,0.9999999999999999,0.01201171875,-0.8744794765020814,-0.02549969688469185,0.012011718750000002,0,536,0.3073863357955801,-0.45551710580353816,0.10959798697968864,0.5319325799616861,0.5319325799616861,0.0,0.2727931097101266,-0.40929649454357453,-0.0,-0.540306693770751,-0.08478958796721286,-0.0,1.0,-0.0,0.0,83.0,93.75,0,0,-0.0,-0.0,0.0,593.75,0.0,0.0,1060.0,-466.25,0.0,60.0
537,2019-06-06,06:33:55,153.5,153.65625,153.5,153.625,290,44535.96875,153.57230603448275,0.125,0.0008140008589476722,153.51188466428627,153.47839039631458,0.033494267971690306,0.9999999999999999,0.01201171875,-0.8744794765020814,-0.02549969688469185,0.012011718750000002,-1,537,0.2129533202013447,-0.540306693770751,0.10959798697968864,3.056102479135649,3.056102479135649,0.0,0.2727931097101266,-0.13348129636766715,0.0,-0.6372366220398444,-0.09692992826909341,-0.0,1.0,-0.0,0.0,83.0,218.75,0,0,-0.0,-0.0,-0.0,593.75,0.0,0.0,1060.0,-466.25,-0.0,-0.0
538,2019-06-06,06:43:16,153.625,153.625,153.46875,153.46875,289,44373.875,153.54282006920414,-0.15625,-0.0010176046466812139,153.50229918333378,153.47809376872135,0.024205414612424647,0.9999999999999997,0.01123046875,0.48771266540642816,-0.5769467849539455,0.011230468750000003,0,538,0.09435037958230948,-0.6372366220398444,0.10597390598633233,2.2840919551975816,2.2840919551975816,0.0,0.2727931097101266,-0.21783862735538972,0.0,-0.7281965224096563,-0.09095990036981183,0.0,1.0,-0.0,0.0,83.0,62.5,0,0,0.0,-0.0,0.0,593.75,0.0,0.0,1060.0,-466.25,0.0,0.0
539,2019-06-06,06:53:55,153.46875,153.53125,153.46875,153.53125,289,44362.28125,153.50270328719722,0.0625,0.0004071661294036133,153.50873269814852,153.47972934514502,0.029003353003503207,0.9999999999999993,0.011035156249999999,2.03383193672175,-1.1688675578985666,0.011035156250000004,-1,539,-0.03028406556620705,-0.7281965224096563,0.1050483519623226,2.760952690995644,2.760952690995644,0.0,0.2727931097101266,-0.16573221471276467,0.0,-0.8368493174434636,-0.10865279503380731,0.0,1.0,0.0,0.0,83.0,125.0,0,0,0.0,0.0,0.0,593.75,0.0,0.0,1060.0,-466.25,0.0,0.0
540,2019-06-06,07:00:23,153.53125,153.53125,153.4375,153.53125,290,44513.6875,153.49547413793104,0.0,0.0,153.51373654300443,153.48131459613563,0.032421946868794294,0.9999999999999997,0.00712890625,2.021017076374554,-1.3385038869326558,0.007128906250000002,0,540,-0.2046480272617864,-0.8368493174434636,0.08443285053816436,3.8399682898470067,3.8399682898470067,0.0,0.2727931097101266,-0.04782854217096122,0.0,-0.9303366492034528,-0.09348733175998925,0.0,1.0,0.0,0.0,83.0,125.0,0,0,0.0,0.0,0.0,593.75,0.0,0.0,1060.0,-466.25,0.0,0.0
541,2019-06-06,07:06:16,153.53125,153.59375,153.5,153.5625,289,44375.1875,153.5473615916955,0.03125,0.00020352091247666237,153.52457286678123,153.48381260867217,0.04076025810906003,0.9999999999999971,0.0016601562499999997,-1.4878892733564004,-0.5413870509510853,0.0016601562500000045,-1,541,-0.3985466408003804,-0.9303366492034528,0.04074501503251661,10.00374108992996,10.00374108992996,0.0,0.2727931097101266,0.6256848441199121,1.0,-0.9884837911022208,-0.05814714189876802,0.0,1.0,0.0,0.0,83.0,156.25,0,0,0.0,0.0,0.0,593.75,1.0,0.0,1060.0,-466.25,0.0,0.0
542,2019-06-06,07:18:03,153.5625,153.5625,153.46875,153.53125,289,44367.0625,153.5192474048443,-0.03125,-0.00020352091247666237,153.5260566741632,153.48527222077524,0.040784453387942676,0.9999999999999968,0.00126953125,-0.1775147928994123,-0.4047960089109363,0.0012695312500000042,0,542,-0.591959398573388,-0.9884837911022208,0.03563048203434812,11.446506210223617,11.446506210223617,0.0,0.2727931097101266,0.7833353048536794,1.0,-0.9993840897539896,-0.01090029865176878,1.0,1.0,0.0,0.0,83.0,125.0,0,0,1.0,0.0,-0.0,593.75,0.0,1.0,1062.5,-468.75,-2.5,0.0
543,2019-06-06,07:23:19,153.53125,153.625,153.53125,153.59375,289,44380.1875,153.56466262975778,0.0625,0.0004070004126184301,153.54109963546028,153.48860999873554,0.052489636724743605,0.9999999999999968,0.00126953125,-0.1775147928994123,-0.4047960089109363,0.0012695312500000042,-1,543,-0.73148498431706,-0.9993840897539896,0.03563048203434812,14.731666182383696,14.731666182383696,0.0,0.2727931097101266,1.1423036330384866,1.0,-0.999170896851131,0.00021319290285859438,1.0,1.0,1.0,1.0,84.0,62.5,0,0,1.0,1.0,62.5,656.25,0.0,0.0,1062.5,-406.25,62.5,62.5
544,2019-06-06,07:30:59,153.59375,153.65625,153.59375,153.625,289,44399.3125,153.630839100346,0.03125,0.00020343810465917045,153.55974416091357,153.49280661432724,0.06693754658633111,0.9999999999999968,0.00126953125,-0.17751479289940755,0.4047960089109363,0.001269531250000004,-1,544,-0.7353086990748384,-0.999170896851131,0.03563048203434812,18.78659584840943,18.78659584840943,0.0,0.2727931097101266,1.5853844374606674,2.0,-0.9966260886938605,0.0025448081572705394,1.0,1.0,1.0,0.0,84.0,93.75,0,0,1.0,1.0,31.25,687.5,1.0,0.0,1062.5,-375.0,31.25,62.5
545,2019-06-06,07:37:47,153.625,153.65625,153.59375,153.625,290,44551.34375,153.62532327586206,0.0,0.0,153.57424545848832,153.49687410327513,0.07737135521318805,0.9999999999999986,0.0021484375,0.8677685950413228,-0.5516180692881075,0.0021484375000000036,0,545,-0.7627574306657184,-0.9966260886938605,0.04635124054434793,16.69240225386432,16.69240225386432,0.0,0.2727931097101266,1.3565526058604256,2.0,-0.9999998496962198,-0.00337376100235931,2.0,1.0,1.0,0.0,84.0,93.75,0,0,2.0,1.0,0.0,687.5,0.0,1.0,1065.0,-377.5,-2.5,31.25
546,2019-06-06,07:51:57,153.625,153.65625,153.59375,153.625,289,44399.5,153.63148788927336,0.0,0.0,153.58552424549092,153.50081643870737,0.08470780678354117,0.9999999999999972,0.001171875,2.9166666666666665,-1.2932338163316421,0.0011718750000000032,0,546,-0.7067189846054086,-0.9999998496962198,0.03423265984407293,24.744734171805103,20.0,0.0,0.2727931097101266,1.7179727020810263,2.0,-0.9987873293570295,0.0012125203391902817,2.0,1.0,2.0,0.0,84.0,93.75,0,0,2.0,2.0,0.0,687.5,0.0,0.0,1065.0,-377.5,0.0,0.0
547,2019-06-06,08:01:23,153.625,153.65625,153.5625,153.5625,289,44397.5,153.62456747404843,-0.0625,-0.0004069176048009382,153.58040774649294,153.50271439450873,0.0776933519842089,0.9999999999999964,0.00078125,5.000000000000004,-2.236067977499789,0.0007812500000000029,0,547,-0.6714364315904029,-0.9987873293570295,0.027950849718747423,27.79641862984143,20.0,0.0,0.2727931097101266,1.7179727020810263,2.0,-0.9868964828535175,0.01189084650351202,2.0,1.0,2.0,0.0,84.0,31.25,0,0,2.0,2.0,-125.0,562.5,0.0,0.0,1065.0,-502.5,-125.0,0.0
548,2019-06-06,08:07:57,153.5625,153.5625,153.5,153.5625,289,44373.28125,153.54076557093427,0.0,0.0,153.5764282472723,153.5045539516658,0.07187429560650571,0.9999999999999981,0.001171875,-3.3333333333333304,-0.6085806194501845,0.0011718750000000023,0,548,-0.5837462083235502,-0.9868964828535175,0.034232659844072914,20.995825604521382,20.0,0.0,0.2727931097101266,1.7179727020810263,2.0,-0.9510562169245589,0.035840265928958615,2.0,1.0,2.0,0.0,84.0,31.25,0,0,2.0,2.0,0.0,562.5,0.0,0.0,1065.0,-502.5,0.0,0.0
549,2019-06-06,08:19:55,153.5625,153.5625,153.53125,153.5625,289,44375.71875,153.54919982698962,0.0,0.0,153.57333308121179,153.50633690706027,0.06699617415151238,0.9999999999999993,0.0080078125,2.739440809042241,1.5842443294285553,0.008007812500000005,0,549,-0.4539896365481174,-0.9510562169245589,0.08948638164547723,7.486745236491351,7.486745236491351,0.0,0.2727931097101266,0.3506535515150469,1.0,-0.8692476261090926,0.08180859081546632,2.0,1.0,2.0,0.0,84.0,31.25,0,0,2.0,2.0,0.0,562.5,-1.0,0.0,1065.0,-502.5,0.0,0.0
550,2019-06-06,08:43:05,153.5625,153.5625,153.5,153.5,290,44524.25,153.53189655172415,-0.0625,-0.00040708325414673396,153.55703684094252,153.5061419252981,0.05089491564442028,0.9999999999999992,0.0068359375,0.6734693877551029,0.8099238707340588,0.006835937500000006,0,550,-0.26507360013948117,-0.8692476261090926,0.08267972847076849,6.155670390525561,6.155670390525561,0.0,0.2727931097101266,0.20520744959173193,0.0,-0.8924719094238575,-0.023224283314764893,1.0,1.0,2.0,0.0,84.0,-31.25,0,0,1.0,2.0,-125.0,437.5,-1.0,1.0,1067.5,-630.0,-127.5,0.0
551,2019-06-06,08:53:16,153.46875,153.65625,153.46875,153.65625,289,44383.5,153.57612456747404,0.15625,0.0010173975849614436,153.57908420962198,153.51076063543763,0.06832357418434754,0.9999999999999989,0.006542968749999999,0.7952773446201841,0.5016571985664501,0.006542968750000006,-1,551,-0.31209496901639067,-0.8924719094238575,0.08088861940965494,8.446623849311534,8.446623849311534,0.0,0.2727931097101266,0.4555391655565,1.0,-0.8996584545444634,-0.007186545120605903,0.0,1.0,1.0,0.0,84.0,125.0,0,0,0.0,1.0,156.25,593.75,1.0,1.0,1070.0,-476.25,153.75,153.75
552,2019-06-06,08:57:14,153.65625,153.71875,153.65625,153.71875,289,44414.8125,153.6844723183391,0.0625,0.0004066693834001711,153.61012105192822,153.5171603083931,0.09296074353511585,0.9999999999999989,0.006542968749999999,0.7952773446201841,0.5016571985664501,0.006542968750000006,-1,552,-0.3274357370963306,-0.8996584545444634,0.08088861940965494,11.492437899616316,11.492437899616316,0.0,0.2727931097101266,0.7883542451463068,1.0,-0.8022070395099802,0.09745141503448318,1.0,1.0,0.0,0.0,84.0,187.5,0,0,1.0,0.0,0.0,593.75,0.0,1.0,1072.5,-478.75,-2.5,153.75
553,2019-06-06,09:04:13,153.71875,153.78125,153.6875,153.75,289,44432.3125,153.7450259515571,0.03125,0.00020327269101461098,153.64120526261084,153.52432460681308,0.11688065579775753,0.9999999999999981,0.004199218749999999,1.9307733910221785,1.4467284665112368,0.004199218750000007,-1,553,-0.14507079801349462,-0.8022070395099802,0.06480137922914918,18.036754338892507,18.036754338892507,0.0,0.2727931097101266,1.5034495072423752,2.0,-0.5572490627263679,0.2449579767836123,1.0,1.0,1.0,1.0,85.0,31.25,0,0,1.0,1.0,31.25,625.0,1.0,0.0,1072.5,-447.5,31.25,31.25
554,2019-06-06,09:11:12,153.75,153.8125,153.75,153.75,289,44443.90625,153.78514273356402,0.0,0.0,153.66538187091956,153.53126846526857,0.13411340565099295,0.9999999999999932,0.00078125,0.3124999999999976,1.257788237343632,0.0007812500000000055,0,554,0.19310827148794193,-0.5572490627263679,0.027950849718747468,47.98187067673978,20.0,0.0,0.2727931097101266,1.7179727020810263,2.0,-0.4284026402234357,0.12884642250293216,2.0,1.0,1.0,0.0,85.0,31.25,0,0,2.0,1.0,0.0,625.0,0.0,1.0,1075.0,-450.0,-2.5,31.25
555,2019-06-06,09:25:58,153.75,153.78125,153.75,153.75,288,44282.1875,153.75759548611111,0.0,0.0,153.68418589960413,153.53799866652844,0.14618723307569326,0.9999999999999757,0.0001953125,5.000000000000004,2.236067977499789,0.00019531250000000473,0,555,0.3360067526972795,-0.4284026402234357,0.013975424859373855,104.60306899195258,20.0,0.0,0.2727931097101266,1.7179727020810263,2.0,-0.43286458177487985,-0.004461941551444137,2.0,1.0,2.0,0.0,85.0,31.25,0,0,2.0,2.0,0.0,625.0,0.0,0.0,1075.0,-450.0,0.0,0.0
556,2019-06-06,09:37:34,153.75,153.78125,153.71875,153.75,289,44434.1875,153.75151384083046,0.0,0.0,153.69881125524768,153.54452178466101,0.15428947058666154,0.9999999999999982,0.0017578124999999998,4.999999999999997,-2.2360679774997907,0.001757812500000003,0,556,0.33134626140231493,-0.43286458177487985,0.04192627457812109,36.80018607405112,20.0,0.0,0.2727931097101266,1.7179727020810263,2.0,-0.39279640491692075,0.040068176857959104,2.0,1.0,2.0,0.0,85.0,31.25,0,0,2.0,2.0,0.0,625.0,0.0,0.0,1075.0,-450.0,0.0,0.0
557,2019-06-06,09:50:12,153.75,153.78125,153.71875,153.75,289,44430.8125,153.7398356401384,0.0,0.0,153.7101865318593,153.55084419145558,0.1593423404037253,0.9999999999999982,0.0017578124999999998,4.999999999999997,-2.2360679774997907,0.001757812500000003,0,557,0.3725243964542458,-0.39279640491692075,0.04192627457812109,38.00536584924168,20.0,0.0,0.2727931097101266,1.7179727020810263,2.0,-0.512565483409035,-0.11976907849211421,2.0,1.0,2.0,0.0,85.0,31.25,0,0,2.0,2.0,0.0,625.0,0.0,0.0,1075.0,-450.0,0.0,0.0
558,2019-06-06,10:08:14,153.75,153.75,153.65625,153.65625,289,44423.6875,153.71518166089965,-0.09375,-0.0006099420744147821,153.69820063589057,153.554087447187,0.14411318870358514,0.9999999999999982,0.0017578124999999998,4.999999999999997,-2.2360679774997907,0.001757812500000003,0,558,0.24471739204687282,-0.512565483409035,0.04192627457812109,34.373001215516894,20.0,0.0,0.2727931097101266,1.7179727020810263,2.0,-0.6196175413922121,-0.10705205798317718,2.0,1.0,2.0,0.0,85.0,-62.5,0,0,2.0,2.0,-187.5,437.5,0.0,0.0,1075.0,-637.5,-187.5,0.0
559,2019-06-06,10:18:04,153.6875,153.71875,153.625,153.65625,289,44409.375,153.66565743944636,0.0,0.0,153.68887827235935,153.55723091042927,0.13164736193007798,0.999999999999999,0.00439453125,1.9999999999999976,0.0,0.004394531250000004,0,559,0.11687509156975871,-0.6196175413922121,0.06629126073623887,19.8589317004966,19.8589317004966,0.0,0.2727931097101266,1.7025582163142,2.0,-0.7474421636602528,-0.1278246222680407,2.0,1.0,2.0,0.0,85.0,-62.5,0,0,2.0,2.0,0.0,437.5,0.0,0.0,1075.0,-637.5,0.0,0.0
560,2019-06-06,10:31:44,153.6875,153.6875,153.625,153.65625,289,44409.59375,153.6664143598616,0.0,0.0,153.6816275451684,153.5602776517209,0.12134989344750124,0.9999999999999991,0.005175781250000001,0.2741189035243856,-0.6064819993295688,0.005175781250000005,0,560,-0.05877137617679954,-0.7474421636602528,0.0719429027076334,16.867528120272187,16.867528120272187,0.0,0.2727931097101266,1.3756885505386425,2.0,-0.8391878136837404,-0.09174565002348756,2.0,1.0,2.0,0.0,85.0,-62.5,0,0,2.0,2.0,0.0,437.5,0.0,0.0,1075.0,-637.5,0.0,0.0
561,2019-06-06,10:39:29,153.65625,153.78125,153.65625,153.75,289,44417.84375,153.69496107266437,0.09375,0.0006099420744147821,153.69682142401987,153.56611526257467,0.13070616144520386,0.9999999999999962,0.0017578125000000003,-2.4074074074074034,-0.16563466499998453,0.0017578125000000072,-1,561,-0.2088412276221507,-0.8391878136837404,0.04192627457812114,31.175238620750658,20.0,0.0,0.2727931097101266,1.7179727020810263,2.0,-0.9339903448997579,-0.09480253121601745,2.0,1.0,2.0,0.0,85.0,31.25,0,0,2.0,2.0,187.5,625.0,0.0,0.0,1075.0,-450.0,187.5,187.5
562,2019-06-06,10:53:01,153.75,153.8125,153.75,153.8125,289,44439.90625,153.7713019031142,0.0625,0.0004064214646470887,153.7225277742377,153.5736963315916,0.14883144264609882,0.9999999999999928,0.001171875,2.916666666666707,-1.293233816331645,0.0011718750000000082,-1,562,-0.40778289473929835,-0.9339903448997579,0.034232659844073005,43.47644714842901,20.0,0.0,0.2727931097101266,1.7179727020810263,2.0,-0.964375758490536,-0.030385413590778176,2.0,1.0,2.0,0.0,85.0,93.75,0,0,2.0,2.0,125.0,750.0,0.0,0.0,1075.0,-325.0,125.0,187.5
563,2019-06-06,11:02:06,153.8125,153.875,153.78125,153.875,289,44459.34375,153.8385596885813,0.0625,0.0004062563533429042,153.75641049107378,153.5829672139016,0.17344327717216856,0.999999999999998,0.0037109375,4.168975069252068,-1.9439589828981862,0.0037109375000000068,-1,563,-0.4948613037989227,-0.964375758490536,0.06091746465505608,28.471847630935994,20.0,0.0,0.2727931097101266,1.7179727020810263,2.0,-0.9895173642875138,-0.025141605796977773,2.0,1.0,2.0,0.0,85.0,156.25,0,0,2.0,2.0,125.0,875.0,0.0,0.0,1075.0,-200.0,125.0,125.0
564,2019-06-06,11:08:34,153.875,153.96875,153.875,153.9375,288,44328.90625,153.91981336805554,0.0625,0.00040609137613945023,153.79665260416851,153.59387591524626,0.2027766889222562,0.9999999999999983,0.003125,0.3125000000000024,-1.2577882373436315,0.0031250000000000054,-1,564,-0.597578362834583,-0.9895173642875138,0.05590169943749479,36.27379685459944,20.0,0.0,0.2727931097101266,1.7179727020810263,2.0,-0.914211388065657,0.07530597622185675,2.0,1.0,2.0,0.0,85.0,218.75,0,0,2.0,2.0,125.0,1000.0,0.0,0.0,1075.0,-75.0,125.0,125.0
565,2019-06-06,11:17:22,153.9375,153.96875,153.875,153.875,289,44477.875,153.90268166089965,-0.0625,-0.00040609137613945023,153.81406313657553,153.60252588726465,0.21153724931087936,0.9999999999999989,0.003125,-2.32421875,-0.052407843222651435,0.003125000000000004,0,565,-0.35989879475951503,-0.914211388065657,0.055901699437494776,37.84093353859572,20.0,0.0,0.2727931097101266,1.7179727020810263,2.0,-0.6689919955597029,0.24521939250595415,2.0,1.0,2.0,0.0,85.0,156.25,0,0,2.0,2.0,-125.0,875.0,0.0,0.0,1075.0,-200.0,-125.0,125.0
566,2019-06-06,11:22:48,153.84375,153.875,153.78125,153.875,289,44457.0,153.83044982698962,0.0,0.0,153.82760466178098,153.61090970628692,0.21669495549406292,0.9999999999999989,0.00224609375,1.4555765595463157,1.118079933149378,0.0022460937500000024,0,566,0.0525222033044508,-0.6689919955597029,0.047392971525322215,45.72301514756933,20.0,0.0,0.2727931097101266,1.7179727020810263,2.0,-0.44260891279297,0.2263830827667329,2.0,1.0,2.0,0.0,85.0,156.25,0,0,2.0,2.0,0.0,875.0,0.0,0.0,1075.0,-200.0,0.0,0.0
567,2019-06-06,11:27:54,153.875,153.875,153.8125,153.84375,288,44308.71875,153.84971788194446,-0.03125,-0.00020310754614349946,153.83119251471857,153.61807402315645,0.21311849156211338,0.9999999999999997,0.00751953125,3.7729802664867598,1.8814382337850106,0.007519531250000004,0,567,0.321101319802317,-0.44260891279297,0.08671523078444757,24.576823429308835,20.0,0.0,0.2727931097101266,1.7179727020810263,2.0,-0.39325028332648115,0.049358629466488835,2.0,1.0,2.0,0.0,85.0,125.0,0,0,2.0,2.0,-62.5,812.5,0.0,0.0,1075.0,-262.5,-62.5,0.0
568,2019-06-06,11:39:48,153.84375,153.84375,153.78125,153.8125,289,44454.28125,153.82104238754326,-0.03125,-0.00020314880719940476,153.8270386225589,153.62405636101872,0.2029822615401713,0.9999999999999999,0.0125,1.905517578125,0.5437313734350074,0.012500000000000002,0,568,0.3720662800911995,-0.39325028332648115,0.1118033988749895,18.155285401218567,18.155285401218567,0.0,0.2727931097101266,1.5164013566627181,2.0,-0.547342003174994,-0.1540917198485129,2.0,1.0,2.0,0.0,85.0,93.75,0,0,2.0,2.0,-62.5,750.0,0.0,0.0,1075.0,-325.0,-62.5,-62.5
569,2019-06-06,11:45:29,153.8125,153.96875,153.8125,153.96875,289,44472.03125,153.88246107266437,0.15625,0.0010153315929617435,153.85853003976806,153.63466231933577,0.2238677204322812,0.9999999999999998,0.012890625,2.3657024793388453,1.0363238470981087,0.012890625000000001,-1,569,0.20475481126054174,-0.547342003174994,0.11353688827865595,19.717619870190383,19.717619870190383,0.0,0.2727931097101266,1.6871171200182395,2.0,-0.7383119812830929,-0.1909699781080989,2.0,1.0,2.0,0.0,85.0,250.0,0,0,2.0,2.0,312.5,1062.5,0.0,0.0,1075.0,-12.5,312.5,312.5
570,2019-06-06,11:46:39,153.9375,153.9375,153.78125,153.8125,288,44307.875,153.84678819444446,-0.15625,-0.0010153315929617435,153.84830114204183,153.6401342480689,0.20816689397292976,0.9999999999999999,0.01298828125,1.6264345073209323,0.7545771050420748,0.01298828125,0,570,-0.045150626746672216,-0.7383119812830929,0.11396614080506544,18.26567895538298,18.26567895538298,0.0,0.2727931097101266,1.5284640232958813,2.0,-0.9654529099084135,-0.22714092862532054,2.0,1.0,2.0,0.0,85.0,93.75,0,0,2.0,2.0,-312.5,750.0,0.0,0.0,1075.0,-325.0,-312.5,312.5
571,2019-06-06,11:47:22,153.8125,153.84375,153.75,153.75,289,44447.9375,153.79909169550174,-0.0625,-0.0004064214646470887,153.82645644381034,153.64351473280195,0.18294171100839662,0.9999999999999999,0.01298828125,1.2194018881790936,0.48243454256788404,0.01298828125,0,571,-0.49842212085170257,-0.9654529099084135,0.11396614080506544,16.05228620677006,16.05228620677006,0.0,0.2727931097101266,1.28660734011478,2.0,-0.9918863601894296,-0.02643345028101607,2.0,1.0,2.0,0.0,85.0,31.25,0,0,2.0,2.0,-125.0,625.0,0.0,0.0,1075.0,-450.0,-125.0,-125.0
572,2019-06-06,11:48:32,153.78125,153.78125,153.71875,153.75,289,44436.6875,153.7601643598616,0.0,0.0,153.8094661229636,153.6467912026166,0.16267492034700126,1.0000000000000004,0.005078124999999999,-2.5073964497041374,-0.2276977550124018,0.005078124999999996,0,572,-0.7912624200878712,-0.9918863601894296,0.0712609640686961,22.828054948875156,20.0,0.0,0.2727931097101266,1.7179727020810263,2.0,-0.8699542150024748,0.12193214518695472,2.0,1.0,2.0,0.0,85.0,31.25,0,0,2.0,2.0,0.0,625.0,0.0,0.0,1075.0,-450.0,0.0,0.0
573,2019-06-06,11:50:11,153.75,153.78125,153.71875,153.75,289,44436.46875,153.75940743944636,0.0,0.0,153.79625142897171,153.64996685797212,0.14628457099959746,1.0000000000000007,0.003125,0.3124999999999976,-1.257788237343632,0.0031249999999999984,0,573,-0.963847860414846,-0.8699542150024748,0.05590169943749473,26.168179585159553,20.0,0.0,0.2727931097101266,1.7179727020810263,2.0,-0.5996174887044831,0.27033672629799177,-2.0,1.0,2.0,0.0,85.0,31.25,0,0,-2.0,2.0,0.0,625.0,0.0,4.0,1085.0,-460.0,-10.0,0.0
574,2019-06-06,11:54:21,153.75,153.78125,153.625,153.625,289,44420.375,153.70371972318338,-0.125,-0.0008133388004285536,153.7581955558669,153.6491986469455,0.10899690892139802,0.9999999999999997,0.0046875,2.9166666666666665,-1.2932338163316421,0.004687500000000001,0,574,-0.989881773579239,-0.5996174887044831,0.06846531968814577,15.920017523889538,15.920017523889538,0.0,0.2727931097101266,1.2721543855045947,2.0,-0.22504156042950374,0.3745759282749793,-2.0,-1.0,-2.0,1.0,86.0,-125.0,0,0,-2.0,-2.0,250.0,875.0,0.0,0.0,1085.0,-210.0,250.0,250.0
575,2019-06-06,11:59:00,153.625,153.625,153.53125,153.625,289,44390.21875,153.59937283737025,0.0,0.0,153.72859654345206,153.64845407318202,0.08014247027003307,1.0000000000000004,0.004687500000000001,1.7447916666666632,-0.846307423922913,0.0046875,0,575,-0.8480973155131536,-0.22504156042950374,0.06846531968814576,11.705557008289135,11.705557008289135,0.0,0.2727931097101266,0.8116416986623727,1.0,0.16898079916253267,0.3940223595920364,-2.0,-1.0,-2.0,0.0,86.0,-125.0,0,0,-2.0,-2.0,-0.0,875.0,-1.0,0.0,1085.0,-210.0,-0.0,250.0
576,2019-06-06,12:01:38,153.625,153.6875,153.59375,153.6875,289,44404.46875,153.64868079584775,0.0625,0.0004067520902122368,153.7194639782405,153.6496554863326,0.0698084919079065,1.0,0.005175781250000001,1.1285154859380562,-1.032658539398995,0.005175781250000001,-1,576,-0.5774506522042097,0.16898079916253267,0.07194290270763337,9.703318782062375,9.703318782062375,0.0,0.2727931097101266,0.5928577993127945,1.0,0.4751012589519264,0.30612045978939373,-1.0,-1.0,-2.0,0.0,86.0,-62.5,0,0,-1.0,-2.0,-125.0,750.0,0.0,1.0,1087.5,-337.5,-127.5,-0.0
577,2019-06-06,12:04:15,153.6875,153.6875,153.65625,153.65625,289,44409.40625,153.66576557093427,-0.03125,-0.00020335536419846534,153.70541642752042,153.64985839444833,0.05555803307208862,0.9999999999999976,0.00126953125,-0.1775147928994123,-0.4047960089109363,0.0012695312500000033,0,577,-0.2862579471250134,0.4751012589519264,0.035630482034348106,15.59283790169613,15.59283790169613,0.0,0.2727931097101266,1.2364035779365603,2.0,0.6817372871713682,0.20663602821944177,-1.0,-1.0,-1.0,0.0,86.0,-93.75,0,0,-1.0,-1.0,31.25,781.25,1.0,0.0,1087.5,-306.25,31.25,31.25
578,2019-06-06,12:06:03,153.65625,153.6875,153.65625,153.6875,289,44414.59375,153.68371539792386,0.03125,0.00020335536419846534,153.70143499918257,153.6510165977121,0.05041840147046628,0.9999999999999969,0.001171875,2.9166666666666714,-1.2932338163316428,0.0011718750000000039,-1,578,-0.0352561897964162,0.6817372871713682,0.034232659844072935,14.728157759320519,14.728157759320519,0.0,0.2727931097101266,1.1419202688272376,1.0,0.770077753114887,0.08834046594351885,-2.0,-1.0,-1.0,0.0,86.0,-62.5,0,0,-2.0,-1.0,-31.25,750.0,-1.0,1.0,1090.0,-340.0,-33.75,31.25
579,2019-06-06,12:10:08,153.6875,153.75,153.6875,153.71875,289,44425.6875,153.72210207612457,0.03125,0.00020331401920170578,153.705282777142,153.65310070242586,0.05218207471614278,0.9999999999999959,0.00078125,4.999999999999997,-2.236067977499789,0.0007812500000000033,-1,579,0.09342840158175648,0.770077753114887,0.02795084971874743,18.66922660356289,18.66922660356289,0.0,0.2727931097101266,1.5725595394465919,2.0,0.8899156898804591,0.11983793676557208,-1.0,-1.0,-2.0,0.0,86.0,-31.25,0,0,-1.0,-2.0,-62.5,687.5,1.0,1.0,1092.5,-405.0,-65.0,-33.75
580,2019-06-06,12:12:04,153.71875,153.75,153.71875,153.75,289,44433.03125,153.74751297577853,0.03125,0.00020327269101461098,153.71521993777714,153.65608221931308,0.0591377184640578,0.9999999999999938,0.0007812500000000005,4.999999999999967,2.236067977499787,0.0007812500000000054,-1,580,0.30673630023228016,0.8899156898804591,0.027950849718747468,21.15775336318036,20.0,0.0,0.2727931097101266,1.7179727020810263,2.0,0.9512844438653634,0.06136875398490427,-2.0,-1.0,-1.0,0.0,86.0,0.0,0,0,-2.0,-1.0,-31.25,656.25,0.0,1.0,1095.0,-438.75,-33.75,-33.75
581,2019-06-06,12:13:46,153.75,153.78125,153.75,153.78125,289,44437.0,153.76124567474048,0.03125,0.0002032313796238583,153.7298932849378,153.65993353569044,0.06995974924734583,0.9999999999999956,0.001171875,2.916666666666662,1.2932338163316435,0.001171875000000005,-1,581,0.45464832031278424,0.9512844438653634,0.034232659844072956,20.43655081609402,20.0,0.0,0.2727931097101266,1.7179727020810263,2.0,0.9996602846810198,0.04837584081565638,-2.0,-1.0,-2.0,0.0,86.0,31.25,0,0,-2.0,-2.0,-62.5,593.75,0.0,0.0,1095.0,-501.25,-62.5,-33.75
582,2019-06-06,12:19:10,153.78125,153.875,153.78125,153.875,289,44453.59375,153.8186634948097,0.09375,0.0006094464383661347,153.7621392216183,153.66655096544238,0.09558825617591538,0.9999999999999958,0.0012695312500000003,-0.17751479289942415,0.4047960089109369,0.0012695312500000055,-1,582,0.6884367638017616,0.9996602846810198,0.03563048203434814,26.827662921811537,20.0,0.0,0.2727931097101266,1.7179727020810263,2.0,0.9541627307040496,-0.045497553976970195,2.0,-1.0,-2.0,0.0,86.0,125.0,0,0,2.0,-2.0,-187.5,406.25,0.0,4.0,1105.0,-698.75,-197.5,-62.5
583,2019-06-06,12:22:08,153.875,153.90625,153.84375,153.875,288,44316.09375,153.87532552083334,0.0,0.0,153.78721939459203,153.67296478196624,0.11425461262578551,0.9999999999999958,0.0012695312500000003,-0.17751479289942415,0.4047960089109369,0.0012695312500000055,0,583,0.8863237199377527,0.9541627307040496,0.03563048203434814,32.06653575880419,20.0,0.0,0.2727931097101266,1.7179727020810263,2.0,0.777188661094194,-0.1769740696098555,2.0,-1.0,2.0,1.0,87.0,0.0,0,0,2.0,2.0,0.0,406.25,0.0,0.0,1105.0,-698.75,0.0,0.0
584,2019-06-06,12:25:03,153.875,153.96875,153.875,153.9375,289,44483.96875,153.92376730103805,0.0625,0.00040609137613945023,153.8206150846827,153.68110432722995,0.1395107574527401,0.9999999999999958,0.0012695312500000003,-0.17751479289942415,0.4047960089109369,0.0012695312500000055,-1,584,0.9945148004841631,0.777188661094194,0.03563048203434814,39.15488915312747,20.0,0.0,0.2727931097101266,1.7179727020810263,2.0,0.49205470123443196,-0.2851339598597621,-2.0,-1.0,2.0,0.0,87.0,62.5,0,0,-2.0,2.0,125.0,531.25,0.0,4.0,1115.0,-583.75,115.0,115.0
585,2019-06-06,12:27:59,153.9375,154.0,153.90625,153.96875,288,44337.84375,153.95084635416666,0.03125,0.00020298386347938902,153.8535339547532,153.68995496341364,0.16357899133956266,0.9999999999999929,0.0006835937500000001,-0.6122448979591925,-0.5122408325718826,0.0006835937500000049,-1,585,0.9635171239897737,0.49205470123443196,0.026145625829189955,62.56457290723443,20.0,0.0,0.2727931097101266,1.7179727020810263,2.0,0.329606416939222,-0.16244828429520997,2.0,1.0,-2.0,1.0,88.0,31.25,0,0,2.0,-2.0,-62.5,468.75,0.0,4.0,1125.0,-656.25,-72.5,115.0
586,2019-06-06,12:31:35,153.96875,154.03125,153.96875,154.0,289,44503.6875,153.9919982698962,0.03125,0.00020294266939302474,153.88608196480806,153.69949481079612,0.1865871540119315,0.9999999999999929,0.0006835937500000001,-0.6122448979591925,-0.5122408325718826,0.0006835937500000049,-1,586,0.9006594766540552,0.329606416939222,0.026145625829189955,71.36457747498957,20.0,0.0,0.2727931097101266,1.7179727020810263,2.0,0.028960293490780675,-0.3006461234484413,2.0,1.0,2.0,1.0,89.0,31.25,0,0,2.0,2.0,62.5,531.25,0.0,0.0,1125.0,-593.75,62.5,62.5
587,2019-06-06,12:34:31,154.0,154.0625,153.96875,154.0625,288,44361.03125,154.03135850694446,0.0625,0.0004057618233801463,153.9252859726285,153.7106642013499,0.21462177127858695,0.9999999999999971,0.00126953125,-0.1775147928994123,-0.4047960089109363,0.0012695312500000037,-1,587,0.7272882141658376,0.028960293490780675,0.03563048203434811,60.23543859768431,20.0,0.0,0.2727931097101266,1.7179727020810263,2.0,-0.23152777264966393,-0.2604880661404446,2.0,1.0,2.0,0.0,89.0,93.75,0,0,2.0,2.0,125.0,656.25,0.0,0.0,1125.0,-468.75,125.0,125.0
588,2019-06-06,12:36:58,154.0625,154.09375,154.03125,154.0625,289,44524.84375,154.06520328719722,0.0,0.0,153.95577797871107,153.72148991834112,0.23428806036994843,0.9999999999999976,0.00126953125,-0.17751479289940755,0.4047960089109363,0.0012695312500000033,0,588,0.5241786258655562,-0.23152777264966393,0.035630482034348106,65.75495109611276,20.0,0.0,0.2727931097101266,1.7179727020810263,2.0,-0.4394581277456157,-0.20793035509595179,2.0,1.0,2.0,0.0,89.0,93.75,0,0,2.0,2.0,0.0,656.25,0.0,0.0,1125.0,-468.75,0.0,125.0
589,2019-06-06,12:37:27,154.0625,154.0625,153.96875,154.03125,288,44355.1875,154.01106770833334,-0.03125,-0.00020286033135885617,153.97254953899753,153.73102099787036,0.24152854112716682,0.9999999999999983,0.00146484375,2.0000000000000013,1.3608276348795436,0.0014648437500000024,0,589,0.3244240902523305,-0.4394581277456157,0.03827327723098719,63.10631296857383,20.0,0.0,0.2727931097101266,1.7179727020810263,2.0,-0.5137018685918905,-0.07424374084627477,2.0,1.0,2.0,0.0,89.0,62.5,0,0,2.0,2.0,-62.5,593.75,0.0,0.0,1125.0,-531.25,-62.5,0.0
590,2019-06-06,12:38:55,154.03125,154.03125,154.0,154.03125,288,44358.625,154.02300347222223,0.0,0.0,153.98559408588696,153.74025881340842,0.2453352724785418,0.9999999999999973,0.00068359375,-0.612244897959183,0.5122408325718831,0.0006835937500000019,0,590,0.24343345224498314,-0.5137018685918905,0.026145625829189896,93.83415569446454,20.0,0.0,0.2727931097101266,1.7179727020810263,2.0,-0.6701903352853874,-0.15648846669349692,2.0,1.0,2.0,0.0,89.0,62.5,0,0,2.0,2.0,0.0,593.75,0.0,0.0,1125.0,-531.25,0.0,0.0
591,2019-06-06,12:41:55,154.03125,154.0625,154.0,154.0,289,44510.15625,154.01438148788927,-0.03125,-0.00020290149202129015,153.9887954001343,153.74825084999264,0.24054455014166365,0.9999999999999973,0.00068359375,-0.612244897959183,0.5122408325718831,0.0006835937500000019,0,591,0.05091093592141406,-0.6701903352853874,0.026145625829189896,92.00183300761202,20.0,0.0,0.2727931097101266,1.7179727020810263,2.0,-0.724226327107379,-0.05403599182199159,2.0,1.0,2.0,0.0,89.0,31.25,0,0,2.0,2.0,-62.5,531.25,0.0,0.0,1125.0,-593.75,-62.5,0.0
592,2019-06-06,12:43:52,154.0,154.0625,153.96875,154.03125,288,44354.59375,154.00900607638889,0.03125,0.00020290149202129015,153.99822975566005,153.75695851622459,0.2412712394354628,0.9999999999999973,0.00068359375,-0.612244897959183,0.5122408325718831,0.0006835937500000019,-1,592,-0.02451113707630981,-0.724226327107379,0.026145625829189896,92.27977215450666,20.0,0.0,0.2727931097101266,1.7179727020810263,2.0,-0.7700286737208027,-0.04580234661342375,2.0,1.0,2.0,0.0,89.0,62.5,0,0,2.0,2.0,62.5,593.75,0.0,0.0,1125.0,-531.25,62.5,62.5
593,2019-06-06,12:45:11,154.03125,154.0625,153.96875,154.03125,288,44360.21875,154.02853732638889,0.0,0.0,154.0055675877356,153.76539825426005,0.24016933347556346,0.9999999999999973,0.00068359375,-0.612244897959183,0.5122408325718831,0.0006835937500000019,0,593,-0.09335180839203248,-0.7700286737208027,0.026145625829189896,91.85832270552497,20.0,0.0,0.2727931097101266,1.7179727020810263,2.0,-0.8127647929091542,-0.04273611918835141,2.0,1.0,2.0,0.0,89.0,62.5,0,0,2.0,2.0,0.0,593.75,0.0,0.0,1125.0,-531.25,0.0,62.5
594,2019-06-06,12:47:25,154.03125,154.03125,153.9375,154.0,289,44504.3125,153.994160899654,-0.03125,-0.00020290149202129015,154.0043303460166,153.77261676957417,0.23171357644241652,0.9999999999999991,0.00126953125,-0.17751479289940755,-0.4047960089109363,0.0012695312500000013,0,594,-0.16275677126764557,-0.8127647929091542,0.03563048203434808,65.03240012836277,20.0,0.0,0.2727931097101266,1.7179727020810263,2.0,-0.8965487416186659,-0.08378394870951178,2.0,1.0,2.0,0.0,89.0,31.25,0,0,2.0,2.0,-62.5,531.25,0.0,0.0,1125.0,-593.75,-62.5,0.0
595,2019-06-06,12:50:23,154.0,154.0,153.9375,154.0,288,44345.21875,153.97645399305554,0.0,0.0,154.0033680469018,153.77961317672114,0.2237548701806702,1.0000000000000002,0.0009765625,-2.9999999999999964,9.251858538542974e-16,0.0009765624999999999,0,595,-0.32074621711511403,-0.8965487416186659,0.031249999999999997,71.60155845781448,20.0,0.0,0.2727931097101266,1.7179727020810263,2.0,-0.926449774437122,-0.02990103281845602,2.0,1.0,2.0,0.0,89.0,31.25,0,0,2.0,2.0,0.0,531.25,0.0,0.0,1125.0,-593.75,0.0,0.0
596,2019-06-06,12:51:13,154.0,154.0625,153.9375,153.9375,289,44502.28125,153.9871323529412,-0.0625,-0.00040592653287241376,153.98873070314585,153.78447123286034,0.20425947028550695,1.0000000000000002,0.0009765625,-2.9999999999999964,9.251858538542974e-16,0.0009765624999999999,0,596,-0.38893091136087776,-0.926449774437122,0.031249999999999997,65.36303049136224,20.0,0.0,0.2727931097101266,1.7179727020810263,2.0,-0.9554744972108397,-0.029024722773717704,2.0,1.0,2.0,0.0,89.0,-31.25,0,0,2.0,2.0,-125.0,406.25,0.0,0.0,1125.0,-718.75,-125.0,0.0
597,2019-06-06,12:51:56,153.9375,153.9375,153.875,153.875,288,44325.5625,153.908203125,-0.0625,-0.00040609137613945023,153.9634572135579,153.787256733409,0.17620048014887857,1.0000000000000002,0.0009765625,-2.9999999999999964,9.251858538542974e-16,0.0009765624999999999,0,597,-0.46697388590528627,-0.9554744972108397,0.031249999999999997,56.38415364764115,20.0,0.0,0.2727931097101266,1.7179727020810263,2.0,-0.9789696046766481,-0.023495107465808407,2.0,1.0,2.0,0.0,89.0,-93.75,0,0,2.0,2.0,-125.0,281.25,0.0,0.0,1125.0,-843.75,-125.0,-125.0
598,2019-06-06,12:52:56,153.875,153.90625,153.84375,153.875,289,44472.09375,153.88267733564012,0.0,0.0,153.94380005498948,153.7899565262472,0.15384352874227147,0.9999999999999999,0.0016601562499999997,-1.4878892733564004,0.5413870509510853,0.0016601562500000002,0,598,-0.5479819072468979,-0.9789696046766481,0.040745015032516554,37.75763209793803,20.0,0.0,0.2727931097101266,1.7179727020810263,2.0,-0.99985664208903,-0.02088703741238196,2.0,1.0,2.0,0.0,89.0,-93.75,0,0,2.0,2.0,0.0,281.25,0.0,0.0,1125.0,-843.75,0.0,0.0
599,2019-06-06,12:53:55,153.875,153.875,153.8125,153.84375,289,44459.6875,153.8397491349481,-0.03125,-0.00020310754614349946,153.9215667094363,153.79161171006686,0.12995499936943133,0.9999999999999988,0.0016601562499999997,-1.4878892733564004,-0.5413870509510851,0.0016601562500000015,0,599,-0.6950326245567116,-0.99985664208903,0.040745015032516575,31.894699085451485,20.0,0.0,0.2727931097101266,1.7179727020810263,2.0,-0.9859152196937653,0.013941422395264746,2.0,1.0,2.0,0.0,89.0,-125.0,0,0,2.0,2.0,-62.5,218.75,0.0,0.0,1125.0,-906.25,-62.5,0.0
600,2019-06-06,12:54:13,153.84375,153.90625,153.84375,153.875,288,44319.4375,153.88693576388889,0.03125,0.00020310754614349946,153.91121855178378,153.7941775036211,0.11704104816266181,0.9999999999999982,0.0009765625,-3.0,0.0,0.000976562500000002,-1,600,-0.8154080232452751,-0.9859152196937653,0.03125000000000003,37.45313541205175,20.0,0.0,0.2727931097101266,1.7179727020810263,2.0,-0.9384497496498965,0.04746547004386881,2.0,1.0,2.0,0.0,89.0,-93.75,0,0,2.0,2.0,62.5,281.25,0.0,0.0,1125.0,-843.75,62.5,62.5
601,2019-06-06,12:54:55,153.875,153.9375,153.875,153.90625,289,44478.34375,153.904303633218,0.03125,0.0002030663018448564,153.91011442916516,153.79762588814836,0.11248854101680195,0.9999999999999989,0.001171875,-3.3333333333333326,0.6085806194501847,0.0011718750000000015,-1,601,-0.9078300286047724,-0.9384497496498965,0.0342326598440729,32.86000606706534,20.0,0.0,0.2727931097101266,1.7179727020810263,2.0,-0.9439220836691783,-0.0054723340192818215,2.0,1.0,2.0,0.0,89.0,-62.5,0,0,2.0,2.0,62.5,343.75,0.0,0.0,1125.0,-781.25,62.5,62.5
602,2019-06-06,12:57:00,153.90625,153.9375,153.875,153.875,288,44327.21875,153.91395399305554,-0.03125,-0.0002030663018448564,153.90231122268403,153.80000663006706,0.10230459261697433,0.9999999999999982,0.0017578124999999998,-2.407407407407407,-0.1656346649999846,0.0017578125000000029,0,602,-0.9009179433230975,-0.9439220836691783,0.04192627457812109,24.40106917354427,20.0,0.0,0.2727931097101266,1.7179727020810263,2.0,-0.9177590519160091,0.02616303175316914,2.0,1.0,2.0,0.0,89.0,-93.75,0,0,2.0,2.0,-62.5,281.25,0.0,0.0,1125.0,-843.75,-62.5,62.5
603,2019-06-06,12:58:12,153.875,153.90625,153.84375,153.84375,289,44468.84375,153.87143166089965,-0.03125,-0.00020310754614349946,153.88929761764317,153.8013525799197,0.08794503772347184,0.9999999999999984,0.0016601562499999997,-1.4878892733564004,0.5413870509510851,0.0016601562500000023,0,603,-0.9297723830121175,-0.9177590519160091,0.04074501503251658,21.584244760564513,20.0,0.0,0.2727931097101266,1.7179727020810263,2.0,-0.9298770749290323,-0.012118023013023116,-2.0,1.0,2.0,0.0,89.0,-125.0,0,0,-2.0,2.0,-62.5,218.75,0.0,4.0,1135.0,-916.25,-72.5,-62.5
604,2019-06-06,12:59:48,153.84375,153.90625,153.8125,153.90625,289,44464.59375,153.85672577854672,0.0625,0.0004061738479883559,153.89306481372248,153.8045801928651,0.08848462085737197,0.9999999999999994,0.00224609375,1.4555765595463157,1.118079933149378,0.0022460937500000007,-1,604,-0.9176460343361578,-0.9298770749290323,0.0473929715253222,18.670409980537805,18.670409980537805,0.0,0.2727931097101266,1.5726888466516893,2.0,-0.8557522097472426,0.07412486518178962,2.0,-1.0,-2.0,1.0,90.0,62.5,0,0,2.0,-2.0,-125.0,93.75,0.0,4.0,1145.0,-1051.25,-135.0,-72.5
605,2019-06-06,13:01:59,153.90625,153.9375,153.90625,153.90625,288,44326.21875,153.91048177083334,0.0,0.0,153.8959948551175,153.80770849464173,0.0882863604757631,0.9999999999999993,0.00244140625,-1.2000000000000004,0.0,0.0024414062500000017,0,605,-0.9709552593369466,-0.8557522097472426,0.049410588440130944,17.867903067525003,17.867903067525003,0.0,0.2727931097101266,1.4849991854594704,2.0,-0.7438537058319568,0.11189850391528589,-2.0,1.0,2.0,1.0,91.0,0.0,0,0,-2.0,2.0,0.0,93.75,0.0,4.0,1155.0,-1061.25,-10.0,-10.0
606,2019-06-06,13:05:13,153.90625,153.96875,153.84375,153.84375,289,44473.53125,153.88765138408306,-0.0625,-0.0004061738479883559,153.88438488731364,153.80881746404376,0.07556742326988797,0.9999999999999989,0.00224609375,1.4555765595463157,-1.118079933149378,0.0022460937500000024,0,606,-0.9985734960599875,-0.7438537058319568,0.047392971525322215,15.944858665279524,15.944858665279524,0.0,0.2727931097101266,1.2748687686915732,2.0,-0.5904650584637999,0.15338864736815683,-2.0,-1.0,-2.0,1.0,92.0,-62.5,0,0,-2.0,-2.0,125.0,218.75,0.0,0.0,1155.0,-936.25,125.0,125.0
607,2019-06-06,13:08:37,153.84375,153.90625,153.84375,153.875,289,44471.84375,153.88181228373702,0.03125,0.00020310754614349946,153.8822993567995,153.81085384977686,0.07144550702264496,0.9999999999999994,0.00224609375,-3.081285444234402,-0.31535587858059355,0.0022460937500000007,-1,607,-0.9882017110613448,-0.5904650584637999,0.0473929715253222,15.075127117629968,15.075127117629968,0.0,0.2727931097101266,1.1798334942224087,1.0,-0.21897326013762156,0.3714917983261784,-2.0,-1.0,-2.0,0.0,92.0,-31.25,0,0,-2.0,-2.0,-62.5,156.25,-1.0,0.0,1155.0,-998.75,-62.5,125.0
608,2019-06-06,13:11:22,153.875,153.90625,153.84375,153.90625,288,44319.25,153.88628472222223,0.03125,0.0002030663018448564,153.88762172195518,153.81378911595348,0.0738326060017016,0.9999999999999994,0.00224609375,-3.081285444234402,-0.31535587858059355,0.0022460937500000007,-1,608,-0.8447833849290723,-0.21897326013762156,0.0473929715253222,15.578809183182917,15.578809183182917,0.0,0.2727931097101266,1.2348706645704108,2.0,0.2706445543465687,0.4896178144841903,-1.0,-1.0,-2.0,0.0,92.0,0.0,0,0,-1.0,-2.0,-62.5,93.75,1.0,1.0,1157.5,-1063.75,-65.0,-62.5
609,2019-06-06,13:15:41,153.90625,153.9375,153.84375,153.84375,289,44472.40625,153.88375865051904,-0.0625,-0.0004061738479883559,153.8778724504096,153.8147109893136,0.0631614610960014,0.9999999999999987,0.00146484375,2.0000000000000013,-1.3608276348795436,0.0014648437500000017,0,609,-0.4893424947251115,0.2706445543465687,0.03827327723098718,16.502757450011103,16.502757450011103,0.0,0.2727931097101266,1.3358301817577836,2.0,0.5166917364919699,0.24604718214540117,-2.0,-1.0,-1.0,0.0,92.0,-62.5,0,0,-2.0,-1.0,62.5,156.25,0.0,1.0,1160.0,-1003.75,60.0,60.0
610,2019-06-06,13:21:28,153.84375,153.875,153.78125,153.84375,289,44453.5,153.818339100346,0.0,0.0,153.87028968365192,153.81560449733925,0.05468518631266761,0.9999999999999989,0.001171875,2.9166666666666665,-1.2932338163316421,0.0011718750000000013,0,610,-0.2400484478193328,0.5166917364919699,0.0342326598440729,15.974565389237757,15.974565389237757,0.0,0.2727931097101266,1.278114812453674,2.0,0.8045161178440258,0.2878243813520559,-2.0,-1.0,-2.0,0.0,92.0,-62.5,0,0,-2.0,-2.0,-0.0,156.25,0.0,0.0,1160.0,-1003.75,-0.0,60.0
611,2019-06-06,13:23:33,153.84375,153.875,153.84375,153.84375,288,44307.09375,153.84407552083334,0.0,0.0,153.86439197617372,153.81647051281,0.04792146336370706,0.9999999999999996,0.00078125,0.3124999999999976,-1.257788237343632,0.0007812500000000003,0,611,0.14890629380041326,0.8045161178440258,0.027950849718747377,17.14490394600235,17.14490394600235,0.0,0.2727931097101266,1.4059973139733095,2.0,0.9374063300475045,0.13289021220347874,-2.0,-1.0,-2.0,0.0,92.0,-62.5,0,0,-2.0,-2.0,-0.0,156.25,0.0,0.0,1160.0,-1003.75,-0.0,-0.0
612,2019-06-06,13:28:24,153.84375,153.875,153.8125,153.84375,289,44463.84375,153.85413062283737,0.0,0.0,153.85980487035735,153.81730988165066,0.04249498870669299,0.9999999999999972,0.00029296875,-3.3333333333333304,-0.6085806194501845,0.0002929687500000008,0,612,0.4166052587657704,0.9374063300475045,0.017116329922036464,24.827161488621876,20.0,0.0,0.2727931097101266,1.7179727020810263,2.0,0.979453637920531,0.04204730787302646,-2.0,-1.0,-2.0,0.0,92.0,-62.5,0,0,-2.0,-2.0,-0.0,156.25,0.0,0.0,1160.0,-1003.75,-0.0,-0.0
613,2019-06-06,13:31:20,153.84375,153.84375,153.78125,153.8125,289,44450.875,153.80925605536333,-0.03125,-0.00020314880719940476,153.84929267694463,153.81716188529148,0.03213079165314525,0.9999999999999972,0.00029296875,-3.3333333333333304,-0.6085806194501845,0.0002929687500000008,0,613,0.5499764663887945,0.979453637920531,0.017116329922036464,18.772010004188093,18.772010004188093,0.0,0.2727931097101266,1.5837906471552732,2.0,0.9910678041571771,0.011614166236646128,-2.0,-1.0,-2.0,0.0,92.0,-93.75,0,0,-2.0,-2.0,62.5,218.75,0.0,0.0,1160.0,-941.25,62.5,62.5
614,2019-06-06,13:33:24,153.8125,153.84375,153.78125,153.78125,289,44449.75,153.80536332179932,-0.03125,-0.00020319008502323044,153.83417208206808,153.81605690420062,0.018115177867457533,0.9999999999999987,0.00146484375,2.0000000000000013,1.3608276348795436,0.0014648437500000017,0,614,0.6064917523129278,0.9910678041571771,0.03827327723098718,4.733113853336538,4.733113853336538,0.0,0.2727931097101266,0.04976517395504665,0.0,0.9879623200361887,-0.003105484120988433,2.0,-1.0,-2.0,0.0,92.0,-125.0,0,0,2.0,-2.0,62.5,281.25,-2.0,4.0,1170.0,-888.75,52.5,62.5
615,2019-06-06,13:36:25,153.78125,153.84375,153.78125,153.78125,288,44295.90625,153.80523003472223,0.0,0.0,153.8224116193863,153.81498592252825,0.007425696858035735,0.9999999999999987,0.00146484375,2.0000000000000013,1.3608276348795436,0.0014648437500000017,0,615,0.5892091755730888,0.9879623200361887,0.03827327723098718,1.940177950589418,1.940177950589418,0.0,0.2727931097101266,-0.2554179952765081,0.0,0.9516446212913923,-0.0363176987447964,0.0,-1.0,2.0,1.0,93.0,0.0,0,0,0.0,2.0,0.0,281.25,0.0,2.0,1175.0,-893.75,-5.0,52.5
616,2019-06-06,13:40:36,153.78125,153.84375,153.75,153.84375,289,44448.21875,153.80006487889273,0.0625,0.0004063388922226352,153.82715348174492,153.81587097106956,0.011282510675357571,0.9999999999999981,0.001171875,2.9166666666666665,1.2932338163316421,0.0011718750000000023,-1,616,0.4556903852329865,0.9516446212913923,0.034232659844072914,3.2958323211659635,3.2958323211659635,0.0,0.2727931097101266,-0.10728609694392455,0.0,0.6777964196803226,-0.2738482016110697,0.0,-1.0,0.0,0.0,93.0,62.5,0,0,0.0,0.0,0.0,281.25,0.0,0.0,1175.0,-893.75,0.0,0.0
617,2019-06-06,13:43:17,153.84375,153.875,153.8125,153.84375,289,44457.71875,153.83293685121106,0.0,0.0,153.8308415969127,153.81672878734784,0.014112809564863937,0.9999999999999969,0.001171875,-3.3333333333333304,0.6085806194501845,0.0011718750000000036,0,617,-0.040625552239349834,0.6777964196803226,0.034232659844072935,4.122615545840339,4.122615545840339,0.0,0.2727931097101266,-0.01694377131968472,0.0,0.5003734988305224,-0.17742292084980016,0.0,-1.0,0.0,0.0,93.0,62.5,0,0,0.0,0.0,0.0,281.25,0.0,0.0,1175.0,-893.75,0.0,0.0
618,2019-06-06,13:46:51,153.84375,153.875,153.84375,153.84375,289,44467.1875,153.86570069204151,0.0,0.0,153.8337101309321,153.8175602092789,0.016149921653209276,0.9999999999999974,0.002734374999999999,-0.6122448979591795,0.5122408325718838,0.002734375000000006,0,618,-0.25840238533379367,0.5003734988305224,0.05229125165837978,3.0884557437479545,3.0884557437479545,0.0,0.2727931097101266,-0.1299460659960504,0.0,0.6798139354614531,0.17944043663093068,-0.0,-1.0,0.0,0.0,93.0,62.5,0,0,-0.0,0.0,0.0,281.25,0.0,0.0,1175.0,-893.75,0.0,0.0
619,2019-06-06,13:49:04,153.84375,153.9375,153.84375,153.90625,288,44318.75,153.88454861111111,0.0625,0.0004061738479883559,153.8498301018361,153.82028912592696,0.02954097590912852,0.9999999999999974,0.002734374999999999,-0.6122448979591795,0.5122408325718838,0.002734375000000006,-1,619,-0.03788020023958764,0.6798139354614531,0.05229125165837978,5.6493151286797545,5.6493151286797545,0.0,0.2727931097101266,0.14987817998150532,0.0,0.976331077263996,0.29651714180254296,-0.0,-1.0,-0.0,0.0,93.0,125.0,0,0,-0.0,-0.0,-0.0,281.25,0.0,0.0,1175.0,-893.75,-0.0,-0.0
620,2019-06-06,13:52:05,153.90625,154.03125,153.90625,154.03125,289,44495.40625,153.96334342560553,0.125,0.0008118530991882977,153.8901456347614,153.8267802297688,0.06336540499262355,0.9999999999999972,0.0021484374999999997,0.8677685950413263,0.5516180692881066,0.0021484375000000062,-1,620,0.537436307669464,0.976331077263996,0.04635124054434796,13.670703145905401,13.670703145905401,0.0,0.2727931097101266,1.0263725579316418,1.0,0.9397768499703062,-0.036554227293689845,0.0,-1.0,-0.0,0.0,93.0,250.0,0,0,0.0,-0.0,-0.0,281.25,1.0,0.0,1175.0,-893.75,-0.0,-0.0
621,2019-06-06,13:54:21,154.03125,154.09375,154.0,154.09375,288,44365.90625,154.04828559027777,0.0625,0.00040567951874859176,153.93539104925887,153.83499468426712,0.10039636499175231,0.9999999999999931,0.0011718749999999989,2.9166666666666075,1.2932338163316497,0.001171875000000007,-1,621,0.9062036462447003,0.9397768499703062,0.034232659844072984,29.327655358669084,20.0,0.0,0.2727931097101266,1.7179727020810263,2.0,0.697611182702659,-0.2421656672676472,1.0,-1.0,0.0,0.0,93.0,312.5,0,0,1.0,0.0,0.0,281.25,1.0,1.0,1177.5,-896.25,-2.5,-0.0
622,2019-06-06,13:56:45,154.09375,154.15625,154.09375,154.125,288,44384.40625,154.11252170138889,0.03125,0.00020277806010859933,153.97752637164578,153.84391792478243,0.13360844686334872,0.9999999999999981,0.00322265625,1.0743801652892628,-0.2669003066972998,0.003222656250000006,-1,622,0.99991102057931,0.697611182702659,0.05676844413932802,23.535689393817208,20.0,0.0,0.2727931097101266,1.7179727020810263,2.0,0.38490742671547823,-0.31270375598718075,-2.0,-1.0,1.0,1.0,94.0,31.25,0,0,-2.0,1.0,31.25,312.5,0.0,3.0,1185.0,-872.5,23.75,23.75
623,2019-06-06,14:00:05,154.125,154.1875,154.09375,154.1875,288,44387.4375,154.123046875,0.0625,0.00040543280506710744,154.02418717794671,153.85448968097884,0.16969749696787062,0.999999999999997,0.0014648437500000002,2.0000000000000013,-1.3608276348795436,0.0014648437500000048,-1,623,0.9247985213518781,0.38490742671547823,0.03827327723098722,44.33837634120298,20.0,0.0,0.2727931097101266,1.7179727020810263,2.0,0.15236314708343002,-0.2325442796320482,2.0,1.0,-2.0,1.0,95.0,62.5,0,0,2.0,-2.0,-125.0,187.5,0.0,4.0,1195.0,-1007.5,-135.0,23.75
624,2019-06-06,14:01:59,154.1875,154.1875,154.125,154.15625,289,44551.71875,154.158196366782,-0.03125,-0.00020269585556320635,154.05353447173636,153.86377461390234,0.18975985783401939,0.9999999999999979,0.0017578124999999998,-2.407407407407407,-0.1656346649999846,0.0017578125000000037,0,624,0.8065880255984078,0.15236314708343002,0.0419262745781211,45.26036709520671,20.0,0.0,0.2727931097101266,1.7179727020810263,2.0,-0.0515046552495363,-0.2038678023329663,2.0,1.0,2.0,1.0,96.0,-31.25,0,0,2.0,2.0,-62.5,125.0,0.0,0.0,1195.0,-1070.0,-62.5,-62.5
625,2019-06-06,14:05:34,154.15625,154.25,154.15625,154.1875,288,44411.5,154.20659722222223,0.03125,0.00020269585556320635,154.0833045891283,153.8737353950448,0.2095691940834854,0.9999999999999979,0.0017578124999999998,-2.407407407407407,-0.1656346649999846,0.0017578125000000037,-1,625,0.6697489858706548,-0.0515046552495363,0.0419262745781211,49.9851694891221,20.0,0.0,0.2727931097101266,1.7179727020810263,2.0,-0.17536170610831228,-0.12385705085877599,2.0,1.0,2.0,0.0,96.0,0.0,0,0,2.0,2.0,62.5,187.5,0.0,0.0,1195.0,-1007.5,62.5,62.5
626,2019-06-06,14:08:10,154.1875,154.1875,154.125,154.15625,288,44400.53125,154.16851128472223,-0.03125,-0.00020269585556320635,154.09951468043315,153.8824281521472,0.21708652828593245,0.9999999999999986,0.0017578124999999998,-2.407407407407407,0.1656346649999846,0.0017578125000000022,0,626,0.5721500553922272,-0.17536170610831228,0.041926274578121085,51.77815831965606,20.0,0.0,0.2727931097101266,1.7179727020810263,2.0,-0.3398248442326503,-0.16446313812433802,2.0,1.0,2.0,0.0,96.0,-31.25,0,0,2.0,2.0,-62.5,125.0,0.0,0.0,1195.0,-1070.0,-62.5,62.5
627,2019-06-06,14:12:00,154.15625,154.21875,154.125,154.1875,288,44400.65625,154.1689453125,0.03125,0.00020269585556320635,154.11906697367024,153.89181497826308,0.22725199540715835,0.9999999999999982,0.0016601562499999997,-1.4878892733564004,-0.5413870509510851,0.0016601562500000026,-1,627,0.42473351585661095,-0.3398248442326503,0.04074501503251659,55.77418371935799,20.0,0.0,0.2727931097101266,1.7179727020810263,2.0,-0.4362423291356023,-0.09641748490295199,2.0,1.0,2.0,0.0,96.0,0.0,0,0,2.0,2.0,62.5,187.5,0.0,0.0,1195.0,-1007.5,62.5,62.5
628,2019-06-06,14:17:07,154.1875,154.21875,154.125,154.125,288,44396.03125,154.15288628472223,-0.0625,-0.00040543280506710744,154.12038542396576,153.89898990202968,0.22139552193607415,0.9999999999999982,0.0016601562499999997,-1.4878892733564004,-0.5413870509510851,0.0016601562500000026,0,628,0.32780543620503544,-0.4362423291356023,0.04074501503251659,54.33683648401879,20.0,0.0,0.2727931097101266,1.7179727020810263,2.0,-0.5918312859591038,-0.15558895682350155,2.0,1.0,2.0,0.0,96.0,-62.5,0,0,2.0,2.0,-125.0,62.5,0.0,0.0,1195.0,-1132.5,-125.0,62.5
629,2019-06-06,14:21:38,154.125,154.125,154.09375,154.125,288,44387.1875,154.12217881944446,0.0,0.0,154.12141088530672,153.90594405890988,0.21546682639683468,0.9999999999999982,0.00224609375,1.4555765595463157,-1.118079933149378,0.0022460937500000037,0,629,0.1514838946302565,-0.5918312859591038,0.04739297152532223,45.46387775700243,20.0,0.0,0.2727931097101266,1.7179727020810263,2.0,-0.7219697005704413,-0.13013841461133746,2.0,1.0,2.0,0.0,96.0,-62.5,0,0,2.0,2.0,0.0,62.5,0.0,0.0,1195.0,-1132.5,0.0,0.0
630,2019-06-06,14:28:12,154.125,154.1875,154.125,154.15625,288,44395.15625,154.14984809027777,0.03125,0.0002027369495039011,154.12915291079412,153.91364578019517,0.21550713059895088,0.9999999999999982,0.00224609375,1.4555765595463157,-1.118079933149378,0.0022460937500000037,-1,630,-0.021245043578039902,-0.7219697005704413,0.04739297152532223,45.47238201424122,20.0,0.0,0.2727931097101266,1.7179727020810263,2.0,-0.8201120211628969,-0.09814232059245565,2.0,1.0,2.0,0.0,96.0,-31.25,0,0,2.0,2.0,62.5,125.0,0.0,0.0,1195.0,-1070.0,62.5,62.5
631,2019-06-06,14:31:19,154.15625,154.21875,154.15625,154.21875,288,44407.25,154.19184027777777,0.0625,0.0004053506338435042,154.1490633750621,153.9230336023678,0.22602977269428948,0.9999999999999968,0.00126953125,-0.1775147928994123,-0.4047960089109363,0.0012695312500000042,-1,631,-0.17529815026885165,-0.8201120211628969,0.03563048203434812,63.4371919179748,20.0,0.0,0.2727931097101266,1.7179727020810263,2.0,-0.8882163388527626,-0.06810431768986569,2.0,1.0,2.0,0.0,96.0,31.25,0,0,2.0,2.0,125.0,250.0,0.0,0.0,1195.0,-945.0,125.0,125.0
632,2019-06-06,14:34:11,154.21875,154.25,154.1875,154.25,288,44419.84375,154.23556857638889,0.03125,0.00020261371764185299,154.17149373615942,153.9330941069361,0.23839962922332347,0.9999999999999986,0.00263671875,-1.6872427983539093,-0.5184205276797869,0.0026367187500000036,-1,632,-0.30320095192370833,-0.8882163388527626,0.05134898976610936,46.427326089415814,20.0,0.0,0.2727931097101266,1.7179727020810263,2.0,-0.9372410106271601,-0.04902467177439751,2.0,1.0,2.0,0.0,96.0,62.5,0,0,2.0,2.0,62.5,312.5,0.0,0.0,1195.0,-882.5,62.5,125.0
633,2019-06-06,14:40:01,154.25,154.25,154.1875,154.21875,288,44417.9375,154.22894965277777,-0.03125,-0.00020261371764185299,154.18199512812402,153.94188351905217,0.24011160907184603,0.9999999999999988,0.00419921875,-1.963223363980531,-0.23551393640880577,0.004199218750000004,0,633,-0.4161739145605288,-0.9372410106271601,0.06480137922914916,37.05347199829942,20.0,0.0,0.2727931097101266,1.7179727020810263,2.0,-0.9728873882677475,-0.03564637764058731,2.0,1.0,2.0,0.0,96.0,31.25,0,0,2.0,2.0,-62.5,250.0,0.0,0.0,1195.0,-945.0,-62.5,62.5
634,2019-06-06,14:45:28,154.21875,154.25,154.125,154.15625,288,44410.0,154.20138888888889,-0.0625,-0.0004053506338435042,154.1762739885409,153.94847941078947,0.22779457775143896,0.999999999999999,0.00361328125,-0.021913805697588867,0.5901286563843656,0.0036132812500000036,0,634,-0.5243960850509762,-0.9728873882677475,0.06011057519272298,37.89592380726643,20.0,0.0,0.2727931097101266,1.7179727020810263,2.0,-0.9790860144544927,-0.006198626186745271,2.0,1.0,2.0,0.0,96.0,-31.25,0,0,2.0,2.0,-125.0,125.0,0.0,0.0,1195.0,-1070.0,-125.0,-62.5
635,2019-06-06,14:50:05,154.15625,154.28125,154.15625,154.25,288,44419.15625,154.23318142361111,0.09375,0.0006079643514853572,154.19265754664295,153.95775696740222,0.2349005792407297,0.9999999999999991,0.00341796875,2.000000000000002,1.1454053224818188,0.0034179687500000035,-1,635,-0.5484597902296016,-0.9790860144544927,0.05846339666834286,40.17908514164816,20.0,0.0,0.2727931097101266,1.7179727020810263,2.0,-0.9930931270569142,-0.01400711260242149,2.0,1.0,2.0,0.0,96.0,62.5,0,0,2.0,2.0,187.5,312.5,0.0,0.0,1195.0,-882.5,187.5,187.5
636,2019-06-06,14:59:35,154.25,154.28125,154.21875,154.25,288,44423.25,154.24739583333334,0.0,0.0,154.20540031405562,153.96674906073324,0.2386512533223879,0.9999999999999993,0.0041015625,0.9183673469387786,1.0223715049937014,0.004101562500000003,0,636,-0.6192589134189496,-0.9930931270569142,0.06404344228724751,37.26396408425234,20.0,0.0,0.2727931097101266,1.7179727020810263,2.0,-0.9982600908557032,-0.005166963798789004,2.0,1.0,2.0,0.0,96.0,62.5,0,0,2.0,2.0,0.0,312.5,0.0,0.0,1195.0,-882.5,0.0,187.5
637,2019-06-06,15:06:17,154.25,154.28125,154.21875,154.25,288,44426.90625,154.26009114583334,0.0,0.0,154.2153113553766,153.97546447426822,0.23984688110837737,0.9999999999999993,0.0041015625,0.9183673469387786,1.0223715049937014,0.004101562500000003,0,637,-0.6641824092815966,-0.9982600908557032,0.06404344228724751,37.450654203222975,20.0,0.0,0.2727931097101266,1.7179727020810263,2.0,-0.9999529129426566,-0.0016928220869534272,2.0,1.0,2.0,0.0,96.0,62.5,0,0,2.0,2.0,0.0,312.5,0.0,0.0,1195.0,-882.5,0.0,0.0
638,2019-06-06,15:11:11,154.25,154.25,154.125,154.1875,288,44403.03125,154.17719184027777,-0.0625,-0.00040526849592215086,154.20913105418182,153.98198864430458,0.22714240987724565,0.9999999999999987,0.0009765625,-2.9999999999999964,9.251858538542974e-16,0.0009765625000000013,0,638,-0.7002115654150602,-0.9999529129426566,0.03125000000000002,72.68557116071857,20.0,0.0,0.2727931097101266,1.7179727020810263,2.0,-0.9990085693277377,0.0009443436149189077,2.0,1.0,2.0,0.0,96.0,0.0,0,0,2.0,2.0,-125.0,187.5,0.0,0.0,1195.0,-1007.5,-125.0,0.0
639,2019-06-06,15:21:01,154.1875,154.1875,154.09375,154.125,288,44390.875,154.13498263888889,-0.0625,-0.00040543280506710744,154.19043526436366,153.98638899371963,0.20404627064402803,0.999999999999999,0.0006835937500000001,-0.6122448979591925,0.5122408325718826,0.0006835937500000008,0,639,-0.7378849206872765,-0.9990085693277377,0.026145625829189875,78.04222089655386,20.0,0.0,0.2727931097101266,1.7179727020810263,2.0,-0.9943767667056482,0.004631802622089509,2.0,1.0,2.0,0.0,96.0,-62.5,0,0,2.0,2.0,-125.0,62.5,0.0,0.0,1195.0,-1132.5,-125.0,-125.0
640,2019-06-06,15:25:20,154.125,154.125,154.09375,154.09375,289,44540.375,154.1189446366782,-0.03125,-0.00020277806010859933,154.16894965006063,153.9896924093041,0.17925724075652738,0.9999999999999992,0.0026367187499999997,3.2510288065843675,1.7355817665801567,0.002636718750000002,0,640,-0.7780132825601446,-0.9943767667056482,0.05134898976610934,34.90959443857224,20.0,0.0,0.2727931097101266,1.7179727020810263,2.0,-0.9802054219630776,0.014171344742570646,2.0,1.0,2.0,0.0,96.0,-93.75,0,0,2.0,2.0,-62.5,0.0,0.0,0.0,1195.0,-1195.0,-62.5,-62.5
641,2019-06-06,15:33:05,154.09375,154.09375,154.03125,154.0625,288,44372.03125,154.06955295138889,-0.03125,-0.0002028191873897356,154.1452941722694,153.99193264286833,0.15336152940105308,0.9999999999999993,0.008105468749999999,-0.062418348091160425,1.0831350893714544,0.008105468750000004,0,641,-0.8331051342343851,-0.9802054219630776,0.09003037681804961,17.03442047243621,17.03442047243621,0.0,0.2727931097101266,1.3939248218772822,2.0,-0.9420762076782536,0.038129214284823965,2.0,1.0,2.0,0.0,96.0,-125.0,0,0,2.0,2.0,-62.5,-62.5,0.0,0.0,1195.0,-1257.5,-62.5,-62.5
642,2019-06-06,15:44:18,154.0625,154.125,154.0,154.125,288,44370.875,154.06553819444446,0.0625,0.0004055972474983349,154.14078435620954,153.99602702309542,0.14475733311411432,0.9999999999999994,0.0095703125,-0.24781341107871432,0.7692595374489074,0.009570312500000004,-1,642,-0.9033113080687378,-0.9420762076782536,0.09782797401561583,14.797130838159582,14.797130838159582,0.0,0.2727931097101266,1.1494569340156722,1.0,-0.8643983504098773,0.07767785726837628,2.0,1.0,2.0,0.0,96.0,-62.5,0,0,2.0,2.0,125.0,62.5,-1.0,0.0,1195.0,-1132.5,125.0,125.0
643,2019-06-06,15:46:59,154.125,154.28125,154.125,154.28125,288,44406.375,154.18880208333334,0.15625,0.0010132739746282482,154.17199894371853,154.00480311470844,0.16719582901009744,0.9999999999999994,0.0095703125,-0.24781341107871432,0.7692595374489074,0.009570312500000004,-1,643,-0.9667606052760975,-0.8643983504098773,0.09782797401561583,17.090799507246132,17.090799507246132,0.0,0.2727931097101266,1.4000853400991948,2.0,-0.7056398585476447,0.15875849186223268,-1.0,1.0,2.0,0.0,96.0,93.75,0,0,-1.0,2.0,312.5,375.0,1.0,3.0,1202.5,-827.5,305.0,305.0
644,2019-06-06,15:53:40,154.28125,154.3125,154.15625,154.1875,288,44423.625,154.24869791666666,-0.09375,-0.0006078411695611408,154.1754436228922,154.0104245573427,0.16501906554950097,0.9999999999999997,0.010449218750000001,-0.6664337496724583,0.8485565356690448,0.010449218750000003,0,644,-0.9999978525882557,-0.7056398585476447,0.10222142021122581,16.14329611235227,16.14329611235227,0.0,0.2727931097101266,1.2965519619694115,2.0,-0.47015552936818406,0.2354843291794606,-2.0,-1.0,-1.0,1.0,97.0,-93.75,0,0,-2.0,-1.0,93.75,468.75,0.0,1.0,1205.0,-736.25,91.25,305.0
645,2019-06-06,16:03:49,154.1875,154.21875,154.15625,154.15625,288,44404.9375,154.18381076388889,-0.03125,-0.00020269585556320635,154.17117837336062,154.01491149404754,0.1562668793130797,0.9999999999999999,0.01220703125,3.152000000000001,1.6970562748477138,0.01220703125,0,645,-0.9565309984195401,-0.47015552936818406,0.11048543456039805,14.143663364753724,14.143663364753724,0.0,0.2727931097101266,1.0780527623955571,1.0,-0.3457580556851677,0.12439747368301635,-2.0,-1.0,-2.0,0.0,97.0,-125.0,0,0,-2.0,-2.0,62.5,531.25,-1.0,0.0,1205.0,-673.75,62.5,91.25
646,2019-06-06,16:17:56,154.15625,154.1875,154.09375,154.09375,288,44392.40625,154.14029947916666,-0.0625,-0.0004055150096125004,154.1539720681694,154.0173372942347,0.13663477393470203,1.0000000000000002,0.00361328125,-0.021913805697588867,0.5901286563843657,0.0036132812499999993,0,646,-0.9079829173997783,-0.3457580556851677,0.06011057519272295,22.730571700009815,20.0,0.0,0.2727931097101266,1.7179727020810263,2.0,-0.17435437807829374,0.17140367760687397,-1.0,-1.0,-2.0,0.0,97.0,-187.5,0,0,-1.0,-2.0,125.0,656.25,1.0,1.0,1207.5,-551.25,122.5,122.5
647,2019-06-06,16:31:20,154.09375,154.09375,153.96875,153.96875,289,44512.53125,154.02259948096886,-0.125,-0.0008115236801629067,154.1128116085762,154.01584230056352,0.09696930801268877,0.9999999999999998,0.00322265625,1.0743801652892557,-0.2669003066973004,0.0032226562500000003,0,647,-0.8195631682724553,-0.17435437807829374,0.056768444139327974,17.081551112215614,17.081551112215614,0.0,0.2727931097101266,1.3990747710764893,2.0,-0.0366040727038437,0.13775030537445004,-2.0,-1.0,-1.0,0.0,97.0,-312.5,0,0,-2.0,-1.0,125.0,781.25,0.0,1.0,1210.0,-428.75,122.5,122.5
648,2019-06-06,16:42:08,153.96875,154.0,153.90625,154.0,288,44337.28125,153.94889322916666,0.03125,0.00020294266939302474,154.08774236222595,154.01535484516077,0.07238751706518087,1.0000000000000002,0.0036132812500000006,-0.021913805697593602,-0.5901286563843656,0.0036132812500000006,-1,648,-0.7325158990437916,-0.0366040727038437,0.060110575192722955,12.042393012060908,12.042393012060908,0.0,0.2727931097101266,0.8484476558063412,1.0,0.06868491890024814,0.10528899160409183,-2.0,-1.0,-2.0,0.0,97.0,-281.25,0,0,-2.0,-2.0,-62.5,718.75,-1.0,0.0,1210.0,-491.25,-62.5,122.5
649,2019-06-06,16:51:54,154.0,154.0,153.9375,153.96875,289,44500.90625,153.98237456747404,-0.03125,-0.00020294266939302474,154.06129961506463,154.0139208499229,0.04737876514172967,0.9999999999999998,0.00341796875,1.999999999999999,-1.145405322481819,0.003417968750000001,0,649,-0.6568693075797739,0.06868491890024814,0.05846339666834284,8.104004871715683,8.104004871715683,0.0,0.2727931097101266,0.41810130480261354,1.0,0.09485787064077879,0.02617295174053065,-1.0,-1.0,-2.0,0.0,97.0,-312.5,0,0,-1.0,-2.0,62.5,781.25,0.0,1.0,1212.5,-431.25,60.0,60.0
650,2019-06-06,17:04:38,153.96875,153.96875,153.9375,153.96875,288,44340.34375,153.95952690972223,0.0,0.0,154.04073303393918,154.0125309776155,0.028202056323664237,0.9999999999999996,0.0021484374999999997,0.8677685950413286,-0.5516180692881066,0.002148437500000001,0,650,-0.6368436699977482,0.09485787064077879,0.0463512405443479,6.08442319827041,6.08442319827041,0.0,0.2727931097101266,0.19742229279314943,0.0,0.12785347543155284,0.032995604790774055,-1.0,-1.0,-1.0,0.0,97.0,-312.5,0,0,-1.0,-1.0,-0.0,781.25,-1.0,0.0,1212.5,-431.25,-0.0,60.0
651,2019-06-06,17:16:52,153.96875,154.0,153.90625,153.9375,289,44494.25,153.95934256055364,-0.03125,-0.00020298386347938902,154.01779235973046,154.01022233214718,0.0075700275832844,1.0000000000000004,0.0012695312500000003,-0.17751479289942415,-0.4047960089109369,0.0012695312499999996,0,651,-0.6108975441153054,0.12785347543155284,0.03563048203434806,2.124593087454398,2.124593087454398,0.0,0.2727931097101266,-0.23526701513143256,0.0,0.14477616009959854,0.016922684668045695,-0.0,-1.0,-1.0,0.0,97.0,-343.75,0,0,-0.0,-1.0,31.25,812.5,0.0,1.0,1215.0,-402.5,28.75,28.75
652,2019-06-06,17:21:17,153.9375,153.9375,153.84375,153.84375,288,44319.65625,153.8876953125,-0.09375,-0.0006091989222829497,153.97911627979036,154.00510010653562,-0.025983826745260785,0.9999999999999998,0.00244140625,-1.1999999999999993,0.0,0.00244140625,0,652,-0.5972848055046477,0.14477616009959854,0.04941058844013093,-5.258756789902325,0.0,-5.258756789902325,-0.3339491665124715,-0.4674205891246751,-1.0,0.10903194655273342,-0.03574421354686512,0.0,-1.0,-0.0,0.0,97.0,-437.5,0,0,0.0,-0.0,0.0,812.5,-1.0,0.0,1215.0,-402.5,0.0,28.75
653,2019-06-06,17:29:33,153.84375,153.875,153.78125,153.78125,289,44449.625,153.80493079584775,-0.0625,-0.0004063388922226352,153.9351459953925,153.99821241094074,-0.063066415548235,1.0000000000000002,0.002734374999999999,0.5357142857142977,1.0885117692152522,0.0027343749999999985,0,653,-0.6257939557747142,0.10903194655273342,0.05229125165837971,-12.060605464227507,0.0,-12.060605464227507,-1.1187295456138933,-0.4674205891246751,-2.0,0.13633009679091143,0.027298150238178012,1.0,-1.0,0.0,0.0,97.0,-500.0,0,0,1.0,0.0,-0.0,812.5,-1.0,1.0,1217.5,-405.0,-2.5,0.0
654,2019-06-06,17:41:11,153.78125,153.875,153.75,153.8125,289,44453.59375,153.8186634948097,0.03125,0.00020319008502323044,153.90789132974973,153.99249818290443,-0.08460685315469618,1.0000000000000002,0.0041015625,-3.1632653061224514,0.4414786044290978,0.004101562499999999,-1,654,-0.6041049194190254,0.13633009679091143,0.06404344228724748,-13.210853466498216,0.0,-13.210853466498216,-1.2514422986467615,-0.4674205891246751,-2.0,0.20185211898030467,0.06552202218939324,2.0,-1.0,1.0,1.0,98.0,31.25,0,0,2.0,1.0,31.25,843.75,0.0,1.0,1220.0,-376.25,28.75,28.75
655,2019-06-06,17:48:46,153.8125,153.8125,153.6875,153.71875,289,44428.6875,153.73248269896195,-0.09375,-0.0006096941556616997,153.8658599231387,153.98407516188146,-0.11821523874277773,1.0000000000000002,0.0041015625,-3.1632653061224514,0.4414786044290978,0.004101562499999999,0,655,-0.5498207006580028,0.20185211898030467,0.06404344228724748,-18.45860161803281,0.0,-18.45860161803281,-1.8569144255606531,-0.4674205891246751,-2.0,0.2820838772102755,0.08023175822997083,2.0,-1.0,2.0,0.0,98.0,-62.5,0,0,2.0,2.0,-187.5,656.25,0.0,0.0,1220.0,-563.75,-187.5,28.75
656,2019-06-06,18:05:42,153.71875,153.8125,153.71875,153.75,289,44442.5625,153.78049307958477,0.03125,0.00020327269101461098,153.8401132735523,153.97687284919948,-0.13675957564717578,0.9999999999999998,0.0041015625,-3.163265306122449,-0.4414786044290983,0.0041015625,-1,656,-0.4789275733070437,0.2820838772102755,0.0640434422872475,-21.35418877607828,0.0,-20.0,-2.034757136339064,-0.4674205891246751,-3.0,0.4021610998863924,0.12007722267611692,2.0,-1.0,2.0,0.0,98.0,-31.25,0,0,2.0,2.0,62.5,718.75,-1.0,0.0,1220.0,-501.25,62.5,62.5
657,2019-06-06,18:18:48,153.71875,153.75,153.625,153.65625,289,44413.25,153.67906574394465,-0.09375,-0.0006099420744147821,153.79925476831846,153.96700753075098,-0.1677527624325137,1.0000000000000002,0.003710937499999999,-2.4792243767313025,0.7559840489048504,0.003710937499999998,0,657,-0.3630341520696481,0.4021610998863924,0.06091746465505601,-27.537712441318845,0.0,-20.0,-2.034757136339064,-0.4674205891246751,-3.0,0.4776430385347073,0.07548193864831487,3.0,-1.0,2.0,0.0,98.0,-125.0,0,0,3.0,2.0,-187.5,531.25,0.0,1.0,1222.5,-691.25,-190.0,62.5
658,2019-06-06,18:28:36,153.65625,153.71875,153.625,153.65625,289,44409.90625,153.66749567474048,0.0,0.0,153.76747593091437,153.95744576056313,-0.18996982964875997,1.0000000000000002,0.004589843749999999,-2.367587143503846,0.5594072218898561,0.004589843749999998,0,658,-0.2834868582257518,0.4776430385347073,0.06774838558962124,-28.04049542958593,0.0,-20.0,-2.034757136339064,-0.4674205891246751,-3.0,0.5063720931553592,0.02872905462065195,3.0,-1.0,3.0,0.0,98.0,-125.0,0,0,3.0,3.0,0.0,531.25,0.0,0.0,1222.5,-691.25,0.0,0.0
659,2019-06-06,18:33:20,153.65625,153.6875,153.5625,153.5625,289,44396.84375,153.62229671280278,-0.09375,-0.0006103143308147096,153.72192572404452,153.94529358330163,-0.22336785925710956,1.0000000000000009,0.0026367187499999993,-1.687242798353914,0.5184205276797867,0.0026367187499999967,0,659,-0.2516897022056712,0.5063720931553592,0.05134898976610929,-43.499952048625104,0.0,-20.0,-2.034757136339064,-0.4674205891246751,-3.0,0.5040802697681329,-0.0022918233872263327,-3.0,-1.0,3.0,0.0,98.0,-218.75,0,0,-3.0,3.0,-281.25,250.0,0.0,6.0,1237.5,-987.5,-296.25,0.0
660,2019-06-06,18:33:26,153.5625,153.5625,153.4375,153.4375,289,44364.71875,153.5111375432526,-0.125,-0.0008143322925588947,153.6587200075902,153.9296691653372,-0.27094915774699757,1.0000000000000004,0.00322265625,-2.231404958677679,-0.5671631517317608,0.003222656249999998,0,660,-0.25425900838612603,0.5040802697681329,0.05676844413932795,-47.72883277935212,0.0,-20.0,-2.034757136339064,-0.4674205891246751,-3.0,0.4997845234883918,-0.004295746279741108,-3.0,-1.0,-3.0,1.0,99.0,-125.0,0,0,-3.0,-3.0,375.0,625.0,0.0,0.0,1237.5,-612.5,375.0,375.0
661,2019-06-06,18:34:01,153.4375,153.46875,153.375,153.40625,290,44488.53125,153.40872844827587,-0.03125,-0.00020368673051329722,153.60261556145906,153.9135639602332,-0.31094839877414415,1.0000000000000013,0.00244140625,-1.2000000000000028,0.0,0.002441406249999997,0,661,-0.25905935265283403,0.4997845234883918,0.049410588440130895,-62.93153119415074,0.0,-20.0,-2.034757136339064,-0.4674205891246751,-3.0,0.4829431576286191,-0.016841365859772695,-3.0,-1.0,-3.0,0.0,99.0,-156.25,0,0,-3.0,-3.0,93.75,718.75,0.0,0.0,1237.5,-518.75,93.75,375.0
662,2019-06-06,18:34:55,153.40625,153.40625,153.3125,153.40625,289,44323.6875,153.369160899654,0.0,0.0,153.5589787700237,153.89795429990272,-0.3389755298790078,1.0,0.01708984375,2.9142857142857133,1.536722497715649,0.01708984375,0,662,-0.27768687608093184,0.4829431576286191,0.1307281291459493,-25.929808075243244,0.0,-20.0,-2.034757136339064,-0.4674205891246751,-3.0,0.47976087137358525,-0.0031822862550338615,-3.0,-1.0,-3.0,0.0,99.0,-156.25,0,0,-3.0,-3.0,-0.0,718.75,0.0,0.0,1237.5,-518.75,-0.0,93.75
663,2019-06-06,18:35:16,153.4375,153.46875,153.3125,153.34375,290,44485.96875,153.39989224137932,-0.0625,-0.0004074979681494284,153.5111501544629,153.88090185988915,-0.36975170542623914,1.0,0.015332031250000001,3.503996105318675,1.803613088759004,0.015332031250000001,0,663,-0.28117281913053593,0.47976087137358525,0.12382257972599343,-29.861411888240532,0.0,-20.0,-2.034757136339064,-0.4674205891246751,-3.0,0.45452715675835215,-0.025233714615233105,-3.0,-1.0,-3.0,0.0,99.0,-218.75,0,0,-3.0,-3.0,187.5,906.25,0.0,0.0,1237.5,-331.25,187.5,187.5
664,2019-06-06,18:35:59,153.34375,153.5625,153.34375,153.5625,289,44347.15625,153.4503676470588,0.21875,0.0014255169912216203,153.52256123124894,153.87110487957563,-0.3485436483266824,1.0,0.015332031250000001,3.503996105318675,1.803613088759004,0.015332031250000001,-1,664,-0.30844402499819357,0.45452715675835215,0.12382257972599343,-28.14863404541994,0.0,-20.0,-2.034757136339064,-0.4674205891246751,-3.0,0.5068637956390596,0.05233663888070744,3.0,-1.0,-3.0,0.0,99.0,0.0,0,0,3.0,-3.0,-656.25,250.0,0.0,6.0,1252.5,-1002.5,-671.25,187.5
665,2019-06-06,18:36:28,153.5625,153.5625,153.4375,153.46875,290,44513.65625,153.49536637931035,-0.09375,-0.0006106870418802757,153.5106031798603,153.85872472942356,-0.3481215495632455,1.0000000000000002,0.01591796875,0.9473446497798186,1.2445217619085869,0.01591796875,0,665,-0.2511377130406189,0.5068637956390596,0.12616643273866468,-27.592247954281817,0.0,-20.0,-2.034757136339064,-0.4674205891246751,-3.0,0.5584415391002451,0.05157774346118549,3.0,-1.0,3.0,1.0,100.0,-93.75,0,0,3.0,3.0,-281.25,-31.25,0.0,0.0,1252.5,-1283.75,-281.25,-281.25
666,2019-06-06,18:38:26,153.46875,153.53125,153.4375,153.4375,289,44356.09375,153.48129325259515,-0.03125,-0.00020364525067861905,153.49435802878025,153.84576396850673,-0.35140593972647594,0.9999999999999999,0.01416015625,1.334126040428064,1.0866739271149455,0.014160156250000002,0,666,-0.19169830303284038,0.5584415391002451,0.11899645477912357,-29.53079067596942,0.0,-20.0,-2.034757136339064,-0.4674205891246751,-3.0,0.631754486519198,0.07331294741895289,3.0,-1.0,3.0,0.0,100.0,-125.0,0,0,3.0,3.0,-93.75,-125.0,0.0,0.0,1252.5,-1377.5,-93.75,-93.75
667,2019-06-06,18:40:16,153.4375,153.5,153.4375,153.5,289,44351.25,153.46453287197232,0.0625,0.00040724903841216076,153.49561180016244,153.83512507715895,-0.339513276996513,1.0000000000000002,0.00361328125,-0.021913805697588867,-0.5901286563843656,0.0036132812499999993,-1,667,-0.1014090512649094,0.631754486519198,0.06011057519272295,-56.48145536920679,0.0,-20.0,-2.034757136339064,-0.4674205891246751,-3.0,0.6817393664057078,0.04998487988650979,3.0,-1.0,3.0,0.0,100.0,-62.5,0,0,3.0,3.0,187.5,62.5,0.0,0.0,1252.5,-1190.0,187.5,187.5
668,2019-06-06,18:44:08,153.5,153.53125,153.40625,153.5,290,44507.03125,153.47252155172413,0.0,0.0,153.49658695568192,153.82481353631474,-0.3282265806328155,0.9999999999999999,0.0016601562499999997,-1.4878892733564004,0.5413870509510851,0.00166015625,0,668,-0.035253349510911004,0.6817393664057078,0.040745015032516554,-80.55625464142652,0.0,-20.0,-2.034757136339064,-0.4674205891246751,-3.0,0.745233341301034,0.06349397489532627,3.0,-1.0,3.0,0.0,100.0,-62.5,0,0,3.0,3.0,0.0,62.5,0.0,0.0,1252.5,-1190.0,0.0,187.5
669,2019-06-06,18:49:56,153.5,153.5625,153.46875,153.53125,289,44365.0,153.5121107266436,0.03125,0.0002035623416700716,153.50428985441928,153.8157808121132,-0.31149095769390556,0.9999999999999997,0.00244140625,-1.1999999999999993,0.0,0.0024414062500000013,-1,669,0.05545808206930944,0.745233341301034,0.04941058844013094,-63.04133739903303,0.0,-20.0,-2.034757136339064,-0.4674205891246751,-3.0,0.7767594051735908,0.03152606387255674,3.0,-1.0,3.0,0.0,100.0,-31.25,0,0,3.0,3.0,93.75,156.25,0.0,0.0,1252.5,-1096.25,93.75,93.75
670,2019-06-06,18:55:11,153.53125,153.5625,153.46875,153.5,290,44517.9375,153.51012931034484,-0.03125,-0.0002035623416700716,153.50333655343724,153.8060644794252,-0.3027279259879663,1.0,0.00361328125,-0.021913805697588867,0.5901286563843656,0.00361328125,0,670,0.10391779595101017,0.7767594051735908,0.060110575192722955,-50.36184149251242,0.0,-20.0,-2.034757136339064,-0.4674205891246751,-3.0,0.8050325212580076,0.02827311608441685,3.0,-1.0,3.0,0.0,100.0,-62.5,0,0,3.0,3.0,-93.75,62.5,0.0,0.0,1252.5,-1190.0,-93.75,93.75
671,2019-06-06,18:57:48,153.5,153.59375,153.5,153.59375,289,44374.5625,153.54519896193773,0.09375,0.0006105627542885017,153.5234284304512,153.79953172620716,-0.2761032957559735,1.0,0.00361328125,-0.021913805697588867,0.5901286563843656,0.00361328125,-1,671,0.14976651820720135,0.8050325212580076,0.060110575192722955,-45.93256592051357,0.0,-20.0,-2.034757136339064,-0.4674205891246751,-3.0,0.8467845623933652,0.041752041135357576,3.0,-1.0,3.0,0.0,100.0,31.25,0,0,3.0,3.0,281.25,343.75,0.0,0.0,1252.5,-908.75,281.25,281.25
672,2019-06-06,18:59:32,153.59375,153.59375,153.53125,153.53125,289,44378.28125,153.55806660899654,-0.0625,-0.0004070004126184301,153.52516655701763,153.79127690385627,-0.2661103468386443,0.9999999999999998,0.00419921875,-1.9632233639805285,0.235513936408806,0.004199218750000001,0,672,0.22263155564455164,0.8467845623933652,0.06480137922914914,-41.06553749382881,0.0,-20.0,-2.034757136339064,-0.4674205891246751,-3.0,0.9062708658809875,0.059486303487622294,3.0,-1.0,3.0,0.0,100.0,-31.25,0,0,3.0,3.0,-187.5,156.25,0.0,0.0,1252.5,-1096.25,-187.5,281.25
673,2019-06-06,18:59:52,153.53125,153.5625,153.5,153.53125,289,44370.40625,153.53081747404843,0.0,0.0,153.52651843323594,153.7832760760396,-0.2567576428036773,0.9999999999999998,0.005078125,-2.5073964497041423,0.2276977550124017,0.005078125,0,673,0.34193805543984823,0.9062708658809875,0.07126096406869613,-36.030615942293586,0.0,-20.0,-2.034757136339064,-0.4674205891246751,-3.0,0.9610997100572771,0.05482884417628964,3.0,-1.0,3.0,0.0,100.0,-31.25,0,0,3.0,3.0,0.0,156.25,0.0,0.0,1252.5,-1096.25,0.0,0.0
674,2019-06-06,19:01:53,153.53125,153.625,153.53125,153.59375,290,44536.6875,153.57478448275862,0.0625,0.0004070004126184301,153.54145878140574,153.77744450446514,-0.23598572305940024,1.0000000000000004,0.00390625,-0.1875,0.9375000000000006,0.0039062499999999983,-1,674,0.4842960679809188,0.9610997100572771,0.062499999999999986,-37.757715689504046,0.0,-20.0,-2.034757136339064,-0.4674205891246751,-3.0,0.9886521259005623,0.02755241584328516,3.0,-1.0,3.0,0.0,100.0,31.25,0,0,3.0,3.0,187.5,343.75,0.0,0.0,1252.5,-908.75,187.5,187.5
675,2019-06-06,19:10:49,153.59375,153.625,153.53125,153.53125,289,44384.9375,153.58109861591694,-0.0625,-0.0004070004126184301,153.5391901633156,153.76986928893805,-0.23067912562245851,1.0000000000000004,0.00361328125,-0.021913805697585314,0.5901286563843663,0.0036132812499999984,0,675,0.592858863458505,0.9886521259005623,0.06011057519272294,-38.37579741715478,0.0,-20.0,-2.034757136339064,-0.4674205891246751,-3.0,0.9998955597394321,0.011243433838869832,3.0,-1.0,3.0,0.0,100.0,-31.25,0,0,3.0,3.0,-187.5,156.25,0.0,0.0,1252.5,-1096.25,-187.5,187.5
676,2019-06-06,19:19:31,153.53125,153.5625,153.40625,153.4375,289,44355.3125,153.47858996539793,-0.09375,-0.0006108113800822323,153.51659234924546,153.7596425415795,-0.24305019233403868,1.0000000000000002,0.00419921875,-1.963223363980531,0.23551393640880577,0.004199218749999999,0,676,0.7172522657133988,0.9998955597394321,0.06480137922914912,-37.506947417673054,0.0,-20.0,-2.034757136339064,-0.4674205891246751,-3.0,0.9840545608905996,-0.0158409988488325,-3.0,-1.0,3.0,0.0,100.0,-125.0,0,0,-3.0,3.0,-281.25,-125.0,0.0,6.0,1267.5,-1392.5,-296.25,-187.5
677,2019-06-06,19:33:57,153.4375,153.53125,153.40625,153.40625,290,44509.125,153.47974137931035,-0.03125,-0.00020368673051329722,153.49207182719093,153.7487689249087,-0.25669709771776184,1.0000000000000002,0.00419921875,-1.963223363980531,0.23551393640880577,0.004199218749999999,0,677,0.8216025185099644,0.9840545608905996,0.06480137922914912,-39.61290651083761,0.0,-20.0,-2.034757136339064,-0.4674205891246751,-3.0,0.9369599513429054,-0.04709460954769418,-3.0,-1.0,-3.0,1.0,101.0,-31.25,0,0,-3.0,-3.0,93.75,-31.25,0.0,0.0,1267.5,-1298.75,93.75,93.75
678,2019-06-06,19:45:11,153.40625,153.4375,153.34375,153.4375,289,44333.03125,153.40149221453288,0.03125,0.00020368673051329722,153.47994475448186,153.73919141952106,-0.2592466650391998,1.0,0.00390625,-0.1875000000000012,-0.9375000000000003,0.00390625,-1,678,0.9096198382308527,0.9369599513429054,0.0625,-41.47946640627197,0.0,-20.0,-2.034757136339064,-0.4674205891246751,-3.0,0.8227811092435184,-0.114178842099387,-3.0,-1.0,-3.0,0.0,101.0,0.0,0,0,-3.0,-3.0,-93.75,-125.0,0.0,0.0,1267.5,-1392.5,-93.75,93.75
679,2019-06-06,19:58:58,153.4375,153.53125,153.40625,153.5,290,44497.40625,153.43933189655172,0.0625,0.00040724903841216076,153.48440147570815,153.73183168353145,-0.2474302078232995,0.9999999999999989,0.001171875,2.9166666666666714,-1.2932338163316428,0.0011718750000000015,-1,679,0.983684165273266,0.8227811092435184,0.0342326598440729,-72.27898999093989,0.0,-20.0,-2.034757136339064,-0.4674205891246751,-3.0,0.7055822484575816,-0.11719886078593689,3.0,-1.0,-3.0,0.0,101.0,62.5,0,0,3.0,-3.0,-187.5,-312.5,0.0,6.0,1282.5,-1595.0,-202.5,-93.75
680,2019-06-06,20:12:11,153.5,153.5625,153.4375,153.53125,289,44357.84375,153.48734861591694,0.03125,0.0002035623416700716,153.49481225888414,153.72565993941927,-0.2308476805351347,0.9999999999999999,0.0037109375,4.1689750692520775,-1.9439589828981871,0.0037109375000000007,-1,680,0.9999976807948204,0.7055822484575816,0.06091746465505603,-37.895155657298815,0.0,-20.0,-2.034757136339064,-0.4674205891246751,-3.0,0.13640150388361036,-0.5691807445739712,-3.0,1.0,3.0,1.0,102.0,31.25,0,0,-3.0,3.0,93.75,-218.75,0.0,6.0,1297.5,-1516.25,78.75,78.75
681,2019-06-06,20:23:32,153.53125,153.59375,153.53125,153.5625,289,44375.5,153.5484429065744,0.03125,0.00020352091247666237,153.50985397913212,153.72063963358818,-0.21078565445606046,1.0,0.008007812500000001,1.6686496133254007,-0.3321802626221164,0.008007812500000003,-1,681,0.7969483333314186,0.13640150388361036,0.08948638164547722,-23.55505391771686,0.0,-20.0,-2.034757136339064,-0.4674205891246751,-3.0,-0.9614205121827761,-1.0978220160663865,-3.0,1.0,-3.0,1.0,103.0,31.25,0,0,-3.0,-3.0,-93.75,-312.5,0.0,0.0,1297.5,-1610.0,-93.75,78.75
682,2019-06-06,20:37:45,153.5625,153.5625,153.4375,153.46875,290,44512.625,153.4918103448276,-0.09375,-0.0006106870418802757,153.50071976154723,153.7128891833198,-0.2121694217725576,0.9999999999999994,0.0095703125,0.002082465639323535,-0.6062808218876988,0.009570312500000004,0,682,-0.4853139837655281,-0.9614205121827761,0.09782797401561583,-21.688011420812003,0.0,-20.0,-2.034757136339064,-0.4674205891246751,-3.0,-0.9878144946969254,-0.02639398251414926,-3.0,1.0,-3.0,0.0,103.0,-62.5,0,0,-3.0,-3.0,281.25,-31.25,0.0,0.0,1297.5,-1328.75,281.25,281.25
683,2019-06-06,20:48:34,153.46875,153.6875,153.46875,153.625,289,44391.65625,153.60434688581316,0.15625,0.0010176046466812139,153.52833759231453,153.71018490075468,-0.18184730844015462,0.9999999999999998,0.01005859375,-1.020831369591857,-0.2994879530685716,0.010058593750000004,-1,683,-0.8085415069092091,-0.9878144946969254,0.1002925408492576,-18.131688249226436,0.0,-18.131688249226436,-1.8191959743293573,-0.4674205891246751,-2.0,-0.8761855395534764,0.11162895514344895,-3.0,1.0,-3.0,0.0,103.0,93.75,0,0,-3.0,-3.0,-468.75,-500.0,1.0,0.0,1297.5,-1797.5,-468.75,281.25
684,2019-06-06,22:01:14,153.625,153.75,153.59375,153.75,289,44406.40625,153.6553849480969,0.125,0.0008133388004285536,153.57759590513353,153.7114099807321,-0.13381407559856484,1.0000000000000002,0.02763671875,-0.8094744596636261,-0.5918314647823755,0.02763671875,-1,684,-0.9603637936511533,-0.8761855395534764,0.16624295097837982,-8.049308245013503,0.0,-8.049308245013503,-0.6559160513552077,-0.4674205891246751,-1.0,-0.7799382436363452,0.09624729591713121,2.0,1.0,-3.0,0.0,103.0,218.75,0,0,2.0,-3.0,-375.0,-875.0,1.0,5.0,1310.0,-2185.0,-387.5,-387.5
685,2019-06-06,23:10:01,153.75,153.8125,153.6875,153.75,289,44438.78125,153.76740916955018,0.0,0.0,153.615907926215,153.71259736594092,-0.09668943972593524,0.9999999999999998,0.0283203125,2.374554102259213,-1.6328383184533868,0.028320312500000003,0,685,-0.10895225848083322,-0.7799382436363452,0.16828640022295327,-5.745529026578309,0.0,-5.745529026578309,-0.3901117362380505,-0.4674205891246751,-1.0,0.40798201996944844,1.1879202636057937,-1.0,-1.0,2.0,1.0,104.0,0.0,0,0,-1.0,2.0,0.0,-875.0,0.0,3.0,1317.5,-2192.5,-7.5,-7.5
686,2019-06-06,23:40:03,153.75,153.75,153.5,153.5,289,44404.96875,153.650410899654,-0.25,-0.0016273396593762257,153.59015060927834,153.70605590852426,-0.11590529924592374,1.0,0.0251953125,-0.6246619794483514,-0.7127173272431394,0.0251953125,0,686,0.9340682464670558,0.40798201996944844,0.15873031374000368,-7.302026721611207,0.0,-7.302026721611207,-0.5696965681954587,-0.4674205891246751,-1.0,0.2530195370690239,-0.15496248290042453,-1.0,1.0,-1.0,1.0,105.0,-250.0,0,0,-1.0,-1.0,250.0,-625.0,0.0,0.0,1317.5,-1942.5,250.0,250.0
687,2019-06-07,00:06:13,153.5,153.625,153.46875,153.625,289,44376.84375,153.55309256055364,0.125,0.0008140008589476722,153.59789491832763,153.70356188056854,-0.10566696224091743,1.0000000000000002,0.0193359375,0.8065503520048954,-0.6083688994617809,0.019335937499999997,-1,687,0.8630101836924665,0.2530195370690239,0.13905372163304366,-7.599002817038414,0.0,-7.599002817038414,-0.6039609312991476,-0.4674205891246751,-1.0,0.08007659828413238,-0.17294293878489153,-1.0,1.0,-1.0,0.0,105.0,-125.0,0,0,-1.0,-1.0,-125.0,-750.0,0.0,0.0,1317.5,-2067.5,-125.0,250.0
688,2019-06-07,00:37:56,153.625,153.625,153.53125,153.53125,289,44379.6875,153.56293252595157,-0.09375,-0.0006104385172776006,153.58308493647706,153.69825997654868,-0.1151750400716196,1.0000000000000002,0.023144531250000003,-0.3209955669497428,-0.7869793367680662,0.02314453125,0,688,0.7614587640488402,0.08007659828413238,0.15213326805797606,-7.570667582565035,0.0,-7.570667582565035,-0.6006916824351022,-0.4674205891246751,-1.0,-0.16602753397899292,-0.2461041322631253,-1.0,1.0,-1.0,0.0,105.0,-218.75,0,0,-1.0,-1.0,93.75,-656.25,0.0,0.0,1317.5,-1973.75,93.75,93.75
689,2019-06-07,01:07:57,153.53125,153.59375,153.46875,153.53125,290,44520.75,153.5198275862069,0.0,0.0,153.5715660617044,153.69312120803727,-0.12155514633286657,0.9999999999999993,0.008105468749999999,-1.8043257366816654,0.03763789885846771,0.008105468750000004,0,689,0.5798937339652019,-0.16602753397899292,0.09003037681804961,-13.501570317597157,0.0,-13.501570317597157,-1.2849844857109618,-0.4674205891246751,-2.0,-0.4444382012398714,-0.2784106672608785,-1.0,1.0,-1.0,0.0,105.0,-218.75,0,0,-1.0,-1.0,-0.0,-656.25,-1.0,0.0,1317.5,-1973.75,-0.0,93.75
690,2019-06-07,01:36:58,153.53125,153.6875,153.53125,153.625,289,44392.40625,153.6069420415225,0.09375,0.0006104385172776006,153.58344027021457,153.691025170866,-0.10758490065143178,0.9999999999999994,0.004589843749999999,1.4350384789497521,0.42200895686427736,0.004589843750000002,-1,690,0.3191677160485634,-0.4444382012398714,0.06774838558962126,-15.88006853818127,0.0,-15.88006853818127,-1.5594096934177835,-0.4674205891246751,-2.0,-0.767001634536638,-0.3225634332967667,-2.0,1.0,-1.0,0.0,105.0,-125.0,0,0,-2.0,-1.0,-93.75,-750.0,0.0,1.0,1320.0,-2070.0,-96.25,-0.0
691,2019-06-07,02:37:02,153.625,153.65625,153.5625,153.59375,289,44392.84375,153.60845588235293,-0.03125,-0.00020343810465917045,153.585731321278,153.6880320886843,-0.10230076740631944,0.9999999999999982,0.0026367187499999997,-1.6872427983539058,0.5184205276797867,0.0026367187500000045,0,691,-0.08864042353274516,-0.767001634536638,0.05134898976610937,-19.922644607477466,0.0,-19.922644607477466,-2.025832063586634,-0.4674205891246751,-2.0,-0.9748471511851269,-0.20784551664848883,-2.0,1.0,-2.0,0.0,105.0,-156.25,0,0,-2.0,-2.0,62.5,-687.5,0.0,0.0,1320.0,-2007.5,62.5,62.5
692,2019-06-07,02:56:49,153.59375,153.59375,153.5,153.59375,289,44372.09375,153.53665657439447,0.0,0.0,153.5875132498829,153.68513110133904,-0.09761785145613544,0.9999999999999987,0.0032226562500000003,-2.231404958677686,0.5671631517317615,0.003222656250000004,0,692,-0.5317249782489548,-0.9748471511851269,0.05676844413932801,-17.195794765230815,0.0,-17.195794765230815,-1.7112149123658609,-0.4674205891246751,-2.0,-0.9989377558234181,-0.02409060463829127,-2.0,1.0,-2.0,0.0,105.0,-156.25,0,0,-2.0,-2.0,-0.0,-687.5,0.0,0.0,1320.0,-2007.5,-0.0,62.5
693,2019-06-07,03:37:00,153.59375,153.65625,153.5625,153.65625,289,44395.15625,153.61645761245674,0.0625,0.0004068348306729419,153.60278808324227,153.6842424520667,-0.08145436882443846,0.9999999999999983,0.00146484375,2.0000000000000013,1.3608276348795436,0.0014648437500000024,-1,693,-0.7389390924253147,-0.9989377558234181,0.03827327723098719,-21.28230836696957,0.0,-20.0,-2.034757136339064,-0.4674205891246751,-3.0,-0.9011009179351724,0.09783683788824571,-2.0,1.0,-2.0,0.0,105.0,-93.75,0,0,-2.0,-2.0,-125.0,-812.5,-1.0,0.0,1320.0,-2132.5,-125.0,-0.0
694,2019-06-07,04:42:13,153.65625,153.65625,153.59375,153.625,289,44401.8125,153.63948961937717,-0.03125,-0.00020339672601377146,153.607724064744,153.68241960738706,-0.07469554264307021,0.9999999999999972,0.001171875,2.9166666666666665,1.2932338163316421,0.001171875000000003,0,694,-0.9437827362418816,-0.9011009179351724,0.03423265984407293,-21.819964613705896,0.0,-20.0,-2.034757136339064,-0.4674205891246751,-3.0,-0.8031730349064461,0.09792788302872635,3.0,1.0,-2.0,0.0,105.0,-125.0,0,0,3.0,-2.0,62.5,-750.0,0.0,5.0,1332.5,-2082.5,50.0,50.0
695,2019-06-07,05:47:12,153.625,153.71875,153.625,153.625,289,44406.09375,153.654303633218,0.0,0.0,153.61156316146756,153.68065285023604,-0.06908968876848576,0.9999999999999983,0.00146484375,2.0000000000000013,1.3608276348795436,0.0014648437500000024,0,695,-0.9891850050446206,-0.8031730349064461,0.03827327723098719,-18.05167829018537,0.0,-18.05167829018537,-1.8099646242957776,-0.4674205891246751,-2.0,-0.6514982089436736,0.15167482596277249,3.0,-1.0,3.0,1.0,106.0,0.0,0,0,3.0,3.0,0.0,-750.0,1.0,0.0,1332.5,-2082.5,0.0,50.0
696,2019-06-07,06:10:00,153.625,153.65625,153.59375,153.625,290,44551.5625,153.6260775862069,0.0,0.0,153.61454912558588,153.67894045484357,-0.06439132925768831,0.9999999999999961,0.00029296875,-3.3333333333333304,-0.6085806194501845,0.00029296875000000113,0,696,-0.9971254827691914,-0.6514982089436736,0.017116329922036475,-37.619822444990085,0.0,-20.0,-2.034757136339064,-0.4674205891246751,-3.0,0.9608161387681934,1.6123143477118669,2.0,-1.0,3.0,0.0,106.0,0.0,0,0,2.0,3.0,0.0,-750.0,-1.0,1.0,1335.0,-2085.0,-2.5,0.0
697,2019-06-07,06:28:07,153.65625,153.6875,153.5625,153.59375,289,44395.0,153.6159169550173,-0.03125,-0.00020343810465917045,153.6099270976779,153.67631921007828,-0.06639211240036502,0.9999999999999993,0.00078125,0.3124999999999976,-1.257788237343632,0.0007812500000000005,0,697,0.8754000504135396,0.9608161387681934,0.02795084971874738,-23.75316423952366,0.0,-20.0,-2.034757136339064,-0.4674205891246751,-3.0,0.5801717850184236,-0.3806443537497698,-3.0,-1.0,2.0,0.0,106.0,-31.25,0,0,-3.0,2.0,-62.5,-812.5,0.0,5.0,1347.5,-2160.0,-75.0,-2.5
698,2019-06-07,06:50:22,153.59375,153.625,153.5625,153.59375,289,44386.15625,153.58531574394465,0.0,0.0,153.60633218708284,153.6737786189981,-0.06744643191527189,0.9999999999999991,0.00126953125,-0.17751479289940755,-0.4047960089109363,0.0012695312500000011,0,698,0.986177731236011,0.5801717850184236,0.03563048203434808,-18.929418875179117,0.0,-18.929418875179117,-1.9112361494392616,-0.4674205891246751,-2.0,0.22865498121265265,-0.35151680380577094,3.0,-1.0,-3.0,1.0,107.0,0.0,0,0,3.0,-3.0,-0.0,-812.5,1.0,6.0,1362.5,-2175.0,-15.0,-15.0
699,2019-06-07,07:01:02,153.59375,153.65625,153.53125,153.53125,289,44384.09375,153.57817906574394,-0.0625,-0.0004070004126184301,153.58964725662,153.66939312302756,-0.07974586640756343,0.9999999999999991,0.00244140625,-1.2000000000000004,0.0,0.002441406250000002,0,699,0.8500572596265015,0.22865498121265265,0.04941058844013095,-16.13942859721022,0.0,-16.13942859721022,-1.5893340118191628,-0.4674205891246751,-2.0,-0.9924710230617414,-1.221126004274394,-2.0,1.0,3.0,1.0,108.0,-62.5,0,0,-2.0,3.0,-187.5,-1000.0,0.0,5.0,1375.0,-2375.0,-200.0,-15.0
700,2019-06-07,07:13:18,153.53125,153.59375,153.5,153.5625,289,44372.96875,153.53968425605535,0.03125,0.00020352091247666237,153.5836145329267,153.6661041038565,-0.08248957092979481,0.9999999999999982,0.00224609375,1.4555765595463157,-1.118079933149378,0.0022460937500000033,-1,700,-0.6151767887313657,-0.9924710230617414,0.04739297152532223,-17.40544394556909,0.0,-17.40544394556909,-1.7354037132495408,-0.4674205891246751,-2.0,-0.8635499443024894,0.12892107875925196,-2.0,1.0,-2.0,1.0,109.0,31.25,0,0,-2.0,-2.0,-62.5,-1062.5,0.0,0.0,1375.0,-2437.5,-62.5,-62.5
701,2019-06-07,07:25:12,153.5625,153.65625,153.5625,153.625,289,44395.9375,153.619160899654,0.0625,0.0004069176048009382,153.59281130338744,153.664839362199,-0.07202805881155427,0.9999999999999982,0.0026367187499999997,3.2510288065843675,-1.7355817665801567,0.0026367187500000045,-1,701,-0.9671900330411339,-0.8635499443024894,0.05134898976610937,-14.027161807785596,0.0,-14.027161807785596,-1.3456259243362463,-0.4674205891246751,-2.0,-0.56616073809272,0.2973892062097694,2.0,1.0,-2.0,0.0,109.0,93.75,0,0,2.0,-2.0,-125.0,-1187.5,0.0,4.0,1385.0,-2572.5,-135.0,-62.5
702,2019-06-07,07:35:30,153.625,153.71875,153.625,153.65625,290,44562.84375,153.66497844827586,0.03125,0.00020339672601377146,153.60690879152358,153.66457507413125,-0.05766628260766993,0.9999999999999919,0.0006835937500000001,-0.6122448979591925,-0.5122408325718826,0.0006835937500000056,-1,702,-0.9832005833880877,-0.56616073809272,0.02614562582918997,-22.055805045327737,0.0,-20.0,-2.034757136339064,-0.4674205891246751,-3.0,0.6461629022926455,1.2123236403853657,2.0,-1.0,2.0,1.0,110.0,31.25,0,0,2.0,2.0,62.5,-1125.0,-1.0,0.0,1385.0,-2510.0,62.5,62.5
703,2019-06-07,07:50:59,153.65625,153.71875,153.59375,153.71875,289,44413.46875,153.67982266435988,0.0625,0.0004066693834001711,153.63176239340726,153.66624199492767,-0.034479601520416736,0.9999999999999947,0.0009765625,-2.9999999999999964,-9.251858538542974e-16,0.0009765625000000052,-1,703,-0.08275738434756959,0.6461629022926455,0.03125000000000008,-11.033472486533327,0.0,-11.033472486533327,-1.0002214978437212,-0.4674205891246751,-1.0,0.8770836439996946,0.23092074170704913,3.0,-1.0,2.0,0.0,110.0,93.75,0,0,3.0,2.0,125.0,-1000.0,2.0,1.0,1387.5,-2387.5,122.5,122.5
704,2019-06-07,08:08:46,153.71875,153.78125,153.71875,153.71875,288,44278.90625,153.74620225694446,0.0,0.0,153.6510929726501,153.6678576258534,-0.01676465320329612,0.9999999999999971,0.00126953125,-0.17751479289940755,0.4047960089109363,0.0012695312500000037,0,704,0.959841819153046,0.8770836439996946,0.03563048203434811,-4.705143530512678,0.0,-4.705143530512678,-0.27007464586643776,-0.4674205891246751,-1.0,0.4652204359237443,-0.41186320807595034,1.0,-1.0,3.0,0.0,110.0,93.75,0,0,1.0,3.0,0.0,-1000.0,0.0,2.0,1392.5,-2392.5,-5.0,122.5
705,2019-06-07,08:20:04,153.71875,153.71875,153.6875,153.71875,289,44420.125,153.70285467128028,0.0,0.0,153.66612786761675,153.66942354505832,-0.003295677441570888,0.9999999999999972,0.001171875,2.9166666666666665,1.2932338163316421,0.0011718750000000032,0,705,0.9548878154936646,0.4652204359237443,0.03423265984407293,-0.9627290010716196,0.0,-0.9627290010716196,0.16171583254505117,-0.4674205891246751,-0.0,0.11341633278587546,-0.3518041031378688,-1.0,1.0,1.0,0.0,110.0,93.75,0,0,-1.0,1.0,0.0,-1000.0,1.0,2.0,1397.5,-2397.5,-5.0,-5.0
706,2019-06-07,08:43:27,153.71875,153.71875,153.65625,153.6875,289,44412.375,153.67603806228374,-0.03125,-0.00020331401920170578,153.6708772303686,153.66997974367203,0.0008974866965729689,0.9999999999999989,0.00078125,0.3124999999999976,-1.257788237343632,0.000781250000000001,0,706,0.7827416685255992,0.11341633278587546,0.027950849718747388,0.3210946019902216,0.3210946019902216,0.0,0.2727931097101266,-0.4323346896730853,-0.0,-0.35932771296785987,-0.4727440457537353,-0.0,1.0,-1.0,1.0,111.0,-31.25,0,0,-0.0,-1.0,31.25,-968.75,0.0,1.0,1400.0,-2368.75,28.75,28.75
707,2019-06-07,09:18:15,153.6875,153.75,153.65625,153.6875,289,44422.34375,153.7105320069204,0.0,0.0,153.6745711791756,153.67051882848227,0.004052350693314111,0.999999999999999,0.0006835937499999997,-0.6122448979591795,-0.5122408325718838,0.0006835937500000004,0,707,0.4057970761133044,-0.35932771296785987,0.02614562582918987,1.5499153547856284,1.5499153547856284,0.0,0.2727931097101266,-0.2980618582104142,-0.0,-0.7041723137794098,-0.34484460081154994,-0.0,1.0,-0.0,0.0,111.0,-31.25,0,0,-0.0,-0.0,-0.0,-968.75,0.0,0.0,1400.0,-2368.75,-0.0,28.75
708,2019-06-07,09:37:05,153.6875,153.71875,153.625,153.625,289,44406.28125,153.65495242214533,-0.0625,-0.0004067520902122368,153.66355536158105,153.66911824914402,-0.0055628875629736285,0.999999999999999,0.0006835937499999997,-0.6122448979591795,-0.5122408325718838,0.0006835937500000004,0,708,0.004141388021373899,-0.7041723137794098,0.02614562582918987,-2.1276551570485,0.0,-2.1276551570485,0.02730955065237184,-0.4674205891246751,-0.0,-0.9527430819996269,-0.24857076822021706,-0.0,1.0,-0.0,0.0,111.0,-93.75,0,0,-0.0,-0.0,0.0,-968.75,0.0,0.0,1400.0,-2368.75,0.0,0.0
709,2019-06-07,09:58:00,153.625,153.65625,153.59375,153.59375,290,44549.125,153.61767241379312,-0.03125,-0.00020343810465917045,153.64804305900748,153.6667992260929,-0.018756167085427933,0.999999999999999,0.0006835937499999997,-0.6122448979591795,-0.5122408325718838,0.0006835937500000004,0,709,-0.45888813813949,-0.9527430819996269,0.02614562582918987,-7.173730400627055,0.0,-7.173730400627055,-0.5548940578427494,-0.4674205891246751,-1.0,-0.9827654022504405,-0.03002232025081364,-0.0,1.0,-0.0,0.0,111.0,-125.0,0,0,-0.0,-0.0,0.0,-968.75,-1.0,0.0,1400.0,-2368.75,0.0,0.0
710,2019-06-07,10:25:58,153.59375,153.625,153.5625,153.59375,289,44387.90625,153.59137110726644,0.0,0.0,153.6359779347836,153.66455155759726,-0.028573622813667043,0.9999999999999991,0.00126953125,-0.1775147928994123,0.4047960089109363,0.001269531250000001,0,710,-0.8256338211838873,-0.9827654022504405,0.03563048203434808,-8.019432009401903,0.0,-8.019432009401903,-0.6524690056133793,-0.4674205891246751,-1.0,-0.7665978859183871,0.21616751633205344,-1.0,1.0,-0.0,0.0,111.0,-125.0,0,0,-1.0,-0.0,-0.0,-968.75,0.0,1.0,1402.5,-2371.25,-2.5,0.0
711,2019-06-07,10:44:34,153.59375,153.625,153.53125,153.5625,289,44385.09375,153.5816392733564,-0.03125,-0.00020347950014176774,153.6196495048317,153.66141150967053,-0.04176200483883008,0.9999999999999973,0.0009765625,-3.0,0.0,0.0009765625000000026,0,711,-0.9961192484627626,-0.7665978859183871,0.03125000000000004,-13.363841548425608,0.0,-13.363841548425608,-1.2690936829514687,-0.4674205891246751,-2.0,-0.37832582303837214,0.3882720628800149,1.0,1.0,-1.0,1.0,112.0,-31.25,0,0,1.0,-1.0,31.25,-937.5,-1.0,2.0,1407.5,-2345.0,26.25,26.25
712,2019-06-07,10:57:35,153.5625,153.59375,153.5625,153.59375,289,44382.25,153.57179930795849,0.03125,0.00020347950014176774,153.61389405931357,153.65932961706483,-0.04543555775126151,0.9999999999999964,0.00126953125,-0.1775147928994123,-0.4047960089109363,0.0012695312500000044,-1,712,-0.9220660547244904,-0.37832582303837214,0.03563048203434813,-12.751878491978077,0.0,-12.751878491978077,-1.198486907877543,-0.4674205891246751,-2.0,0.130248179167263,0.5085740022056351,2.0,-1.0,1.0,1.0,113.0,31.25,0,0,2.0,1.0,31.25,-906.25,0.0,1.0,1410.0,-2316.25,28.75,28.75
713,2019-06-07,11:10:22,153.59375,153.65625,153.59375,153.625,289,44393.90625,153.6121323529412,0.03125,0.00020343810465917045,153.6163620461328,153.65827332115492,-0.04191127502213021,0.9999999999999956,0.001171875,2.9166666666666714,-1.2932338163316428,0.001171875000000005,-1,713,-0.6089838667795651,0.130248179167263,0.034232659844072956,-12.243067063159199,0.0,-12.243067063159199,-1.1397815109893608,-0.4674205891246751,-2.0,0.658425855808512,0.5281776766412489,2.0,-1.0,2.0,0.0,113.0,62.5,0,0,2.0,2.0,62.5,-843.75,0.0,0.0,1410.0,-2253.75,62.5,62.5
714,2019-06-07,11:25:17,153.625,153.6875,153.625,153.6875,289,44406.0625,153.6541955017301,0.0625,0.0004067520902122368,153.63217048032553,153.6591726035811,-0.02700212325558482,0.9999999999999695,0.00019531250000000017,5.000000000000166,2.2360679774997756,0.00019531250000000614,-1,714,-0.0666234168468093,0.658425855808512,0.013975424859373906,-19.321146603620683,0.0,-19.321146603620683,-1.9564327202467429,-0.4674205891246751,-2.0,0.9772077030930988,0.3187818472845868,2.0,-1.0,2.0,0.0,113.0,125.0,0,0,2.0,2.0,125.0,-718.75,0.0,0.0,1410.0,-2128.75,125.0,125.0
715,2019-06-07,11:35:38,153.6875,153.75,153.6875,153.71875,289,44425.09375,153.72004757785467,0.03125,0.00020331401920170578,153.65141037358654,153.6610057542405,-0.009595380653962593,0.9999999999999695,0.00019531250000000017,5.000000000000166,2.2360679774997756,0.00019531250000000614,-1,715,0.5408817243441921,0.9772077030930988,0.013975424859373906,-6.86589549191885,0.0,-6.86589549191885,-0.5193768318761419,-0.4674205891246751,-1.0,0.9334644211125289,-0.04374328198056987,-2.0,-1.0,2.0,0.0,113.0,156.25,0,0,-2.0,2.0,62.5,-656.25,1.0,4.0,1420.0,-2076.25,52.5,125.0
716,2019-06-07,11:43:18,153.75,153.78125,153.71875,153.75,289,44429.09375,153.7338884083045,0.03125,0.00020327269101461098,153.67331917945623,153.66374403872592,0.00957514073030552,0.9999999999999695,0.00019531250000000017,5.000000000000166,2.2360679774997756,0.00019531250000000614,-1,716,0.9136770169101445,0.9334644211125289,0.013975424859373906,6.851412981468732,6.851412981468732,0.0,0.2727931097101266,0.2812310091243958,1.0,0.6241419673256194,-0.3093224537869095,-1.0,-1.0,-2.0,1.0,114.0,31.25,0,0,-1.0,-2.0,-62.5,-718.75,2.0,1.0,1422.5,-2141.25,-65.0,52.5
717,2019-06-07,11:50:52,153.75,153.8125,153.75,153.78125,289,44441.53125,153.77692474048442,0.03125,0.0002032313796238583,153.69730380624375,153.66735960676576,0.029944199477995426,0.0,0.0,,,5.6107462426124854e-18,-1,717,0.993805290304348,0.6241419673256194,2.3687013831659923e-09,126416101.62768675,20.0,0.0,0.2727931097101266,1.7179727020810263,2.0,0.1995580794988961,-0.42458388782672335,-1.0,-1.0,-1.0,0.0,114.0,62.5,0,0,-1.0,-1.0,-31.25,-750.0,1.0,0.0,1422.5,-2172.5,-31.25,-31.25
718,2019-06-07,11:59:30,153.78125,153.84375,153.75,153.8125,289,44449.25,153.80363321799308,0.03125,0.00020319008502323044,153.7229029604118,153.6718254650199,0.05107749539189399,0.999999999999992,0.0007812500000000005,4.999999999999967,2.236067977499787,0.0007812500000000067,-1,718,0.8339929066117788,0.1995580794988961,0.027950849718747492,18.274040290673078,18.274040290673078,0.0,0.2727931097101266,1.5293776635983063,2.0,-0.19443789713024678,-0.3939959766291429,2.0,1.0,-1.0,0.0,114.0,93.75,0,0,2.0,-1.0,-31.25,-781.25,0.0,3.0,1430.0,-2211.25,-38.75,-31.25
719,2019-06-07,12:02:10,153.8125,153.875,153.8125,153.84375,289,44460.46875,153.84245242214533,0.03125,0.00020314880719940476,153.74975785809806,153.67711545071248,0.0726424073855867,0.9999999999999931,0.001171875,-3.3333333333333326,0.6085806194501838,0.0011718750000000078,-1,719,0.5561231726396222,-0.19443789713024678,0.034232659844073,21.220205416834975,20.0,0.0,0.2727931097101266,1.7179727020810263,2.0,-0.59960068756694,-0.4051627904366932,2.0,1.0,2.0,1.0,115.0,31.25,0,0,2.0,2.0,62.5,-718.75,0.0,0.0,1430.0,-2148.75,62.5,62.5
720,2019-06-07,12:10:00,153.84375,153.9375,153.84375,153.9375,288,44322.25,153.89670138888889,0.09375,0.0006091989222829497,153.7914783340763,153.68512728299953,0.10635105107675713,0.9999999999999957,0.0017578124999999994,-2.407407407407393,0.1656346649999839,0.0017578125000000072,-1,720,0.1419153700987226,-0.59960068756694,0.04192627457812114,25.366205833192605,20.0,0.0,0.2727931097101266,1.7179727020810263,2.0,-0.6955793777820148,-0.09597869021507488,2.0,1.0,2.0,0.0,115.0,125.0,0,0,2.0,2.0,187.5,-531.25,0.0,0.0,1430.0,-1961.25,187.5,187.5
721,2019-06-07,12:13:00,153.9375,154.03125,153.9375,154.03125,289,44504.625,153.99524221453288,0.09375,0.0006088280248937039,153.8447609265038,153.6957772127551,0.14898371374869157,0.9999999999999981,0.003125,-2.324218750000005,-0.052407843222650706,0.0031250000000000062,-1,721,0.016171443885053694,-0.6955793777820148,0.055901699437494796,26.651016918595523,20.0,0.0,0.2727931097101266,1.7179727020810263,2.0,-0.7461643238708557,-0.0505849460888409,2.0,1.0,2.0,0.0,115.0,218.75,0,0,2.0,2.0,187.5,-343.75,0.0,0.0,1430.0,-1773.75,187.5,187.5
722,2019-06-07,12:16:40,154.03125,154.09375,154.0,154.03125,288,44369.53125,154.06087239583334,0.0,0.0,153.8862029428363,153.7060994523642,0.18010349047207797,0.9999999999999979,0.00322265625,-2.2314049586776874,-0.5671631517317608,0.0032226562500000068,0,722,-0.05685315527990851,-0.7461643238708557,0.05676844413932803,31.725986717206137,20.0,0.0,0.2727931097101266,1.7179727020810263,2.0,-0.7698243588831867,-0.023660035012330938,2.0,1.0,2.0,0.0,115.0,218.75,0,0,2.0,2.0,0.0,-343.75,0.0,0.0,1430.0,-1773.75,0.0,187.5
723,2019-06-07,12:19:19,154.03125,154.03125,154.0,154.0,288,44359.0,154.02430555555554,-0.03125,-0.00020290149202129015,153.91149117776158,153.715142546139,0.19634863162258398,0.9999999999999979,0.00322265625,-2.2314049586776874,-0.5671631517317608,0.0032226562500000068,0,723,-0.09303302558563292,-0.7698243588831867,0.05676844413932803,34.58763659977738,20.0,0.0,0.2727931097101266,1.7179727020810263,2.0,-0.805306243929185,-0.03548188504599836,2.0,1.0,2.0,0.0,115.0,187.5,0,0,2.0,2.0,-62.5,-406.25,0.0,0.0,1430.0,-1836.25,-62.5,0.0
724,2019-06-07,12:20:50,154.0,154.09375,154.0,154.0625,289,44520.25,154.0493079584775,0.0625,0.0004057618233801463,153.94504869381458,153.7258304677978,0.21921822601677832,0.9999999999999982,0.0026367187499999997,-1.6872427983539058,0.5184205276797867,0.002636718750000005,-1,724,-0.15022285127949436,-0.805306243929185,0.05134898976610937,42.691828410899646,20.0,0.0,0.2727931097101266,1.7179727020810263,2.0,-0.8125844031534964,-0.007278159224311409,2.0,1.0,2.0,0.0,115.0,250.0,0,0,2.0,2.0,125.0,-281.25,0.0,0.0,1430.0,-1711.25,125.0,125.0
725,2019-06-07,12:24:44,154.0625,154.15625,154.0625,154.15625,288,44380.75,154.09982638888889,0.09375,0.000608334197002236,153.99198231741136,153.7390741457136,0.25290817169775437,0.9999999999999992,0.02197265625,2.9481481481481495,1.6396995274947155,0.021972656250000014,-1,725,-0.16245132490115424,-0.8125844031534964,0.14823176532039284,17.061671710588524,17.061671710588524,0.0,0.2727931097101266,1.396902555529038,2.0,-0.8140462690370407,-0.0014618658835442444,2.0,1.0,2.0,0.0,115.0,343.75,0,0,2.0,2.0,187.5,-93.75,0.0,0.0,1430.0,-1523.75,187.5,187.5
726,2019-06-07,12:29:20,154.15625,154.1875,154.09375,154.15625,288,44393.9375,154.14561631944446,0.0,0.0,154.0284862468755,153.75191032584723,0.2765759210282681,0.9999999999999996,0.02666015625,2.0766413074105388,1.1665660988204998,0.02666015625000001,0,726,-0.1649299991240667,-0.8140462690370407,0.16327938097016417,16.938814894135742,16.938814894135742,0.0,0.2727931097101266,1.3834780324062979,2.0,-0.7690182952178287,0.045027973819211975,2.0,1.0,2.0,0.0,115.0,343.75,0,0,2.0,2.0,0.0,-93.75,0.0,0.0,1430.0,-1523.75,0.0,187.5
727,2019-06-07,12:30:07,154.15625,154.6875,154.125,154.5,288,44474.71875,154.42610677083334,0.34375,0.002227397903788564,154.13326708090318,153.77492846967033,0.3583386112328526,0.9999999999999998,0.028027343750000003,2.2820478578105834,1.4094058384278656,0.02802734375000001,-1,727,-0.09177646865324551,-0.7690182952178287,0.16741369044973595,21.404379192061338,20.0,0.0,0.2727931097101266,1.7179727020810263,2.0,-0.7160303080611826,0.0529879871566461,2.0,1.0,2.0,0.0,115.0,687.5,0,0,2.0,2.0,687.5,593.75,0.0,0.0,1430.0,-836.25,687.5,687.5
728,2019-06-07,12:30:21,154.5,154.625,154.375,154.40625,287,44337.09375,154.48464721254356,-0.09375,-0.0006069802917769707,154.1939299518136,153.7943537475291,0.39957620428450014,0.9999999999999996,0.028613281249999997,4.048620251837531,1.8940807828901431,0.028613281250000008,0,728,-0.01270042639816444,-0.7160303080611826,0.1691546075340545,23.62195213654211,20.0,0.0,0.2727931097101266,1.7179727020810263,2.0,-0.6684394524641468,0.0475908555970358,2.0,1.0,2.0,0.0,115.0,593.75,0,0,2.0,2.0,-187.5,406.25,0.0,0.0,1430.0,-1023.75,-187.5,687.5
729,2019-06-07,12:30:36,154.40625,154.4375,154.28125,154.40625,288,44456.9375,154.36436631944446,0.0,0.0,154.24111218474394,153.81318132453055,0.42793086021339377,0.9999999999999998,0.03095703125,3.9961587835484473,1.9397160985587483,0.030957031250000006,0,729,0.053264309788918274,-0.6684394524641468,0.17594610325324062,24.32170149272755,20.0,0.0,0.2727931097101266,1.7179727020810263,2.0,-0.6585885105648989,0.009850941899247956,2.0,1.0,2.0,0.0,115.0,593.75,0,0,2.0,2.0,0.0,406.25,0.0,0.0,1430.0,-1023.75,0.0,0.0
730,2019-06-07,12:30:56,154.40625,154.46875,154.375,154.40625,287,44323.0625,154.43575783972125,0.0,0.0,154.27780947702306,153.83142959147025,0.44637988555280117,1.0000000000000002,0.0016601562499999997,-1.4878892733564086,-0.5413870509510866,0.0016601562499999993,0,730,0.06640776437354315,-0.6585885105648989,0.04074501503251655,109.55447806230231,20.0,0.0,0.2727931097101266,1.7179727020810263,2.0,-0.6815605314274858,-0.022972020862586984,2.0,1.0,2.0,0.0,115.0,593.75,0,0,2.0,2.0,0.0,406.25,0.0,0.0,1430.0,-1023.75,0.0,0.0
731,2019-06-07,12:31:04,154.40625,154.40625,154.28125,154.34375,288,44451.34375,154.34494357638889,-0.0625,-0.0004048583051252663,154.2924629265735,153.8471932963499,0.4452696302236063,0.9999999999999996,0.00078125,0.3124999999999976,-1.257788237343632,0.0007812500000000004,0,731,0.035497613977454455,-0.6815605314274858,0.027950849718747377,159.30450583938855,20.0,0.0,0.2727931097101266,1.7179727020810263,2.0,-0.7401155291709192,-0.05855499774343331,2.0,1.0,2.0,0.0,115.0,531.25,0,0,2.0,2.0,-125.0,281.25,0.0,0.0,1430.0,-1148.75,-125.0,0.0
732,2019-06-07,12:31:28,154.34375,154.375,154.3125,154.3125,288,44447.71875,154.33235677083334,-0.03125,-0.0002024906355000411,154.29691560955717,153.8615104256946,0.43540518386257077,0.9999999999999996,0.0006835937499999997,-0.6122448979591795,-0.5122408325718838,0.0006835937500000001,0,732,-0.0478257237175642,-0.7401155291709192,0.02614562582918986,166.53079436961485,20.0,0.0,0.2727931097101266,1.7179727020810263,2.0,-0.7981160899004845,-0.05800056072956539,2.0,1.0,2.0,0.0,115.0,500.0,0,0,2.0,2.0,-62.5,218.75,0.0,0.0,1430.0,-1211.25,-62.5,-62.5
733,2019-06-07,12:32:07,154.3125,154.34375,154.28125,154.3125,288,44443.25,154.31684027777777,0.0,0.0,154.30037880743336,153.8753870279824,0.42499177945094857,0.9999999999999994,0.00224609375,1.4555765595463157,1.118079933149378,0.0022460937500000007,0,733,-0.13831884824636007,-0.7981160899004845,0.0473929715253222,89.67400983157899,20.0,0.0,0.2727931097101266,1.7179727020810263,2.0,-0.8473134655566942,-0.04919737565620963,2.0,1.0,2.0,0.0,115.0,500.0,0,0,2.0,2.0,0.0,218.75,0.0,0.0,1430.0,-1211.25,0.0,0.0
734,2019-06-07,12:32:29,154.3125,154.40625,154.28125,154.28125,288,44447.25,154.33072916666666,-0.03125,-0.00020253164626193865,154.29612796133708,153.88787511943045,0.4082528419066307,0.9999999999999994,0.00224609375,1.4555765595463157,1.118079933149378,0.0022460937500000007,0,734,-0.22360155803175202,-0.8473134655566942,0.0473929715253222,86.14206469170225,20.0,0.0,0.2727931097101266,1.7179727020810263,2.0,-0.8763212496098944,-0.02900778405320026,2.0,1.0,2.0,0.0,115.0,468.75,0,0,2.0,2.0,-62.5,156.25,0.0,0.0,1430.0,-1273.75,-62.5,0.0
735,2019-06-07,12:33:18,154.28125,154.375,154.25,154.34375,287,44289.5625,154.3190331010453,0.0625,0.00040502228176197974,154.3067106365955,153.90190203883404,0.40480859776147327,0.9999999999999992,0.00419921875,-1.9632233639805285,0.235513936408806,0.004199218750000002,-1,735,-0.2790201486525008,-0.8763212496098944,0.06480137922914915,62.46913299946879,20.0,0.0,0.2727931097101266,1.7179727020810263,2.0,-0.9149758223323057,-0.03865457272241124,2.0,1.0,2.0,0.0,115.0,531.25,0,0,2.0,2.0,125.0,281.25,0.0,0.0,1430.0,-1148.75,125.0,125.0
736,2019-06-07,12:34:10,154.34375,154.375,154.25,154.28125,288,44447.03125,154.32996961805554,-0.0625,-0.00040502228176197974,154.3010527173521,153.91357428379416,0.38747843355793066,0.9999999999999992,0.00537109375,-2.628099173553719,-0.5814564991516649,0.0053710937500000035,0,736,-0.3616618937116197,-0.9149758223323057,0.07328774624724112,52.87083494841637,20.0,0.0,0.2727931097101266,1.7179727020810263,2.0,-0.9359564831917331,-0.020980660859427402,2.0,1.0,2.0,0.0,115.0,468.75,0,0,2.0,2.0,-125.0,156.25,0.0,0.0,1430.0,-1273.75,-125.0,125.0
737,2019-06-07,12:35:14,154.28125,154.375,154.28125,154.375,288,44454.40625,154.35557725694446,0.09375,0.000607471923105507,154.3174854468294,153.92777199814032,0.3897134486890934,0.9999999999999986,0.004199218749999999,3.877771768523535,-1.917756339328849,0.004199218750000004,-1,737,-0.41283778156211,-0.9359564831917331,0.06480137922914916,60.13968426674957,20.0,0.0,0.2727931097101266,1.7179727020810263,2.0,-0.9580282092816665,-0.022071726089933463,2.0,1.0,2.0,0.0,115.0,562.5,0,0,2.0,2.0,187.5,343.75,0.0,0.0,1430.0,-1086.25,187.5,187.5
738,2019-06-07,12:36:06,154.375,154.46875,154.375,154.46875,288,44476.40625,154.43196614583334,0.09375,0.0006071031249907932,154.35109979197844,153.94441747512218,0.4066823168562621,0.9999999999999992,0.00537109375,-2.628099173553719,-0.5814564991516649,0.0053710937500000035,-1,738,-0.47471915349498806,-0.9580282092816665,0.07328774624724112,55.491175221065205,20.0,0.0,0.2727931097101266,1.7179727020810263,2.0,-0.9724941110263283,-0.01446590174466178,2.0,1.0,2.0,0.0,115.0,656.25,0,0,2.0,2.0,187.5,531.25,0.0,0.0,1430.0,-898.75,187.5,187.5
739,2019-06-07,12:36:45,154.46875,154.5625,154.4375,154.53125,287,44337.75,154.48693379790942,0.0625,0.00040453074985347115,154.3911331715388,153.96247386050467,0.42865931103412436,0.9999999999999989,0.0041015625,-3.1632653061224514,-0.4414786044290978,0.004101562500000004,-1,739,-0.5229525904417185,-0.9724941110263283,0.06404344228724752,66.93258446532315,20.0,0.0,0.2727931097101266,1.7179727020810263,2.0,-0.9820288264148744,-0.009534715388546111,2.0,1.0,2.0,0.0,115.0,718.75,0,0,2.0,2.0,125.0,656.25,0.0,0.0,1430.0,-773.75,125.0,187.5
740,2019-06-07,12:37:18,154.53125,154.59375,154.5,154.5,288,44506.21875,154.53548177083334,-0.03125,-0.00020224491928555466,154.41532580008575,153.97901312633678,0.4363126737489722,0.9999999999999992,0.003125,-2.3242187499999987,0.052407843222650706,0.0031250000000000028,0,740,-0.5609462843056713,-0.9820288264148744,0.05590169943749477,78.04998383579115,20.0,0.0,0.2727931097101266,1.7179727020810263,2.0,-0.9884248936279554,-0.006396067213080947,2.0,1.0,2.0,0.0,115.0,687.5,0,0,2.0,2.0,-62.5,593.75,0.0,0.0,1430.0,-836.25,-62.5,125.0
741,2019-06-07,12:38:25,154.5,154.59375,154.46875,154.46875,287,44345.5625,154.5141550522648,-0.03125,-0.0002022858305679165,154.42719784451117,153.99408195322,0.43311589129118033,0.999999999999999,0.0022460937500000003,-3.081285444234405,-0.3153558785805939,0.0022460937500000024,0,741,-0.5916460631205208,-0.9884248936279554,0.047392971525322215,91.3882116591413,20.0,0.0,0.2727931097101266,1.7179727020810263,2.0,-0.9930660489880513,-0.0046411553600959055,2.0,1.0,2.0,0.0,115.0,656.25,0,0,2.0,2.0,-62.5,531.25,0.0,0.0,1430.0,-898.75,-62.5,-62.5
742,2019-06-07,12:39:49,154.46875,154.5,154.40625,154.5,288,44484.4375,154.45985243055554,0.03125,0.0002022858305679165,154.44337610128647,154.00964866235296,0.4337274389335164,0.9999999999999989,0.0017578124999999998,-2.407407407407407,-0.1656346649999846,0.001757812500000002,-1,742,-0.6190778619297084,-0.9930660489880513,0.04192627457812108,103.45003063063798,20.0,0.0,0.2727931097101266,1.7179727020810263,2.0,-0.9858490745415088,0.007216974446542457,2.0,1.0,2.0,0.0,115.0,687.5,0,0,2.0,2.0,62.5,593.75,0.0,0.0,1430.0,-836.25,62.5,62.5
743,2019-06-07,12:40:13,154.5,154.5625,154.5,154.5625,287,44355.625,154.54921602787456,0.0625,0.00040444894383462326,154.46984807877837,154.02665947274346,0.4431886060349086,0.9999999999999976,0.001171875,2.9166666666666714,-1.2932338163316428,0.0011718750000000028,-1,743,-0.5785644906811603,-0.9858490745415088,0.03423265984407292,129.46367826911433,20.0,0.0,0.2727931097101266,1.7179727020810263,2.0,-0.8755193190008048,0.11032975554070401,2.0,1.0,2.0,0.0,115.0,750.0,0,0,2.0,2.0,125.0,718.75,0.0,0.0,1430.0,-711.25,125.0,125.0
744,2019-06-07,12:40:54,154.5625,154.625,154.5625,154.59375,287,44368.28125,154.59331445993033,0.03125,0.00020216314634691201,154.49738183904986,154.04410841204498,0.4532734270048877,0.9999999999999878,0.00029296875000000053,-3.3333333333331896,0.6085806194501694,0.00029296875000000416,-1,744,-0.2774235907671851,-0.8755193190008048,0.01711632992203656,264.819286067463,20.0,0.0,0.2727931097101266,1.7179727020810263,2.0,-0.6299890563521808,0.245530262648624,2.0,1.0,2.0,0.0,115.0,781.25,0,0,2.0,2.0,62.5,781.25,0.0,0.0,1430.0,-648.75,62.5,125.0
745,2019-06-07,12:42:25,154.59375,154.65625,154.5625,154.625,288,44528.71875,154.61360677083334,0.03125,0.0002021222846702031,154.5257414303721,154.061981999368,0.46375943100412087,0.9999999999999811,0.0002929687499999992,-3.3333333333337323,-0.6085806194501595,0.0002929687500000047,-1,745,0.10367242818828533,-0.6299890563521808,0.01711632992203658,270.9456017244967,20.0,0.0,0.2727931097101266,1.7179727020810263,2.0,-0.2848336744589388,0.345155381893242,2.0,1.0,2.0,0.0,115.0,812.5,0,0,2.0,2.0,62.5,843.75,0.0,0.0,1430.0,-586.25,62.5,62.5
746,2019-06-07,12:43:55,154.625,154.75,154.59375,154.6875,287,44388.0625,154.66223867595818,0.0625,0.0004041220503570031,154.5616877791783,154.08122870708112,0.480459072097176,0.9999999999999811,0.0002929687499999992,-3.3333333333337323,-0.6085806194501595,0.0002929687500000047,-1,746,0.4764084421680907,-0.2848336744589388,0.01711632992203658,280.7021565286636,20.0,0.0,0.2727931097101266,1.7179727020810263,2.0,-0.40326402480958234,-0.11843035035064353,2.0,1.0,2.0,0.0,115.0,875.0,0,0,2.0,2.0,125.0,968.75,0.0,0.0,1430.0,-461.25,125.0,125.0
747,2019-06-07,12:44:45,154.6875,154.75,154.6875,154.75,287,44407.96875,154.73159843205576,0.0625,0.00040395880169619147,154.6035349393609,154.10180628532626,0.5017286540346504,0.9999999999999951,0.0007812500000000005,0.31249999999999406,-1.2577882373436315,0.0007812500000000042,-1,747,0.3619111430925637,-0.40326402480958234,0.027950849718747447,179.5039002689519,20.0,0.0,0.2727931097101266,1.7179727020810263,2.0,-0.59957582424848,-0.19631179943889765,2.0,1.0,2.0,0.0,115.0,937.5,0,0,2.0,2.0,125.0,1093.75,0.0,0.0,1430.0,-336.25,125.0,125.0
748,2019-06-07,12:46:49,154.75,154.8125,154.75,154.8125,287,44423.25,154.7848432055749,0.0625,0.00040379568487303175,154.64997161950296,154.1236737842408,0.5262978352621701,0.9999999999999994,0.004687500000000001,1.7447916666666632,-1.5309606208043702,0.004687500000000002,-1,748,0.14194612275536356,-0.59957582424848,0.06846531968814579,76.87071902379421,20.0,0.0,0.2727931097101266,1.7179727020810263,2.0,-0.6689224968532611,-0.06934667260478111,2.0,1.0,2.0,0.0,115.0,1000.0,0,0,2.0,2.0,125.0,1218.75,0.0,0.0,1430.0,-211.25,125.0,125.0
749,2019-06-07,12:47:54,154.8125,154.875,154.78125,154.8125,287,44435.03125,154.82589285714286,0.0,0.0,154.6860890373912,154.14486843703477,0.5412206003564393,0.9999999999999998,0.00419921875,1.9307733910221774,-1.4467284665112368,0.0041992187500000016,0,749,0.05261557412133904,-0.6689224968532611,0.06480137922914914,83.51991991444928,20.0,0.0,0.2727931097101266,1.7179727020810263,2.0,-0.7304957656802323,-0.06157326882697123,2.0,1.0,2.0,0.0,115.0,1000.0,0,0,2.0,2.0,0.0,1218.75,0.0,0.0,1430.0,-211.25,0.0,125.0
750,2019-06-07,12:49:22,154.8125,154.8125,154.6875,154.71875,287,44413.46875,154.75076219512195,-0.09375,-0.000605754687882154,154.69334702908208,154.162526331281,0.5308206978010901,1.0000000000000002,0.00830078125,-1.598615916955018,-0.6052891240323844,0.008300781249999998,0,750,-0.033643108691024375,-0.7304957656802323,0.09110862335695781,58.26239912783757,20.0,0.0,0.2727931097101266,1.7179727020810263,2.0,-0.7599505469483906,-0.02945478126815826,2.0,1.0,2.0,0.0,115.0,906.25,0,0,2.0,2.0,-187.5,1031.25,0.0,0.0,1430.0,-398.75,-187.5,0.0
751,2019-06-07,12:50:18,154.71875,154.78125,154.6875,154.75,287,44410.4375,154.74020034843207,0.03125,0.00020195900300912228,154.70593657817494,154.18060244416577,0.5253341340091708,1.0000000000000002,0.007031249999999999,-1.5393518518518536,-0.8126450751561738,0.007031249999999998,-1,751,-0.07776028535121571,-0.7599505469483906,0.0838525491562421,62.64975117575948,20.0,0.0,0.2727931097101266,1.7179727020810263,2.0,-0.8325197333140599,-0.07256918636566934,2.0,1.0,2.0,0.0,115.0,937.5,0,0,2.0,2.0,62.5,1093.75,0.0,0.0,1430.0,-336.25,62.5,62.5
752,2019-06-07,12:50:41,154.75,154.75,154.59375,154.59375,287,44395.3125,154.6875,-0.15625,-0.0010102031367233977,154.6810062274694,154.19331467665376,0.4876915508156401,1.0000000000000004,0.006640625000000001,-1.4878892733564015,-0.5413870509510849,0.006640624999999997,0,752,-0.19694645092470386,-0.8325197333140599,0.0814900300650331,59.846775173163884,20.0,0.0,0.2727931097101266,1.7179727020810263,2.0,-0.8822985969044237,-0.049778863590363764,2.0,1.0,2.0,0.0,115.0,781.25,0,0,2.0,2.0,-312.5,781.25,0.0,0.0,1430.0,-648.75,-312.5,62.5
753,2019-06-07,12:51:09,154.59375,154.65625,154.59375,154.625,287,44376.71875,154.62271341463415,0.03125,0.0002021222846702031,154.66856039914288,154.20659730198827,0.4619630971546087,1.0,0.006054687499999999,2.814776274713843,-1.6712144101358455,0.0060546874999999984,-1,753,-0.2910511475904346,-0.8822985969044237,0.07781187248742957,59.36923021987916,20.0,0.0,0.2727931097101266,1.7179727020810263,2.0,-0.9270763335359962,-0.04477773663157247,2.0,1.0,2.0,0.0,115.0,812.5,0,0,2.0,2.0,62.5,843.75,0.0,0.0,1430.0,-586.25,62.5,62.5
754,2019-06-07,12:51:35,154.625,154.625,154.5625,154.59375,287,44369.0625,154.59603658536585,-0.03125,-0.0002021222846702031,154.65193586600003,154.21850969269698,0.43342617330304734,1.0,0.00712890625,2.021017076374554,-1.3385038869326558,0.007128906249999999,0,754,-0.3904669993297186,-0.9270763335359962,0.08443285053816435,51.33383162364453,20.0,0.0,0.2727931097101266,1.7179727020810263,2.0,-0.9737209882432974,-0.04664465470730128,2.0,1.0,2.0,0.0,115.0,781.25,0,0,2.0,2.0,-62.5,781.25,0.0,0.0,1430.0,-648.75,-62.5,62.5
755,2019-06-07,12:52:22,154.59375,154.65625,154.5625,154.59375,288,44526.71875,154.60666232638889,0.0,0.0,154.6390056735556,154.23005554830698,0.40895012524862295,0.9999999999999988,0.0016601562499999997,-1.4878892733564004,-0.5413870509510853,0.001660156250000002,0,755,-0.5274852200826247,-0.9737209882432974,0.040745015032516575,100.36813704014102,20.0,0.0,0.2727931097101266,1.7179727020810263,2.0,-0.9910167752304013,-0.01729578698710388,2.0,1.0,2.0,0.0,115.0,781.25,0,0,2.0,2.0,0.0,781.25,0.0,0.0,1430.0,-648.75,0.0,0.0
756,2019-06-07,12:52:59,154.59375,154.65625,154.5625,154.65625,287,44369.8125,154.59864982578398,0.0625,0.00040420372417759864,154.64283774609882,154.24316922374436,0.39966852235446026,0.9999999999999992,0.00263671875,-1.6872427983539093,-0.5184205276797864,0.0026367187500000028,-1,756,-0.6061879034816399,-0.9910167752304013,0.05134898976610935,77.83376541094952,20.0,0.0,0.2727931097101266,1.7179727020810263,2.0,-0.9977437450514123,-0.006726969821010953,2.0,1.0,2.0,0.0,115.0,843.75,0,0,2.0,2.0,125.0,906.25,0.0,0.0,1430.0,-523.75,125.0,125.0
757,2019-06-07,12:53:41,154.65625,154.75,154.65625,154.71875,287,44395.5,154.68815331010452,0.0625,0.00040404040953667675,154.65970713585463,154.25780247839913,0.4019046574555034,0.9999999999999992,0.00263671875,-1.6872427983539093,-0.5184205276797864,0.0026367187500000028,-1,757,-0.6580381165396052,-0.9977437450514123,0.05134898976610935,78.269243326139,20.0,0.0,0.2727931097101266,1.7179727020810263,2.0,-0.999652871258318,-0.0019091262069057535,2.0,1.0,2.0,0.0,115.0,906.25,0,0,2.0,2.0,125.0,1031.25,0.0,0.0,1430.0,-398.75,125.0,125.0
758,2019-06-07,12:55:23,154.71875,154.84375,154.71875,154.8125,287,44420.40625,154.77493466898954,0.09375,0.000605754687882154,154.69366110566472,154.27487009444923,0.41879101121548956,0.9999999999999984,0.0022460937500000003,1.4555765595463086,-1.1180799331493776,0.0022460937500000033,-1,758,-0.7254910984538794,-0.999652871258318,0.04739297152532223,88.36563687333427,20.0,0.0,0.2727931097101266,1.7179727020810263,2.0,-0.9994343624032413,0.00021850885507668227,2.0,1.0,2.0,0.0,115.0,1000.0,0,0,2.0,2.0,187.5,1218.75,0.0,0.0,1430.0,-211.25,187.5,187.5
759,2019-06-07,12:56:19,154.8125,154.8125,154.75,154.78125,287,44423.78125,154.78669425087108,-0.03125,-0.00020187746106703486,154.7131253044059,154.29045101462077,0.4226742897851352,0.9999999999999996,0.0056640625,-0.9453032104637332,-0.601363819630531,0.005664062500000002,0,759,-0.730486588424224,-0.9994343624032413,0.07525996611745187,56.16190274727246,20.0,0.0,0.2727931097101266,1.7179727020810263,2.0,-0.9977706349769199,0.0016637274263214819,2.0,1.0,2.0,0.0,115.0,968.75,0,0,2.0,2.0,-62.5,1156.25,0.0,0.0,1430.0,-273.75,-62.5,187.5
760,2019-06-07,12:58:42,154.78125,154.8125,154.71875,154.8125,287,44413.1875,154.74978222996515,0.03125,0.00020187746106703486,154.7352085700935,154.3065140603255,0.4286945097680075,0.9999999999999998,0.005078125,-0.17751479289940994,0.4047960089109366,0.005078125000000001,-1,760,-0.7527202113558374,-0.9977706349769199,0.07126096406869613,60.15839321998825,20.0,0.0,0.2727931097101266,1.7179727020810263,2.0,-0.9894873555811096,0.008283279395810306,2.0,1.0,2.0,0.0,115.0,1000.0,0,0,2.0,2.0,62.5,1218.75,0.0,0.0,1430.0,-211.25,62.5,62.5
761,2019-06-07,12:59:41,154.8125,154.8125,154.71875,154.71875,287,44420.5,154.77526132404182,-0.09375,-0.000605754687882154,154.73155111007276,154.31919824308528,0.41235286698747586,0.9999999999999998,0.005078125,-0.17751479289940994,0.4047960089109366,0.005078125000000001,0,761,-0.8019345830562036,-0.9894873555811096,0.07126096406869613,57.86518220409767,20.0,0.0,0.2727931097101266,1.7179727020810263,2.0,-0.9469711158751268,0.04251623970598273,2.0,1.0,2.0,0.0,115.0,906.25,0,0,2.0,2.0,-187.5,1031.25,0.0,0.0,1430.0,-398.75,-187.5,62.5
762,2019-06-07,13:00:43,154.71875,154.71875,154.6875,154.6875,287,44399.21875,154.7011106271777,-0.03125,-0.0002019997986870692,154.72176197450105,154.33053060483704,0.3912313696640126,0.9999999999999999,0.006640624999999999,-1.4878892733564004,0.541387050951085,0.006640625000000001,0,762,-0.8968163279161129,-0.9469711158751268,0.08149003006503311,48.00972209137615,20.0,0.0,0.2727931097101266,1.7179727020810263,2.0,-0.9590290177161775,-0.012057901841050711,2.0,1.0,2.0,0.0,115.0,875.0,0,0,2.0,2.0,-62.5,968.75,0.0,0.0,1430.0,-461.25,-62.5,-62.5
763,2019-06-07,13:02:37,154.6875,154.78125,154.65625,154.78125,287,44407.53125,154.73007404181186,0.09375,0.0006058770255021884,154.73498153572305,154.34439889391956,0.39058264180349056,0.9999999999999999,0.007617187500000001,-2.6923076923076916,0.33969551717255164,0.007617187500000001,-1,763,-0.8784648303026744,-0.9590290177161775,0.0872765002735559,44.75232629393528,20.0,0.0,0.2727931097101266,1.7179727020810263,2.0,-0.09692784942179301,0.8621011682943845,2.0,1.0,2.0,0.0,115.0,968.75,0,0,2.0,2.0,187.5,1156.25,0.0,0.0,1430.0,-273.75,187.5,187.5
764,2019-06-07,13:05:03,154.78125,154.78125,154.6875,154.6875,287,44409.40625,154.73660714285714,-0.09375,-0.0006058770255021884,154.72443008334017,154.35495585103018,0.3694742323099831,0.9999999999999996,0.00615234375,-1.2169312169312185,-0.8284388773693415,0.006152343750000002,0,764,0.6352389660772808,-0.09692784942179301,0.0784368774875696,47.10465843933373,20.0,0.0,0.2727931097101266,1.7179727020810263,2.0,0.2193728533701895,0.3163007027919825,2.0,1.0,2.0,0.0,115.0,875.0,0,0,2.0,2.0,-187.5,968.75,0.0,0.0,1430.0,-461.25,-187.5,187.5
765,2019-06-07,13:07:06,154.6875,154.8125,154.6875,154.75,287,44418.8125,154.76938153310104,0.0625,0.00040395880169619147,154.73011228704237,154.36711105561434,0.3630012314280293,0.9999999999999992,0.00537109375,3.3223140495867725,-1.7443694974549941,0.0053710937500000035,-1,765,0.8450024682993711,0.2193728533701895,0.07328774624724112,49.53095845019171,20.0,0.0,0.2727931097101266,1.7179727020810263,2.0,-0.0997848691096603,-0.3191577224798498,2.0,1.0,2.0,0.0,115.0,937.5,0,0,2.0,2.0,125.0,1093.75,0.0,0.0,1430.0,-336.25,125.0,125.0
766,2019-06-07,13:09:52,154.75,154.8125,154.6875,154.8125,287,44412.71875,154.74814895470382,0.0625,0.00040379568487303175,154.74842066769963,154.38081533082678,0.367605336872856,0.9999999999999992,0.00419921875,3.8777717685235253,-1.9177563393288484,0.004199218750000002,-1,766,0.6330190784418075,-0.0997848691096603,0.06480137922914915,56.72801123151075,20.0,0.0,0.2727931097101266,1.7179727020810263,2.0,-0.6176467749072709,-0.5178619057976106,2.0,1.0,2.0,0.0,115.0,1000.0,0,0,2.0,2.0,125.0,1218.75,0.0,0.0,1430.0,-211.25,125.0,125.0
767,2019-06-07,13:11:38,154.8125,154.875,154.78125,154.84375,287,44435.34375,154.82698170731706,0.03125,0.0002018367147833544,154.7696049637664,154.3950594744942,0.374545489272208,0.9999999999999996,0.00615234375,4.225245653817081,-2.017343525807786,0.006152343750000002,-1,767,0.11936588772842392,-0.6176467749072709,0.0784368774875696,47.751198322697725,20.0,0.0,0.2727931097101266,1.7179727020810263,2.0,-0.7855126845800057,-0.16786590967273474,2.0,1.0,2.0,0.0,115.0,1031.25,0,0,2.0,2.0,62.5,1281.25,0.0,0.0,1430.0,-148.75,62.5,125.0
768,2019-06-07,13:13:10,154.84375,154.9375,154.84375,154.875,287,44450.9375,154.88131533101046,0.03125,0.0002017959849442974,154.79302608292943,154.4098268752795,0.38319920764993753,1.0,0.00712890625,-2.707825107900167,-0.5779903148118288,0.007128906250000001,-1,768,-0.11785145671528373,-0.7855126845800057,0.08443285053816435,45.38508473982272,20.0,0.0,0.2727931097101266,1.7179727020810263,2.0,-0.9731314921202286,-0.18761880754022298,2.0,1.0,2.0,0.0,115.0,1062.5,0,0,2.0,2.0,62.5,1343.75,0.0,0.0,1430.0,-86.25,62.5,62.5
769,2019-06-07,13:15:14,154.875,154.90625,154.75,154.75,287,44426.90625,154.79758275261324,-0.125,-0.0008074283846006836,154.78346473116736,154.42029374065586,0.3631709905114917,1.0,0.00859375,-2.2701446280991724,-0.31028516397456024,0.00859375,0,769,-0.5252964845823943,-0.9731314921202286,0.09270248108869579,39.17597309655794,20.0,0.0,0.2727931097101266,1.7179727020810263,2.0,-0.9993790196012533,-0.026247527481024657,2.0,1.0,2.0,0.0,115.0,937.5,0,0,2.0,2.0,-250.0,1093.75,0.0,0.0,1430.0,-336.25,-250.0,62.5
770,2019-06-07,13:18:29,154.75,154.78125,154.65625,154.65625,287,44410.6875,154.74107142857142,-0.09375,-0.000605999412545799,154.75519479090798,154.4275539332513,0.3276408576566894,1.0,0.00859375,-2.2701446280991724,-0.31028516397456024,0.00859375,0,770,-0.6817520723627906,-0.9993790196012533,0.09270248108869579,35.34326738711658,20.0,0.0,0.2727931097101266,1.7179727020810263,2.0,-0.9999999899789876,-0.0006209703777343423,2.0,1.0,2.0,0.0,115.0,843.75,0,0,2.0,2.0,-187.5,906.25,0.0,0.0,1430.0,-523.75,-187.5,-187.5
771,2019-06-07,13:21:48,154.65625,154.78125,154.65625,154.75,287,44407.75,154.7308362369338,0.09375,0.000605999412545799,154.75404039292843,154.43747535069002,0.316565042238409,1.0,0.00830078125,-1.5986159169550167,0.6052891240323842,0.00830078125,-1,771,-0.7072068791070982,-0.9999999899789876,0.09110862335695782,34.74589238365804,20.0,0.0,0.2727931097101266,1.7179727020810263,2.0,-0.9969454677652795,0.0030545222137081662,2.0,1.0,2.0,0.0,115.0,937.5,0,0,2.0,2.0,187.5,1093.75,0.0,0.0,1430.0,-336.25,187.5,187.5
772,2019-06-07,13:27:41,154.75,154.8125,154.6875,154.78125,287,44413.78125,154.75185104529618,0.03125,0.0002019182238059969,154.7600869722777,154.44805303220758,0.31203394007010843,1.0,0.00615234375,-1.2169312169312185,0.8284388773693415,0.006152343750000001,-1,772,-0.6497212984143045,-0.9969454677652795,0.07843687748756958,39.781535173880236,20.0,0.0,0.2727931097101266,1.7179727020810263,2.0,-0.9973871005408252,-0.00044163277554576386,2.0,1.0,2.0,0.0,115.0,968.75,0,0,2.0,2.0,62.5,1156.25,0.0,0.0,1430.0,-273.75,62.5,187.5
773,2019-06-07,13:30:59,154.78125,154.78125,154.71875,154.71875,287,44416.3125,154.7606707317073,-0.0625,-0.00040387722681511917,154.75090097843824,154.45638216967836,0.29451880875987513,0.9999999999999994,0.004589843749999999,-0.7378904481665908,0.912717046241344,0.004589843750000001,0,773,-0.6541760555218945,-0.9973871005408252,0.06774838558962126,43.47244678919612,20.0,0.0,0.2727931097101266,1.7179727020810263,2.0,-0.8592390806165798,0.1381480199242454,2.0,1.0,2.0,0.0,115.0,906.25,0,0,2.0,2.0,-125.0,1031.25,0.0,0.0,1430.0,-398.75,-125.0,62.5
774,2019-06-07,13:33:24,154.71875,154.71875,154.625,154.65625,287,44395.34375,154.68760888501743,-0.0625,-0.00040404040953667675,154.72986742767418,154.46253194907308,0.2673354786010975,1.0000000000000002,0.0016601562499999997,2.664359861591688,1.714392328011769,0.0016601562499999993,0,774,-0.9693113942716891,-0.8592390806165798,0.04074501503251655,65.61182475641512,20.0,0.0,0.2727931097101266,1.7179727020810263,2.0,-0.4919585987504452,0.36728048186613466,-2.0,1.0,2.0,0.0,115.0,843.75,0,0,-2.0,2.0,-125.0,906.25,0.0,4.0,1440.0,-533.75,-135.0,-125.0
775,2019-06-07,13:37:50,154.65625,154.65625,154.625,154.625,287,44380.625,154.63632404181186,-0.03125,-0.00020208143950739554,154.7065635548577,154.46753096602484,0.23903258883285616,1.0000000000000002,0.0029296875,3.6666666666666643,1.924500897298752,0.0029296874999999996,0,775,-0.9634875732482204,-0.4919585987504452,0.05412658773652741,44.16176944247765,20.0,0.0,0.2727931097101266,1.7179727020810263,2.0,-0.18236974528594294,0.30958885346450227,-2.0,-1.0,-2.0,1.0,116.0,-31.25,0,0,-2.0,-2.0,62.5,968.75,0.0,0.0,1440.0,-471.25,62.5,62.5
776,2019-06-07,13:39:34,154.625,154.625,154.5625,154.5625,287,44374.4375,154.61476480836237,-0.0625,-0.0004042854310171151,154.674549431556,154.47045309014723,0.2040963414087571,0.9999999999999998,0.00322265625,-2.2314049586776847,0.5671631517317617,0.0032226562500000007,0,776,-0.8242034995406168,-0.18236974528594294,0.056768444139327974,35.95242823774405,20.0,0.0,0.2727931097101266,1.7179727020810263,2.0,0.11156969733279665,0.2939394426187396,-2.0,-1.0,-2.0,0.0,116.0,-93.75,0,0,-2.0,-2.0,125.0,1093.75,0.0,0.0,1440.0,-346.25,125.0,125.0
777,2019-06-07,13:43:03,154.5625,154.625,154.53125,154.625,288,44517.09375,154.5732421875,0.0625,0.0004042854310171151,154.66353844676578,154.4752083796813,0.18833006708447897,0.9999999999999997,0.00244140625,-1.2000000000000004,0.0,0.0024414062500000013,-1,777,-0.6238003491881333,0.11156969733279665,0.04941058844013094,38.115325688272634,20.0,0.0,0.2727931097101266,1.7179727020810263,2.0,0.37929738726169143,0.2677276899288948,-2.0,-1.0,-2.0,0.0,116.0,-31.25,0,0,-2.0,-2.0,-125.0,968.75,0.0,0.0,1440.0,-471.25,-125.0,125.0
778,2019-06-07,13:45:07,154.625,154.6875,154.59375,154.65625,287,44385.4375,154.65309233449477,0.03125,0.00020208143950739554,154.66191879192897,154.48077889107586,0.18113990085311116,0.9999999999999992,0.0027343750000000003,0.5357142857142847,-1.088511769215251,0.0027343750000000024,-1,778,-0.38606434486936714,0.37929738726169143,0.052291251658379743,34.640574686661424,20.0,0.0,0.2727931097101266,1.7179727020810263,2.0,0.6496667432707464,0.27036935600905493,-2.0,-1.0,-2.0,0.0,116.0,0.0,0,0,-2.0,-2.0,-62.5,906.25,0.0,0.0,1440.0,-533.75,-62.5,-62.5
779,2019-06-07,13:47:57,154.65625,154.6875,154.625,154.65625,287,44388.65625,154.6643074912892,0.0,0.0,154.6606590603892,154.4861780021198,0.17448105826940719,0.9999999999999978,0.0021484374999999997,0.8677685950413263,0.5516180692881066,0.0021484375000000045,0,779,-0.07817234096997626,0.6496667432707464,0.046351240544347944,37.64323375605604,20.0,0.0,0.2727931097101266,1.7179727020810263,2.0,0.8676346557835621,0.21796791251281578,-2.0,-1.0,-2.0,0.0,116.0,0.0,0,0,-2.0,-2.0,-0.0,906.25,0.0,0.0,1440.0,-533.75,-0.0,-0.0
780,2019-06-07,13:52:34,154.65625,154.75,154.65625,154.71875,287,44403.6875,154.716681184669,0.0625,0.00040404040953667675,154.6735681580805,154.49333406359324,0.18023409448727534,1.0,0.00859375,1.4488636363636367,-0.8848873194830054,0.00859375,-1,780,0.2619352471302637,0.8676346557835621,0.09270248108869579,19.44220827432128,19.44220827432128,0.0,0.2727931097101266,1.65702298732161,2.0,0.9916845057937324,0.12404985001017022,-2.0,-1.0,-2.0,0.0,116.0,62.5,0,0,-2.0,-2.0,-125.0,781.25,0.0,0.0,1440.0,-658.75,-125.0,-0.0
781,2019-06-07,13:56:38,154.71875,154.84375,154.71875,154.84375,287,44425.6875,154.7933362369338,0.125,0.0008075914026655084,154.71138634517374,154.504116092406,0.20727025276772792,1.0,0.00859375,1.4488636363636367,-0.8848873194830054,0.00859375,-1,781,0.6102272757447657,0.9916845057937324,0.09270248108869579,22.358652145395773,20.0,0.0,0.2727931097101266,1.7179727020810263,2.0,0.9756065188911139,-0.016077986902618413,2.0,-1.0,-2.0,0.0,116.0,187.5,0,0,2.0,-2.0,-250.0,531.25,0.0,4.0,1450.0,-918.75,-260.0,-125.0
782,2019-06-07,14:00:06,154.84375,154.84375,154.71875,154.71875,287,44425.5,154.79268292682926,-0.125,-0.0008075914026655084,154.71302271291293,154.5107202126398,0.20230250027313446,0.9999999999999998,0.009082031249999999,-0.0034686090877530753,-0.5429955844662838,0.00908203125,0,782,0.8450867202096829,0.9756065188911139,0.09529969176235567,21.228033011649885,20.0,0.0,0.2727931097101266,1.7179727020810263,2.0,0.905206538173378,-0.0703999807177359,2.0,-1.0,2.0,1.0,117.0,-125.0,0,0,2.0,2.0,-250.0,281.25,0.0,0.0,1450.0,-1168.75,-250.0,-250.0
783,2019-06-07,14:02:40,154.71875,154.78125,154.6875,154.75,287,44409.8125,154.73802264808361,0.03125,0.00020195900300912228,154.72123988782118,154.51808266763567,0.20315722018551696,1.0,0.00830078125,0.8927335640138416,0.0,0.00830078125,-1,783,0.9405782000256394,0.905206538173378,0.09110862335695782,22.29835252691283,20.0,0.0,0.2727931097101266,1.7179727020810263,2.0,0.7215830488474287,-0.1836234893259493,-2.0,-1.0,2.0,0.0,117.0,-93.75,0,0,-2.0,2.0,62.5,343.75,0.0,4.0,1460.0,-1116.25,52.5,52.5
784,2019-06-07,14:07:52,154.75,154.75,154.6875,154.71875,287,44407.5,154.72996515679444,-0.03125,-0.00020195900300912228,154.72068657941648,154.52425704709316,0.1964295323233216,1.0000000000000004,0.005175781250000001,1.1285154859380562,-1.032658539398995,0.005175781249999999,0,784,0.9997860109859338,0.7215830488474287,0.07194290270763336,27.303531680058253,20.0,0.0,0.2727931097101266,1.7179727020810263,2.0,0.41209689335938193,-0.3094861554880468,2.0,1.0,-2.0,1.0,118.0,-31.25,0,0,2.0,-2.0,62.5,406.25,0.0,4.0,1470.0,-1063.75,52.5,52.5
785,2019-06-07,14:16:07,154.71875,154.75,154.65625,154.71875,287,44399.90625,154.703506097561,0.0,0.0,154.72025622843506,154.53024144564426,0.1900147827907972,0.9999999999999999,0.0016601562499999997,-1.4878892733564004,0.5413870509510851,0.0016601562500000002,0,785,0.9356698001551903,0.41209689335938193,0.040745015032516554,46.635099444473376,20.0,0.0,0.2727931097101266,1.7179727020810263,2.0,0.035429409349412064,-0.37666748400996986,2.0,1.0,2.0,1.0,119.0,0.0,0,0,2.0,2.0,0.0,406.25,0.0,0.0,1470.0,-1063.75,0.0,52.5
786,2019-06-07,14:22:29,154.71875,154.78125,154.6875,154.78125,287,44409.4375,154.73671602787456,0.0625,0.00040387722681511917,154.73381039989394,154.53796478577843,0.1958456141155125,0.9999999999999999,0.0016601562499999997,-1.4878892733564004,0.5413870509510851,0.0016601562500000002,-1,786,0.7317152220004594,0.035429409349412064,0.040745015032516554,48.06615335869134,20.0,0.0,0.2727931097101266,1.7179727020810263,2.0,-0.32962399319085095,-0.36505340254026303,2.0,1.0,2.0,0.0,119.0,62.5,0,0,2.0,2.0,125.0,531.25,0.0,0.0,1470.0,-938.75,125.0,125.0
787,2019-06-07,14:27:46,154.78125,154.78125,154.71875,154.75,287,44415.84375,154.75903745644598,-0.03125,-0.0002019182238059969,154.7374080888064,154.54448894621615,0.1929191425902559,0.9999999999999998,0.00244140625,-1.2000000000000004,0.0,0.00244140625,0,787,0.43450884424885866,-0.32962399319085095,0.04941058844013093,39.044089269248275,20.0,0.0,0.2727931097101266,1.7179727020810263,2.0,-0.6385490527161853,-0.3089250595253344,2.0,1.0,2.0,0.0,119.0,31.25,0,0,2.0,2.0,-62.5,468.75,0.0,0.0,1470.0,-1001.25,-62.5,125.0
788,2019-06-07,14:35:00,154.75,154.84375,154.71875,154.78125,287,44415.625,154.75827526132403,0.03125,0.0002019182238059969,154.74715073573833,154.55177390171733,0.1953768340210047,0.9999999999999999,0.005566406250000001,-1.1172668513388746,0.20575279705556937,0.005566406250000001,-1,788,0.09265366655195134,-0.6385490527161853,0.07460835241445828,26.186992166193825,20.0,0.0,0.2727931097101266,1.7179727020810263,2.0,-0.8755447959185997,-0.23699574320241434,2.0,1.0,2.0,0.0,119.0,62.5,0,0,2.0,2.0,62.5,531.25,0.0,0.0,1470.0,-938.75,62.5,62.5
789,2019-06-07,14:41:24,154.78125,154.78125,154.71875,154.71875,287,44413.21875,154.74989111498257,-0.0625,-0.00040387722681511917,154.7408394611298,154.55691162781844,0.18392783331137252,0.9999999999999997,0.005175781249999999,0.2741189035243856,0.6064819993295691,0.005175781250000001,0,789,-0.2774742503879034,-0.8755447959185997,0.07194290270763337,25.565806547844115,20.0,0.0,0.2727931097101266,1.7179727020810263,2.0,-0.9700289641692136,-0.0944841682506139,2.0,1.0,2.0,0.0,119.0,0.0,0,0,2.0,2.0,-125.0,406.25,0.0,0.0,1470.0,-1063.75,-125.0,62.5
790,2019-06-07,14:48:13,154.71875,154.875,154.71875,154.84375,287,44429.5,154.80662020905925,0.125,0.0008075914026655084,154.76370846976764,154.5657374238857,0.19797104588192838,0.9999999999999997,0.00458984375,1.4350384789497508,0.4220089568642765,0.004589843750000001,-1,790,-0.5140946639821543,-0.9700289641692136,0.06774838558962126,29.22151489795155,20.0,0.0,0.2727931097101266,1.7179727020810263,2.0,-0.9891711920621662,-0.019142227892952612,2.0,1.0,2.0,0.0,119.0,125.0,0,0,2.0,2.0,250.0,656.25,0.0,0.0,1470.0,-813.75,250.0,250.0
791,2019-06-07,14:50:51,154.84375,154.90625,154.84375,154.875,287,44448.15625,154.87162456445992,0.03125,0.0002017959849442974,154.7884399209304,154.5752531954586,0.21318672547178608,1.0,0.005175781250000001,1.1285154859380562,1.032658539398995,0.005175781250000001,-1,791,-0.595670197279647,-0.9891711920621662,0.07194290270763337,29.632766742558232,20.0,0.0,0.2727931097101266,1.7179727020810263,2.0,-0.9564308725387166,0.03274031952344958,2.0,1.0,2.0,0.0,119.0,156.25,0,0,2.0,2.0,62.5,718.75,0.0,0.0,1470.0,-751.25,62.5,250.0
792,2019-06-07,14:55:33,154.875,154.9375,154.84375,154.875,287,44450.1875,154.87870209059233,0.0,0.0,154.80767549405698,154.58447617406,0.22319931999697928,1.0,0.005175781250000001,1.1285154859380562,1.032658539398995,0.005175781250000001,0,792,-0.4698526537169631,-0.9564308725387166,0.07194290270763337,31.024508547289564,20.0,0.0,0.2727931097101266,1.7179727020810263,2.0,-0.8139511707436522,0.14247970179506442,2.0,1.0,2.0,0.0,119.0,156.25,0,0,2.0,2.0,0.0,718.75,0.0,0.0,1470.0,-751.25,0.0,62.5
793,2019-06-07,14:59:24,154.875,154.875,154.78125,154.84375,287,44436.28125,154.8302482578397,-0.03125,-0.0002017959849442974,154.81569205093322,154.59245383024287,0.22323822069034804,0.9999999999999998,0.00244140625,-1.2000000000000004,0.0,0.00244140625,0,793,-0.16476852104643755,-0.8139511707436522,0.04941058844013093,45.18023924382887,20.0,0.0,0.2727931097101266,1.7179727020810263,2.0,-0.6887123323243626,0.12523883841928962,2.0,1.0,2.0,0.0,119.0,125.0,0,0,2.0,2.0,-62.5,656.25,0.0,0.0,1470.0,-813.75,-62.5,0.0
794,2019-06-07,15:02:57,154.84375,154.84375,154.78125,154.78125,287,44430.4375,154.80988675958187,-0.0625,-0.00040371417585038927,154.80803826183697,154.59826294315857,0.20977531867839616,1.0000000000000007,0.0027343750000000003,0.5357142857142847,1.088511769215251,0.002734374999999999,0,794,0.025683795954533715,-0.6887123323243626,0.05229125165837971,40.1167139866654,20.0,0.0,0.2727931097101266,1.7179727020810263,2.0,-0.6302650100504537,0.05844732227390892,2.0,1.0,2.0,0.0,119.0,62.5,0,0,2.0,2.0,-125.0,531.25,0.0,0.0,1470.0,-938.75,-125.0,-62.5
795,2019-06-07,15:07:10,154.78125,154.84375,154.75,154.84375,287,44431.28125,154.81282665505228,0.0625,0.00040371417585038927,154.815974203651,154.6058163910615,0.21015781258950028,1.0000000000000007,0.0029296875,3.6666666666666643,1.924500897298752,0.0029296874999999983,-1,795,0.10331895155122404,-0.6302650100504537,0.0541265877365274,38.82709429467231,20.0,0.0,0.2727931097101266,1.7179727020810263,2.0,-0.7062228596444216,-0.0759578495939679,2.0,1.0,2.0,0.0,119.0,125.0,0,0,2.0,2.0,125.0,656.25,0.0,0.0,1470.0,-813.75,125.0,125.0
796,2019-06-07,15:14:05,154.84375,154.875,154.75,154.78125,286,44275.59375,154.80976835664336,-0.0625,-0.00040371417585038927,154.80825771395078,154.6112143482597,0.19704336569108705,1.0000000000000007,0.003125,4.999999999999997,2.236067977499789,0.003124999999999998,0,796,0.0012492734905166698,-0.7062228596444216,0.05590169943749473,35.24818881604965,20.0,0.0,0.2727931097101266,1.7179727020810263,2.0,-0.9059260486233282,-0.1997031889789066,2.0,1.0,2.0,0.0,119.0,62.5,0,0,2.0,2.0,-125.0,531.25,0.0,0.0,1470.0,-938.75,-125.0,125.0
797,2019-06-07,15:23:15,154.78125,154.84375,154.71875,154.71875,287,44430.25,154.80923344947735,-0.0625,-0.00040387722681511917,154.78836711085063,154.6145231375441,0.173843973306532,1.0000000000000007,0.0029296875,3.6666666666666643,1.924500897298752,0.0029296874999999983,0,797,-0.34117202837935456,-0.9059260486233282,0.0541265877365274,32.11803673136653,20.0,0.0,0.2727931097101266,1.7179727020810263,2.0,-0.9998344585139326,-0.09390840989060445,2.0,1.0,2.0,0.0,119.0,0.0,0,0,2.0,2.0,-125.0,406.25,0.0,0.0,1470.0,-1063.75,-125.0,-125.0
798,2019-06-07,15:28:45,154.71875,154.71875,154.625,154.65625,288,44545.96875,154.67350260416666,-0.0625,-0.00040404040953667675,154.75900775288383,154.6158070410043,0.14320071187952976,1.0000000000000018,0.00224609375,3.724007561436648,-1.7487916903105682,0.002246093749999996,0,798,-0.7198554858228944,-0.9998344585139326,0.047392971525322146,30.2156010207162,20.0,0.0,0.2727931097101266,1.7179727020810263,2.0,-0.8648448963146508,0.13498956219928182,2.0,1.0,2.0,0.0,119.0,-62.5,0,0,2.0,2.0,-125.0,281.25,0.0,0.0,1470.0,-1188.75,-125.0,-125.0
799,2019-06-07,15:34:58,154.65625,154.65625,154.59375,154.625,287,44377.1875,154.62434668989548,-0.03125,-0.00020208143950739554,154.72922825224302,154.6160899012811,0.11313835096191838,1.000000000000001,0.0026367187499999993,3.2510288065843724,-1.7355817665801574,0.0026367187499999963,0,799,-0.966532976262924,-0.8648448963146508,0.051348989766109285,22.033218467832548,20.0,0.0,0.2727931097101266,1.7179727020810263,2.0,-0.5613037135266615,0.30354118278798925,-2.0,1.0,2.0,0.0,119.0,-93.75,0,0,-2.0,2.0,-62.5,218.75,0.0,4.0,1480.0,-1261.25,-72.5,-72.5
800,2019-06-07,15:39:57,154.625,154.625,154.46875,154.46875,287,44358.75,154.56010452961672,-0.15625,-0.0010110202054196549,154.671344196189,154.611556365857,0.05978783033199875,1.000000000000001,0.00361328125,2.6077428780131497,-1.5174736878455117,0.0036132812499999963,0,800,-0.9821102323014983,-0.5613037135266615,0.06011057519272292,9.94630813967602,9.94630813967602,0.0,0.2727931097101266,0.6194091649109565,1.0,-0.355098625090976,0.20620508843568552,-2.0,-1.0,-2.0,1.0,120.0,-156.25,0,0,-2.0,-2.0,312.5,531.25,-1.0,0.0,1480.0,-948.75,312.5,312.5
801,2019-06-07,15:43:06,154.46875,154.46875,154.40625,154.4375,288,44479.625,154.44314236111111,-0.03125,-0.0002023267584041477,154.61937881925812,154.60620078536905,0.013178033889062135,1.000000000000001,0.00361328125,2.6077428780131497,-1.5174736878455117,0.0036132812499999963,0,801,-0.9121164602110038,-0.355098625090976,0.06011057519272292,2.192298750562861,2.192298750562861,0.0,0.2727931097101266,-0.22786884003473928,0.0,-0.08339742669687032,0.27170119839410567,-1.0,-1.0,-2.0,0.0,120.0,-187.5,0,0,-1.0,-2.0,62.5,593.75,-1.0,1.0,1482.5,-888.75,60.0,312.5
802,2019-06-07,15:48:12,154.4375,154.46875,154.4375,154.4375,287,44328.71875,154.45546602787456,0.0,0.0,154.57896130386743,154.60100999197303,-0.022048688105599012,1.0000000000000007,0.005175781250000001,1.128515485938049,-1.0326585393989962,0.005175781249999996,0,802,-0.7636143664501669,-0.08339742669687032,0.07194290270763334,-3.064748192771986,0.0,-3.064748192771986,-0.08080991260536385,-0.4674205891246751,-1.0,0.1389236402529949,0.2223210669498652,-0.0,-1.0,-1.0,0.0,120.0,-187.5,0,0,-0.0,-1.0,-0.0,593.75,-1.0,1.0,1485.0,-891.25,-2.5,60.0
803,2019-06-07,15:56:35,154.4375,154.4375,154.34375,154.375,288,44463.90625,154.38856336805554,-0.0625,-0.0004047763665866455,154.53363656967468,154.59405583837378,-0.060419268699092754,1.000000000000001,0.00244140625,-1.2000000000000004,0.0,0.002441406249999998,0,803,-0.6020161866043297,0.1389236402529949,0.0494105884401309,-12.22800023365451,0.0,-12.22800023365451,-1.1380431376828246,-0.4674205891246751,-2.0,0.3312984925408469,0.19237485228785203,1.0,-1.0,-0.0,0.0,120.0,-250.0,0,0,1.0,-0.0,0.0,593.75,-1.0,1.0,1487.5,-893.75,-2.5,-2.5
804,2019-06-07,16:01:19,154.40625,154.4375,154.34375,154.40625,288,44465.0,154.39236111111111,0.03125,0.00020240866378173905,154.50532844308032,154.58827719719295,-0.08294875411263547,1.0000000000000007,0.0027343750000000003,0.5357142857142847,-1.088511769215251,0.0027343749999999985,-1,804,-0.4329102207159587,0.3312984925408469,0.05229125165837971,-15.86283584385054,0.0,-15.86283584385054,-1.557421428015635,-0.4674205891246751,-2.0,0.42858517638418625,0.09728668384333933,2.0,-1.0,1.0,1.0,121.0,31.25,0,0,2.0,1.0,31.25,625.0,0.0,1.0,1490.0,-865.0,28.75,28.75
805,2019-06-07,16:05:15,154.40625,154.5,154.375,154.46875,287,44320.46875,154.42672038327527,0.0625,0.00040469446120905417,154.4971999001736,154.5845994372793,-0.08739953710571058,1.0000000000000004,0.0036132812500000006,2.607742878013145,-1.5174736878455115,0.0036132812499999993,-1,805,-0.3358164692154688,0.42858517638418625,0.06011057519272295,-14.539793842513632,0.0,-14.539793842513632,-1.4047721332297152,-0.4674205891246751,-2.0,0.5968275958677146,0.16824241948352836,2.0,-1.0,2.0,0.0,121.0,93.75,0,0,2.0,2.0,125.0,750.0,0.0,0.0,1490.0,-740.0,125.0,125.0
806,2019-06-07,16:08:44,154.46875,154.5625,154.46875,154.53125,288,44501.71875,154.51985677083334,0.0625,0.00040453074985347115,154.50476658902392,154.58295791613222,-0.0781913271082999,1.0000000000000002,0.0022460937500000003,1.4555765595463086,-1.1180799331493776,0.00224609375,-1,806,-0.14534007699735874,0.5968275958677146,0.04739297152532219,-16.498506970917,0.0,-16.498506970917,-1.6307635812990637,-0.4674205891246751,-2.0,0.6970968061291394,0.10026921026142477,2.0,-1.0,2.0,0.0,121.0,156.25,0,0,2.0,2.0,125.0,875.0,0.0,0.0,1490.0,-615.0,125.0,125.0
807,2019-06-07,16:16:30,154.53125,154.625,154.5,154.625,287,44357.46875,154.55564024390245,0.09375,0.0006064894555661837,154.5314851247964,154.5842515187128,-0.05276639391638582,1.0000000000000002,0.00263671875,-1.6872427983539093,-0.5184205276797864,0.0026367187499999997,-1,807,-0.014057431907520603,0.6970968061291394,0.05134898976610932,-10.276033502651691,0.0,-10.276033502651691,-0.9128300721625551,-0.4674205891246751,-1.0,0.7864061070603551,0.0893093009312157,2.0,-1.0,2.0,0.0,121.0,250.0,0,0,2.0,2.0,187.5,1062.5,1.0,0.0,1490.0,-427.5,187.5,187.5
808,2019-06-07,16:24:22,154.625,154.65625,154.59375,154.59375,287,44372.625,154.6084494773519,-0.03125,-0.0002021222846702031,154.54532176373056,154.58454377967547,-0.039222015944915256,1.0000000000000002,0.00263671875,-1.6872427983539093,-0.5184205276797864,0.0026367187499999997,0,808,0.11928628106990696,0.7864061070603551,0.05134898976610932,-7.638322803149294,0.0,-7.638322803149294,-0.6084975734803882,-0.4674205891246751,-1.0,0.9104573291458723,0.12405122208551722,1.0,-1.0,2.0,0.0,121.0,218.75,0,0,1.0,2.0,-62.5,1000.0,0.0,1.0,1492.5,-492.5,-65.0,187.5
809,2019-06-07,16:31:27,154.59375,154.625,154.5625,154.59375,288,44527.59375,154.60970052083334,0.0,0.0,154.55608359401268,154.58482704799314,-0.028743453980467848,1.0000000000000002,0.00419921875,-1.9632233639805285,0.235513936408806,0.004199218749999999,0,809,0.3513290566856339,0.9104573291458723,0.06480137922914912,-4.435623797269178,0.0,-4.435623797269178,-0.23897812952838027,-0.4674205891246751,-1.0,0.983264731712478,0.07280740256660567,1.0,-1.0,1.0,0.0,121.0,218.75,0,0,1.0,1.0,0.0,1000.0,0.0,0.0,1492.5,-492.5,0.0,0.0
810,2019-06-07,16:38:57,154.625,154.6875,154.625,154.65625,287,44383.25,154.64547038327527,0.0625,0.00040420372417759864,154.57834279534322,154.58702467728568,-0.008681881942464997,1.0000000000000007,0.00244140625,-1.2000000000000004,0.0,0.0024414062499999983,-1,810,0.5664506704448553,0.983264731712478,0.04941058844013091,-1.7570893641520848,0.0,-1.7570893641520848,0.07006450998114855,-0.4674205891246751,-0.0,0.9989701642431217,0.015705432530643715,1.0,-1.0,1.0,0.0,121.0,281.25,0,0,1.0,1.0,62.5,1062.5,1.0,0.0,1492.5,-430.0,62.5,62.5
811,2019-06-07,16:47:35,154.65625,154.65625,154.59375,154.59375,287,44380.625,154.63632404181186,-0.0625,-0.00040420372417759864,154.5817666186003,154.58723161029226,-0.005464991691951582,1.0000000000000004,0.00224609375,1.4555765595463157,-1.118079933149378,0.002246093749999999,0,811,0.7384613683032806,0.9989701642431217,0.04739297152532218,-1.153122818861785,0.0,-1.153122818861785,0.13974866749065418,-0.4674205891246751,-0.0,0.987160724594337,-0.01180943964878467,-0.0,-1.0,1.0,0.0,121.0,218.75,0,0,-0.0,1.0,-62.5,1000.0,0.0,1.0,1495.0,-495.0,-65.0,62.5
812,2019-06-07,16:54:40,154.59375,154.65625,154.59375,154.625,287,44377.65625,154.6259799651568,0.03125,0.0002021222846702031,154.59137403668913,154.588393714591,0.0029803220981250433,1.0000000000000002,0.0022460937500000003,3.7240075614366694,-1.7487916903105647,0.0022460937499999994,-1,812,0.810974277076695,0.987160724594337,0.04739297152532219,0.6288531826987573,0.6288531826987573,0.0,0.2727931097101266,-0.39870601279351425,-0.0,0.9248419784136362,-0.06231874618070077,-0.0,-1.0,-0.0,0.0,121.0,250.0,0,0,-0.0,-0.0,-0.0,1000.0,0.0,0.0,1495.0,-495.0,-0.0,-0.0
813,2019-06-07,17:03:15,154.625,154.6875,154.625,154.65625,288,44533.28125,154.62944878472223,0.03125,0.00020208143950739554,154.60579091742488,154.5904816002959,0.015309317128981093,1.0000000000000009,0.001953125,-1.750000000000001,-0.8838834764831844,0.0019531249999999987,-1,813,0.9229112071361655,0.9248419784136362,0.0441941738241592,3.4641030263161285,3.4641030263161285,0.0,0.2727931097101266,-0.08889921343684337,0.0,0.7999216153258775,-0.12492036308775878,-0.0,-1.0,-0.0,0.0,121.0,281.25,0,0,-0.0,-0.0,-0.0,1000.0,0.0,0.0,1495.0,-495.0,-0.0,-0.0
814,2019-06-07,17:09:05,154.65625,154.6875,154.65625,154.6875,287,44389.875,154.66855400696863,0.03125,0.00020204061084960756,154.62394849133048,154.59346678182527,0.03048170950521012,1.0000000000000002,0.006640624999999999,2.6643598615916986,-1.71439232801177,0.006640624999999997,-1,814,0.989967959050902,0.7999216153258775,0.0814900300650331,3.740544638513963,3.740544638513963,0.0,0.2727931097101266,-0.058692531201481546,0.0,0.5971332255941046,-0.20278838973177282,-0.0,-1.0,-0.0,0.0,121.0,312.5,0,0,-0.0,-0.0,-0.0,1000.0,0.0,0.0,1495.0,-495.0,-0.0,-0.0
815,2019-06-07,17:15:13,154.6875,154.6875,154.65625,154.65625,287,44392.53125,154.67780923344947,-0.03125,-0.00020204061084960756,154.63112660436818,154.59539857315374,0.035728031214432576,1.0000000000000002,0.006640624999999999,2.6643598615916986,-1.71439232801177,0.006640624999999997,0,815,0.9894370548575293,0.5971332255941046,0.0814900300650331,4.384343849906526,4.384343849906526,0.0,0.2727931097101266,0.011655192671559789,0.0,0.059186635772216833,-0.5379465898218878,0.0,1.0,-0.0,0.0,121.0,281.25,0,0,0.0,-0.0,0.0,1000.0,0.0,0.0,1495.0,-495.0,0.0,0.0
816,2019-06-07,17:18:25,154.65625,154.65625,154.46875,154.5,287,44355.78125,154.54976045296166,-0.15625,-0.001010815814359134,154.60198735895304,154.5924632324413,0.009524126511735176,1.0000000000000009,0.006640625000000001,-1.4878892733564015,-0.5413870509510849,0.006640624999999996,0,816,0.7477184481609611,0.059186635772216833,0.08149003006503308,1.1687474534166267,1.1687474534166267,0.0,0.2727931097101266,-0.33971194693415285,-0.0,-0.3825148478419282,-0.441701483614145,0.0,1.0,0.0,0.0,121.0,125.0,0,0,0.0,0.0,-0.0,1000.0,-0.0,0.0,1495.0,-495.0,-0.0,-0.0
817,2019-06-07,17:22:27,154.5,154.5625,154.4375,154.53125,288,44496.28125,154.5009765625,0.03125,0.00020224491928555466,154.58626794585237,154.59057974836617,-0.004311802513797147,1.0000000000000007,0.0056640625,-0.9453032104637273,-0.6013638196305304,0.0056640624999999955,-1,817,0.3828520041470156,-0.3825148478419282,0.07525996611745182,-0.5729211340685543,0.0,-0.5729211340685543,0.2066908945157928,-0.4674205891246751,-0.0,-0.7941202262549295,-0.4116053784130013,-0.0,1.0,0.0,0.0,121.0,156.25,0,0,-0.0,0.0,0.0,1000.0,0.0,0.0,1495.0,-495.0,0.0,0.0
818,2019-06-07,17:25:15,154.53125,154.5625,154.4375,154.4375,287,44334.46875,154.47550087108013,-0.09375,-0.0006068575082576189,154.55320840232963,154.58586960226253,-0.03266119993290317,1.0000000000000007,0.00615234375,-1.2169312169312185,-0.828438877369342,0.0061523437499999955,0,818,-0.13177608604017138,-0.7941202262549295,0.07843687748756956,-4.164010727999623,0.0,-4.164010727999623,-0.20764008928722333,-0.4674205891246751,-1.0,-0.9982212115446637,-0.2041009852897342,-0.0,1.0,-0.0,0.0,121.0,62.5,0,0,-0.0,-0.0,0.0,1000.0,-1.0,0.0,1495.0,-495.0,0.0,0.0
819,2019-06-07,17:28:00,154.4375,154.4375,154.34375,154.4375,288,44466.84375,154.39876302083334,0.0,0.0,154.52749542403419,154.58130438373132,-0.05380895969713606,1.0000000000000002,0.004589843749999999,1.4350384789497521,-0.42200895686427736,0.004589843749999998,0,819,-0.7480059138238785,-0.9982212115446637,0.06774838558962124,-7.942471134748245,0.0,-7.942471134748245,-0.6435894513512187,-0.4674205891246751,-1.0,-0.9097475158446189,0.08847369570004482,-1.0,1.0,-0.0,0.0,121.0,62.5,0,0,-1.0,-0.0,-0.0,1000.0,0.0,1.0,1497.5,-497.5,-2.5,0.0
820,2019-06-07,17:32:11,154.4375,154.46875,154.40625,154.4375,288,44481.15625,154.44845920138889,0.0,0.0,154.50749644091547,154.57687963346265,-0.0693831925471784,1.0000000000000007,0.004589843749999999,1.4350384789497521,0.42200895686427736,0.004589843749999997,0,820,-0.9368524785610508,-0.9097475158446189,0.06774838558962122,-10.241305669991881,0.0,-10.241305669991881,-0.9088232612226101,-0.4674205891246751,-1.0,-0.7268798435247815,0.18286767231983736,1.0,1.0,-1.0,1.0,122.0,0.0,0,0,1.0,-1.0,-0.0,1000.0,0.0,2.0,1502.5,-502.5,-5.0,-2.5
821,2019-06-07,17:41:32,154.4375,154.53125,154.4375,154.53125,287,44337.25,154.48519163763066,0.09375,0.0006068575082576189,154.51277500960094,154.57547564474072,-0.06270063513977675,1.000000000000001,0.0022460937500000003,1.455576559546311,1.1180799331493774,0.0022460937499999977,-1,821,-0.9995976119794646,-0.7268798435247815,0.04739297152532217,-13.22994383381841,0.0,-13.22994383381841,-1.2536448977371055,-0.4674205891246751,-2.0,-0.4662927637161146,0.2605870798086669,1.0,-1.0,1.0,1.0,123.0,93.75,0,0,1.0,1.0,93.75,1093.75,-1.0,0.0,1502.5,-408.75,93.75,93.75
822,2019-06-07,17:50:57,154.53125,154.53125,154.5,154.5,288,44502.46875,154.5224609375,-0.03125,-0.00020224491928555466,154.5099361185785,154.57315331721023,-0.06321719863171893,1.0000000000000007,0.0048828125,0.1999999999999993,0.0,0.0048828124999999965,0,822,-0.9552469754479102,-0.4662927637161146,0.0698771242968684,-9.046909023208338,0.0,-9.046909023208338,-0.7710167474143255,-0.4674205891246751,-1.0,-0.1237001088778846,0.34259265483823,2.0,-1.0,1.0,0.0,123.0,62.5,0,0,2.0,1.0,-31.25,1062.5,1.0,1.0,1505.0,-442.5,-33.75,93.75
823,2019-06-07,18:00:25,154.5,154.5625,154.5,154.53125,287,44349.3125,154.5272212543554,0.03125,0.00020224491928555466,154.51467253667218,154.571863984373,-0.05719144770083062,1.0000000000000007,0.005078125,-0.17751479289940994,-0.4047960089109366,0.005078124999999997,-1,823,-0.7891451377617039,-0.1237001088778846,0.0712609640686961,-8.025634854686732,0.0,-8.025634854686732,-0.6531846744715398,-0.4674205891246751,-1.0,0.011639253137427,0.1353393620153116,1.0,-1.0,2.0,0.0,123.0,93.75,0,0,1.0,2.0,62.5,1125.0,0.0,1.0,1507.5,-382.5,60.0,60.0
824,2019-06-07,18:08:54,154.53125,154.53125,154.40625,154.4375,287,44337.34375,154.48551829268294,-0.09375,-0.0006068575082576189,154.49752308407838,154.5677297079307,-0.07020662385232868,1.0000000000000009,0.00390625,-0.1875000000000012,-0.9375000000000003,0.0039062499999999965,0,824,-0.6988286880824012,0.011639253137427,0.06249999999999997,-11.233059816372592,0.0,-11.233059816372592,-1.0232493874476658,-0.4674205891246751,-1.0,0.35613146555671515,0.3444922124192882,1.0,-1.0,1.0,0.0,123.0,0.0,0,0,1.0,1.0,-93.75,1031.25,0.0,0.0,1507.5,-476.25,-93.75,60.0
825,2019-06-07,18:17:45,154.46875,154.5,154.40625,154.46875,288,44487.6875,154.47113715277777,0.03125,0.0002023267584041477,154.49112906539432,154.5646841784559,-0.07355511306158746,1.0000000000000009,0.00390625,-0.1875000000000012,-0.9375000000000003,0.0039062499999999965,-1,825,-0.40892295995512246,0.35613146555671515,0.06249999999999997,-11.768818089853998,0.0,-11.768818089853998,-1.0850638442374112,-0.4674205891246751,-2.0,0.758666869078021,0.4025354035213058,1.0,-1.0,1.0,0.0,123.0,31.25,0,0,1.0,1.0,31.25,1062.5,-1.0,0.0,1507.5,-445.0,31.25,31.25
826,2019-06-07,18:34:00,154.46875,154.53125,154.4375,154.53125,288,44490.25,154.48003472222223,0.0625,0.00040453074985347115,154.50004482864003,154.56365543450343,-0.06361060586340272,1.0000000000000007,0.004589843749999999,-0.7378904481665908,-0.912717046241344,0.004589843749999997,-1,826,0.0757934349752933,0.758666869078021,0.06774838558962122,-9.389243051298275,0.0,-9.389243051298275,-0.8105143959518226,-0.4674205891246751,-1.0,0.8933038840000328,0.13463701492201186,2.0,-1.0,1.0,0.0,123.0,93.75,0,0,2.0,1.0,62.5,1125.0,1.0,1.0,1510.0,-385.0,60.0,60.0
827,2019-06-07,18:49:17,154.53125,154.53125,154.4375,154.5,287,44336.125,154.48127177700349,-0.03125,-0.00020224491928555466,154.50003486672003,154.56169680574945,-0.06166193902942041,1.0000000000000013,0.0022460937500000003,-3.081285444234405,-0.3153558785805939,0.0022460937499999972,0,827,0.31384983490944185,0.8933038840000328,0.04739297152532216,-13.010777135270853,0.0,-13.010777135270853,-1.2283579892791454,-0.4674205891246751,-2.0,0.9790733830439263,0.08576949904389353,1.0,-1.0,2.0,0.0,123.0,62.5,0,0,1.0,2.0,-62.5,1062.5,-1.0,1.0,1512.5,-450.0,-65.0,60.0
828,2019-06-07,18:58:38,154.5,154.5625,154.46875,154.5625,288,44500.5625,154.51584201388889,0.0625,0.00040444894383462326,154.51391600744893,154.56172151941868,-0.0478055119697558,1.0000000000000013,0.0022460937500000003,-3.081285444234405,-0.3153558785805939,0.0022460937499999972,-1,828,0.5484078811569719,0.9790733830439263,0.04739297152532216,-10.08704675633458,0.0,-10.08704675633458,-0.8910252515143509,-0.4674205891246751,-1.0,0.9993128586101745,0.020239475566248166,2.0,-1.0,1.0,0.0,123.0,125.0,0,0,2.0,1.0,62.5,1125.0,1.0,1.0,1515.0,-390.0,60.0,60.0
829,2019-06-07,19:00:00,154.5625,154.5625,154.5,154.53125,287,44350.09375,154.52994337979095,-0.03125,-0.0002022040245490686,154.5177680057936,154.5607839342058,-0.04301592841218849,1.0000000000000018,0.001953125,-1.750000000000001,0.8838834764831844,0.0019531249999999967,0,829,0.7328297772729595,0.9993128586101745,0.04419417382415918,-9.733393497373946,0.0,-9.733393497373946,-0.8502216182778154,-0.4674205891246751,-1.0,0.9519103928174185,-0.04740246579275598,-1.0,-1.0,2.0,0.0,123.0,93.75,0,0,-1.0,2.0,-62.5,1062.5,0.0,3.0,1522.5,-460.0,-70.0,60.0
830,2019-06-07,19:08:09,154.53125,154.59375,154.5,154.5625,287,44355.90625,154.55019599303137,0.03125,0.0002022040245490686,154.5277084489506,154.56083673623024,-0.03312828727965211,1.0000000000000018,0.001953125,-1.750000000000001,0.8838834764831844,0.0019531249999999967,-1,830,0.8897432457038097,0.9519103928174185,0.04419417382415918,-7.496075707052183,0.0,-7.496075707052183,-0.5920854574004547,-0.4674205891246751,-1.0,0.7090337480864202,-0.24287664473099835,-1.0,-1.0,-1.0,1.0,124.0,31.25,0,0,-1.0,-1.0,-31.25,1031.25,0.0,0.0,1522.5,-491.25,-31.25,-31.25
831,2019-06-07,19:20:10,154.5625,154.5625,154.5,154.53125,288,44509.15625,154.54568142361111,-0.03125,-0.0002022040245490686,154.52849546029492,154.55992637511548,-0.03143091482056093,1.0000000000000049,0.00078125,0.3125000000000024,1.2577882373436315,0.0007812499999999964,0,831,0.9999962766380105,0.7090337480864202,0.027950849718747305,-11.245065941404802,0.0,-11.245065941404802,-1.0246346242862745,-0.4674205891246751,-1.0,0.42089910550537096,-0.2881346425810492,1.0,-1.0,-1.0,0.0,124.0,0.0,0,0,1.0,-1.0,31.25,1062.5,0.0,2.0,1527.5,-465.0,26.25,26.25
832,2019-06-07,19:25:48,154.53125,154.53125,154.46875,154.5,287,44342.875,154.50479094076655,-0.03125,-0.00020224491928555466,154.52216313578495,154.55808248665036,-0.03591935086541298,1.0000000000000016,0.0016601562499999997,-1.4878892733564004,0.5413870509510851,0.001660156249999997,0,832,0.939042447538226,0.42089910550537096,0.04074501503251652,-8.815643051486807,0.0,-8.815643051486807,-0.7443338549168843,-0.4674205891246751,-1.0,-0.0731773070147679,-0.4940764125201389,-1.0,1.0,1.0,1.0,125.0,-31.25,0,0,-1.0,1.0,-31.25,1031.25,0.0,2.0,1532.5,-501.25,-36.25,26.25
833,2019-06-07,19:47:55,154.5,154.5625,154.46875,154.5,288,44497.71875,154.50596788194446,0.0,0.0,154.51723799449942,154.55629533321493,-0.03905733871550865,1.0000000000000016,0.0016601562499999997,-1.4878892733564004,0.5413870509510851,0.001660156249999997,0,833,0.6534668203015386,-0.0731773070147679,0.04074501503251652,-9.585795632751386,0.0,-9.585795632751386,-0.8331921438365093,-0.4674205891246751,-1.0,-0.5735225388224353,-0.5003452318076674,-1.0,1.0,-1.0,1.0,126.0,0.0,0,0,-1.0,-1.0,-0.0,1031.25,0.0,0.0,1532.5,-501.25,-0.0,-0.0
834,2019-06-07,19:55:13,154.53125,154.59375,154.5,154.5625,287,44352.96875,154.53996080139373,0.0625,0.00040444894383462326,154.527296217944,154.55648624603907,-0.02919002809505855,1.0000000000000016,0.0016601562499999997,-1.4878892733564004,0.5413870509510851,0.001660156249999997,-1,834,0.17371297293159174,-0.5735225388224353,0.04074501503251652,-7.164073463161929,0.0,-7.164073463161929,-0.5537798644215628,-0.4674205891246751,-1.0,-0.8302565882203204,-0.25673404939788513,-1.0,1.0,-1.0,0.0,126.0,62.5,0,0,-1.0,-1.0,-62.5,968.75,0.0,0.0,1532.5,-563.75,-62.5,-0.0
835,2019-06-07,20:08:58,154.5625,154.625,154.5625,154.59375,287,44372.5,154.60801393728224,0.03125,0.00020216314634691201,154.54206372506758,154.557632823084,-0.015569098016413818,1.0000000000000002,0.22041015625,4.889699726092149,-2.205167883413407,0.22041015625,-1,835,-0.1929519133560593,-0.8302565882203204,0.469478600417527,-0.33162529671357904,0.0,-0.33162529671357904,0.23453100795874882,-0.4674205891246751,-0.0,-0.890340605963918,-0.060084017743597506,-1.0,1.0,-1.0,0.0,126.0,93.75,0,0,-1.0,-1.0,-31.25,937.5,1.0,0.0,1532.5,-595.0,-31.25,-31.25
836,2019-06-07,20:36:48,154.59375,154.59375,154.53125,154.5625,288,44510.5625,154.55056423611111,-0.03125,-0.00020216314634691201,154.54660511949703,154.55778258237373,-0.011177462876702293,1.0,0.26347656249999996,4.088581663599482,-1.9301275914362537,0.2634765625,0,836,-0.30762364502868317,-0.890340605963918,0.5132996809856791,-0.21775705870766243,0.0,-0.21775705870766243,0.24766884199013584,-0.4674205891246751,-0.0,-0.8615963122315946,0.028744293732323345,-0.0,1.0,-1.0,0.0,126.0,62.5,0,0,-0.0,-1.0,31.25,968.75,0.0,1.0,1535.0,-566.25,28.75,28.75
837,2019-06-09,22:00:02,154.5625,154.59375,153.5,153.53125,287,44328.15625,154.453506097561,-1.03125,-0.0066944159127135805,154.3209706484977,154.5261969644544,-0.2052263159567076,0.9999999999999998,0.266796875,4.089206819453406,-1.9415110712696,0.266796875,0,837,-0.9681638422157371,-0.8615963122315946,0.5165238377848597,-3.9732206133376478,0.0,-3.9732206133376478,-0.18562720048562364,-0.4674205891246751,-1.0,-0.5335730872559719,0.32802322497562275,0.0,1.0,-0.0,0.0,126.0,-968.75,0,0,0.0,-0.0,0.0,968.75,-1.0,0.0,1535.0,-566.25,0.0,28.75
838,2019-06-09,22:01:00,153.53125,153.90625,153.4375,153.8125,289,44422.59375,153.71139705882354,0.28125,0.0018301987823532428,154.20797717105378,154.50423705785573,-0.29625988680194837,1.0,0.259765625,3.614562722595963,-1.788707246016291,0.259765625,-1,838,-0.975331508463493,-0.5335730872559719,0.5096720759468778,-5.812754921908397,0.0,-5.812754921908397,-0.39786809280354163,-0.4674205891246751,-1.0,-0.29517778173391185,0.23839530552206,1.0,-1.0,0.0,0.0,126.0,-687.5,1,1,0.0,0.0,0.0,968.75,0.0,0.0,1535.0,-566.25,0.0,0.0
839,2019-06-09,22:05:42,153.8125,154.0,153.75,153.90625,289,44475.0,153.89273356401384,0.09375,0.0006093226551877606,154.1409266885974,154.48583745607547,-0.34491076747806915,0.9999999999999998,0.2744140625,3.7516875419510876,-1.8873058284544957,0.2744140625,-1,839,-0.8843219732461074,-0.29517778173391185,0.5238454566950066,-6.584208435330253,0.0,-6.584208435330253,-0.48687648003914746,-0.4674205891246751,-1.0,-0.09177705681277873,0.20340072492113312,1.0,-1.0,1.0,1.0,127.0,93.75,1,1,0.0,0.0,0.0,968.75,0.0,0.0,1535.0,-566.25,0.0,0.0
840,2019-06-09,22:13:15,153.9375,153.9375,153.78125,153.8125,289,44463.5,153.85294117647058,-0.09375,-0.0006093226551877606,154.0679429800202,154.46511938050384,-0.39717640048363023,0.9999999999999991,0.019824218749999997,0.22252420587735955,0.3269091914382368,0.01982421875000001,0,840,-0.7690186727784675,-0.09177705681277873,0.14079850407586017,-28.208850874554564,0.0,-20.0,-2.034757136339064,-0.4674205891246751,-3.0,0.09963002698834113,0.19140708380111987,1.0,-1.0,1.0,0.0,127.0,0.0,0,1,0.0,0.0,-0.0,968.75,-2.0,0.0,1535.0,-566.25,-0.0,-0.0
841,2019-06-09,22:39:47,153.84375,153.9375,153.78125,153.9375,288,44309.59375,153.85275607638889,0.125,0.0008123477294823545,154.03895565112683,154.44888493802674,-0.40992928689991004,0.9999999999999989,0.008105468749999999,-0.06241834809116161,-1.0831350893714538,0.008105468750000008,-1,841,-0.6331395399896378,0.09963002698834113,0.09003037681804962,-45.532330463124964,0.0,-20.0,-2.034757136339064,-0.4674205891246751,-3.0,0.23088438807901723,0.13125436109067612,3.0,-1.0,1.0,0.0,127.0,125.0,0,1,0.0,0.0,0.0,968.75,0.0,0.0,1535.0,-566.25,0.0,0.0
842,2019-06-09,23:19:06,153.9375,153.96875,153.90625,153.9375,289,44489.21875,153.94193339100346,0.0,0.0,154.01640995087644,154.43315001685662,-0.41674006598017854,0.9999999999999994,0.009082031249999999,-2.500867152271937,0.1621934862691496,0.009082031250000004,0,842,-0.5247416821152475,0.23088438807901723,0.09529969176235568,-43.72942433217764,0.0,-20.0,-2.034757136339064,-0.4674205891246751,-3.0,0.34743243615651587,0.11654804807749863,3.0,-1.0,3.0,0.0,127.0,125.0,0,1,0.0,0.0,0.0,968.75,0.0,0.0,1535.0,-566.25,0.0,0.0
843,2019-06-09,23:43:53,153.96875,154.03125,153.90625,154.03125,288,44348.03125,153.98621961805554,0.09375,0.0006088280248937039,154.01970773957058,154.42078386249176,-0.40107612292118233,0.9999999999999988,0.006152343749999999,-1.216931216931215,-0.8284388773693421,0.006152343750000008,-1,843,-0.41738574594461775,0.34743243615651587,0.07843687748756963,-51.133616707873585,0.0,-20.0,-2.034757136339064,-0.4674205891246751,-3.0,0.4009346199965365,0.053502183840020645,3.0,-1.0,3.0,0.0,127.0,218.75,0,1,0.0,0.0,0.0,968.75,0.0,0.0,1535.0,-566.25,0.0,0.0
844,2019-06-10,00:02:20,154.03125,154.09375,153.96875,153.96875,289,44513.65625,154.02649221453288,-0.0625,-0.0004058441614143149,154.0083837974438,154.4068751282612,-0.39849133081739296,0.9999999999999989,0.00458984375,-0.7378904481665955,-0.9127170462413433,0.004589843750000006,0,844,-0.36428164990776835,0.4009346199965365,0.06774838558962129,-58.81931020928118,0.0,-20.0,-2.034757136339064,-0.4674205891246751,-3.0,0.5009342420922898,0.09999962209575325,3.0,-1.0,3.0,0.0,127.0,156.25,0,1,0.0,0.0,-0.0,968.75,0.0,0.0,1535.0,-566.25,-0.0,-0.0
845,2019-06-10,00:16:51,153.96875,154.09375,153.96875,154.0625,288,44361.1875,154.03190104166666,0.09375,0.0006087044927731711,154.0204096202341,154.3962789704685,-0.37586935023441015,0.9999999999999989,0.00458984375,-0.7378904481665955,-0.9127170462413433,0.004589843750000006,-1,845,-0.25777655805380867,0.5009342420922898,0.06774838558962129,-55.48019291724516,0.0,-20.0,-2.034757136339064,-0.4674205891246751,-3.0,0.6424595228858566,0.14152528079356685,3.0,-1.0,3.0,0.0,127.0,250.0,0,1,0.0,0.0,0.0,968.75,0.0,0.0,1535.0,-566.25,0.0,0.0
846,2019-06-10,00:25:00,154.09375,154.125,154.03125,154.125,288,44377.0625,154.08702256944446,0.0625,0.0004055972474983349,154.04365192684875,154.38793192522328,-0.3442799983745317,0.9999999999999987,0.0037109375,-0.8171745152354575,-0.08099829095409096,0.0037109375000000046,-1,846,-0.08758231525973689,0.6424595228858566,0.06091746465505606,-56.51581206210902,0.0,-20.0,-2.034757136339064,-0.4674205891246751,-3.0,0.8219857167607009,0.17952619387484425,3.0,-1.0,3.0,0.0,127.0,312.5,0,1,0.0,0.0,0.0,968.75,0.0,0.0,1535.0,-566.25,0.0,0.0
847,2019-06-10,00:38:50,154.125,154.1875,154.09375,154.125,288,44389.84375,154.13140190972223,0.0,0.0,154.06172927643794,154.37984171213947,-0.31811243570152214,0.9999999999999971,0.001953125,-1.750000000000001,0.883883476483184,0.0019531250000000056,0,847,0.1785286315099149,0.8219857167607009,0.044194173824159286,-71.98062734858098,0.0,-20.0,-2.034757136339064,-0.4674205891246751,-3.0,0.9194552276455528,0.0974695108848519,3.0,-1.0,3.0,0.0,127.0,312.5,0,1,0.0,0.0,0.0,968.75,0.0,0.0,1535.0,-566.25,0.0,0.0
848,2019-06-10,00:59:06,154.125,154.1875,154.09375,154.125,289,44546.03125,154.13851643598616,0.0,0.0,154.07578943722953,154.372000428689,-0.2962109914594748,0.9999999999999992,0.0046875,2.9166666666666665,-1.2932338163316421,0.004687500000000002,0,848,0.3721223767565487,0.9194552276455528,0.06846531968814579,-43.26438448088651,0.0,-20.0,-2.034757136339064,-0.4674205891246751,-3.0,0.994781239664478,0.07532601201892519,3.0,-1.0,3.0,0.0,127.0,312.5,0,1,0.0,0.0,0.0,968.75,0.0,0.0,1535.0,-566.25,0.0,0.0
849,2019-06-10,01:26:29,154.125,154.15625,154.09375,154.125,288,44391.9375,154.138671875,0.0,0.0,154.0867251178452,154.36440041549855,-0.2776752976533601,0.9999999999999994,0.0037109375,4.168975069252075,-1.9439589828981871,0.003710937500000002,0,849,0.6312698861106784,0.994781239664478,0.06091746465505604,-45.58221508818384,0.0,-20.0,-2.034757136339064,-0.4674205891246751,-3.0,0.9947954720703404,1.4232405862402153e-05,3.0,-1.0,3.0,0.0,127.0,312.5,0,1,0.0,0.0,0.0,968.75,0.0,0.0,1535.0,-566.25,0.0,0.0
850,2019-06-10,01:43:51,154.125,154.15625,153.96875,154.0,288,44373.59375,154.07497829861111,-0.125,-0.0008113590708784812,154.06745286943516,154.35318809502164,-0.28573522558647824,0.9999999999999994,0.005078125,2.8180473372781023,-1.4926852828590786,0.005078125000000003,0,850,0.7754751104672196,0.9947954720703404,0.07126096406869614,-40.09701935985979,0.0,-20.0,-2.034757136339064,-0.4674205891246751,-3.0,0.8993876603339944,-0.09540781173634594,-3.0,-1.0,3.0,0.0,127.0,187.5,0,1,0.0,0.0,-0.0,968.75,0.0,0.0,1535.0,-566.25,-0.0,-0.0
851,2019-06-10,02:04:56,154.0,154.09375,153.96875,154.03125,288,44363.625,154.04036458333334,0.03125,0.00020290149202129015,154.05940778733847,154.34328230748247,-0.2838745201439963,1.0,0.00947265625,-2.6814751833351047,-0.4369344921493173,0.00947265625,-1,851,0.9450762291110344,0.8993876603339944,0.09732757188998398,-29.166916900472877,0.0,-20.0,-2.034757136339064,-0.4674205891246751,-3.0,0.7583243410049072,-0.14106331932908722,3.0,-1.0,-3.0,1.0,128.0,31.25,0,0,3.0,0.0,0.0,968.75,0.0,3.0,1542.5,-573.75,-7.5,-0.0
852,2019-06-10,03:09:40,154.03125,154.09375,154.03125,154.09375,289,44520.96875,154.05179498269896,0.0625,0.00040567951874859176,154.06703939015216,154.33560439032914,-0.26856500017697726,1.0,0.00947265625,-2.6814751833351047,-0.4369344921493173,0.00947265625,-1,852,0.9971632405945701,0.7583243410049072,0.09732757188998398,-27.59392790365249,0.0,-20.0,-2.034757136339064,-0.4674205891246751,-3.0,0.2399011444053628,-0.5184231965995444,-3.0,1.0,3.0,1.0,129.0,62.5,0,0,-3.0,3.0,187.5,1156.25,0.0,6.0,1557.5,-401.25,172.5,172.5
853,2019-06-10,04:19:03,154.09375,154.125,153.9375,153.9375,288,44361.21875,154.03200954861111,-0.15625,-0.0010145075436422957,154.03825285900726,154.32335502447282,-0.28510216546555966,0.9999999999999997,0.00712890625,3.372114843310191,-1.703550401550653,0.0071289062500000016,0,853,0.8560930957533496,0.2399011444053628,0.08443285053816436,-33.76673458829761,0.0,-20.0,-2.034757136339064,-0.4674205891246751,-3.0,-0.3874230075497464,-0.6273241519551092,-3.0,1.0,-3.0,1.0,130.0,-156.25,0,0,-3.0,-3.0,468.75,1625.0,0.0,0.0,1557.5,67.5,468.75,468.75
854,2019-06-10,05:42:06,153.9375,153.96875,153.875,153.9375,289,44482.1875,153.91760380622839,0.0,0.0,154.01586333478346,154.3114825621813,-0.2956192273978502,1.0000000000000004,0.00859375,-2.270144628099176,-0.3102851639745611,0.008593749999999999,0,854,0.37793376430298603,-0.3874230075497464,0.09270248108869578,-31.889030792499284,0.0,-20.0,-2.034757136339064,-0.4674205891246751,-3.0,-0.9785560683660282,-0.5911330608162817,-3.0,1.0,-3.0,0.0,130.0,-156.25,0,0,-3.0,-3.0,-0.0,1625.0,0.0,0.0,1557.5,67.5,-0.0,468.75
855,2019-06-10,06:18:11,153.9375,153.9375,153.90625,153.9375,288,44331.875,153.93012152777777,0.0,0.0,153.99844926038713,154.29997540642182,-0.3015261460346892,1.0000000000000002,0.006054687499999999,-2.8043704474505717,-0.6995781251731448,0.006054687499999998,0,855,-0.5462933295092284,-0.9785560683660282,0.07781187248742956,-38.7506605863264,0.0,-20.0,-2.034757136339064,-0.4674205891246751,-3.0,-0.9465995551421713,0.03195651322385684,-3.0,1.0,-3.0,0.0,130.0,-156.25,0,0,-3.0,-3.0,-0.0,1625.0,0.0,0.0,1557.5,67.5,-0.0,-0.0
856,2019-06-10,06:26:53,153.9375,153.9375,153.8125,153.8125,289,44461.8125,153.84710207612457,-0.125,-0.0008123477294823545,153.95712720252334,154.28497616314726,-0.32784896062392477,1.0000000000000002,0.0029296875,3.6666666666666643,-1.9245008972987527,0.0029296874999999996,0,856,-0.8973264396869473,-0.9465995551421713,0.05412658773652741,-60.57077941432384,0.0,-20.0,-2.034757136339064,-0.4674205891246751,-3.0,-0.6538924291067828,0.2927071260353885,-3.0,1.0,-3.0,0.0,130.0,-281.25,0,0,-3.0,-3.0,375.0,2000.0,0.0,0.0,1557.5,442.5,375.0,375.0
857,2019-06-10,06:39:18,153.8125,153.84375,153.78125,153.8125,289,44451.0,153.80968858131487,0.0,0.0,153.92498782418485,154.27043843505038,-0.34545061086552664,0.9999999999999998,0.004687500000000001,1.7447916666666632,-0.846307423922913,0.004687500000000001,0,857,-0.9973599440950012,-0.6538924291067828,0.06846531968814577,-50.45629121999684,0.0,-20.0,-2.034757136339064,-0.4674205891246751,-3.0,-0.35247870649042046,0.30141372261636235,3.0,1.0,-3.0,0.0,130.0,-281.25,0,0,3.0,-3.0,-0.0,2000.0,0.0,6.0,1572.5,427.5,-15.0,375.0
858,2019-06-10,06:50:04,153.8125,153.8125,153.71875,153.78125,288,44285.53125,153.76920572916666,-0.03125,-0.00020319008502323044,153.89304608547712,154.25538648320267,-0.3623403977255464,1.0000000000000002,0.006640625000000001,-1.8122837370242237,0.1635440049748068,0.006640624999999999,0,858,-0.9109646340839896,-0.35247870649042046,0.08149003006503311,-44.46438385608407,0.0,-20.0,-2.034757136339064,-0.4674205891246751,-3.0,-0.02978200863710322,0.3226966978533172,3.0,-1.0,3.0,1.0,131.0,-31.25,0,0,3.0,3.0,-93.75,1906.25,0.0,0.0,1572.5,333.75,-93.75,-15.0
859,2019-06-10,07:10:36,153.78125,153.875,153.71875,153.84375,289,44447.875,153.79887543252596,0.0625,0.0004063388922226352,153.88209139981555,154.24272074525797,-0.360629345442419,0.9999999999999998,0.004687500000000001,1.7447916666666632,-0.846307423922913,0.0046875000000000016,-1,859,-0.7278521813267983,-0.02978200863710322,0.06846531968814577,-52.67328730590286,0.0,-20.0,-2.034757136339064,-0.4674205891246751,-3.0,0.250582562067797,0.28036457070490023,3.0,-1.0,3.0,0.0,131.0,31.25,0,0,3.0,3.0,187.5,2093.75,0.0,0.0,1572.5,521.25,187.5,187.5
860,2019-06-10,07:27:45,153.84375,153.875,153.71875,153.71875,289,44452.96875,153.8165008650519,-0.125,-0.0008128429628611045,153.84579331096768,154.22659856848077,-0.3808052575130887,0.9999999999999998,0.004687500000000001,1.7447916666666632,-0.846307423922913,0.0046875000000000016,0,860,-0.5073580749953438,0.250582562067797,0.06846531968814577,-55.62016788172861,0.0,-20.0,-2.034757136339064,-0.4674205891246751,-3.0,0.4571750030176102,0.20659244094981322,3.0,-1.0,3.0,0.0,131.0,-93.75,0,0,3.0,3.0,-375.0,1718.75,0.0,0.0,1572.5,146.25,-375.0,187.5
861,2019-06-10,07:33:02,153.71875,153.75,153.6875,153.71875,289,44424.59375,153.71831747404843,0.0,0.0,153.817561464086,154.2109724586813,-0.3934109945953139,1.0000000000000002,0.005859375,-1.7500000000000024,-0.17010345435994337,0.005859375,0,861,-0.3056127913694834,0.4571750030176102,0.07654655446197431,-51.39499711783199,0.0,-20.0,-2.034757136339064,-0.4674205891246751,-3.0,0.6199520101991415,0.16277700718153126,3.0,-1.0,3.0,0.0,131.0,-93.75,0,0,3.0,3.0,0.0,1718.75,0.0,0.0,1572.5,146.25,0.0,0.0
862,2019-06-10,07:45:12,153.71875,153.78125,153.6875,153.71875,289,44427.125,153.72707612456747,0.0,0.0,153.7956033609558,154.1958271522603,-0.40022379130451213,1.0,0.00458984375,-2.3675871435038496,-0.5594072218898556,0.004589843749999999,0,862,-0.11645180306884297,0.6199520101991415,0.06774838558962125,-59.075030027848314,0.0,-20.0,-2.034757136339064,-0.4674205891246751,-3.0,0.7215711800472745,0.10161916984813302,3.0,-1.0,3.0,0.0,131.0,-93.75,0,0,3.0,3.0,0.0,1718.75,0.0,0.0,1572.5,146.25,0.0,0.0
863,2019-06-10,08:00:40,153.71875,153.71875,153.59375,153.625,289,44413.5625,153.68014705882354,-0.09375,-0.0006100661094139426,153.75769150296563,154.17826323988305,-0.4205717369174238,0.9999999999999992,0.00263671875,3.251028806584363,-1.7355817665801556,0.0026367187500000023,0,863,0.020669383568827585,0.7215711800472745,0.05134898976610935,-81.90457861646263,0.0,-20.0,-2.034757136339064,-0.4674205891246751,-3.0,0.7859092378193505,0.06433805777207602,3.0,-1.0,3.0,0.0,131.0,-187.5,0,0,3.0,3.0,-281.25,1437.5,0.0,0.0,1572.5,-135.0,-281.25,0.0
864,2019-06-10,08:11:02,153.625,153.6875,153.59375,153.65625,289,44396.5625,153.62132352941177,0.03125,0.00020339672601377146,153.73514894675105,154.16220129404044,-0.4270523472893899,0.999999999999999,0.00361328125,2.6077428780131497,-1.517473687845512,0.0036132812500000036,-1,864,0.1184880211099831,0.7859092378193505,0.06011057519272298,-71.04446196367276,0.0,-20.0,-2.034757136339064,-0.4674205891246751,-3.0,0.8328592472960132,0.046950009476662724,3.0,-1.0,3.0,0.0,131.0,-156.25,0,0,3.0,3.0,93.75,1531.25,0.0,0.0,1572.5,-41.25,93.75,93.75
865,2019-06-10,08:19:03,153.65625,153.71875,153.625,153.6875,289,44412.03125,153.67484861591694,0.03125,0.00020335536419846534,153.7245602919175,154.14759510037763,-0.4230348084601303,0.9999999999999991,0.00390625,-0.1875000000000012,-0.9375000000000003,0.0039062500000000035,-1,865,0.19754753400286054,0.8328592472960132,0.06250000000000003,-67.68556935362082,0.0,-20.0,-2.034757136339064,-0.4674205891246751,-3.0,0.8621384055519299,0.02927915825591665,3.0,-1.0,3.0,0.0,131.0,-125.0,0,0,3.0,3.0,93.75,1625.0,0.0,0.0,1572.5,52.5,93.75,93.75
866,2019-06-10,08:31:40,153.6875,153.75,153.65625,153.75,289,44418.375,153.69679930795849,0.0625,0.00040658671021631676,153.7302135603803,154.13536140498138,-0.405147844601089,0.9999999999999986,0.00263671875,-1.6872427983539093,-0.5184205276797869,0.002636718750000004,-1,866,0.2513521098713333,0.8621384055519299,0.05134898976610936,-78.90084039559605,0.0,-20.0,-2.034757136339064,-0.4674205891246751,-3.0,0.9048330225590623,0.042694617007132396,3.0,-1.0,3.0,0.0,131.0,-62.5,0,0,3.0,3.0,187.5,1812.5,0.0,0.0,1572.5,240.0,187.5,187.5
867,2019-06-10,08:39:41,153.75,153.75,153.6875,153.71875,289,44428.0,153.73010380622839,-0.03125,-0.00020327269101461098,153.72766610251801,154.1225425925204,-0.3948764900023889,0.9999999999999984,0.00244140625,-1.2000000000000004,0.0,0.0024414062500000035,0,867,0.3387511130316864,0.9048330225590623,0.049410588440130965,-79.91738258305637,0.0,-20.0,-2.034757136339064,-0.4674205891246751,-3.0,0.9245428374315827,0.019709814872520437,3.0,-1.0,3.0,0.0,131.0,-93.75,0,0,3.0,3.0,-93.75,1718.75,0.0,0.0,1572.5,146.25,-93.75,187.5
868,2019-06-10,08:51:35,153.71875,153.75,153.625,153.65625,289,44414.96875,153.68501297577853,-0.0625,-0.0004066693834001711,153.71179585751403,154.10819512813515,-0.39639927062111724,0.9999999999999984,0.00244140625,-1.2000000000000004,0.0,0.0024414062500000035,0,868,0.3842875794133647,0.9245428374315827,0.049410588440130965,-80.22557171150066,0.0,-20.0,-2.034757136339064,-0.4674205891246751,-3.0,0.9378187158253237,0.013275878393741003,3.0,-1.0,3.0,0.0,131.0,-156.25,0,0,3.0,3.0,-187.5,1531.25,0.0,0.0,1572.5,-41.25,-187.5,-93.75
869,2019-06-10,09:05:07,153.65625,153.6875,153.625,153.65625,289,44403.8125,153.64641003460207,0.0,0.0,153.69945233362202,154.09428912419253,-0.39483679057050836,0.9999999999999984,0.00244140625,-1.2000000000000004,0.0,0.0024414062500000035,0,869,0.41768323605977564,0.9378187158253237,0.049410588440130965,-79.90934798295672,0.0,-20.0,-2.034757136339064,-0.4674205891246751,-3.0,0.9493370334883988,0.011518317663075095,3.0,-1.0,3.0,0.0,131.0,-156.25,0,0,3.0,3.0,0.0,1531.25,0.0,0.0,1572.5,-41.25,0.0,0.0
870,2019-06-10,09:16:54,153.65625,153.75,153.65625,153.6875,289,44421.4375,153.70739619377161,0.03125,0.00020335536419846534,153.6967962594838,154.08177253575582,-0.38497627627202746,0.9999999999999992,0.00419921875,-1.9632233639805285,-0.235513936408806,0.004199218750000002,-1,870,0.44906744655739445,0.9493370334883988,0.06480137922914915,-59.40865470018519,0.0,-20.0,-2.034757136339064,-0.4674205891246751,-3.0,0.9621013803043339,0.01276434681593508,3.0,-1.0,3.0,0.0,131.0,-125.0,0,0,3.0,3.0,93.75,1625.0,0.0,0.0,1572.5,52.5,93.75,93.75
871,2019-06-10,09:23:45,153.6875,153.78125,153.6875,153.75,289,44424.5625,153.71820934256056,0.0625,0.00040658671021631676,153.70861931293186,154.07156415004025,-0.36294483710838676,0.9999999999999997,0.005175781249999999,-2.7162691349234627,-0.19669686464742817,0.0051757812500000016,-1,871,0.48748603855338446,0.9621013803043339,0.07194290270763337,-50.449012126094985,0.0,-20.0,-2.034757136339064,-0.4674205891246751,-3.0,0.9602670439082392,-0.001834336396094649,-3.0,-1.0,3.0,0.0,131.0,-62.5,0,0,-3.0,3.0,187.5,1812.5,0.0,6.0,1587.5,225.0,172.5,172.5
872,2019-06-10,09:47:05,153.75,153.75,153.65625,153.65625,289,44422.5625,153.71128892733563,-0.09375,-0.0006099420744147821,153.6969816878359,154.05878525311593,-0.36180356528004154,1.0,0.00537109375,-2.628099173553719,0.5814564991516649,0.00537109375,0,872,0.48167000427713125,0.9602670439082392,0.07328774624724109,-49.36753875053998,0.0,-20.0,-2.034757136339064,-0.4674205891246751,-3.0,0.9479367584099995,-0.01233028549823978,-3.0,-1.0,-3.0,1.0,132.0,-93.75,0,0,-3.0,-3.0,281.25,2093.75,0.0,0.0,1587.5,506.25,281.25,281.25
873,2019-06-10,09:58:33,153.65625,153.65625,153.5625,153.5625,289,44390.09375,153.5989403114187,-0.09375,-0.0006103143308147096,153.6670968683168,154.0435149376354,-0.37641806931858923,1.0000000000000004,0.004199218750000001,1.9307733910221714,1.4467284665112357,0.004199218749999999,0,873,0.44510824983934594,0.9479367584099995,0.06480137922914912,-58.08797186052297,0.0,-20.0,-2.034757136339064,-0.4674205891246751,-3.0,0.9455195939699439,-0.0024171644400555747,-3.0,-1.0,-3.0,0.0,132.0,-187.5,0,0,-3.0,-3.0,281.25,2375.0,0.0,0.0,1587.5,787.5,281.25,281.25
874,2019-06-10,10:05:38,153.5625,153.5625,153.4375,153.5,289,44363.3125,153.50627162629758,-0.0625,-0.00040708325414673396,153.6299642309131,154.02679140109274,-0.3968271701796482,1.0000000000000002,0.002734374999999999,0.5357142857142977,1.0885117692152522,0.002734374999999998,0,874,0.4383739582093695,0.9455195939699439,0.0522912516583797,-75.88786988158782,0.0,-20.0,-2.034757136339064,-0.4674205891246751,-3.0,0.9514689982574028,0.005949404287458937,3.0,-1.0,-3.0,0.0,132.0,-250.0,0,0,3.0,-3.0,187.5,2562.5,0.0,6.0,1602.5,960.0,172.5,281.25
875,2019-06-10,10:12:34,153.46875,153.5,153.4375,153.46875,290,44502.75,153.45775862068965,-0.03125,-0.0002036037877335417,153.59413884626576,154.0096208964437,-0.4154820501779284,1.0000000000000002,0.00244140625,-1.1999999999999993,0.0,0.0024414062499999996,0,875,0.45518187972574436,0.9514689982574028,0.04941058844013092,-84.08765475063171,0.0,-20.0,-2.034757136339064,-0.4674205891246751,-3.0,0.9494802026898177,-0.001988795567585133,-3.0,-1.0,3.0,1.0,133.0,-31.25,0,0,-3.0,3.0,-93.75,2468.75,0.0,6.0,1617.5,851.25,-108.75,172.5
876,2019-06-10,10:23:02,153.46875,153.53125,153.4375,153.5,289,44355.46875,153.47913062283737,0.03125,0.0002036037877335417,153.57321910265117,153.99394025347618,-0.4207211508250168,0.9999999999999988,0.00244140625,-1.2000000000000004,0.0,0.002441406250000003,-1,876,0.44947473655285797,0.9494802026898177,0.04941058844013096,-85.14797417051399,0.0,-20.0,-2.034757136339064,-0.4674205891246751,-3.0,0.9320885574343423,-0.01739164525547543,-3.0,-1.0,-3.0,1.0,134.0,31.25,0,0,-3.0,-3.0,-93.75,2375.0,0.0,0.0,1617.5,757.5,-93.75,-93.75
877,2019-06-10,10:49:14,153.5,153.53125,153.4375,153.5,290,44513.03125,153.49321120689655,0.0,0.0,153.55694819095092,153.97874209183075,-0.4217939008798339,0.9999999999999964,0.00126953125,-0.17751479289940755,0.4047960089109363,0.0012695312500000044,0,877,0.40295051041980956,0.9320885574343423,0.03563048203434813,-118.38007144366459,0.0,-20.0,-2.034757136339064,-0.4674205891246751,-3.0,0.8634785031734333,-0.06861005426090894,-3.0,-1.0,-3.0,0.0,134.0,31.25,0,0,-3.0,-3.0,-0.0,2375.0,0.0,0.0,1617.5,757.5,-0.0,-0.0
878,2019-06-10,11:01:56,153.5,153.59375,153.5,153.5625,289,44375.96875,153.55006487889273,0.0625,0.00040708325414673396,153.5581819262952,153.96593464285135,-0.4077527165561605,0.9999999999999986,0.0021484375,0.8677685950413228,-0.5516180692881075,0.0021484375000000036,-1,878,0.2539169981215284,0.8634785031734333,0.04635124054434793,-87.9701841347765,0.0,-20.0,-2.034757136339064,-0.4674205891246751,-3.0,0.739379111404176,-0.12409939176925733,-3.0,-1.0,-3.0,0.0,134.0,93.75,0,0,-3.0,-3.0,-187.5,2187.5,0.0,0.0,1617.5,570.0,-187.5,-0.0
879,2019-06-10,11:14:00,153.5625,153.59375,153.53125,153.5625,289,44381.46875,153.56909602076124,0.0,0.0,153.5591414982296,153.95352126922515,-0.3943797709955561,0.9999999999999992,0.0021484375,0.8677685950413228,0.5516180692881075,0.0021484375000000023,0,879,0.0467325285403075,0.739379111404176,0.046351240544347916,-85.08505195631639,0.0,-20.0,-2.034757136339064,-0.4674205891246751,-3.0,0.755358150789278,0.015979039385102034,3.0,-1.0,-3.0,0.0,134.0,93.75,0,0,3.0,-3.0,-0.0,2187.5,0.0,6.0,1632.5,555.0,-15.0,-15.0
880,2019-06-10,11:24:45,153.5625,153.5625,153.46875,153.5,289,44366.90625,153.51870674740485,-0.0625,-0.00040708325414673396,153.54599894306747,153.9395667686336,-0.393567825566123,0.9999999999999992,0.0021484375,0.8677685950413228,0.5516180692881075,0.0021484375000000023,0,880,0.07074317855955554,0.755358150789278,0.046351240544347916,-84.90987963732393,0.0,-20.0,-2.034757136339064,-0.4674205891246751,-3.0,0.720569332434648,-0.03478881835462999,-3.0,-1.0,3.0,1.0,135.0,-62.5,0,0,-3.0,3.0,-187.5,2000.0,0.0,6.0,1647.5,352.5,-202.5,-15.0
881,2019-06-10,11:36:38,153.5,153.5,153.4375,153.46875,290,44505.875,153.46853448275863,-0.03125,-0.0002036037877335417,153.52883251127471,153.92508009882945,-0.39624758755473977,0.9999999999999988,0.00126953125,-0.17751479289940755,-0.4047960089109363,0.0012695312500000016,0,881,0.019223715247330603,0.720569332434648,0.035630482034348085,-111.21027977470351,0.0,-20.0,-2.034757136339064,-0.4674205891246751,-3.0,0.6772901692708471,-0.04327916316380098,-3.0,-1.0,-3.0,1.0,136.0,-31.25,0,0,-3.0,-3.0,93.75,2093.75,0.0,0.0,1647.5,446.25,93.75,93.75
882,2019-06-10,11:47:10,153.46875,153.53125,153.4375,153.46875,289,44358.59375,153.4899437716263,0.0,0.0,153.51548084210256,153.9110391727116,-0.3955583306090489,0.9999999999999988,0.00126953125,-0.17751479289940755,-0.4047960089109363,0.0012695312500000016,0,882,-0.04131329819914625,0.6772901692708471,0.035630482034348085,-111.0168339085975,0.0,-20.0,-2.034757136339064,-0.4674205891246751,-3.0,0.6766481326292859,-0.00064203664156115,-3.0,-1.0,-3.0,0.0,136.0,-31.25,0,0,-3.0,-3.0,-0.0,2093.75,0.0,0.0,1647.5,446.25,-0.0,93.75
883,2019-06-10,11:55:22,153.46875,153.53125,153.46875,153.5,290,44509.75,153.48189655172413,0.03125,0.0002036037877335417,153.51204065496867,153.89839181355126,-0.38635115858258473,0.9999999999999942,0.00048828125,2.0,0.0,0.0004882812500000028,-1,883,-0.042184856609850954,0.6766481326292859,0.022097086912079674,-174.8425754579354,0.0,-20.0,-2.034757136339064,-0.4674205891246751,-3.0,0.7494756140822117,0.07282748145292584,3.0,-1.0,-3.0,0.0,136.0,0.0,0,0,3.0,-3.0,-93.75,2000.0,0.0,6.0,1662.5,337.5,-108.75,-0.0
884,2019-06-10,12:01:33,153.5,153.53125,153.46875,153.5,289,44357.46875,153.48605103806227,0.0,0.0,153.50936495386455,153.8861336039035,-0.3767686500389402,0.9999999999999822,0.0001953125,5.000000000000004,2.236067977499789,0.00019531250000000348,0,884,0.06183200727008015,0.7494756140822117,0.01397542485937381,-269.5937002489253,0.0,-20.0,-2.034757136339064,-0.4674205891246751,-3.0,0.8346756009709307,0.08519998688871899,3.0,-1.0,3.0,1.0,137.0,0.0,0,0,3.0,3.0,0.0,2000.0,0.0,0.0,1662.5,337.5,0.0,0.0
885,2019-06-10,12:12:20,153.5,153.53125,153.46875,153.5,289,44361.46875,153.49989186851212,0.0,0.0,153.5072838530058,153.8742525699372,-0.3669687169314102,0.9999999999999978,0.0029296875,3.6666666666666643,1.9245008972987527,0.0029296875000000065,0,885,0.20077144489646082,0.8346756009709307,0.054126587736527475,-67.79823600144672,0.0,-20.0,-2.034757136339064,-0.4674205891246751,-3.0,0.9092778417674993,0.07460224079656852,3.0,-1.0,3.0,0.0,137.0,0.0,0,0,3.0,3.0,0.0,2000.0,0.0,0.0,1662.5,337.5,0.0,0.0
886,2019-06-10,12:17:26,153.5,153.53125,153.46875,153.5,290,44515.1875,153.50064655172415,0.0,0.0,153.50566521900453,153.86273710624678,-0.357071887242256,0.9999999999999987,0.0037109375,4.168975069252075,1.9439589828981871,0.003710937500000005,0,886,0.3486660196646874,0.9092778417674993,0.06091746465505606,-58.61568423179929,0.0,-20.0,-2.034757136339064,-0.4674205891246751,-3.0,0.9726422447396482,0.06336440297214896,3.0,-1.0,3.0,0.0,137.0,0.0,0,0,3.0,3.0,0.0,2000.0,0.0,0.0,1662.5,337.5,0.0,0.0
887,2019-06-10,12:20:13,153.5,153.625,153.5,153.625,289,44379.0625,153.56076989619376,0.125,0.0008140008589476722,153.53218405922576,153.85542211836227,-0.32323805913651427,0.9999999999999983,0.00361328125,2.607742878013152,1.5174736878455117,0.003613281250000006,-1,887,0.5234952782276246,0.9726422447396482,0.060110575192723004,-53.7739088505088,0.0,-20.0,-2.034757136339064,-0.4674205891246751,-3.0,0.9995323205476403,0.026890075807992075,3.0,-1.0,3.0,0.0,137.0,125.0,0,0,3.0,3.0,375.0,2375.0,0.0,0.0,1662.5,712.5,375.0,375.0
888,2019-06-10,12:23:15,153.625,153.65625,153.59375,153.59375,289,44397.3125,153.6239186851211,-0.03125,-0.00020343810465917045,153.5458653793978,153.84737066856653,-0.3015052891687162,0.9999999999999988,0.00419921875,1.9307733910221725,1.446728466511237,0.004199218750000005,0,888,0.7283994509533164,0.9995323205476403,0.06480137922914916,-46.527603695368896,0.0,-20.0,-2.034757136339064,-0.4674205891246751,-3.0,0.9652588258156687,-0.03427349473197161,-3.0,-1.0,3.0,0.0,137.0,93.75,0,0,-3.0,3.0,-93.75,2281.25,0.0,6.0,1677.5,603.75,-108.75,375.0
889,2019-06-10,12:30:28,153.59375,153.65625,153.5625,153.625,289,44389.15625,153.595696366782,0.03125,0.00020343810465917045,153.56345085064274,153.8405284941491,-0.27707764350637376,0.9999999999999986,0.0041015625,0.9183673469387763,1.0223715049937014,0.004101562500000005,-1,889,0.8673049636326766,0.9652588258156687,0.06404344228724754,-43.26401480164442,0.0,-20.0,-2.034757136339064,-0.4674205891246751,-3.0,0.8661394849291099,-0.09911934088655883,-3.0,-1.0,-3.0,1.0,138.0,31.25,0,0,-3.0,-3.0,-93.75,2187.5,0.0,0.0,1677.5,510.0,-93.75,-93.75
890,2019-06-10,12:38:01,153.625,153.625,153.5625,153.59375,289,44386.1875,153.58542387543253,-0.03125,-0.00020343810465917045,153.57018399494436,153.83293530971375,-0.26275131476938896,0.9999999999999973,0.0009765625,-3.0,0.0,0.0009765625000000026,0,890,0.9658667367180713,0.8661394849291099,0.03125000000000004,-84.08042072620435,0.0,-20.0,-2.034757136339064,-0.4674205891246751,-3.0,0.6963352132017884,-0.1698042717273215,3.0,-1.0,-3.0,0.0,138.0,0.0,0,0,3.0,-3.0,93.75,2281.25,0.0,6.0,1692.5,588.75,78.75,78.75
891,2019-06-10,12:40:54,153.59375,153.65625,153.59375,153.625,290,44548.96875,153.61713362068966,0.03125,0.00020343810465917045,153.5823653294012,153.82653730018407,-0.24417197078287245,0.9999999999999964,0.00126953125,-0.1775147928994123,-0.4047960089109363,0.0012695312500000046,-1,891,0.9998857014035084,0.6963352132017884,0.03563048203434813,-68.52895522083826,0.0,-20.0,-2.034757136339064,-0.4674205891246751,-3.0,0.45416228469784725,-0.24217292850394112,-3.0,1.0,3.0,1.0,139.0,31.25,0,0,-3.0,3.0,93.75,2375.0,0.0,6.0,1707.5,667.5,78.75,78.75
892,2019-06-10,12:43:07,153.625,153.6875,153.625,153.625,289,44401.78125,153.63938148788927,0.0,0.0,153.59183970064538,153.82033615248608,-0.228496451840698,0.9999999999999964,0.00126953125,-0.1775147928994123,-0.4047960089109363,0.0012695312500000046,0,892,0.9511160796391909,0.45416228469784725,0.03563048203434813,-64.12948655042759,0.0,-20.0,-2.034757136339064,-0.4674205891246751,-3.0,0.15382300023984613,-0.3003392844580011,-3.0,1.0,-3.0,1.0,140.0,0.0,0,0,-3.0,-3.0,-0.0,2375.0,0.0,0.0,1707.5,667.5,-0.0,78.75
893,2019-06-10,12:48:38,153.625,153.6875,153.625,153.6875,289,44408.90625,153.66403546712803,0.0625,0.0004067520902122368,153.6130975449464,153.81624888625575,-0.20315134130933643,0.9999999999999878,0.0004882812499999999,1.9999999999999691,2.6168207644729593e-15,0.0004882812500000059,-1,893,0.8074603787570107,0.15382300023984613,0.022097086912079743,-91.93580227006319,0.0,-20.0,-2.034757136339064,-0.4674205891246751,-3.0,0.058413202595161216,-0.09540979764468491,-3.0,1.0,-3.0,0.0,140.0,62.5,0,0,-3.0,-3.0,-187.5,2187.5,0.0,0.0,1707.5,480.0,-187.5,-0.0
894,2019-06-10,12:51:19,153.6875,153.71875,153.65625,153.71875,289,44415.4375,153.6866349480969,0.03125,0.00020331401920170578,153.63657586829166,153.81324892052479,-0.17667305223312724,0.9999999999999878,0.0004882812499999999,1.9999999999999691,2.6168207644729593e-15,0.0004882812500000059,-1,894,0.7472037617217597,0.058413202595161216,0.022097086912079743,-79.95309650365992,0.0,-20.0,-2.034757136339064,-0.4674205891246751,-3.0,-0.1670010408141846,-0.22541424340934582,-3.0,1.0,-3.0,0.0,140.0,93.75,0,0,-3.0,-3.0,-93.75,2093.75,0.0,0.0,1707.5,386.25,-93.75,-93.75
895,2019-06-10,12:52:57,153.71875,153.75,153.6875,153.75,289,44422.65625,153.71161332179932,0.03125,0.00020327269101461098,153.66178123089352,153.81130279989324,-0.1495215689997167,0.9999999999999878,0.0004882812499999999,1.9999999999999691,2.6168207644729593e-15,0.0004882812500000059,-1,895,0.5790891137607994,-0.1670010408141846,0.022097086912079743,-67.66573783894484,0.0,-20.0,-2.034757136339064,-0.4674205891246751,-3.0,-0.30273692886723536,-0.13573588805305076,-3.0,1.0,-3.0,0.0,140.0,125.0,0,0,-3.0,-3.0,-93.75,2000.0,0.0,0.0,1707.5,292.5,-93.75,-93.75
896,2019-06-10,12:55:16,153.75,153.8125,153.71875,153.78125,289,44433.21875,153.74816176470588,0.03125,0.0002032313796238583,153.68832984625053,153.81037809835806,-0.12204825210753256,0.9999999999999954,0.00078125,0.3125000000000024,-1.2577882373436315,0.0007812500000000037,-1,896,0.4598578652425227,-0.30273692886723536,0.027950849718747436,-43.665310119595866,0.0,-20.0,-2.034757136339064,-0.4674205891246751,-3.0,-0.38023452469802826,-0.07749759583079291,-3.0,1.0,-3.0,0.0,140.0,156.25,0,0,-3.0,-3.0,-93.75,1906.25,0.0,0.0,1707.5,198.75,-93.75,-93.75
897,2019-06-10,12:57:00,153.78125,153.8125,153.78125,153.78125,288,44290.34375,153.78591579861111,0.0,0.0,153.70897876930596,153.8094818491778,-0.10050307987185647,0.9999999999999978,0.0009765625,-3.0,0.0,0.0009765625000000024,0,897,0.38512965420467987,-0.38023452469802826,0.031250000000000035,-32.160985558994035,0.0,-20.0,-2.034757136339064,-0.4674205891246751,-3.0,-0.45158701979084787,-0.0713524950928196,-3.0,1.0,-3.0,0.0,140.0,156.25,0,0,-3.0,-3.0,-0.0,1906.25,0.0,0.0,1707.5,198.75,-0.0,-0.0
898,2019-06-10,13:02:28,153.78125,153.84375,153.75,153.75,289,44449.25,153.80363321799308,-0.03125,-0.0002032313796238583,153.7180945983491,153.80765163843387,-0.08955704008477028,0.9999999999999974,0.00068359375,-0.612244897959183,0.5122408325718831,0.0006835937500000017,0,898,0.311579575140023,-0.45158701979084787,0.026145625829189893,-34.25316367251981,0.0,-20.0,-2.034757136339064,-0.4674205891246751,-3.0,-0.5035577625910732,-0.051970742800225345,-3.0,1.0,-3.0,0.0,140.0,125.0,0,0,-3.0,-3.0,93.75,2000.0,0.0,0.0,1707.5,292.5,93.75,93.75
899,2019-06-10,13:05:44,153.75,153.75,153.71875,153.71875,289,44427.96875,153.72999567474048,-0.03125,-0.00020327269101461098,153.7182402431604,153.80491620340516,-0.08667596024474733,0.9999999999999974,0.00068359375,-0.612244897959183,0.5122408325718831,0.0006835937500000017,0,899,0.254843970167656,-0.5035577625910732,0.026145625829189893,-33.15122797633678,0.0,-20.0,-2.034757136339064,-0.4674205891246751,-3.0,-0.5298174062933586,-0.026259643702285396,-3.0,1.0,-3.0,0.0,140.0,93.75,0,0,-3.0,-3.0,93.75,2093.75,0.0,0.0,1707.5,386.25,93.75,93.75
900,2019-06-10,13:07:52,153.71875,153.71875,153.71875,153.71875,289,44424.71875,153.71875,0.0,0.0,153.7183535224581,153.80226493560804,-0.08391141314993433,0.9999999999999978,0.0009765625,-3.0,0.0,0.0009765625000000024,0,900,0.22506807863515746,-0.5298174062933586,0.031250000000000035,-26.851652207978955,0.0,-20.0,-2.034757136339064,-0.4674205891246751,-3.0,-0.5397449816171956,-0.009927575323837035,-3.0,1.0,-3.0,0.0,140.0,93.75,0,0,-3.0,-3.0,-0.0,2093.75,0.0,0.0,1707.5,386.25,-0.0,93.75
901,2019-06-10,13:15:24,153.71875,153.78125,153.71875,153.75,289,44432.1875,153.74459342560553,0.03125,0.00020327269101461098,153.72538607302297,153.80065678374316,-0.07527071072018998,0.9999999999999978,0.0009765625,-3.0,0.0,0.0009765625000000024,-1,901,0.21360535952175091,-0.5397449816171956,0.031250000000000035,-24.086627430460766,0.0,-20.0,-2.034757136339064,-0.4674205891246751,-3.0,-0.5782871844515612,-0.0385422028343656,-3.0,1.0,-3.0,0.0,140.0,125.0,0,0,-3.0,-3.0,-93.75,2000.0,0.0,0.0,1707.5,292.5,-93.75,-0.0
902,2019-06-10,13:21:04,153.75,153.8125,153.75,153.78125,289,44441.53125,153.77692474048442,0.03125,0.0002032313796238583,153.73780027901788,153.80005965193567,-0.0622593729177936,0.9999999999999988,0.0016601562499999997,-1.4878892733564004,-0.5413870509510851,0.0016601562500000017,-1,902,0.16797045134195146,-0.5782871844515612,0.040745015032516575,-15.280242961772743,0.0,-15.280242961772743,-1.4902033105963786,-0.4674205891246751,-2.0,-0.6194072846284567,-0.04112010017689549,-3.0,1.0,-3.0,0.0,140.0,156.25,0,0,-3.0,-3.0,-93.75,1906.25,1.0,0.0,1707.5,198.75,-93.75,-93.75
903,2019-06-10,13:28:20,153.78125,153.8125,153.75,153.75,289,44441.96875,153.77843858131487,-0.03125,-0.0002032313796238583,153.74051132812502,153.79851935495304,-0.058008026828019865,0.9999999999999988,0.0016601562499999997,-1.4878892733564004,-0.5413870509510851,0.0016601562500000017,0,903,0.11714109921098019,-0.6194072846284567,0.040745015032516575,-14.236840207747264,0.0,-14.236840207747264,-1.3698180965073838,-0.4674205891246751,-2.0,-0.6996160158944381,-0.08020873126598138,-2.0,1.0,-3.0,0.0,140.0,125.0,0,0,-2.0,-3.0,93.75,2000.0,0.0,1.0,1710.0,290.0,91.25,91.25
904,2019-06-10,13:35:33,153.75,153.75,153.65625,153.6875,288,44268.8125,153.71115451388889,-0.0625,-0.00040658671021631676,153.72873103298613,153.79510337480062,-0.06637234181448548,0.9999999999999999,0.0016601562499999997,-1.4878892733564004,0.5413870509510853,0.0016601562499999997,0,904,0.010538015442331728,-0.6996160158944381,0.040745015032516554,-16.289683967846628,0.0,-16.289683967846628,-1.6066701026932755,-0.4674205891246751,-2.0,-0.7449375699053046,-0.04532155401086646,-2.0,1.0,-2.0,0.0,140.0,62.5,0,0,-2.0,-2.0,125.0,2125.0,0.0,0.0,1710.0,415.0,125.0,125.0
905,2019-06-10,13:39:33,153.6875,153.71875,153.65625,153.6875,290,44569.40625,153.6876077586207,0.0,0.0,153.71956858121143,153.79179250172982,-0.07222392051838256,0.9999999999999999,0.0016601562499999997,-1.4878892733564004,0.5413870509510853,0.0016601562499999997,0,905,-0.055015303107226264,-0.7449375699053046,0.040745015032516554,-17.725829886366288,0.0,-17.725829886366288,-1.7723690460754047,-0.4674205891246751,-2.0,-0.7952562286487838,-0.05031865874347918,-2.0,1.0,-2.0,0.0,140.0,62.5,0,0,-2.0,-2.0,-0.0,2125.0,0.0,0.0,1710.0,415.0,-0.0,125.0
906,2019-06-10,13:44:47,153.6875,153.71875,153.625,153.625,289,44405.25,153.65138408304497,-0.0625,-0.0004067520902122368,153.69855334094223,153.7866604247535,-0.08810708381128052,1.0000000000000004,0.001953125,-1.7499999999999953,0.8838834764831853,0.0019531249999999991,0,906,-0.133630984120852,-0.7952562286487838,0.04419417382415921,-19.936357258728947,0.0,-19.936357258728947,-2.027414195175101,-0.4674205891246751,-2.0,-0.8656895071084543,-0.07043327845967051,-2.0,1.0,-2.0,0.0,140.0,0.0,0,0,-2.0,-2.0,125.0,2250.0,0.0,0.0,1710.0,540.0,125.0,125.0
907,2019-06-10,13:49:03,153.625,153.6875,153.59375,153.65625,289,44400.5,153.6349480968858,0.03125,0.00020339672601377146,153.68915259851062,153.78264779629953,-0.09349519778891136,0.9999999999999996,0.0017578124999999998,-2.4074074074074083,-0.1656346649999846,0.0017578125000000005,-1,907,-0.2581704613049267,-0.8656895071084543,0.041926274578121064,-22.299905901418,0.0,-20.0,-2.034757136339064,-0.4674205891246751,-3.0,-0.9497458076919798,-0.08405630058352553,-2.0,1.0,-2.0,0.0,140.0,31.25,0,0,-2.0,-2.0,-62.5,2187.5,-1.0,0.0,1710.0,477.5,-62.5,125.0
908,2019-06-10,13:57:49,153.65625,153.6875,153.59375,153.59375,289,44396.9375,153.62262110726644,-0.0625,-0.0004068348306729419,153.66795202106383,153.7768355564134,-0.10888353534957673,0.9999999999999999,0.0016601562499999997,-1.4878892733564004,0.5413870509510853,0.0016601562499999997,0,908,-0.45023157726325613,-0.9497458076919798,0.040745015032516554,-26.723155032016123,0.0,-20.0,-2.034757136339064,-0.4674205891246751,-3.0,-0.991244225808485,-0.04149841811650523,-3.0,1.0,-2.0,0.0,140.0,-31.25,0,0,-3.0,-2.0,125.0,2312.5,0.0,1.0,1712.5,600.0,122.5,122.5
909,2019-06-10,14:03:24,153.59375,153.625,153.5625,153.59375,289,44385.5625,153.58326124567475,0.0,0.0,153.65146268304966,153.7712021546776,-0.11973947162795184,0.9999999999999988,0.0016601562499999997,-1.4878892733564004,-0.5413870509510851,0.001660156250000002,0,909,-0.6075482690858727,-0.991244225808485,0.040745015032516575,-29.387514406951063,0.0,-20.0,-2.034757136339064,-0.4674205891246751,-3.0,-0.9986689581344835,-0.007424732325998495,-3.0,1.0,-3.0,0.0,140.0,-31.25,0,0,-3.0,-3.0,-0.0,2312.5,0.0,0.0,1712.5,600.0,-0.0,122.5
910,2019-06-10,14:09:02,153.59375,153.625,153.53125,153.5625,289,44382.90625,153.57407006920414,-0.03125,-0.00020347950014176774,153.63169319792752,153.76478054991833,-0.13308735199080957,0.9999999999999988,0.0016601562499999997,-1.4878892733564004,-0.5413870509510851,0.001660156250000002,0,910,-0.7426368966470291,-0.9986689581344835,0.040745015032516575,-32.66346861931433,0.0,-20.0,-2.034757136339064,-0.4674205891246751,-3.0,-0.9892410179807445,0.009427940153739045,-3.0,1.0,-3.0,0.0,140.0,-62.5,0,0,-3.0,-3.0,93.75,2406.25,0.0,0.0,1712.5,693.75,93.75,93.75
911,2019-06-10,14:23:53,153.5625,153.59375,153.53125,153.59375,289,44381.1875,153.56812283737025,0.03125,0.00020347950014176774,153.62326137616586,153.7595180714593,-0.1362566952934401,0.9999999999999988,0.0016601562499999997,-1.4878892733564004,-0.5413870509510851,0.001660156250000002,-1,911,-0.8029451734500983,-0.9892410179807445,0.040745015032516575,-33.44131673155609,0.0,-20.0,-2.034757136339064,-0.4674205891246751,-3.0,-0.9894741490039557,-0.00023313102321120827,-3.0,1.0,-3.0,0.0,140.0,-31.25,0,0,-3.0,-3.0,-93.75,2312.5,0.0,0.0,1712.5,600.0,-93.75,93.75
912,2019-06-10,14:36:05,153.59375,153.625,153.5625,153.625,290,44545.125,153.60387931034484,0.03125,0.00020343810465917045,153.6236477370179,153.75537905387594,-0.13173131685803696,0.9999999999999997,0.0022460937500000003,-3.081285444234405,0.3153558785805939,0.0022460937500000007,-1,912,-0.8019891180549111,-0.9894741490039557,0.0473929715253222,-27.795538582688902,0.0,-20.0,-2.034757136339064,-0.4674205891246751,-3.0,-0.9736969723887159,0.015777176615239807,-3.0,1.0,-3.0,0.0,140.0,0.0,0,0,-3.0,-3.0,-93.75,2218.75,0.0,0.0,1712.5,506.25,-93.75,-93.75
913,2019-06-10,14:45:48,153.625,153.625,153.5625,153.5625,289,44387.59375,153.59028979238755,-0.0625,-0.0004069176048009382,153.61005935101394,153.7494443137567,-0.1393849627427528,0.9999999999999992,0.00224609375,-3.081285444234402,-0.31535587858059355,0.0022460937500000016,0,913,-0.8496198140407831,-0.9736969723887159,0.04739297152532221,-29.41047126962254,0.0,-20.0,-2.034757136339064,-0.4674205891246751,-3.0,-0.9171918216949274,0.056505150693788475,-3.0,1.0,-3.0,0.0,140.0,-62.5,0,0,-3.0,-3.0,187.5,2406.25,0.0,0.0,1712.5,693.75,187.5,187.5
914,2019-06-10,14:52:49,153.5625,153.5625,153.5,153.5,289,44369.90625,153.52908737024222,-0.0625,-0.00040708325414673396,153.58560171745532,153.74176910410267,-0.15616738664735408,0.9999999999999992,0.00224609375,-3.081285444234402,-0.31535587858059355,0.0022460937500000016,0,914,-0.9302963785435935,-0.9171918216949274,0.04739297152532221,-32.95159210768487,0.0,-20.0,-2.034757136339064,-0.4674205891246751,-3.0,-0.7753784338470691,0.14181338784785835,3.0,1.0,-3.0,0.0,140.0,-125.0,0,0,3.0,-3.0,187.5,2593.75,0.0,6.0,1727.5,866.25,172.5,187.5
915,2019-06-10,14:59:58,153.5,153.5,153.4375,153.5,289,44359.6875,153.49372837370242,0.0,0.0,153.56657911357635,153.73433005474567,-0.16775094116931655,0.9999999999999996,0.0017578124999999998,-2.4074074074074083,-0.1656346649999846,0.001757812500000001,0,915,-0.9948110606386649,-0.7753784338470691,0.041926274578121064,-40.010934159377044,0.0,-20.0,-2.034757136339064,-0.4674205891246751,-3.0,-0.5564488252322246,0.21892960861484445,3.0,-1.0,3.0,1.0,141.0,0.0,0,0,3.0,3.0,0.0,2593.75,0.0,0.0,1727.5,866.25,0.0,172.5
916,2019-06-10,15:08:29,153.5,153.59375,153.46875,153.53125,290,44527.3125,153.54245689655173,0.03125,0.0002035623416700716,153.55872819944827,153.7280814376766,-0.16935323822832515,0.9999999999999979,0.00146484375,2.0000000000000013,-1.3608276348795436,0.001464843750000003,-1,916,-0.9809909521350857,-0.5564488252322246,0.038273277230987196,-44.24842879438913,0.0,-20.0,-2.034757136339064,-0.4674205891246751,-3.0,-0.26421925644381183,0.2922295687884128,3.0,-1.0,3.0,0.0,141.0,31.25,0,0,3.0,3.0,93.75,2687.5,0.0,0.0,1727.5,960.0,93.75,93.75
917,2019-06-10,15:12:00,153.53125,153.5625,153.5,153.53125,289,44370.5,153.53114186851212,0.0,0.0,153.5526219329042,153.7220250857481,-0.1694031528438984,0.9999999999999852,0.00029296875,-3.3333333333333304,0.6085806194501845,0.0002929687500000044,0,917,-0.8688093011049713,-0.26421925644381183,0.017116329922036568,-98.9716566667711,0.0,-20.0,-2.034757136339064,-0.4674205891246751,-3.0,0.045329450106406,0.3095487065502178,3.0,-1.0,3.0,0.0,141.0,31.25,0,0,3.0,3.0,0.0,2687.5,0.0,0.0,1727.5,960.0,0.0,93.75
918,2019-06-10,15:20:45,153.53125,153.59375,153.53125,153.5625,289,44376.84375,153.55309256055364,0.03125,0.00020352091247666237,153.5548170589255,153.71711662157125,-0.16229956264575662,0.9999999999999979,0.00146484375,2.0000000000000013,-1.3608276348795436,0.001464843750000003,-1,918,-0.6743271790383858,0.045329450106406,0.038273277230987196,-42.40545215562414,0.0,-20.0,-2.034757136339064,-0.4674205891246751,-3.0,0.1275892248225588,0.0822597747161528,3.0,-1.0,3.0,0.0,141.0,62.5,0,0,3.0,3.0,93.75,2781.25,0.0,0.0,1727.5,1053.75,93.75,93.75
919,2019-06-10,15:33:07,153.5625,153.625,153.53125,153.5625,289,44382.34375,153.57212370242215,0.0,0.0,153.5565243791643,153.71235918706137,-0.15583480789706528,0.9999999999999986,0.00322265625,1.0743801652892582,0.2669003066972995,0.003222656250000004,0,919,-0.6111084597488056,0.1275892248225588,0.05676844413932801,-27.45095629441536,0.0,-20.0,-2.034757136339064,-0.4674205891246751,-3.0,0.2930200743323893,0.1654308495098305,3.0,-1.0,3.0,0.0,141.0,62.5,0,0,3.0,3.0,0.0,2781.25,0.0,0.0,1727.5,1053.75,0.0,93.75
920,2019-06-10,15:48:53,153.5625,153.59375,153.46875,153.5,290,44522.34375,153.52532327586206,-0.0625,-0.00040708325414673396,153.54396340601667,153.7058250582287,-0.16186165221202486,0.9999999999999986,0.00322265625,1.0743801652892582,0.2669003066972995,0.003222656250000004,0,920,-0.46887275896671815,0.2930200743323893,0.05676844413932801,-28.512610247827887,0.0,-20.0,-2.034757136339064,-0.4674205891246751,-3.0,0.45663015797918294,0.16361008364679364,3.0,-1.0,3.0,0.0,141.0,0.0,0,0,3.0,3.0,-187.5,2593.75,0.0,0.0,1727.5,866.25,-187.5,0.0
921,2019-06-10,15:51:57,153.5,153.59375,153.5,153.59375,289,44368.96875,153.52584342560553,0.09375,0.0006105627542885017,153.55502709356853,153.7023765948986,-0.1473495013300692,1.0,0.005175781250000001,0.2741189035243856,0.6064819993295688,0.0051757812500000016,-1,921,-0.3061959466607433,0.45663015797918294,0.07194290270763337,-20.481450676083846,0.0,-20.0,-2.034757136339064,-0.4674205891246751,-3.0,0.5210804404699921,0.0644502824908092,3.0,-1.0,3.0,0.0,141.0,93.75,0,0,3.0,3.0,281.25,2875.0,0.0,0.0,1727.5,1147.5,281.25,281.25
922,2019-06-10,15:55:23,153.59375,153.59375,153.5625,153.59375,289,44384.0,153.57785467128028,0.0,0.0,153.56363218388665,153.6990342381325,-0.13540205424584428,0.9999999999999996,0.005566406249999999,-1.1172668513388746,0.2057527970555698,0.005566406250000002,0,922,-0.23506147858172952,0.5210804404699921,0.07460835241445828,-18.14837747571073,0.0,-18.14837747571073,-1.8211215357633677,-0.4674205891246751,-2.0,0.5642577254232132,0.04317728495322104,3.0,-1.0,3.0,0.0,141.0,93.75,0,0,3.0,3.0,0.0,2875.0,1.0,0.0,1727.5,1147.5,0.0,281.25
923,2019-06-10,16:01:35,153.59375,153.59375,153.5,153.5,290,44526.40625,153.53933189655172,-0.09375,-0.0006105627542885017,153.54949169857852,153.6929101077284,-0.1434184091498878,0.9999999999999989,0.0046875,1.7447916666666667,-0.846307423922913,0.004687500000000004,0,923,-0.18479597783399762,0.5642577254232132,0.0684653196881458,-20.947599427439684,0.0,-20.0,-2.034757136339064,-0.4674205891246751,-3.0,0.5182275002612503,-0.04603022516196287,-2.0,-1.0,3.0,0.0,141.0,0.0,0,0,-2.0,3.0,-281.25,2593.75,-1.0,5.0,1740.0,853.75,-293.75,0.0
924,2019-06-10,16:12:14,153.5,153.53125,153.4375,153.53125,289,44363.40625,153.50659602076124,0.03125,0.0002035623416700716,153.5454379877833,153.68793595056752,-0.14249796278423332,0.9999999999999993,0.00263671875,3.251028806584363,-1.7355817665801556,0.002636718750000002,-1,924,-0.238305808364973,0.5182275002612503,0.05134898976610934,-27.75087950771777,0.0,-20.0,-2.034757136339064,-0.4674205891246751,-3.0,0.47687547791603424,-0.041352022345216066,-3.0,-1.0,-2.0,1.0,142.0,31.25,0,0,-3.0,-2.0,-62.5,2531.25,0.0,1.0,1742.5,788.75,-65.0,-65.0
925,2019-06-10,16:20:08,153.53125,153.59375,153.53125,153.5625,289,44376.1875,153.55082179930795,0.03125,0.00020352091247666237,153.54922954605368,153.68407638285774,-0.1348468368040585,0.9999999999999993,0.00263671875,3.251028806584363,-1.7355817665801556,0.002636718750000002,-1,925,-0.28432437370169455,0.47687547791603424,0.05134898976610934,-26.260854871395793,0.0,-20.0,-2.034757136339064,-0.4674205891246751,-3.0,0.5979071520669138,0.12103167415087956,3.0,-1.0,-3.0,0.0,142.0,62.5,0,0,3.0,-3.0,-93.75,2437.5,0.0,6.0,1757.5,680.0,-108.75,-65.0
926,2019-06-10,16:29:15,153.5625,153.59375,153.53125,153.5625,289,44385.625,153.58347750865053,0.0,0.0,153.55217853581956,153.6803355710775,-0.1281570352579422,0.9999999999999983,0.00146484375,2.0000000000000013,-1.3608276348795436,0.0014648437500000026,0,926,-0.14400810479415138,0.5979071520669138,0.03827327723098719,-33.484729955182,0.0,-20.0,-2.034757136339064,-0.4674205891246751,-3.0,0.7749019362710182,0.17699478420410442,3.0,-1.0,3.0,1.0,143.0,0.0,0,0,3.0,3.0,0.0,2437.5,0.0,0.0,1757.5,680.0,0.0,0.0
927,2019-06-10,16:42:08,153.5625,153.59375,153.53125,153.5625,290,44537.3125,153.57693965517242,0.0,0.0,153.55447219452634,153.6767098611982,-0.12223766667185032,0.9999999999999996,0.0017578124999999998,-2.4074074074074083,-0.1656346649999846,0.0017578125000000005,0,927,0.10098931770556431,0.7749019362710182,0.041926274578121064,-29.155384756183228,0.0,-20.0,-2.034757136339064,-0.4674205891246751,-3.0,0.8984220978177664,0.12352016154674816,3.0,-1.0,3.0,0.0,143.0,0.0,0,0,3.0,3.0,0.0,2437.5,0.0,0.0,1757.5,680.0,0.0,0.0
928,2019-06-10,16:53:36,153.5625,153.5625,153.5,153.5,289,44370.15625,153.52995242214533,-0.0625,-0.00040708325414673396,153.54236726240939,153.67127263469982,-0.12890537229043275,1.0000000000000002,0.001171875,-3.3333333333333304,-0.6085806194501845,0.0011718749999999997,0,928,0.3247664819154248,0.8984220978177664,0.03423265984407288,-37.65566943310475,0.0,-20.0,-2.034757136339064,-0.4674205891246751,-3.0,0.9568988642500394,0.058476766432273064,3.0,-1.0,3.0,0.0,143.0,-62.5,0,0,3.0,3.0,-187.5,2250.0,0.0,0.0,1757.5,492.5,-187.5,0.0
929,2019-06-10,16:57:16,153.5,153.53125,153.4375,153.4375,289,44356.8125,153.48378027681662,-0.0625,-0.00040724903841216076,153.51906342631844,153.66407963055522,-0.1450162042367822,1.0000000000000013,0.001171875,-3.333333333333344,0.6085806194501838,0.0011718749999999984,0,929,0.4712707661079569,0.9568988642500394,0.03423265984407286,-42.36194467427302,0.0,-20.0,-2.034757136339064,-0.4674205891246751,-3.0,0.9847937646704263,0.027894900420386892,3.0,-1.0,3.0,0.0,143.0,-125.0,0,0,3.0,3.0,-187.5,2062.5,0.0,0.0,1757.5,305.0,-187.5,-187.5
930,2019-06-10,17:05:41,153.4375,153.5,153.40625,153.4375,290,44503.34375,153.45980603448277,0.0,0.0,153.50093822046992,153.65710794961504,-0.15616972914511962,0.9999999999999998,0.004687500000000001,1.7447916666666632,1.5309606208043702,0.004687500000000001,0,930,0.5735104622320834,0.9847937646704263,0.06846531968814577,-22.810048920601066,0.0,-20.0,-2.034757136339064,-0.4674205891246751,-3.0,0.9954774324734422,0.010683667803015884,3.0,-1.0,3.0,0.0,143.0,-125.0,0,0,3.0,3.0,0.0,2062.5,0.0,0.0,1757.5,305.0,0.0,0.0
931,2019-06-10,17:24:36,153.4375,153.4375,153.375,153.375,289,44334.625,153.40700692041523,-0.0625,-0.0004074149577641961,153.4729519492544,153.6484277050115,-0.1754757557571054,0.9999999999999991,0.005078125,-2.5073964497041423,0.2276977550124017,0.005078125000000004,0,931,0.6367348843900205,0.9954774324734422,0.07126096406869616,-24.624387004916926,0.0,-20.0,-2.034757136339064,-0.4674205891246751,-3.0,0.9691961336754786,-0.026281298797963593,-3.0,-1.0,3.0,0.0,143.0,-187.5,0,0,-3.0,3.0,-187.5,1875.0,0.0,6.0,1772.5,102.5,-202.5,0.0
932,2019-06-10,17:37:11,153.40625,153.46875,153.375,153.46875,290,44496.8125,153.43728448275863,0.09375,0.0006110602084428152,153.47201818275343,153.64289916024188,-0.17088097748845144,0.9999999999999987,0.0037109375,-0.8171745152354575,-0.08099829095409096,0.003710937500000005,-1,932,0.511171699557838,0.9691961336754786,0.06091746465505606,-28.05122938980826,0.0,-20.0,-2.034757136339064,-0.4674205891246751,-3.0,0.7053896731442212,-0.26380646053125745,-3.0,-1.0,-3.0,1.0,144.0,93.75,0,0,-3.0,-3.0,-281.25,1593.75,0.0,0.0,1772.5,-178.75,-281.25,-202.5
933,2019-06-10,17:45:00,153.46875,153.53125,153.4375,153.53125,289,44353.875,153.47361591695503,0.0625,0.0004071661294036133,153.48518080880825,153.63946380146524,-0.15428299265698797,0.9999999999999983,0.00458984375,-0.7378904481665955,-0.9127170462413433,0.004589843750000007,-1,933,-0.0024254161554286297,0.7053896731442212,0.0677483855896213,-22.772940095066016,0.0,-20.0,-2.034757136339064,-0.4674205891246751,-3.0,0.3559212254634497,-0.3494684476807715,-3.0,-1.0,-3.0,0.0,144.0,156.25,0,0,-3.0,-3.0,-187.5,1406.25,0.0,0.0,1772.5,-366.25,-187.5,-187.5
934,2019-06-10,17:57:05,153.53125,153.5625,153.46875,153.53125,289,44364.40625,153.5100562283737,0.0,0.0,153.49541840685086,153.63613414603552,-0.14071573918465674,0.9999999999999976,0.00322265625,-2.2314049586776874,-0.5671631517317608,0.0032226562500000076,0,934,-0.40912826101921784,0.3559212254634497,0.056768444139328036,-24.787668804044554,0.0,-20.0,-2.034757136339064,-0.4674205891246751,-3.0,0.5363952979935604,0.18047407253011077,3.0,-1.0,-3.0,0.0,144.0,156.25,0,0,3.0,-3.0,-0.0,1406.25,0.0,6.0,1787.5,-381.25,-15.0,-15.0
935,2019-06-10,18:03:59,153.53125,153.625,153.53125,153.625,290,44534.15625,153.56605603448276,0.09375,0.0006104385172776006,153.52421431643958,153.63579155692673,-0.11157724048715068,0.9999999999999979,0.0026367187499999997,-1.6872427983539058,0.5184205276797867,0.0026367187500000054,-1,935,-0.21748594704456395,0.5363952979935604,0.051348989766109375,-21.729198762307934,0.0,-20.0,-2.034757136339064,-0.4674205891246751,-3.0,0.6621431137900579,0.1257478157964974,3.0,-1.0,3.0,1.0,145.0,93.75,0,0,3.0,3.0,281.25,1687.5,0.0,0.0,1787.5,-100.0,281.25,281.25
936,2019-06-10,18:09:13,153.625,153.65625,153.5625,153.59375,289,44392.9375,153.60878027681662,-0.03125,-0.00020343810465917045,153.53966669056413,153.63449797055975,-0.09483127999561702,0.9999999999999989,0.00263671875,3.251028806584363,1.7355817665801556,0.002636718750000003,0,936,-0.061683959685530074,0.6621431137900579,0.051348989766109354,-18.46799331935567,0.0,-18.46799331935567,-1.8579980166955727,-0.4674205891246751,-2.0,0.8462432346576578,0.18410012086759997,3.0,-1.0,3.0,0.0,145.0,62.5,0,0,3.0,3.0,-93.75,1593.75,1.0,0.0,1787.5,-193.75,-93.75,281.25
937,2019-06-10,18:16:47,153.59375,153.625,153.59375,153.59375,289,44395.4375,153.61743079584775,0.0,0.0,153.55168520377214,153.63324418685022,-0.08155898307808229,0.9999999999999989,0.00263671875,3.251028806584363,1.7355817665801556,0.002636718750000003,0,937,0.22164012755070003,0.8462432346576578,0.051348989766109354,-15.883269261883653,0.0,-15.883269261883653,-1.5597789849561317,-0.4674205891246751,-2.0,0.993894146137322,0.14765091147966414,2.0,-1.0,3.0,0.0,145.0,62.5,0,0,2.0,3.0,0.0,1593.75,0.0,1.0,1790.0,-196.25,-2.5,-2.5
938,2019-06-10,18:26:30,153.59375,153.625,153.53125,153.5625,289,44386.59375,153.58682958477507,-0.03125,-0.00020347950014176774,153.55408849182277,153.63106744263945,-0.07697895081668094,0.9999999999999961,0.00029296875,-3.3333333333333304,-0.6085806194501845,0.00029296875000000113,0,938,0.6247686962021339,0.993894146137322,0.017116329922036475,-44.97398166973525,0.0,-20.0,-2.034757136339064,-0.4674205891246751,-3.0,0.9305474990285105,-0.06334664710881144,-2.0,-1.0,2.0,0.0,145.0,31.25,0,0,-2.0,2.0,-62.5,1531.25,-1.0,4.0,1800.0,-268.75,-72.5,-2.5
939,2019-06-10,18:32:07,153.5625,153.625,153.5625,153.5625,289,44386.25,153.5856401384083,0.0,0.0,153.55595771586215,153.62895767517364,-0.07299995931148828,0.9999999999999961,0.00029296875,-3.3333333333333304,-0.6085806194501845,0.00029296875000000113,0,939,0.9169185895671699,0.9305474990285105,0.017116329922036475,-42.64930603931877,0.0,-20.0,-2.034757136339064,-0.4674205891246751,-3.0,0.7745890767406646,-0.15595842228784595,-3.0,-1.0,-2.0,1.0,146.0,0.0,0,0,-3.0,-2.0,-0.0,1531.25,0.0,1.0,1802.5,-271.25,-2.5,-2.5
940,2019-06-10,18:44:57,153.5625,153.59375,153.53125,153.5625,290,44533.84375,153.56497844827587,0.0,0.0,153.5574115567817,153.62691282362985,-0.06950126684816382,1.0000000000000002,0.0006835937499999997,-0.6122448979591795,-0.5122408325718838,0.0006835937499999995,0,940,0.9949373595143346,0.7745890767406646,0.02614562582918985,-26.582368807011033,0.0,-20.0,-2.034757136339064,-0.4674205891246751,-3.0,0.45584780473414516,-0.3187412720065194,3.0,-1.0,-3.0,0.0,146.0,0.0,0,0,3.0,-3.0,-0.0,1531.25,0.0,6.0,1817.5,-286.25,-15.0,-2.5
941,2019-06-10,18:58:16,153.5625,153.5625,153.5,153.53125,289,44373.59375,153.54184688581316,-0.03125,-0.00020352091247666237,153.55159787749687,153.62396935213354,-0.07237147463666815,0.9999999999999996,0.00078125,0.3124999999999976,-1.257788237343632,0.0007812500000000003,0,941,0.9516989368766302,0.45584780473414516,0.027950849718747377,-25.892405907118693,0.0,-20.0,-2.034757136339064,-0.4674205891246751,-3.0,-0.04077014583088479,-0.49661795056502994,-3.0,1.0,3.0,1.0,147.0,-31.25,0,0,-3.0,3.0,-93.75,1437.5,0.0,6.0,1832.5,-395.0,-108.75,-15.0
942,2019-06-10,18:59:39,153.53125,153.53125,153.4375,153.46875,289,44364.375,153.5099480968858,-0.0625,-0.0004071661294036133,153.53318723805316,153.6191933720679,-0.08600613401475243,1.0000000000000002,0.0006835937499999997,-0.6122448979591795,-0.5122408325718838,0.0006835937499999995,0,942,0.6776900120462909,-0.04077014583088479,0.02614562582918985,-32.89503742485763,0.0,-20.0,-2.034757136339064,-0.4674205891246751,-3.0,-0.5934267683810762,-0.5526566225501914,-3.0,1.0,-3.0,1.0,148.0,-62.5,0,0,-3.0,-3.0,187.5,1625.0,0.0,0.0,1832.5,-207.5,187.5,187.5
943,2019-06-10,19:01:28,153.46875,153.5,153.4375,153.46875,290,44510.9375,153.48599137931035,0.0,0.0,153.51886785181912,153.61456434523504,-0.09569649341591457,1.0000000000000002,0.0006835937499999997,-0.6122448979591795,-0.5122408325718838,0.0006835937499999995,0,943,0.1495256611830172,-0.5934267683810762,0.02614562582918985,-36.60133975797811,0.0,-20.0,-2.034757136339064,-0.4674205891246751,-3.0,-0.9126284939639386,-0.3192017255828624,-3.0,1.0,-3.0,0.0,148.0,-62.5,0,0,-3.0,-3.0,-0.0,1625.0,0.0,0.0,1832.5,-207.5,-0.0,187.5
944,2019-06-10,19:10:42,153.46875,153.5,153.4375,153.4375,289,44353.0625,153.4708044982699,-0.03125,-0.00020364525067861905,153.50078610697045,153.60911621153548,-0.10833010456502734,0.9999999999999996,0.00078125,0.3124999999999976,-1.257788237343632,0.0007812500000000003,0,944,-0.3562676434628745,-0.9126284939639386,0.027950849718747377,-38.757356450729816,0.0,-20.0,-2.034757136339064,-0.4674205891246751,-3.0,-0.9502113158128433,-0.03758282184890471,-3.0,1.0,-3.0,0.0,148.0,-93.75,0,0,-3.0,-3.0,93.75,1718.75,0.0,0.0,1832.5,-113.75,93.75,93.75
945,2019-06-10,19:20:53,153.4375,153.5,153.4375,153.4375,289,44349.09375,153.45707179930795,0.0,0.0,153.48672252764368,153.603835712719,-0.11711318507531132,0.999999999999991,0.0001953125,5.000000000000004,-2.236067977499789,0.0001953125000000018,0,945,-0.8922397577040179,-0.9502113158128433,0.01397542485937375,-83.7993737247708,0.0,-20.0,-2.034757136339064,-0.4674205891246751,-3.0,-0.6109311255782,0.3392801902346434,-3.0,1.0,-3.0,0.0,148.0,-93.75,0,0,-3.0,-3.0,-0.0,1718.75,0.0,0.0,1832.5,-113.75,-0.0,93.75
946,2019-06-10,19:41:07,153.4375,153.46875,153.4375,153.4375,290,44498.8125,153.44418103448277,0.0,0.0,153.47578418816732,153.59871769078916,-0.12293350262183367,0.999999999999991,0.0001953125,5.000000000000004,-2.236067977499789,0.0001953125000000018,0,946,-0.991798489818764,-0.6109311255782,0.01397542485937375,-87.96405394386157,0.0,-20.0,-2.034757136339064,-0.4674205891246751,-3.0,-0.2771608664720313,0.33377025910616864,3.0,1.0,-3.0,0.0,148.0,-93.75,0,0,3.0,-3.0,-0.0,1718.75,0.0,6.0,1847.5,-128.75,-15.0,-0.0
947,2019-06-10,19:49:33,153.4375,153.5,153.40625,153.4375,289,44351.375,153.46496539792386,0.0,0.0,153.4672765907968,153.59375714645716,-0.12648055566035055,0.9999999999999946,0.00078125,5.000000000000004,2.236067977499789,0.0007812500000000042,0,947,-0.8753871611210522,-0.2771608664720313,0.027950849718747447,-45.25105924615822,0.0,-20.0,-2.034757136339064,-0.4674205891246751,-3.0,0.3496747744259162,0.6268356408979475,3.0,-1.0,3.0,1.0,149.0,0.0,0,0,3.0,3.0,0.0,1718.75,0.0,0.0,1847.5,-128.75,0.0,0.0
948,2019-06-10,19:57:12,153.4375,153.46875,153.40625,153.4375,290,44499.53125,153.44665948275863,0.0,0.0,153.46065957061975,153.58894923425848,-0.12828966363872496,0.9999999999999987,0.001953125,2.0,0.0,0.0019531250000000026,0,948,-0.4152105392180626,0.3496747744259162,0.04419417382415925,-29.028637156826754,0.0,-20.0,-2.034757136339064,-0.4674205891246751,-3.0,0.6781409821732345,0.3284662077473183,3.0,-1.0,3.0,0.0,149.0,0.0,0,0,3.0,3.0,0.0,1718.75,0.0,0.0,1847.5,-128.75,0.0,0.0
949,2019-06-10,20:02:09,153.4375,153.53125,153.4375,153.5,289,44353.46875,153.47221020761245,0.0625,0.00040724903841216076,153.46940188825982,153.5862123347428,-0.11681044648298666,0.9999999999999999,0.0037109375,-0.8171745152354575,0.08099829095409096,0.0037109375000000003,-1,949,-0.04015720012611935,0.6781409821732345,0.06091746465505603,-19.17519830223132,0.0,-19.17519830223132,-1.9395935683076686,-0.4674205891246751,-2.0,0.8781861233657752,0.2000451411925407,3.0,-1.0,3.0,0.0,149.0,62.5,0,0,3.0,3.0,187.5,1906.25,1.0,0.0,1847.5,58.75,187.5,187.5
950,2019-06-10,20:07:22,153.5,153.53125,153.4375,153.4375,290,44506.875,153.4719827586207,-0.0625,-0.00040724903841216076,153.46231257975765,153.58163657059688,-0.11932399083923428,0.9999999999999999,0.0037109375,-0.8171745152354575,0.08099829095409096,0.0037109375000000003,0,950,0.28274870500645083,0.8781861233657752,0.06091746465505603,-19.587813037673858,0.0,-19.587813037673858,-1.987200030022366,-0.4674205891246751,-2.0,0.9698687783339711,0.09168265496819594,2.0,-1.0,3.0,0.0,149.0,0.0,0,0,2.0,3.0,-187.5,1718.75,0.0,1.0,1850.0,-131.25,-190.0,187.5
951,2019-06-10,20:27:42,153.4375,153.46875,153.34375,153.34375,289,44333.15625,153.40192474048442,-0.09375,-0.0006111846986627256,153.43596533981153,153.57431698380927,-0.13835164399773703,0.9999999999999998,0.00419921875,-1.9632233639805285,-0.235513936408806,0.004199218750000001,0,951,0.5135298510717294,0.9698687783339711,0.06480137922914914,-21.35010792108315,0.0,-20.0,-2.034757136339064,-0.4674205891246751,-3.0,0.9749096255696065,0.0050408472356353595,2.0,-1.0,2.0,0.0,149.0,-93.75,0,0,2.0,2.0,-187.5,1531.25,-1.0,0.0,1850.0,-318.75,-187.5,-187.5
952,2019-06-10,20:39:05,153.34375,153.40625,153.34375,153.34375,290,44482.28125,153.38717672413793,0.0,0.0,153.41547304207566,153.56722261507667,-0.15174957300101255,0.9999999999999997,0.00732421875,-0.13333333333333405,0.6085806194501847,0.007324218750000002,0,952,0.531962504048737,0.9749096255696065,0.08558164961018222,-17.731555034545384,0.0,-17.731555034545384,-1.7730295994298717,-0.4674205891246751,-2.0,0.9594111380817079,-0.015498487487898616,-3.0,-1.0,2.0,0.0,149.0,-93.75,0,0,-3.0,2.0,0.0,1531.25,1.0,5.0,1862.5,-331.25,-12.5,-12.5
953,2019-06-10,22:19:21,153.34375,153.40625,153.28125,153.375,289,44314.0625,153.3358564013841,0.03125,0.0002037697408985295,153.40647903272554,153.56130807307431,-0.15482904034877265,0.9999999999999998,0.00849609375,-0.79667063020214,0.5182899194342977,0.008496093750000001,-1,953,0.4789941509736415,0.9594111380817079,0.09217425752345391,-16.797427449781857,0.0,-16.797427449781857,-1.665252282526751,-0.4674205891246751,-2.0,0.9637885925777789,0.004377454496071076,2.0,-1.0,-3.0,1.0,150.0,31.25,0,0,2.0,-3.0,-93.75,1437.5,0.0,5.0,1875.0,-437.5,-106.25,-12.5
954,2019-06-11,00:26:52,153.375,153.53125,153.375,153.5,290,44507.4375,153.4739224137931,0.125,0.0008146639961763569,153.42726146989767,153.55942167082588,-0.13216020092821168,0.9999999999999999,0.01201171875,-0.8744794765020826,0.025499696884692023,0.01201171875,-1,954,0.4929390608050366,0.9637885925777789,0.10959798697968864,-12.058633974062351,0.0,-12.058633974062351,-1.1185020799831087,-0.4674205891246751,-2.0,0.9809357023766596,0.017147109798880678,2.0,-1.0,2.0,1.0,151.0,125.0,0,0,2.0,2.0,250.0,1687.5,0.0,0.0,1875.0,-187.5,250.0,250.0
955,2019-06-11,01:05:14,153.5,153.53125,153.40625,153.40625,289,44348.3125,153.45436851211073,-0.09375,-0.000610935768925458,153.42259225436487,153.55470869633893,-0.13211644197406258,1.0000000000000002,0.0125,-1.317138671875,-0.22054967356199082,0.0125,0,955,0.5562124089333341,0.9809357023766596,0.11180339887498948,-11.816853807976418,0.0,-11.816853807976418,-1.0906060858960382,-0.4674205891246751,-2.0,0.9365501341212852,-0.04438556825537443,-2.0,-1.0,2.0,0.0,151.0,31.25,0,0,-2.0,2.0,-187.5,1500.0,0.0,4.0,1885.0,-385.0,-197.5,250.0
956,2019-06-11,01:27:01,153.40625,153.4375,153.21875,153.25,290,44467.40625,153.33588362068966,-0.15625,-0.0010190564420051729,153.38423842006156,153.5453330441439,-0.1610946240823239,1.0,0.0119140625,-0.6436441816715934,0.30976631200586324,0.0119140625,0,956,0.4143762232582263,0.9365501341212852,0.10915155747858113,-14.758802146633187,0.0,-14.758802146633187,-1.43004076653261,-0.4674205891246751,-2.0,0.7623561239669377,-0.17419401015434743,-2.0,-1.0,-2.0,1.0,152.0,-156.25,0,0,-2.0,-2.0,312.5,1812.5,0.0,0.0,1885.0,-72.5,312.5,312.5
957,2019-06-11,01:32:58,153.25,153.28125,153.21875,153.28125,290,44445.46875,153.26023706896552,0.03125,0.00020389438341616994,153.36135210449234,153.53720741201636,-0.17585530752401723,1.0000000000000007,0.0056640625,-0.9453032104637273,-0.6013638196305304,0.005664062499999996,-1,957,0.08145755858953733,0.7623561239669377,0.07525996611745182,-23.366381437054436,0.0,-20.0,-2.034757136339064,-0.4674205891246751,-3.0,0.6386624669917482,-0.12369365697518953,-2.0,-1.0,-2.0,0.0,152.0,-125.0,0,0,-2.0,-2.0,-62.5,1750.0,-1.0,0.0,1885.0,-135.0,-62.5,312.5
958,2019-06-11,01:59:27,153.28125,153.3125,153.25,153.25,289,44294.96875,153.26978806228374,-0.03125,-0.00020389438341616994,153.33660719238296,153.52837026087738,-0.19176306849442426,1.0,0.006054687499999999,2.814776274713843,-1.6712144101358455,0.0060546875,0,958,-0.09250691907034175,0.6386624669917482,0.07781187248742957,-24.644448509500062,0.0,-20.0,-2.034757136339064,-0.4674205891246751,-3.0,0.49260116841185203,-0.1460612985798962,-3.0,-1.0,-2.0,0.0,152.0,-156.25,0,0,-3.0,-2.0,62.5,1812.5,0.0,1.0,1887.5,-75.0,60.0,60.0
959,2019-06-11,02:30:42,153.25,153.28125,153.21875,153.25,290,44441.625,153.2469827586207,0.0,0.0,153.3173611496312,153.51980502208113,-0.20244387244991913,0.9999999999999946,0.00078125,0.3125000000000024,-1.2577882373436315,0.0007812500000000042,0,959,-0.2670417168274244,0.49260116841185203,0.027950849718747447,-72.42852166821037,0.0,-20.0,-2.034757136339064,-0.4674205891246751,-3.0,0.516805337234346,0.024204168822493932,3.0,-1.0,-3.0,0.0,152.0,-156.25,0,0,3.0,-3.0,-0.0,1812.5,0.0,6.0,1902.5,-90.0,-15.0,60.0
960,2019-06-11,03:53:20,153.25,153.28125,153.21875,153.28125,290,44441.40625,153.24622844827587,0.03125,0.00020389438341616994,153.3093364497132,153.51246486755556,-0.2031284178423789,0.9999999999999946,0.00078125,0.3125000000000024,-1.2577882373436315,0.0007812500000000042,-1,960,-0.23991963556160573,0.516805337234346,0.027950849718747447,-72.67343207320626,0.0,-20.0,-2.034757136339064,-0.4674205891246751,-3.0,0.5727734784184857,0.05596814118413973,3.0,-1.0,3.0,1.0,153.0,31.25,0,0,3.0,3.0,93.75,1906.25,0.0,0.0,1902.5,3.75,93.75,93.75
961,2019-06-11,05:20:22,153.28125,153.3125,153.25,153.3125,290,44448.625,153.27112068965516,0.03125,0.00020385281897095098,153.31003946088805,153.5063121024,-0.19627264151193913,0.9999999999999704,0.0001953124999999999,4.999999999999986,-2.2360679774997894,0.0001953125000000057,-1,961,-0.17461310197274613,0.5727734784184857,0.01397542485937389,-140.44126993412368,0.0,-20.0,-2.034757136339064,-0.4674205891246751,-3.0,0.6480172382002133,0.07524375978172759,3.0,-1.0,3.0,0.0,153.0,62.5,0,0,3.0,3.0,93.75,2000.0,0.0,0.0,1902.5,97.5,93.75,93.75
962,2019-06-11,06:00:08,153.3125,153.375,153.3125,153.34375,290,44471.5625,153.35021551724137,0.03125,0.00020381127146862354,153.31753069180184,153.5013101915569,-0.1837794997550759,0.0,0.0,,,6.478107980600889e-18,-1,962,-0.08033329150081997,0.6480172382002133,2.5452127574332346e-09,-722059478.9899279,0.0,-20.0,-2.034757136339064,-0.4674205891246751,-3.0,0.7436768652860065,0.09565962708579323,3.0,-1.0,3.0,0.0,153.0,93.75,0,0,3.0,3.0,93.75,2093.75,0.0,0.0,1902.5,191.25,93.75,93.75
963,2019-06-11,06:17:01,153.34375,153.40625,153.3125,153.375,289,44318.34375,153.35067041522493,0.03125,0.0002037697408985295,153.33030164917923,153.4974237241244,-0.16712207494515496,0.0,0.0,,,6.478107980600889e-18,-1,963,0.053130321919466546,0.7436768652860065,2.5452127574332346e-09,-656613379.2040718,0.0,-20.0,-2.034757136339064,-0.4674205891246751,-3.0,0.8384692817074474,0.09479241642144087,3.0,-1.0,3.0,0.0,153.0,125.0,0,0,3.0,3.0,93.75,2187.5,0.0,0.0,1902.5,285.0,93.75,93.75
964,2019-06-11,06:33:42,153.375,153.4375,153.375,153.40625,290,44491.0,153.41724137931035,0.03125,0.0002037282272508989,153.34717906047277,153.4946183787667,-0.14743931829391954,0.9999999999999637,0.00019531250000000017,5.000000000000166,2.2360679774997756,0.00019531250000000725,-1,964,0.20755027825897165,0.8384692817074474,0.013975424859373945,-105.49898824365641,0.0,-20.0,-2.034757136339064,-0.4674205891246751,-3.0,0.9421765041494584,0.10370722244201103,3.0,-1.0,3.0,0.0,153.0,156.25,0,0,3.0,3.0,93.75,2281.25,0.0,0.0,1902.5,378.75,93.75,93.75
965,2019-06-11,06:49:29,153.40625,153.4375,153.375,153.4375,289,44338.625,153.42084775086505,0.03125,0.00020368673051329722,153.36725038036772,153.49286089018923,-0.125610509821513,0.999999999999999,0.0037109375,4.1689750692520775,-1.9439589828981871,0.003710937500000004,-1,965,0.4292558589039746,0.9421765041494584,0.060917464655056056,-20.619786219400304,0.0,-20.0,-2.034757136339064,-0.4674205891246751,-3.0,0.9993960645581585,0.05721956040870013,3.0,-1.0,3.0,0.0,153.0,187.5,0,0,3.0,3.0,93.75,2375.0,0.0,0.0,1902.5,472.5,93.75,93.75
966,2019-06-11,07:05:48,153.4375,153.5,153.40625,153.5,290,44504.71875,153.4645474137931,0.0625,0.00040724903841216076,153.39675029584157,153.4930805551065,-0.09633025926493133,0.9999999999999996,0.00390625,-0.1875000000000012,-0.9375000000000003,0.003906250000000003,-1,966,0.682108347060859,0.9993960645581585,0.06250000000000001,-15.412841482389009,0.0,-15.412841482389009,-1.5055021980400698,-0.4674205891246751,-2.0,0.9646183512132609,-0.034777713344897654,-3.0,-1.0,3.0,0.0,153.0,250.0,0,0,-3.0,3.0,187.5,2562.5,1.0,6.0,1917.5,645.0,172.5,172.5
967,2019-06-11,07:15:55,153.5,153.5,153.40625,153.40625,289,44349.5625,153.4586937716263,-0.09375,-0.000610935768925458,153.39886134121014,153.49040884571863,-0.09154750450849747,1.0000000000000004,0.005078125,-2.507396449704141,0.2276977550124023,0.005078124999999999,0,967,0.8685170331366098,0.9646183512132609,0.07126096406869611,-12.84679567627586,0.0,-12.84679567627586,-1.2094382164765753,-0.4674205891246751,-2.0,0.8494991757985059,-0.11511917541475503,-2.0,-1.0,-3.0,1.0,154.0,-93.75,0,0,-2.0,-3.0,281.25,2843.75,0.0,1.0,1920.0,923.75,278.75,278.75
968,2019-06-11,07:37:00,153.40625,153.46875,153.375,153.375,290,44491.03125,153.41734913793104,-0.03125,-0.0002037282272508989,153.39355882094125,153.4868578043119,-0.09329898337065856,1.0000000000000007,0.0041015625,0.9183673469387728,1.022371504993701,0.004101562499999998,0,968,0.9737490557840894,0.8494991757985059,0.06404344228724747,-14.568077548391953,0.0,-14.568077548391953,-1.4080354368526504,-0.4674205891246751,-2.0,0.550302569575739,-0.2991966062227669,2.0,-1.0,-2.0,0.0,154.0,-125.0,0,0,2.0,-2.0,62.5,2906.25,0.0,4.0,1930.0,976.25,52.5,278.75
969,2019-06-11,07:49:29,153.375,153.375,153.28125,153.28125,289,44309.90625,153.3214749134948,-0.09375,-0.000611433831338104,153.36860130517653,153.48053141033307,-0.11193010515654578,1.0000000000000013,0.0027343750000000003,-0.6122448979591854,0.5122408325718826,0.002734374999999997,0,969,0.9795323169188948,0.550302569575739,0.05229125165837969,-21.405130228625715,0.0,-20.0,-2.034757136339064,-0.4674205891246751,-3.0,0.20301393900504877,-0.3472886305706902,-2.0,1.0,2.0,1.0,155.0,-93.75,0,0,-2.0,2.0,-187.5,2718.75,-1.0,4.0,1940.0,778.75,-197.5,52.5
970,2019-06-11,08:06:52,153.28125,153.28125,153.21875,153.25,290,44440.875,153.24439655172415,-0.03125,-0.00020389438341616994,153.34224545958176,153.47343813616897,-0.13119267658720446,1.000000000000001,0.0021484375,0.867768595041318,0.5516180692881069,0.0021484374999999976,0,970,0.8359344147746887,0.20301393900504877,0.04635124054434787,-28.304027043608926,0.0,-20.0,-2.034757136339064,-0.4674205891246751,-3.0,-0.46616951910322324,-0.6691834581082721,-3.0,1.0,-2.0,1.0,156.0,-31.25,0,0,-3.0,-2.0,62.5,2781.25,0.0,1.0,1942.5,838.75,60.0,60.0
971,2019-06-11,08:30:32,153.25,153.34375,153.25,153.28125,290,44456.46875,153.29816810344826,0.03125,0.00020389438341616994,153.32869091300805,153.46752465505608,-0.13883374204803545,1.0000000000000007,0.00244140625,-1.1999999999999993,0.0,0.0024414062499999983,-1,971,0.2959424999448203,-0.46616951910322324,0.04941058844013091,-28.09797382118925,0.0,-20.0,-2.034757136339064,-0.4674205891246751,-3.0,-0.8752804160530508,-0.4091108969498276,-3.0,1.0,-3.0,0.0,156.0,0.0,0,0,-3.0,-3.0,-93.75,2687.5,0.0,0.0,1942.5,745.0,-93.75,60.0
972,2019-06-11,08:43:06,153.28125,153.28125,153.1875,153.21875,290,44436.59375,153.22963362068967,-0.0625,-0.00040783034823022035,153.3042595990063,153.45987005028513,-0.15561045127884654,0.9999999999999998,0.00126953125,-0.1775147928994123,0.4047960089109363,0.00126953125,0,972,-0.2769487415907413,-0.8752804160530508,0.035630482034348064,-43.673406138271396,0.0,-20.0,-2.034757136339064,-0.4674205891246751,-3.0,-0.9277074664844411,-0.05242705043139029,-3.0,1.0,-3.0,0.0,156.0,-62.5,0,0,-3.0,-3.0,187.5,2875.0,0.0,0.0,1942.5,932.5,187.5,187.5
973,2019-06-11,09:15:55,153.21875,153.25,153.21875,153.21875,290,44434.71875,153.22316810344827,0.0,0.0,153.2852574658938,153.45245097181484,-0.1671935059210341,1.0000000000000007,0.00244140625,-1.1999999999999993,0.0,0.0024414062499999983,0,973,-0.9199568528746885,-0.9277074664844411,0.04941058844013091,-33.83758647675622,0.0,-20.0,-2.034757136339064,-0.4674205891246751,-3.0,-0.6859960663687017,0.24171140011573944,-3.0,1.0,-3.0,0.0,156.0,-62.5,0,0,-3.0,-3.0,-0.0,2875.0,0.0,0.0,1942.5,932.5,-0.0,187.5
974,2019-06-11,09:25:45,153.21875,153.25,153.15625,153.1875,290,44424.46875,153.18782327586206,-0.03125,-0.0002039775631752505,153.2635335845841,153.44429863422056,-0.1807650496364488,1.0000000000000027,0.0012695312500000003,-0.17751479289942415,-0.4047960089109369,0.0012695312499999966,0,974,-0.9995670752889545,-0.6859960663687017,0.035630482034348016,-50.73325964610586,0.0,-20.0,-2.034757136339064,-0.4674205891246751,-3.0,-0.2523234542034013,0.4336726121653004,3.0,1.0,-3.0,0.0,156.0,-93.75,0,0,3.0,-3.0,93.75,2968.75,0.0,6.0,1957.5,1011.25,78.75,78.75
975,2019-06-11,09:36:50,153.1875,153.25,153.09375,153.09375,289,44268.25,153.1773356401384,-0.09375,-0.0006121824494833561,153.225803899121,153.4335125223984,-0.20770862327739792,1.0000000000000027,0.0012695312500000003,-0.17751479289942415,-0.4047960089109369,0.0012695312499999966,0,975,-0.8626465156879747,-0.2523234542034013,0.035630482034348016,-58.295204391892725,0.0,-20.0,-2.034757136339064,-0.4674205891246751,-3.0,0.054432864804261266,0.30675631900766254,3.0,-1.0,3.0,1.0,157.0,-93.75,0,0,3.0,3.0,-281.25,2687.5,0.0,0.0,1957.5,730.0,-281.25,78.75
976,2019-06-11,09:41:58,153.09375,153.09375,153.03125,153.0625,291,44542.625,153.06743986254295,-0.03125,-0.00020414412646196922,153.18951414376076,153.42209675247844,-0.23258260871767789,1.0000000000000067,0.0006835937499999995,-0.612244897959202,-0.5122408325718871,0.0006835937499999949,0,976,-0.6675685999101189,0.054432864804261266,0.026145625829189764,-88.95660415135892,0.0,-20.0,-2.034757136339064,-0.4674205891246751,-3.0,0.43343414831223603,0.3790012835079748,3.0,-1.0,3.0,0.0,157.0,-125.0,0,0,3.0,3.0,-93.75,2593.75,0.0,0.0,1957.5,636.25,-93.75,-93.75
977,2019-06-11,09:52:03,153.0625,153.09375,152.96875,153.0,290,44377.59375,153.02618534482758,-0.0625,-0.00040841331995089547,153.1473998895917,153.40910916009446,-0.26170927050276305,1.0000000000000029,0.0012695312499999994,-0.17751479289940994,0.40479600891093587,0.0012695312499999955,0,977,-0.33074996973549164,0.43343414831223603,0.035630482034348,-73.4509486148612,0.0,-20.0,-2.034757136339064,-0.4674205891246751,-3.0,0.5788620715756365,0.14542792326340048,3.0,-1.0,3.0,0.0,157.0,-187.5,0,0,3.0,3.0,-187.5,2406.25,0.0,0.0,1957.5,448.75,-187.5,-93.75
978,2019-06-11,10:03:01,153.0,153.0,152.9375,152.9375,290,44366.53125,152.98803879310344,-0.0625,-0.00040858018954459396,153.10075546968244,153.3945981090146,-0.29384263933215493,1.0000000000000053,0.0007812500000000005,0.31249999999999406,1.2577882373436315,0.0007812499999999964,0,978,-0.16727558535975964,0.5788620715756365,0.027950849718747305,-105.12833859754454,0.0,-20.0,-2.034757136339064,-0.4674205891246751,-3.0,0.6785029344856622,0.09964086291002572,3.0,-1.0,3.0,0.0,157.0,-250.0,0,0,3.0,3.0,-187.5,2218.75,0.0,0.0,1957.5,261.25,-187.5,-187.5
979,2019-06-11,10:12:34,152.9375,152.96875,152.875,152.9375,291,44502.65625,152.93009020618555,0.0,0.0,153.06447647641969,153.38053355181415,-0.31605707539446826,1.0000000000000027,0.001171875,-3.333333333333344,0.6085806194501838,0.0011718749999999971,0,979,-0.03966498285111729,0.6785029344856622,0.03423265984407284,-92.32618114808614,0.0,-20.0,-2.034757136339064,-0.4674205891246751,-3.0,0.7355886701083062,0.05708573562264396,3.0,-1.0,3.0,0.0,157.0,-250.0,0,0,3.0,3.0,0.0,2218.75,0.0,0.0,1957.5,261.25,0.0,0.0
980,2019-06-11,10:16:57,152.9375,152.9375,152.875,152.875,290,44339.28125,152.89407327586207,-0.0625,-0.0004087471955545041,153.02237059277087,153.3649786732968,-0.3426080805259346,0.9999999999999997,0.002734375,-0.612244897959183,0.5122408325718831,0.0027343750000000007,0,980,0.04112548418692024,0.7355886701083062,0.05229125165837973,-65.51919674139819,0.0,-20.0,-2.034757136339064,-0.4674205891246751,-3.0,0.7430550047045067,0.007466334596200497,3.0,-1.0,3.0,0.0,157.0,-312.5,0,0,3.0,3.0,-187.5,2031.25,0.0,0.0,1957.5,73.75,-187.5,0.0
981,2019-06-11,10:29:38,152.875,152.9375,152.84375,152.875,291,44491.0625,152.89024914089347,0.0,0.0,152.98962157215513,153.34990240642614,-0.3602808342710091,0.9999999999999997,0.002734375,-0.612244897959183,0.5122408325718831,0.0027343750000000007,0,981,0.05220191468806264,0.7430550047045067,0.05229125165837973,-68.89887368249173,0.0,-20.0,-2.034757136339064,-0.4674205891246751,-3.0,0.7851496890549915,0.0420946843504848,3.0,-1.0,3.0,0.0,157.0,-312.5,0,0,3.0,3.0,0.0,2031.25,0.0,0.0,1957.5,73.75,0.0,0.0
982,2019-06-11,10:49:51,152.875,152.9375,152.84375,152.9375,290,44340.28125,152.89752155172414,0.0625,0.0004087471955545041,152.9780390005651,153.337213101613,-0.3591741010478984,0.9999999999999996,0.00390625,-3.0,0.0,0.003906250000000003,-1,982,0.11726917194836614,0.7851496890549915,0.06250000000000001,-57.46785616766373,0.0,-20.0,-2.034757136339064,-0.4674205891246751,-3.0,0.7797654609558472,-0.005384228099144295,-3.0,-1.0,3.0,0.0,157.0,-250.0,0,0,-3.0,3.0,187.5,2218.75,0.0,6.0,1972.5,246.25,172.5,172.5
983,2019-06-11,11:01:44,152.9375,152.9375,152.84375,152.875,291,44491.59375,152.89207474226805,-0.0625,-0.0004087471955545041,152.955141444884,153.3229911600249,-0.36784971514092035,0.9999999999999982,0.002734375,-0.612244897959183,-0.5122408325718831,0.002734375000000004,0,983,0.10867787102968249,0.7797654609558472,0.052291251658379764,-70.34632055550955,0.0,-20.0,-2.034757136339064,-0.4674205891246751,-3.0,0.8032566380483497,0.02349117709250248,3.0,-1.0,-3.0,1.0,158.0,-62.5,0,0,3.0,-3.0,187.5,2406.25,0.0,6.0,1987.5,418.75,172.5,172.5
984,2019-06-11,11:10:17,152.875,152.9375,152.875,152.9375,290,44343.5625,152.90883620689655,0.0625,0.0004087471955545041,152.95122112379866,153.3111298935626,-0.3599087697639334,0.9999999999999982,0.0027343750000000003,0.5357142857142847,-1.088511769215251,0.002734375000000005,-1,984,0.14681202141328337,0.8032566380483497,0.05229125165837977,-68.8277213395517,0.0,-20.0,-2.034757136339064,-0.4674205891246751,-3.0,0.7952122555368305,-0.008044382511519177,-3.0,-1.0,3.0,1.0,159.0,62.5,0,0,-3.0,3.0,187.5,2593.75,0.0,6.0,2002.5,591.25,172.5,172.5
985,2019-06-11,11:20:02,152.9375,152.96875,152.90625,152.9375,291,44504.8125,152.9375,0.0,0.0,152.94817198517674,153.29963358914526,-0.35146160396851656,0.9999999999999986,0.0021484375,0.8677685950413228,-0.5516180692881075,0.0021484375000000036,0,985,0.1335591075404726,0.7952122555368305,0.04635124054434793,-75.82571681813891,0.0,-20.0,-2.034757136339064,-0.4674205891246751,-3.0,0.7875236675294089,-0.00768858800742156,-3.0,-1.0,-3.0,1.0,160.0,0.0,0,0,-3.0,-3.0,-0.0,2593.75,0.0,0.0,2002.5,591.25,-0.0,172.5
986,2019-06-11,11:28:49,152.9375,152.96875,152.90625,152.96875,290,44353.0625,152.94159482758621,0.03125,0.00020431096199313714,152.9527448773597,153.2894525556331,-0.33670767827339887,0.9999999999999964,0.00126953125,-0.17751479289940755,0.4047960089109363,0.0012695312500000046,-1,986,0.1210844407367858,0.7875236675294089,0.03563048203434813,-94.49989420541924,0.0,-20.0,-2.034757136339064,-0.4674205891246751,-3.0,0.8237372831402654,0.03621361561085645,3.0,-1.0,-3.0,0.0,160.0,31.25,0,0,3.0,-3.0,-93.75,2500.0,0.0,6.0,2017.5,482.5,-108.75,-0.0
987,2019-06-11,11:39:44,152.96875,153.0,152.9375,152.96875,290,44359.8125,152.96487068965519,0.0,0.0,152.95630157127977,153.27958478469054,-0.32328321341077526,0.9999999999999943,0.00068359375,-0.612244897959183,-0.5122408325718831,0.0006835937500000038,0,987,0.1815606976327291,0.8237372831402654,0.026145625829189934,-123.64715058755642,0.0,-20.0,-2.034757136339064,-0.4674205891246751,-3.0,0.8539041174151643,0.030166834274898857,3.0,-1.0,3.0,1.0,161.0,0.0,0,0,3.0,3.0,0.0,2500.0,0.0,0.0,2017.5,482.5,0.0,0.0
988,2019-06-11,11:44:16,152.96875,153.0,152.9375,152.9375,291,44513.375,152.96692439862542,-0.03125,-0.00020431096199313714,152.95212344432872,153.26905909900776,-0.3169356546790425,0.9999999999999969,0.0009765625,-3.0,0.0,0.000976562500000003,0,988,0.23580155613198572,0.8539041174151643,0.03125000000000005,-101.41940949729344,0.0,-20.0,-2.034757136339064,-0.4674205891246751,-3.0,0.8804117909740344,0.02650767355887018,3.0,-1.0,3.0,0.0,161.0,-31.25,0,0,3.0,3.0,-93.75,2406.25,0.0,0.0,2017.5,388.75,-93.75,0.0
989,2019-06-11,11:49:39,152.9375,152.96875,152.875,152.96875,290,44349.1875,152.92823275862068,0.03125,0.00020431096199313714,152.9558182344779,153.2598188190383,-0.30400058456038437,0.9999999999999983,0.00078125,0.3125000000000024,1.2577882373436315,0.0007812500000000013,-1,989,0.2872280750642854,0.8804117909740344,0.027950849718747395,-108.7625555642707,0.0,-20.0,-2.034757136339064,-0.4674205891246751,-3.0,0.9301006805885045,0.049688889614470044,3.0,-1.0,3.0,0.0,161.0,0.0,0,0,3.0,3.0,93.75,2500.0,0.0,0.0,2017.5,482.5,93.75,93.75
990,2019-06-11,12:02:59,152.96875,152.96875,152.9375,152.9375,291,44510.09375,152.95564862542955,-0.03125,-0.00020431096199313714,152.95174751570505,153.24990131691405,-0.29815380120899704,0.9999999999999987,0.003125,0.31250000000000117,1.257788237343631,0.0031250000000000045,0,990,0.39795687227285564,0.9301006805885045,0.05590169943749478,-53.33537338026207,0.0,-20.0,-2.034757136339064,-0.4674205891246751,-3.0,0.9454629393259507,0.015362258737446233,3.0,-1.0,3.0,0.0,161.0,-31.25,0,0,3.0,3.0,-93.75,2406.25,0.0,0.0,2017.5,388.75,-93.75,93.75
991,2019-06-11,12:10:50,152.9375,152.9375,152.875,152.90625,290,44346.78125,152.9199353448276,-0.03125,-0.00020435271349406037,152.9416369566595,153.23932743023977,-0.2976904735802748,0.9999999999999977,0.0027343750000000003,-0.6122448979591854,0.5122408325718829,0.0027343750000000063,0,991,0.4382175837616023,0.9454629393259507,0.052291251658379785,-56.92930731991175,0.0,-20.0,-2.034757136339064,-0.4674205891246751,-3.0,0.9758928587767257,0.030429919450775,3.0,-1.0,3.0,0.0,161.0,-62.5,0,0,3.0,3.0,-93.75,2312.5,0.0,0.0,2017.5,295.0,-93.75,-93.75
992,2019-06-11,12:25:04,152.90625,153.0,152.875,153.0,290,44351.34375,152.93566810344828,0.09375,0.0006129329030386543,152.95460652184627,153.2319635093093,-0.27735698746303683,0.9999999999999987,0.003125,0.31250000000000117,1.257788237343631,0.0031250000000000045,-1,992,0.5357342967466003,0.9758928587767257,0.05590169943749478,-49.61512624015255,0.0,-20.0,-2.034757136339064,-0.4674205891246751,-3.0,0.9944863907956254,0.018593532018899683,3.0,-1.0,3.0,0.0,161.0,31.25,0,0,3.0,3.0,281.25,2593.75,0.0,0.0,2017.5,576.25,281.25,281.25
993,2019-06-11,12:28:06,153.0,153.0625,153.0,153.03125,291,44531.28125,153.02845790378007,0.03125,0.00020422751015569673,152.97163840588044,153.22578770902288,-0.2541493031424409,0.9999999999999991,0.00390625,-0.1875000000000012,0.9375000000000003,0.0039062500000000035,-1,993,0.6290568113931153,0.9944863907956254,0.06250000000000003,-40.66388850279053,0.0,-20.0,-2.034757136339064,-0.4674205891246751,-3.0,0.9987858343506266,0.0042994435550012255,3.0,-1.0,3.0,0.0,161.0,62.5,0,0,3.0,3.0,93.75,2687.5,0.0,0.0,2017.5,670.0,93.75,281.25
994,2019-06-11,12:31:47,153.0625,153.0625,152.96875,153.0,290,44382.75,153.0439655172414,-0.03125,-0.00020422751015569673,152.97794098235147,153.21884039489913,-0.24089941254766245,0.9999999999999988,0.00634765625,-2.2603550295857993,0.0,0.006347656250000008,0,994,0.7410825377683541,0.9987858343506266,0.07967217989988731,-30.23632751738015,0.0,-20.0,-2.034757136339064,-0.4674205891246751,-3.0,0.9744906077259061,-0.0242952266247205,-3.0,-1.0,3.0,0.0,161.0,31.25,0,0,-3.0,3.0,-93.75,2593.75,0.0,6.0,2032.5,561.25,-108.75,93.75
995,2019-06-11,12:35:25,153.0,153.0,152.90625,152.9375,290,44360.25,152.96637931034482,-0.0625,-0.00040858018954459396,152.9689540973845,153.2101837673638,-0.2412296699792762,0.9999999999999989,0.011035156249999999,-1.9132273474821808,0.37909218094007513,0.011035156250000011,0,995,0.8477636796841524,0.9744906077259061,0.10504835196232262,-22.96367962686338,0.0,-20.0,-2.034757136339064,-0.4674205891246751,-3.0,0.9265033379384988,-0.047987269787407305,-3.0,-1.0,-3.0,1.0,162.0,-62.5,0,0,-3.0,-3.0,187.5,2781.25,0.0,0.0,2032.5,748.75,187.5,187.5
996,2019-06-11,12:42:08,152.9375,153.09375,152.9375,153.0625,290,44379.3125,153.03211206896552,0.125,0.0008169935094954894,152.98974207574352,153.2056396514449,-0.21589757570137635,0.9999999999999989,0.011035156249999999,-1.9132273474821808,0.37909218094007513,0.011035156250000011,-1,996,0.9212115614770283,0.9265033379384988,0.10504835196232262,-20.55220968900223,0.0,-20.0,-2.034757136339064,-0.4674205891246751,-3.0,0.8327186622901501,-0.09378467564834869,-3.0,-1.0,-3.0,0.0,162.0,62.5,0,0,-3.0,-3.0,-375.0,2406.25,0.0,0.0,2032.5,373.75,-375.0,187.5
997,2019-06-11,12:50:25,153.0625,153.25,153.0625,153.25,290,44418.46875,153.16713362068967,0.1875,0.0012242401039346262,153.04757717002278,153.2070045852466,-0.1594274152238313,0.9999999999999981,0.008984374999999998,-0.13941398865784885,-0.22576614034747022,0.008984375000000013,-1,997,0.9803434448974221,0.8327186622901501,0.09478594305064446,-16.81973192360904,0.0,-16.81973192360904,-1.6678257172301467,-0.4674205891246751,-2.0,0.6823789564874756,-0.15033970580267453,3.0,-1.0,-3.0,0.0,162.0,250.0,0,0,3.0,-3.0,-562.5,1843.75,1.0,6.0,2047.5,-203.75,-577.5,-375.0
998,2019-06-11,12:56:32,153.25,153.28125,153.21875,153.28125,290,44445.0625,153.25883620689655,0.03125,0.00020389438341616994,153.0995044655733,153.2092890595467,-0.10978459397341567,0.9999999999999972,0.0056640625,-0.9453032104637084,0.6013638196305293,0.005664062500000015,-1,998,0.9994088577328245,0.6823789564874756,0.07525996611745195,-14.58738285931248,0.0,-14.58738285931248,-1.4102628356008864,-0.4674205891246751,-2.0,0.6025270758460634,-0.07985188064141224,-2.0,1.0,3.0,1.0,163.0,31.25,0,0,-2.0,3.0,93.75,1937.5,0.0,5.0,2060.0,-122.5,81.25,81.25
999,2019-06-11,13:01:32,153.28125,153.375,153.25,153.34375,290,44467.1875,153.33512931034483,0.0625,0.0004076640904395745,153.15378125100145,153.21342631925296,-0.05964506825151261,0.9999999999999979,0.006054687499999999,2.814776274713845,1.671214410135846,0.0060546875000000114,-1,999,0.9903918014609296,0.6025270758460634,0.07781187248742966,-7.665291470931784,0.0,-7.665291470931784,-0.6116091512792434,-0.4674205891246751,-1.0,0.5212431126709033,-0.08128396317516007,-2.0,1.0,-2.0,1.0,164.0,62.5,0,0,-2.0,-2.0,-125.0,1812.5,1.0,0.0,2060.0,-247.5,-125.0,81.25
1000,2019-06-11,13:10:00,153.34375,153.375,153.3125,153.34375,290,44469.5625,153.34331896551726,0.0,0.0,153.1959965285567,153.21743627866053,-0.021439750103837696,0.999999999999992,0.0009765625,-2.9999999999999964,-9.251858538542974e-16,0.0009765625000000078,0,1000,0.9720252905037853,0.5212431126709033,0.031250000000000125,-6.860720033228035,0.0,-6.860720033228035,-0.5187797003273715,-0.4674205891246751,-1.0,0.33037425352660493,-0.19086885914429835,-1.0,1.0,-2.0,0.0,164.0,62.5,0,0,-1.0,-2.0,-0.0,1812.5,0.0,1.0,2062.5,-250.0,-2.5,-2.5
1001,2019-06-11,13:21:44,153.34375,153.375,153.25,153.34375,289,44301.25,153.29152249134947,0.0,0.0,153.22883063332188,153.22132285470173,0.007507778620151839,0.9999999999999941,0.001171875,-3.3333333333333304,0.6085806194501845,0.001171875000000007,0,1001,0.9010126216986043,0.33037425352660493,0.034232659844072984,2.1931625104064856,2.1931625104064856,0.0,0.2727931097101266,-0.2277744572863657,0.0,0.14442123079286495,-0.18595302273373998,-1.0,1.0,-1.0,0.0,164.0,62.5,0,0,-1.0,-1.0,-0.0,1812.5,1.0,0.0,2062.5,-250.0,-0.0,-0.0
1002,2019-06-11,13:28:24,153.34375,153.46875,153.34375,153.40625,290,44485.46875,153.39816810344828,0.0625,0.0004074979681494284,153.26825715925037,153.22701292071088,0.04124423853949111,0.9999999999999923,0.00078125,0.3124999999999976,1.257788237343632,0.000781250000000006,-1,1002,0.8018149175122219,0.14442123079286495,0.027950849718747478,14.755987368722945,14.755987368722945,0.0,0.2727931097101266,1.1449612009114845,1.0,-0.027730345065591265,-0.17215157585845622,0.0,1.0,-1.0,0.0,164.0,125.0,0,0,0.0,-1.0,-62.5,1750.0,1.0,1.0,2065.0,-315.0,-65.0,-0.0
1003,2019-06-11,13:32:43,153.40625,153.40625,153.3125,153.40625,289,44323.6875,153.369160899654,0.0,0.0,153.2989222349725,153.2325279077659,0.0663943272066092,0.9999999999999897,0.0006835937499999997,-0.6122448979591795,0.5122408325718838,0.0006835937500000068,0,1003,0.6872265411891852,-0.027730345065591265,0.02614562582918999,25.394047799951306,20.0,0.0,0.2727931097101266,1.7179727020810263,2.0,-0.24246051382585992,-0.21473016876026865,1.0,1.0,0.0,0.0,164.0,125.0,0,0,1.0,0.0,0.0,1750.0,1.0,1.0,2067.5,-317.5,-2.5,-2.5
1004,2019-06-11,13:36:39,153.40625,153.4375,153.375,153.4375,290,44486.90625,153.403125,0.03125,0.00020368673051329722,153.32971729386753,153.2388347413731,0.09088255249443478,0.9999999999999897,0.0006835937499999997,-0.6122448979591795,0.5122408325718838,0.0006835937500000068,-1,1004,0.5145621428008749,-0.24246051382585992,0.02614562582918999,34.760136585818486,20.0,0.0,0.2727931097101266,1.7179727020810263,2.0,-0.3354535843961056,-0.0929930705702457,2.0,1.0,1.0,1.0,165.0,31.25,0,0,2.0,1.0,31.25,1781.25,0.0,1.0,2070.0,-288.75,28.75,28.75
1005,2019-06-11,13:37:28,153.4375,153.46875,153.4375,153.46875,290,44496.96875,153.43782327586206,0.03125,0.00020364525067861905,153.36061345078585,153.24590905702314,0.11470439376270747,0.9999999999999938,0.00068359375,-0.612244897959183,-0.5122408325718831,0.0006835937500000042,-1,1005,0.4289332015652192,-0.3354535843961056,0.02614562582918994,43.87135137329444,20.0,0.0,0.2727931097101266,1.7179727020810263,2.0,-0.42075740659995764,-0.08530382220385202,2.0,1.0,2.0,0.0,165.0,62.5,0,0,2.0,2.0,62.5,1843.75,0.0,0.0,2070.0,-226.25,62.5,62.5
1006,2019-06-11,13:39:24,153.46875,153.5,153.4375,153.46875,289,44356.53125,153.4828070934256,0.0,0.0,153.38464379505567,153.25276570142242,0.13187809363324732,0.9999999999999952,0.00126953125,-0.1775147928994123,-0.4047960089109363,0.001269531250000006,0,1006,0.3439479020893831,-0.42075740659995764,0.03563048203434815,37.012716669428016,20.0,0.0,0.2727931097101266,1.7179727020810263,2.0,-0.5173482606090837,-0.09659085400912604,2.0,1.0,2.0,0.0,165.0,62.5,0,0,2.0,2.0,0.0,1843.75,0.0,0.0,2070.0,-226.25,0.0,62.5
1007,2019-06-11,13:44:09,153.46875,153.5,153.4375,153.4375,289,44355.03125,153.47761678200692,-0.03125,-0.00020364525067861905,153.39638961837665,153.25844983368634,0.1379397846903032,0.9999999999999996,0.00361328125,-0.021913805697588867,-0.5901286563843656,0.0036132812500000023,0,1007,0.2393038120419825,-0.5173482606090837,0.06011057519272297,22.947673391586893,20.0,0.0,0.2727931097101266,1.7179727020810263,2.0,-0.5896378808459798,-0.07228962023689611,2.0,1.0,2.0,0.0,165.0,31.25,0,0,2.0,2.0,-62.5,1781.25,0.0,0.0,2070.0,-288.75,-62.5,0.0
1008,2019-06-11,13:48:33,153.4375,153.5,153.40625,153.5,290,44503.9375,153.46185344827586,0.0625,0.00040724903841216076,153.4194141476263,153.265882146496,0.1535320011302872,0.9999999999999994,0.00322265625,1.0743801652892582,-0.2669003066972995,0.0032226562500000016,-1,1008,0.15417038807200364,-0.5896378808459798,0.05676844413932798,27.0453072050857,20.0,0.0,0.2727931097101266,1.7179727020810263,2.0,-0.6851422748848076,-0.09550439403882782,2.0,1.0,2.0,0.0,165.0,93.75,0,0,2.0,2.0,125.0,1906.25,0.0,0.0,2070.0,-163.75,125.0,125.0
1009,2019-06-11,13:53:15,153.5,153.53125,153.375,153.40625,289,44347.65625,153.45209775086505,-0.09375,-0.000610935768925458,153.41648878148715,153.27020115737307,0.14628762411408047,0.9999999999999996,0.00361328125,-0.021913805697588867,-0.5901286563843656,0.0036132812500000023,0,1009,0.030594384940680914,-0.6851422748848076,0.06011057519272297,24.33642061235677,20.0,0.0,0.2727931097101266,1.7179727020810263,2.0,-0.7592027108450848,-0.07406043596027723,2.0,1.0,2.0,0.0,165.0,0.0,0,0,2.0,2.0,-187.5,1718.75,0.0,0.0,2070.0,-351.25,-187.5,125.0
1010,2019-06-11,13:58:21,153.40625,153.4375,153.34375,153.40625,290,44482.84375,153.38911637931034,0.0,0.0,153.41421349671225,153.27438727560772,0.1398262211045278,0.999999999999999,0.00361328125,2.6077428780131497,-1.517473687845512,0.003613281250000004,0,1010,-0.07661393731441127,-0.7592027108450848,0.06011057519272298,23.2615011012996,20.0,0.0,0.2727931097101266,1.7179727020810263,2.0,-0.8268413913940247,-0.06763868054893984,2.0,1.0,2.0,0.0,165.0,0.0,0,0,2.0,2.0,0.0,1718.75,0.0,0.0,2070.0,-351.25,0.0,0.0
1011,2019-06-11,14:04:46,153.40625,153.4375,153.40625,153.4375,289,44337.4375,153.41673875432525,0.03125,0.00020368673051329722,153.41938827522065,153.27940612866595,0.13998214655470065,0.9999999999999992,0.00263671875,3.251028806584363,-1.7355817665801556,0.0026367187500000023,-1,1011,-0.18696343652040492,-0.8268413913940247,0.05134898976610935,27.260934867912386,20.0,0.0,0.2727931097101266,1.7179727020810263,2.0,-0.8840224085825958,-0.05718101718857116,2.0,1.0,2.0,0.0,165.0,31.25,0,0,2.0,2.0,62.5,1781.25,0.0,0.0,2070.0,-288.75,62.5,62.5
1012,2019-06-11,14:11:46,153.40625,153.5,153.34375,153.46875,290,44493.125,153.42456896551724,0.03125,0.00020364525067861905,153.43035754739387,153.2852320939378,0.14512545345607464,0.9999999999999998,0.00419921875,3.877771768523528,-1.9177563393288488,0.0041992187500000016,-1,1012,-0.29456504851305365,-0.8840224085825958,0.06480137922914914,22.395426637893827,20.0,0.0,0.2727931097101266,1.7179727020810263,2.0,-0.9044698835386412,-0.020447474956045375,2.0,1.0,2.0,0.0,165.0,62.5,0,0,2.0,2.0,62.5,1843.75,0.0,0.0,2070.0,-226.25,62.5,62.5
1013,2019-06-11,14:19:04,153.5,153.5,153.4375,153.46875,289,44347.6875,153.45220588235293,0.0,0.0,153.43888920352856,153.2908787987397,0.14801040478886307,0.9999999999999994,0.004589843749999999,4.151199637845177,-2.031531490021056,0.004589843750000003,0,1013,-0.3379492369204614,-0.9044698835386412,0.06774838558962126,21.847074804914257,20.0,0.0,0.2727931097101266,1.7179727020810263,2.0,-0.945219060962941,-0.04074917742429973,2.0,1.0,2.0,0.0,165.0,62.5,0,0,2.0,2.0,0.0,1843.75,0.0,0.0,2070.0,-226.25,0.0,62.5
1014,2019-06-11,14:24:13,153.46875,153.46875,153.3125,153.34375,290,44480.84375,153.3822198275862,-0.125,-0.0008148299493413447,153.4177471583,153.29250560493236,0.12524155336762988,1.0,0.00458984375,-0.7378904481665908,-0.9127170462413431,0.00458984375,0,1014,-0.4375451951916512,-0.945219060962941,0.06774838558962125,18.486278643784587,18.486278643784587,0.0,0.2727931097101266,1.5525688772496282,2.0,-0.9616723762105777,-0.016453315247636713,2.0,1.0,2.0,0.0,165.0,-62.5,0,0,2.0,2.0,-250.0,1593.75,0.0,0.0,2070.0,-476.25,-250.0,0.0
1015,2019-06-11,14:33:24,153.34375,153.40625,153.3125,153.375,289,44320.6875,153.35878027681662,0.03125,0.0002037697408985295,153.40824778978887,153.2950438940114,0.11320389577747392,0.9999999999999997,0.008984375000000001,-0.13941398865784413,0.22576614034747067,0.008984375000000003,-1,1015,-0.48611560438395623,-0.9616723762105777,0.0947859430506444,11.943110142079691,11.943110142079691,0.0,0.2727931097101266,0.8375990499069113,1.0,-0.9880175821532552,-0.02634520594267753,2.0,1.0,2.0,0.0,165.0,-31.25,0,0,2.0,2.0,62.5,1656.25,-1.0,0.0,2070.0,-413.75,62.5,62.5
1016,2019-06-11,14:40:44,153.375,153.375,153.28125,153.3125,290,44463.34375,153.321875,-0.0625,-0.00040758101236715305,153.38697050316912,153.2955810049649,0.09138949820422226,0.9999999999999998,0.009082031249999999,-0.0034686090877530753,0.5429955844662838,0.009082031250000002,0,1016,-0.5894981055330456,-0.9880175821532552,0.09529969176235567,9.589695046665621,9.589695046665621,0.0,0.2727931097101266,0.5804421718599045,1.0,-0.9947760555911492,-0.006758473437894041,1.0,1.0,2.0,0.0,165.0,-93.75,0,0,1.0,2.0,-125.0,1531.25,0.0,1.0,2072.5,-541.25,-127.5,62.5
1017,2019-06-11,14:45:30,153.3125,153.46875,153.3125,153.4375,290,44481.84375,153.38566810344827,0.125,0.0008149959701313492,153.39819928024266,153.2999477432737,0.0982515369689736,0.9999999999999991,0.005175781250000001,1.1285154859380562,1.032658539398995,0.005175781250000006,-1,1017,-0.6312304895342322,-0.9947760555911492,0.0719429027076334,13.656876949802133,13.656876949802133,0.0,0.2727931097101266,1.0248617741212929,1.0,-0.9999520636522873,-0.005176008061138049,1.0,1.0,1.0,0.0,165.0,31.25,0,0,1.0,1.0,125.0,1656.25,0.0,0.0,2072.5,-416.25,125.0,125.0
1018,2019-06-11,14:49:36,153.4375,153.46875,153.375,153.40625,289,44338.40625,153.42009083044982,-0.03125,-0.00020368673051329722,153.39998832907764,153.3032185819422,0.09676974713545405,0.9999999999999992,0.00537109375,3.3223140495867725,1.7443694974549941,0.005371093750000004,0,1018,-0.7139964100945988,-0.9999520636522873,0.07328774624724112,13.204082822931248,13.204082822931248,0.0,0.2727931097101266,0.9753851117632443,1.0,-0.9985625822703841,0.0013894813819032015,1.0,1.0,1.0,0.0,165.0,0.0,0,0,1.0,1.0,-31.25,1625.0,0.0,0.0,2072.5,-447.5,-31.25,125.0
1019,2019-06-11,14:58:01,153.40625,153.46875,153.40625,153.40625,290,44495.59375,153.43308189655173,0.0,0.0,153.40137981150485,153.30638877942087,0.09499103208398196,0.9999999999999983,0.00419921875,1.9307733910221725,1.446728466511237,0.004199218750000007,0,1019,-0.7439900388590981,-0.9985625822703841,0.06480137922914918,14.65879788577907,14.65879788577907,0.0,0.2727931097101266,1.1343413387114198,1.0,-0.9880722150315725,0.010490367238811582,1.0,1.0,1.0,0.0,165.0,0.0,0,0,1.0,1.0,0.0,1625.0,0.0,0.0,2072.5,-447.5,0.0,0.0
1020,2019-06-11,15:05:58,153.40625,153.46875,153.34375,153.375,289,44331.21875,153.3952205882353,-0.03125,-0.0002037282272508989,153.39551763117046,153.30849989390023,0.0870177372702301,0.999999999999997,0.00078125,0.3125000000000024,1.2577882373436315,0.0007812500000000024,0,1020,-0.8075608041523873,-0.9880722150315725,0.027950849718747416,31.13241212551219,20.0,0.0,0.2727931097101266,1.7179727020810263,2.0,-0.9925951943979392,-0.004522979366366697,1.0,1.0,1.0,0.0,165.0,-31.25,0,0,1.0,1.0,-31.25,1593.75,1.0,0.0,2072.5,-478.75,-31.25,0.0
1021,2019-06-11,15:13:13,153.375,153.4375,153.3125,153.40625,290,44474.78125,153.3613146551724,0.03125,0.0002037282272508989,153.3979026020215,153.31150758947254,0.08639501254896231,0.999999999999996,0.0009765625,-3.0,0.0,0.0009765625000000041,-1,1021,-0.7877625272785141,-0.9925951943979392,0.03125000000000006,27.646404015667887,20.0,0.0,0.2727931097101266,1.7179727020810263,2.0,-0.9965510008773225,-0.003955806479383317,2.0,1.0,1.0,0.0,165.0,0.0,0,0,2.0,1.0,31.25,1625.0,0.0,1.0,2075.0,-450.0,28.75,28.75
1022,2019-06-11,15:26:49,153.40625,153.40625,153.3125,153.375,289,44320.28125,153.35737456747404,-0.03125,-0.0002037282272508989,153.39281313490562,153.31346120210415,0.07935193280147246,0.9999999999999956,0.001171875,-3.3333333333333326,-0.6085806194501847,0.001171875000000005,0,1022,-0.7633454902787509,-0.9965510008773225,0.034232659844072956,23.180183241066924,20.0,0.0,0.2727931097101266,1.7179727020810263,2.0,-0.9936167311891984,0.002934269688124158,2.0,1.0,2.0,0.0,165.0,-31.25,0,0,2.0,2.0,-62.5,1562.5,0.0,0.0,2075.0,-512.5,-62.5,28.75
1023,2019-06-11,15:33:32,153.375,153.40625,153.3125,153.40625,290,44472.5625,153.35366379310344,0.03125,0.0002037282272508989,153.39579910492662,153.3163162420394,0.07948286288723239,0.9999999999999927,0.00078125,0.3125000000000024,-1.2577882373436315,0.0007812500000000057,-1,1023,-0.7823608898721346,-0.9936167311891984,0.027950849718747475,28.436653513943387,20.0,0.0,0.2727931097101266,1.7179727020810263,2.0,-0.9902502920881886,0.003366439101009755,2.0,1.0,2.0,0.0,165.0,0.0,0,0,2.0,2.0,62.5,1625.0,0.0,0.0,2075.0,-450.0,62.5,62.5
1024,2019-06-11,15:42:39,153.40625,153.46875,153.40625,153.4375,290,44491.625,153.41939655172413,0.03125,0.00020368673051329722,153.4050659704985,153.32004497305357,0.08502099744492853,0.999999999999996,0.0009765625,-3.0,0.0,0.0009765625000000041,-1,1024,-0.7987123387877233,-0.9902502920881886,0.03125000000000006,27.206719182377075,20.0,0.0,0.2727931097101266,1.7179727020810263,2.0,-0.9737019706231594,0.01654832146502916,2.0,1.0,2.0,0.0,165.0,31.25,0,0,2.0,2.0,62.5,1687.5,0.0,0.0,2075.0,-387.5,62.5,62.5
1025,2019-06-11,15:51:00,153.4375,153.46875,153.4375,153.4375,289,44348.8125,153.45609861591694,0.0,0.0,153.41227353260996,153.3236589738827,0.0886145587272722,0.9999999999999927,0.00078125,0.3125000000000024,-1.2577882373436315,0.0007812500000000057,0,1025,-0.8496082439147216,-0.9737019706231594,0.027950849718747475,31.703708337652344,20.0,0.0,0.2727931097101266,1.7179727020810263,2.0,-0.9231566910679591,0.050545279555200384,2.0,1.0,2.0,0.0,165.0,31.25,0,0,2.0,2.0,0.0,1687.5,0.0,0.0,2075.0,-387.5,0.0,62.5
1026,2019-06-11,15:56:25,153.4375,153.4375,153.40625,153.40625,289,44339.875,153.42517301038063,-0.03125,-0.00020368673051329722,153.41093496980776,153.32620023622474,0.0847347335830193,0.9999999999999927,0.00078125,0.3125000000000024,-1.2577882373436315,0.0007812500000000057,0,1026,-0.9245990926330779,-0.9231566910679591,0.027950849718747475,30.315619895514367,20.0,0.0,0.2727931097101266,1.7179727020810263,2.0,-0.8243609736386787,0.0987957174292804,-2.0,1.0,2.0,0.0,165.0,0.0,0,0,-2.0,2.0,-62.5,1625.0,0.0,4.0,2085.0,-460.0,-72.5,0.0
1027,2019-06-11,16:09:26,153.40625,153.46875,153.375,153.4375,290,44496.5625,153.4364224137931,0.03125,0.00020368673051329722,153.4168383098505,153.32962484434088,0.08721346550962039,0.9999999999999927,0.00068359375,-0.612244897959183,-0.5122408325718831,0.0006835937500000048,-1,1027,-0.9831792605215209,-0.8243609736386787,0.026145625829189955,33.356809310814825,20.0,0.0,0.2727931097101266,1.7179727020810263,2.0,-0.6337278828470533,0.19063309079162538,-2.0,-1.0,-2.0,1.0,166.0,31.25,0,0,-2.0,-2.0,-62.5,1562.5,0.0,0.0,2085.0,-522.5,-62.5,-62.5
1028,2019-06-11,16:21:52,153.4375,153.5,153.40625,153.46875,289,44350.84375,153.46312716262975,0.03125,0.00020364525067861905,153.42837424099486,153.33390561836117,0.09446862263368416,0.9999999999999927,0.00078125,0.3125000000000024,-1.2577882373436315,0.0007812500000000057,-1,1028,-0.9951000156322609,-0.6337278828470533,0.027950849718747475,33.79812191195076,20.0,0.0,0.2727931097101266,1.7179727020810263,2.0,0.5588630635654014,1.1925909464124547,-2.0,-1.0,-2.0,0.0,166.0,62.5,0,0,-2.0,-2.0,-62.5,1500.0,0.0,0.0,2085.0,-585.0,-62.5,-62.5
1029,2019-06-11,16:30:53,153.46875,153.53125,153.4375,153.46875,290,44510.25,153.48362068965517,0.0,0.0,153.4373466318849,153.3380546762577,0.09929195562719428,0.9999999999999778,0.00029296875,-3.333333333333344,-0.6085806194501838,0.00029296875000000644,0,1029,-0.19119947691617142,0.5588630635654014,0.01711632992203663,58.01007346753677,20.0,0.0,0.2727931097101266,1.7179727020810263,2.0,0.9977727045452606,0.4389096409798592,-2.0,-1.0,-2.0,0.0,166.0,62.5,0,0,-2.0,-2.0,-0.0,1500.0,0.0,0.0,2085.0,-585.0,-0.0,-0.0
1030,2019-06-11,16:44:59,153.46875,153.53125,153.46875,153.5,289,44357.1875,153.4850778546713,0.03125,0.0002036037877335417,153.45126960257718,153.34303760929592,0.1082319932812652,0.9999999999999778,0.00029296875,-3.333333333333344,-0.6085806194501838,0.00029296875000000644,-1,1030,0.752699790431762,0.9977727045452606,0.01711632992203663,63.233177774822266,20.0,0.0,0.2727931097101266,1.7179727020810263,2.0,0.8957962551545785,-0.10197644939068207,2.0,-1.0,-2.0,0.0,166.0,93.75,0,0,2.0,-2.0,-62.5,1437.5,0.0,4.0,2095.0,-657.5,-72.5,-0.0
1031,2019-06-11,16:51:02,153.5,153.53125,153.46875,153.5,290,44515.0,153.5,0.0,0.0,153.46209857978226,153.34786722131756,0.114231358464707,0.9999999999999946,0.0014648437500000002,2.0000000000000058,1.3608276348795423,0.0014648437500000082,0,1031,0.9477077688063913,0.8957962551545785,0.038273277230987265,29.846244358771983,20.0,0.0,0.2727931097101266,1.7179727020810263,2.0,0.6694523116630781,-0.22634394349150044,-2.0,-1.0,2.0,1.0,167.0,0.0,0,0,-2.0,2.0,0.0,1437.5,0.0,4.0,2105.0,-667.5,-10.0,-10.0
1032,2019-06-11,17:00:15,153.5,153.5625,153.46875,153.53125,289,44372.96875,153.53968425605535,0.03125,0.0002035623416700716,153.47746556205288,153.35350976835392,0.12395579369896836,0.9999999999999966,0.0021484374999999997,0.8677685950413286,0.5516180692881066,0.0021484375000000075,-1,1032,0.9986521016519168,0.6694523116630781,0.04635124054434797,26.74271330027723,20.0,0.0,0.2727931097101266,1.7179727020810263,2.0,0.41153694472752317,-0.2579153669355549,2.0,1.0,-2.0,1.0,168.0,31.25,0,0,2.0,-2.0,-62.5,1375.0,0.0,4.0,2115.0,-740.0,-72.5,-10.0
1033,2019-06-11,17:03:56,153.53125,153.625,153.53125,153.625,289,44389.125,153.59558823529412,0.09375,0.0006104385172776006,153.5102509927078,153.36186331394305,0.1483876787647489,0.9999999999999986,0.00361328125,-0.021913805697588867,0.5901286563843656,0.003613281250000005,-1,1033,0.9354527902991007,0.41153694472752317,0.060110575192723,24.685785868625786,20.0,0.0,0.2727931097101266,1.7179727020810263,2.0,0.23819782670622325,-0.17333911802129992,2.0,1.0,2.0,1.0,169.0,93.75,0,0,2.0,2.0,187.5,1562.5,0.0,0.0,2115.0,-552.5,187.5,187.5
1034,2019-06-11,17:10:49,153.625,153.625,153.5625,153.59375,289,44385.4375,153.58282871972318,-0.03125,-0.00020343810465917045,153.5288063276616,153.36899828889867,0.15980803876294658,0.9999999999999984,0.0037109375,-0.8171745152354575,0.08099829095409096,0.003710937500000006,0,1034,0.85518518288253,0.23819782670622325,0.06091746465505607,26.233534121594918,20.0,0.0,0.2727931097101266,1.7179727020810263,2.0,0.06313042992333301,-0.17506739678289024,2.0,1.0,2.0,0.0,169.0,62.5,0,0,2.0,2.0,-62.5,1500.0,0.0,0.0,2115.0,-615.0,-62.5,187.5
1035,2019-06-11,17:19:01,153.59375,153.59375,153.5,153.53125,289,44374.9375,153.5464965397924,-0.0625,-0.0004070004126184301,153.52934936595904,153.37399064924026,0.15535871671878,0.9999999999999986,0.00361328125,-0.021913805697588867,0.5901286563843656,0.003613281250000005,0,1035,0.7503362597566421,0.06313042992333301,0.060110575192723,25.845488288987085,20.0,0.0,0.2727931097101266,1.7179727020810263,2.0,-0.08514467529614152,-0.1482751052194745,2.0,1.0,2.0,0.0,169.0,0.0,0,0,2.0,2.0,-125.0,1375.0,0.0,0.0,2115.0,-740.0,-125.0,-62.5
1036,2019-06-11,17:29:05,153.53125,153.59375,153.5,153.5625,290,44530.0,153.55172413793105,0.03125,0.00020352091247666237,153.5367161735237,153.37979093695594,0.15692523656775847,0.9999999999999994,0.0016601562499999997,-1.4878892733564004,0.5413870509510853,0.0016601562500000006,-1,1036,0.6443326153449382,-0.08514467529614152,0.04074501503251656,38.513971940499786,20.0,0.0,0.2727931097101266,1.7179727020810263,2.0,-0.08872339576526954,-0.0035787204691280217,2.0,1.0,2.0,0.0,169.0,31.25,0,0,2.0,2.0,62.5,1437.5,0.0,0.0,2115.0,-677.5,62.5,62.5
1037,2019-06-11,17:40:47,153.5625,153.59375,153.53125,153.5625,289,44379.3125,153.5616349480969,0.0,0.0,153.54244591274067,153.3854127542804,0.15703315846027976,0.9999999999999994,0.00439453125,-0.9629629629629631,0.5237828008789241,0.0043945312500000035,0,1037,0.6415812516051059,-0.08872339576526954,0.06629126073623885,23.688365059926497,20.0,0.0,0.2727931097101266,1.7179727020810263,2.0,-0.09029294841949166,-0.0015695526542221228,2.0,1.0,2.0,0.0,169.0,31.25,0,0,2.0,2.0,0.0,1437.5,0.0,0.0,2115.0,-677.5,0.0,62.5
1038,2019-06-11,18:02:51,153.5625,153.59375,153.5,153.5,289,44373.84375,153.54271193771626,-0.0625,-0.00040708325414673396,153.53301348768719,153.38893851568716,0.14407497200002695,0.9999999999999982,0.00322265625,1.0743801652892582,0.2669003066972995,0.003222656250000005,0,1038,0.6403716700318596,-0.09029294841949166,0.056768444139328016,25.379411781379922,20.0,0.0,0.2727931097101266,1.7179727020810263,2.0,-0.23770686041641534,-0.14741391199692366,2.0,1.0,2.0,0.0,169.0,-31.25,0,0,2.0,2.0,-125.0,1312.5,0.0,0.0,2115.0,-802.5,-125.0,0.0
1039,2019-06-11,18:10:12,153.5,153.59375,153.46875,153.59375,289,44375.28125,153.54768598615917,0.09375,0.0006105627542885017,153.54651049042337,153.39524040751215,0.1512700829112248,0.9999999999999982,0.00322265625,1.0743801652892582,0.2669003066972995,0.003222656250000005,-1,1039,0.5187548032468895,-0.23770686041641534,0.056768444139328016,26.646860805266982,20.0,0.0,0.2727931097101266,1.7179727020810263,2.0,-0.3590252572971479,-0.12131839688073257,2.0,1.0,2.0,0.0,169.0,62.5,0,0,2.0,2.0,187.5,1500.0,0.0,0.0,2115.0,-615.0,187.5,187.5
1040,2019-06-11,18:17:34,153.59375,153.65625,153.59375,153.59375,290,44547.1875,153.61099137931035,0.0,0.0,153.55700815921819,153.4013483949733,0.1556597642448878,0.9999999999999982,0.00322265625,1.0743801652892582,0.2669003066972995,0.003222656250000005,0,1040,0.4060932536003504,-0.3590252572971479,0.056768444139328016,27.42012161947731,20.0,0.0,0.2727931097101266,1.7179727020810263,2.0,-0.4487566795673895,-0.08973142227024161,2.0,1.0,2.0,0.0,169.0,62.5,0,0,2.0,2.0,0.0,1500.0,0.0,0.0,2115.0,-615.0,0.0,187.5
1041,2019-06-11,18:27:57,153.59375,153.65625,153.59375,153.625,289,44399.3125,153.630839100346,0.03125,0.00020343810465917045,153.5721174571697,153.40822998282027,0.16388747434942275,0.9999999999999952,0.0014648437500000002,2.0000000000000058,1.3608276348795423,0.0014648437500000074,-1,1041,0.3145899006682628,-0.4487566795673895,0.03827327723098725,42.8203399882188,20.0,0.0,0.2727931097101266,1.7179727020810263,2.0,-0.5211179019688598,-0.07236122240147025,2.0,1.0,2.0,0.0,169.0,93.75,0,0,2.0,2.0,62.5,1562.5,0.0,0.0,2115.0,-552.5,62.5,62.5
1042,2019-06-11,18:34:47,153.59375,153.65625,153.59375,153.625,289,44397.28125,153.6238105536332,0.0,0.0,153.58386913335423,153.41489982950273,0.16896930385149744,0.9999999999999977,0.00146484375,2.0000000000000013,-1.3608276348795436,0.0014648437500000035,0,1042,0.2350188163618423,-0.5211179019688598,0.0382732772309872,44.14811484047537,20.0,0.0,0.2727931097101266,1.7179727020810263,2.0,-0.590227446983861,-0.06910954501500122,2.0,1.0,2.0,0.0,169.0,93.75,0,0,2.0,2.0,0.0,1562.5,0.0,0.0,2115.0,-552.5,0.0,62.5
1043,2019-06-11,18:40:08,153.625,153.6875,153.59375,153.65625,289,44401.84375,153.63959775086505,0.03125,0.00020339672601377146,153.59995377038663,153.42232598859496,0.1776277817916707,0.9999999999999977,0.00146484375,2.0000000000000013,-1.3608276348795436,0.0014648437500000035,-1,1043,0.15344892067641094,-0.590227446983861,0.0382732772309872,46.410392483416054,20.0,0.0,0.2727931097101266,1.7179727020810263,2.0,-0.6704238507471718,-0.08019640376331083,2.0,1.0,2.0,0.0,169.0,125.0,0,0,2.0,2.0,62.5,1625.0,0.0,0.0,2115.0,-490.0,62.5,62.5
1044,2019-06-11,18:55:33,153.65625,153.65625,153.5625,153.59375,289,44398.875,153.62932525951558,-0.0625,-0.0004068348306729419,153.5985751547452,153.42760057356125,0.17097458118394115,0.9999999999999988,0.00126953125,-0.17751479289940755,-0.4047960089109363,0.0012695312500000018,0,1044,0.05059666615708292,-0.6704238507471718,0.035630482034348085,47.98548080801158,20.0,0.0,0.2727931097101266,1.7179727020810263,2.0,-0.7586051130053099,-0.08818126225813805,2.0,1.0,2.0,0.0,169.0,62.5,0,0,2.0,2.0,-125.0,1500.0,0.0,0.0,2115.0,-615.0,-125.0,62.5
1045,2019-06-11,18:59:56,153.59375,153.625,153.5625,153.59375,289,44388.0,153.5916955017301,0.0,0.0,153.59750289813516,153.4327128636055,0.16479003452965912,0.9999999999999991,0.00126953125,-0.1775147928994123,0.4047960089109363,0.001269531250000001,0,1045,-0.07569891883674684,-0.7586051130053099,0.03563048203434808,46.24973481155831,20.0,0.0,0.2727931097101266,1.7179727020810263,2.0,-0.815724482962487,-0.057119369957177146,2.0,1.0,2.0,0.0,169.0,62.5,0,0,2.0,2.0,0.0,1500.0,0.0,0.0,2115.0,-615.0,0.0,0.0
1046,2019-06-11,19:01:47,153.59375,153.625,153.5625,153.5625,289,44387.96875,153.59158737024222,-0.03125,-0.00020347950014176774,153.58972447632735,153.4367063139561,0.15301816237123944,1.0000000000000013,0.0004882812499999999,1.9999999999999691,-2.6168207644729593e-15,0.00048828124999999935,0,1046,-0.1677850181581147,-0.815724482962487,0.022097086912079594,69.24811536474093,20.0,0.0,0.2727931097101266,1.7179727020810263,2.0,-0.8964670229714031,-0.08074254000891612,2.0,1.0,2.0,0.0,169.0,31.25,0,0,2.0,2.0,-62.5,1437.5,0.0,0.0,2115.0,-677.5,-62.5,0.0
1047,2019-06-11,19:09:12,153.5625,153.5625,153.46875,153.53125,290,44522.40625,153.52553879310344,-0.03125,-0.00020352091247666237,153.57673014825463,153.43961535044977,0.13711479780485547,0.9999999999999964,0.00029296875,-3.333333333333344,0.6085806194501838,0.0002929687500000011,0,1047,-0.3205715023953954,-0.8964670229714031,0.01711632992203647,80.10759224051098,20.0,0.0,0.2727931097101266,1.7179727020810263,2.0,-0.961460566880546,-0.06499354390914291,2.0,1.0,2.0,0.0,169.0,0.0,0,0,2.0,2.0,-62.5,1375.0,0.0,0.0,2115.0,-740.0,-62.5,-62.5
1048,2019-06-11,19:24:29,153.53125,153.53125,153.46875,153.5,289,44367.46875,153.52065311418684,-0.03125,-0.0002035623416700716,153.55967900419805,153.4414733396667,0.11820566453135939,0.9999999999999977,0.00078125,0.3125000000000024,1.2577882373436315,0.000781250000000002,0,1048,-0.4854413232796218,-0.961460566880546,0.027950849718747405,42.29054419482481,20.0,0.0,0.2727931097101266,1.7179727020810263,2.0,-0.9959697837393495,-0.03450921685880348,2.0,1.0,2.0,0.0,169.0,-31.25,0,0,2.0,2.0,-62.5,1312.5,0.0,0.0,2115.0,-802.5,-62.5,-62.5
1049,2019-06-11,19:35:27,153.5,153.53125,153.46875,153.5,289,44359.75,153.4939446366782,0.0,0.0,153.54641700326516,153.44327415998467,0.10314284328049439,0.9999999999999964,0.0009765625,-3.0,0.0,0.0009765625000000037,0,1049,-0.6408369994566806,-0.9959697837393495,0.031250000000000056,33.00570984975815,20.0,0.0,0.2727931097101266,1.7179727020810263,2.0,-0.9793587700905277,0.016611013648821782,2.0,1.0,2.0,0.0,169.0,-31.25,0,0,2.0,2.0,0.0,1312.5,0.0,0.0,2115.0,-802.5,0.0,0.0
1050,2019-06-11,19:57:02,153.5,153.5625,153.46875,153.53125,290,44528.125,153.54525862068965,0.03125,0.0002035623416700716,153.54304655809514,153.44598110890823,0.09706544918691407,0.9999999999999964,0.0009765625,-3.0,0.0,0.0009765625000000037,-1,1050,-0.8354384808018078,-0.9793587700905277,0.031250000000000056,31.060943739812448,20.0,0.0,0.2727931097101266,1.7179727020810263,2.0,-0.9243813817807399,0.05497738830978782,2.0,1.0,2.0,0.0,169.0,0.0,0,0,2.0,2.0,62.5,1375.0,0.0,0.0,2115.0,-740.0,62.5,62.5
1051,2019-06-11,20:08:46,153.53125,153.5625,153.5,153.5625,289,44371.9375,153.53611591695503,0.03125,0.00020352091247666237,153.54736954518512,153.44956630555723,0.09780323962789339,0.9999999999999977,0.00341796875,1.999999999999999,1.145405322481819,0.003417968750000008,-1,1051,-0.9233760893418986,-0.9243813817807399,0.0584633966683429,16.728969783045887,16.728969783045887,0.0,0.2727931097101266,1.3605483275078938,2.0,-0.7657566412314498,0.1586247405492901,2.0,1.0,2.0,0.0,169.0,31.25,0,0,2.0,2.0,62.5,1437.5,0.0,0.0,2115.0,-677.5,62.5,62.5
1052,2019-06-11,20:36:23,153.5625,153.5625,153.5,153.53125,289,44369.125,153.52638408304497,-0.03125,-0.00020352091247666237,153.54378742403287,153.45207965000165,0.09170777403122088,0.9999999999999977,0.00341796875,1.999999999999999,1.145405322481819,0.003417968750000008,0,1052,-0.996233611019384,-0.7657566412314498,0.0584633966683429,15.686357491589149,15.686357491589149,0.0,0.2727931097101266,1.2466224321539858,2.0,-0.44510600192510874,0.3206506393063411,-2.0,1.0,2.0,0.0,169.0,0.0,0,0,-2.0,2.0,-62.5,1375.0,0.0,4.0,2125.0,-750.0,-72.5,62.5
1053,2019-06-11,22:01:42,153.5625,153.65625,153.53125,153.65625,289,44383.65625,153.57666522491348,0.125,0.000813835243291372,153.56877910758112,153.458361814617,0.11041729296411518,0.9999999999999977,0.00341796875,1.999999999999999,1.145405322481819,0.003417968750000008,-1,1053,-0.9479359589811915,-0.44510600192510874,0.0584633966683429,18.88656822156633,18.88656822156633,0.0,0.2727931097101266,1.5963083851408173,2.0,0.12019961669480951,0.5653056186199182,-2.0,-1.0,-2.0,1.0,170.0,125.0,0,0,-2.0,-2.0,-250.0,1125.0,0.0,0.0,2125.0,-1000.0,-250.0,-72.5
1054,2019-06-12,00:02:58,153.65625,153.75,153.59375,153.65625,290,44559.78125,153.65441810344828,0.0,0.0,153.5882170836742,153.46445068185957,0.12376640181463472,0.9999999999999981,0.00361328125,2.607742878013152,1.5174736878455117,0.003613281250000007,0,1054,-0.6169861112070362,0.12019961669480951,0.06011057519272301,20.58978830560548,20.0,0.0,0.2727931097101266,1.7179727020810263,2.0,0.6466497196446779,0.5264501029498684,-2.0,-1.0,-2.0,0.0,170.0,125.0,0,0,-2.0,-2.0,-0.0,1125.0,0.0,0.0,2125.0,-1000.0,-0.0,-0.0
1055,2019-06-12,01:00:56,153.65625,153.71875,153.625,153.6875,289,44409.125,153.66479238754326,0.03125,0.00020335536419846534,153.61027995396884,153.47131373780238,0.13896621616646598,0.9999999999999981,0.00361328125,2.607742878013152,1.5174736878455117,0.003613281250000007,-1,1055,-0.08212152000124102,0.6466497196446779,0.06011057519272301,23.118430612403994,20.0,0.0,0.2727931097101266,1.7179727020810263,2.0,0.9999510127773734,0.35330129313269554,-2.0,-1.0,-2.0,0.0,170.0,156.25,0,0,-2.0,-2.0,-62.5,1062.5,0.0,0.0,2125.0,-1062.5,-62.5,-0.0
1056,2019-06-12,01:52:29,153.6875,153.75,153.6875,153.6875,289,44419.15625,153.6995025951557,0.0,0.0,153.627439964198,153.4779656227931,0.1494743414048969,0.9999999999999981,0.00361328125,2.607742878013152,1.5174736878455117,0.003613281250000007,0,1056,0.714071143543219,0.9999510127773734,0.06011057519272301,24.866563150603866,20.0,0.0,0.2727931097101266,1.7179727020810263,2.0,0.7917080211193425,-0.20824299165803095,2.0,-1.0,-2.0,0.0,170.0,156.25,0,0,2.0,-2.0,-0.0,1062.5,0.0,4.0,2135.0,-1072.5,-10.0,-10.0
1057,2019-06-12,03:13:05,153.6875,153.6875,153.625,153.65625,289,44407.0625,153.65765570934255,-0.03125,-0.00020335536419846534,153.63384219437623,153.48345129593795,0.1503908984382747,0.9999999999999983,0.00419921875,1.9307733910221725,1.446728466511237,0.004199218750000006,0,1057,0.9917934111754904,0.7917080211193425,0.06480137922914918,23.207978013317554,20.0,0.0,0.2727931097101266,1.7179727020810263,2.0,0.42749604740594127,-0.3642119737134012,-2.0,-1.0,2.0,1.0,171.0,-31.25,0,0,-2.0,2.0,-62.5,1000.0,0.0,4.0,2145.0,-1145.0,-72.5,-10.0
1058,2019-06-12,04:57:09,153.6875,153.78125,153.625,153.78125,289,44426.0,153.72318339100346,0.125,0.0008131734540386404,153.66659948451485,153.49261433298602,0.1739851515288251,0.9999999999999986,0.006542968749999999,-3.2145243929605694,0.5016571985664501,0.006542968750000009,-1,1058,0.9415220588219224,0.42749604740594127,0.08088861940965496,21.509225005768617,20.0,0.0,0.2727931097101266,1.7179727020810263,2.0,0.13879206612275455,-0.28870398128318675,2.0,1.0,-2.0,1.0,172.0,125.0,0,0,2.0,-2.0,-250.0,750.0,0.0,4.0,2155.0,-1405.0,-260.0,-72.5
1059,2019-06-12,05:40:27,153.78125,153.78125,153.6875,153.75,288,44281.84375,153.75640190972223,-0.03125,-0.0002032313796238583,153.68513293240045,153.5005338919711,0.1845990404293616,0.9999999999999986,0.006542968749999999,-3.2145243929605694,0.5016571985664501,0.006542968750000009,0,1059,0.798403891115727,0.13879206612275455,0.08088861940965496,22.821385972045363,20.0,0.0,0.2727931097101266,1.7179727020810263,2.0,-0.23951248106845507,-0.37830454719120965,2.0,1.0,2.0,1.0,173.0,-31.25,0,0,2.0,2.0,-62.5,687.5,0.0,0.0,2155.0,-1467.5,-62.5,-62.5
1060,2019-06-12,06:00:04,153.75,153.875,153.75,153.875,289,44443.71875,153.78449394463667,0.125,0.0008126778179899929,153.72732561408927,153.5120559260643,0.21526968802496071,0.9999999999999977,0.005175781249999999,-2.7162691349234627,0.19669686464742786,0.00517578125000001,-1,1060,0.5171643262915292,-0.23951248106845507,0.07194290270763344,29.92229669961867,20.0,0.0,0.2727931097101266,1.7179727020810263,2.0,-0.5331221969356364,-0.2936097158671814,2.0,1.0,2.0,0.0,173.0,93.75,0,0,2.0,2.0,250.0,937.5,0.0,0.0,2155.0,-1217.5,250.0,250.0
1061,2019-06-12,06:08:46,153.875,153.875,153.8125,153.875,289,44467.375,153.86634948096886,0.0,0.0,153.76014214429165,153.52322343603157,0.23691870826007744,0.9999999999999979,0.00341796875,1.999999999999999,1.145405322481819,0.0034179687500000074,0,1061,0.2212650641803243,-0.5331221969356364,0.058463396668342896,40.524280449200376,20.0,0.0,0.2727931097101266,1.7179727020810263,2.0,-0.6433098689593975,-0.11018767202376101,2.0,1.0,2.0,0.0,173.0,93.75,0,0,2.0,2.0,0.0,937.5,0.0,0.0,2155.0,-1217.5,0.0,250.0
1062,2019-06-12,06:20:33,153.875,153.9375,153.875,153.90625,289,44475.125,153.8931660899654,0.03125,0.0002030663018448564,153.7926105566713,153.53500886876907,0.2576016879022234,0.999999999999997,0.00263671875,3.2510288065843675,1.7355817665801556,0.002636718750000008,-1,1062,0.08647636135095191,-0.6433098689593975,0.0513489897661094,50.16684633438335,20.0,0.0,0.2727931097101266,1.7179727020810263,2.0,-0.7088291872559801,-0.06551931829658264,2.0,1.0,2.0,0.0,173.0,125.0,0,0,2.0,2.0,62.5,1000.0,0.0,0.0,2155.0,-1155.0,62.5,62.5
1063,2019-06-12,06:28:47,153.90625,154.0,153.90625,153.9375,288,44339.71875,153.95735677083334,0.03125,0.00020302507429459382,153.82480821074435,153.54739321126848,0.2774149994758659,0.9999999999999977,0.00146484375,2.0000000000000013,-1.3608276348795436,0.0014648437500000033,-1,1063,-0.002438823958878604,-0.7088291872559801,0.0382732772309872,72.48268754243557,20.0,0.0,0.2727931097101266,1.7179727020810263,2.0,-0.7488169433170294,-0.03998775606104932,2.0,1.0,2.0,0.0,173.0,156.25,0,0,2.0,2.0,62.5,1062.5,0.0,0.0,2155.0,-1092.5,62.5,62.5
1064,2019-06-12,06:45:19,153.96875,153.96875,153.90625,153.9375,289,44493.3125,153.95609861591694,0.0,0.0,153.84985083057896,153.55939649707562,0.29045433350333383,0.9999999999999982,0.0016601562499999997,-1.4878892733564004,-0.5413870509510851,0.0016601562500000026,0,1064,-0.06083951609862113,-0.7488169433170294,0.04074501503251659,71.28585748993748,20.0,0.0,0.2727931097101266,1.7179727020810263,2.0,-0.7760037671808415,-0.027186823863812104,2.0,1.0,2.0,0.0,173.0,156.25,0,0,2.0,2.0,0.0,1062.5,0.0,0.0,2155.0,-1092.5,0.0,62.5
1065,2019-06-12,07:02:50,153.9375,153.96875,153.84375,153.875,288,44324.84375,153.90570746527777,-0.0625,-0.00040609137613945023,153.85543953489477,153.5691073740887,0.2863321608060687,0.999999999999999,0.00361328125,-0.021913805697588867,0.5901286563843656,0.0036132812500000036,0,1065,-0.10272528765870484,-0.7760037671808415,0.06011057519272298,47.634240711895934,20.0,0.0,0.2727931097101266,1.7179727020810263,2.0,-0.8130563896609642,-0.03705262248012264,2.0,1.0,2.0,0.0,173.0,93.75,0,0,2.0,2.0,-125.0,937.5,0.0,0.0,2155.0,-1217.5,-125.0,0.0
1066,2019-06-12,07:15:56,153.875,153.90625,153.84375,153.84375,289,44470.25,153.87629757785467,-0.03125,-0.00020310754614349946,153.85284186047372,153.57755791642444,0.2752839440492778,0.9999999999999998,0.00419921875,1.9307733910221774,1.4467284665112368,0.0041992187500000016,0,1066,-0.16325076589552728,-0.8130563896609642,0.06480137922914914,42.481185944488175,20.0,0.0,0.2727931097101266,1.7179727020810263,2.0,-0.8393531625069146,-0.026296772845950445,2.0,1.0,2.0,0.0,173.0,62.5,0,0,2.0,2.0,-62.5,875.0,0.0,0.0,2155.0,-1280.0,-62.5,-62.5
1067,2019-06-12,07:24:20,153.84375,153.96875,153.84375,153.9375,288,44320.78125,153.8916015625,0.09375,0.0006091989222829497,153.87165478036846,153.58863305745754,0.28302172291091665,0.9999999999999994,0.004589843749999999,-0.7378904481665908,0.912717046241344,0.004589843750000002,-1,1067,-0.20913862206863057,-0.8393531625069146,0.06774838558962126,41.775419509667884,20.0,0.0,0.2727931097101266,1.7179727020810263,2.0,-0.8404754421841368,-0.0011222796772222265,2.0,1.0,2.0,0.0,173.0,156.25,0,0,2.0,2.0,187.5,1062.5,0.0,0.0,2155.0,-1092.5,187.5,187.5
1068,2019-06-12,07:37:58,153.9375,153.9375,153.8125,153.875,289,44468.34375,153.86970155709344,-0.0625,-0.00040609137613945023,153.87239816250883,153.59744434799734,0.27495381451149115,0.9999999999999994,0.004589843749999999,-0.7378904481665908,0.912717046241344,0.004589843750000002,0,1068,-0.2111603305986617,-0.8404754421841368,0.06774838558962126,40.584555944549734,20.0,0.0,0.2727931097101266,1.7179727020810263,2.0,-0.864282082638076,-0.02380664045393921,2.0,1.0,2.0,0.0,173.0,93.75,0,0,2.0,2.0,-125.0,937.5,0.0,0.0,2155.0,-1217.5,-125.0,187.5
1069,2019-06-12,07:53:52,153.875,153.90625,153.8125,153.90625,289,44467.40625,153.86645761245674,0.03125,0.0002030663018448564,153.87992079306244,153.60694606036668,0.2729747326957579,0.9999999999999993,0.00751953125,-2.703659976387248,-0.009360389222811355,0.007519531250000005,-1,1069,-0.255459751834148,-0.864282082638076,0.08671523078444758,31.47944487102905,20.0,0.0,0.2727931097101266,1.7179727020810263,2.0,-0.8922286112133764,-0.027946528575300333,2.0,1.0,2.0,0.0,173.0,125.0,0,0,2.0,2.0,62.5,1000.0,0.0,0.0,2155.0,-1155.0,62.5,62.5
1070,2019-06-12,08:04:27,153.875,153.90625,153.78125,153.84375,288,44302.71875,153.82888454861111,-0.0625,-0.0004061738479883559,153.87188283904857,153.61423233543235,0.2576505036162189,0.999999999999999,0.0087890625,-2.9999999999999996,2.7412914188275474e-16,0.008789062500000007,0,1070,-0.31158279559768065,-0.8922286112133764,0.09375000000000004,27.482720385730005,20.0,0.0,0.2727931097101266,1.7179727020810263,2.0,-0.9099709441191081,-0.017742332905731684,2.0,1.0,2.0,0.0,173.0,62.5,0,0,2.0,2.0,-125.0,875.0,0.0,0.0,2155.0,-1280.0,-125.0,62.5
1071,2019-06-12,08:16:59,153.84375,153.96875,153.8125,153.96875,289,44475.09375,153.8930579584775,0.125,0.0008121827857623387,153.89340887481555,153.6251405712652,0.26826830355034303,0.999999999999999,0.0087890625,-2.9999999999999996,2.7412914188275474e-16,0.008789062500000007,-1,1071,-0.3502292307827814,-0.9099709441191081,0.09375000000000004,28.615285712036574,20.0,0.0,0.2727931097101266,1.7179727020810263,2.0,-0.909916095382655,5.484873645300592e-05,2.0,1.0,2.0,0.0,173.0,187.5,0,0,2.0,2.0,250.0,1125.0,0.0,0.0,2155.0,-1030.0,250.0,250.0
1072,2019-06-12,08:22:51,153.96875,154.09375,153.96875,154.09375,288,44360.4375,154.029296875,0.125,0.0008115236801629067,153.93792912485654,153.6395593229186,0.2983698019379517,0.9999999999999992,0.008984375,-3.081285444234402,0.31535587858059355,0.008984375000000006,-1,1072,-0.35010535298968404,-0.909916095382655,0.09478594305064442,31.478275399816596,20.0,0.0,0.2727931097101266,1.7179727020810263,2.0,-0.8813999092652879,0.02851618611736717,2.0,1.0,2.0,0.0,173.0,312.5,0,0,2.0,2.0,250.0,1375.0,0.0,0.0,2155.0,-780.0,250.0,250.0
1073,2019-06-12,08:29:50,154.09375,154.09375,154.03125,154.03125,289,44523.53125,154.06066176470588,-0.0625,-0.00040567951874859176,153.95866709711066,153.65161134375188,0.30705575335878166,0.9999999999999993,0.0078125,-2.9218750000000013,0.331456303681194,0.007812500000000007,0,1073,-0.28922723646511606,-0.8813999092652879,0.08838834764831847,34.73939286437415,20.0,0.0,0.2727931097101266,1.7179727020810263,2.0,-0.9035367487743231,-0.022136839509035222,2.0,1.0,2.0,0.0,173.0,250.0,0,0,2.0,2.0,-125.0,1250.0,0.0,0.0,2155.0,-905.0,-125.0,250.0
1074,2019-06-12,08:41:00,154.03125,154.03125,153.9375,154.03125,288,44353.8125,154.00629340277777,0.0,0.0,153.97479663108606,153.6632925331749,0.3115040979111541,0.9999999999999997,0.00712890625,2.0210170763745565,1.338503886932656,0.0071289062500000016,0,1074,-0.33589420336443426,-0.9035367487743231,0.08443285053816436,36.89370854183723,20.0,0.0,0.2727931097101266,1.7179727020810263,2.0,-0.9295631036215749,-0.026026354847251798,2.0,1.0,2.0,0.0,173.0,250.0,0,0,2.0,2.0,0.0,1250.0,0.0,0.0,2155.0,-905.0,0.0,0.0
1075,2019-06-12,08:57:26,154.03125,154.09375,154.0,154.0,288,44367.4375,154.05360243055554,-0.03125,-0.00020290149202129015,153.9803973797336,153.67365276292338,0.3067446168102208,1.0000000000000018,0.0012695312500000003,-0.17751479289942415,-0.4047960089109369,0.001269531249999998,0,1075,-0.3966162392036668,-0.9295631036215749,0.035630482034348036,86.09050433685314,20.0,0.0,0.2727931097101266,1.7179727020810263,2.0,-0.9466525216476422,-0.017089418026067338,2.0,1.0,2.0,0.0,173.0,218.75,0,0,2.0,2.0,-62.5,1187.5,0.0,0.0,2155.0,-967.5,-62.5,0.0
1076,2019-06-12,09:10:04,154.0,154.03125,153.90625,153.90625,289,44501.21875,153.98345588235293,-0.09375,-0.0006089516071670076,153.96392018423725,153.6808096009873,0.2831105832499645,0.9999999999999999,0.0032226562500000003,1.0743801652892546,0.2669003066972995,0.0032226562500000007,0,1076,-0.4415149337243248,-0.9466525216476422,0.056768444139327974,49.871118989120134,20.0,0.0,0.2727931097101266,1.7179727020810263,2.0,-0.9609915561936694,-0.01433903454602714,2.0,1.0,2.0,0.0,173.0,125.0,0,0,2.0,2.0,-187.5,1000.0,0.0,0.0,2155.0,-1155.0,-187.5,-62.5
1077,2019-06-12,09:23:15,153.90625,153.9375,153.875,153.875,288,44326.03125,153.90983072916666,-0.03125,-0.0002030663018448564,153.94416014329565,153.6867846901877,0.2573754531079544,1.0000000000000002,0.00341796875,2.0000000000000013,1.1454053224818184,0.003417968749999999,0,1077,-0.4839536727330549,-0.9609915561936694,0.058463396668342826,44.0233492706591,20.0,0.0,0.2727931097101266,1.7179727020810263,2.0,-0.9783827570462806,-0.017391200852611255,2.0,1.0,2.0,0.0,173.0,93.75,0,0,2.0,2.0,-62.5,937.5,0.0,0.0,2155.0,-1217.5,-62.5,-62.5
1078,2019-06-12,09:40:39,153.875,153.96875,153.875,153.9375,289,44480.78125,153.91273788927336,0.0625,0.00040609137613945023,153.94268011145218,153.6944990074127,0.24818110403947458,1.0000000000000002,0.00341796875,2.0000000000000013,1.1454053224818184,0.003417968749999999,-1,1078,-0.5455897914804458,-0.9783827570462806,0.058463396668342826,42.45068165426342,20.0,0.0,0.2727931097101266,1.7179727020810263,2.0,-0.9873343173631683,-0.008951560316887708,2.0,1.0,2.0,0.0,173.0,156.25,0,0,2.0,2.0,125.0,1062.5,0.0,0.0,2155.0,-1092.5,125.0,125.0
1079,2019-06-12,10:07:13,153.9375,154.0,153.875,153.875,289,44487.03125,153.9343641868512,-0.0625,-0.00040609137613945023,153.92764008668505,153.70005288410772,0.22758720257732534,0.9999999999999994,0.00224609375,1.4555765595463157,1.118079933149378,0.002246093750000001,0,1079,-0.5859657971069211,-0.9873343173631683,0.0473929715253222,48.02129835976309,20.0,0.0,0.2727931097101266,1.7179727020810263,2.0,-0.9943669716212685,-0.007032654258100179,2.0,1.0,2.0,0.0,173.0,93.75,0,0,2.0,2.0,-125.0,937.5,0.0,0.0,2155.0,-1217.5,-125.0,125.0
1080,2019-06-12,10:26:25,153.875,153.90625,153.84375,153.84375,288,44311.4375,153.85915798611111,-0.03125,-0.00020310754614349946,153.9089978451995,153.7044743338275,0.20452351137200253,0.9999999999999992,0.003125,-2.32421875,-0.052407843222651435,0.0031250000000000028,0,1080,-0.628175894336872,-0.9943669716212685,0.05590169943749477,36.586277953979895,20.0,0.0,0.2727931097101266,1.7179727020810263,2.0,-0.9878155696785302,0.006551401942738289,2.0,1.0,2.0,0.0,173.0,62.5,0,0,2.0,2.0,-62.5,875.0,0.0,0.0,2155.0,-1280.0,-62.5,-62.5
1081,2019-06-12,10:43:37,153.84375,153.9375,153.84375,153.84375,289,44467.84375,153.8679714532872,0.0,0.0,153.89449832404406,153.70875973894053,0.18573858510353602,0.9999999999999992,0.003125,-2.32421875,-0.052407843222651435,0.0031250000000000028,0,1081,-0.8085374424340495,-0.9878155696785302,0.05590169943749477,33.22592818689089,20.0,0.0,0.2727931097101266,1.7179727020810263,2.0,-0.8225377162997987,0.16527785337873158,2.0,1.0,2.0,0.0,173.0,62.5,0,0,2.0,2.0,0.0,875.0,0.0,0.0,2155.0,-1280.0,0.0,0.0
1082,2019-06-12,10:59:50,153.84375,153.90625,153.84375,153.90625,289,44475.375,153.8940311418685,0.0625,0.0004061738479883559,153.89710980758986,153.71483636235774,0.18227344523211286,0.9999999999999982,0.00224609375,-3.081285444234402,0.31535587858059355,0.0022460937500000033,-1,1082,-0.9837610931021897,-0.8225377162997987,0.04739297152532223,38.46001619348209,20.0,0.0,0.2727931097101266,1.7179727020810263,2.0,-0.5837237841698079,0.2388139321299908,-2.0,1.0,2.0,0.0,173.0,125.0,0,0,-2.0,2.0,125.0,1000.0,0.0,4.0,2165.0,-1165.0,115.0,115.0
1083,2019-06-12,11:20:45,153.90625,153.96875,153.875,153.96875,288,44331.53125,153.92892795138889,0.0625,0.00040600893777398284,153.91302985034767,153.72264908966983,0.19038076067784004,0.9999999999999998,0.00439453125,-0.9629629629629631,-0.5237828008789241,0.004394531250000002,-1,1083,-0.9868920262079615,-0.5837237841698079,0.06629126073623884,28.718832401654165,20.0,0.0,0.2727931097101266,1.7179727020810263,2.0,-0.273880117295439,0.3098436668743689,-2.0,-1.0,-2.0,1.0,174.0,62.5,0,0,-2.0,-2.0,-125.0,875.0,0.0,0.0,2165.0,-1290.0,-125.0,115.0
1084,2019-06-12,11:30:15,153.96875,153.96875,153.90625,153.9375,289,44494.4375,153.95999134948096,-0.03125,-0.00020298386347938902,153.91846766138153,153.72925988691077,0.1892077744707592,0.9999999999999994,0.005175781250000001,-1.0074759700961202,-1.0162671340117098,0.005175781250000003,0,1084,-0.8737322203868723,-0.273880117295439,0.07194290270763339,26.299713710423255,20.0,0.0,0.2727931097101266,1.7179727020810263,2.0,0.28518695969207736,0.5590670769875163,-2.0,-1.0,-2.0,0.0,174.0,31.25,0,0,-2.0,-2.0,62.5,937.5,0.0,0.0,2165.0,-1227.5,62.5,62.5
1085,2019-06-12,11:35:23,153.9375,153.9375,153.84375,153.84375,288,44326.1875,153.91037326388889,-0.09375,-0.0006091989222829497,153.90186373663008,153.73278265962122,0.16908107700885466,0.9999999999999994,0.004589843749999999,-0.7378904481665908,-0.912717046241344,0.004589843750000003,0,1085,-0.4760843524705002,0.28518695969207736,0.06774838558962126,24.957211236448575,20.0,0.0,0.2727931097101266,1.7179727020810263,2.0,0.7944339995078844,0.5092470398158071,-2.0,-1.0,-2.0,0.0,174.0,-62.5,0,0,-2.0,-2.0,187.5,1125.0,0.0,0.0,2165.0,-1040.0,187.5,187.5
1086,2019-06-12,11:50:57,153.84375,153.9375,153.84375,153.90625,289,44478.84375,153.90603373702422,0.0625,0.0004061738479883559,153.9028384618234,153.7381201162483,0.16471834557509624,0.9999999999999996,0.00390625,-0.1875000000000012,-0.9375000000000003,0.003906250000000002,-1,1086,0.13228801663627301,0.7944339995078844,0.06250000000000001,26.354935292015394,20.0,0.0,0.2727931097101266,1.7179727020810263,2.0,0.9772923673679049,0.18285836786002052,-2.0,-1.0,-2.0,0.0,174.0,0.0,0,0,-2.0,-2.0,-125.0,1000.0,0.0,0.0,2165.0,-1165.0,-125.0,187.5
1087,2019-06-12,12:00:01,153.90625,153.96875,153.875,153.9375,288,44329.96875,153.92350260416666,0.03125,0.00020302507429459382,153.91054102586264,153.74425488190224,0.16628614396040575,0.9999999999999996,0.00361328125,2.6077428780131497,-1.517473687845512,0.0036132812500000023,-1,1087,0.5412174390793072,0.9772923673679049,0.06011057519272297,27.663375941299677,20.0,0.0,0.2727931097101266,1.7179727020810263,2.0,0.9230948077550565,-0.054197559612848445,2.0,-1.0,-2.0,0.0,174.0,31.25,0,0,2.0,-2.0,-62.5,937.5,0.0,4.0,2175.0,-1237.5,-72.5,-72.5
1088,2019-06-12,12:07:20,153.9375,153.96875,153.90625,153.96875,289,44489.4375,153.9426903114187,0.03125,0.00020298386347938902,153.92347635344873,153.75116242399756,0.17231392945117818,0.9999999999999996,0.00361328125,2.6077428780131497,-1.517473687845512,0.0036132812500000023,-1,1088,0.9246603915587936,0.9230948077550565,0.06011057519272297,28.666158807949426,20.0,0.0,0.2727931097101266,1.7179727020810263,2.0,0.7365674099236985,-0.18652739783135797,-2.0,-1.0,2.0,1.0,175.0,31.25,0,0,-2.0,2.0,62.5,1000.0,0.0,4.0,2185.0,-1185.0,52.5,52.5
1089,2019-06-12,12:15:19,153.96875,154.0,153.90625,153.96875,288,44336.9375,153.94769965277777,0.0,0.0,153.9335371637935,153.7578574263361,0.1756797374573864,1.0000000000000002,0.0032226562500000003,-2.231404958677686,-0.5671631517317615,0.00322265625,0,1089,0.9990934807009236,0.7365674099236985,0.05676844413932797,30.94672403319915,20.0,0.0,0.2727931097101266,1.7179727020810263,2.0,0.4299202503149234,-0.3066471596087751,2.0,1.0,-2.0,1.0,176.0,0.0,0,0,2.0,-2.0,-0.0,1000.0,0.0,4.0,2195.0,-1195.0,-10.0,52.5
1090,2019-06-12,12:20:12,153.96875,153.96875,153.875,153.875,289,44489.0,153.94117647058823,-0.09375,-0.0006090752396188392,153.92052890517272,153.76146181321806,0.15906709195465396,0.9999999999999996,0.005566406249999999,-1.1172668513388746,0.2057527970555698,0.005566406250000001,0,1090,0.9424228080782889,0.4299202503149234,0.07460835241445828,21.32027940665642,20.0,0.0,0.2727931097101266,1.7179727020810263,2.0,-0.6362984532785839,-1.0662187035935073,2.0,1.0,2.0,1.0,177.0,-93.75,0,0,2.0,2.0,-187.5,812.5,0.0,0.0,2195.0,-1382.5,-187.5,-10.0
1091,2019-06-12,12:25:15,153.875,153.875,153.78125,153.8125,289,44461.71875,153.8467776816609,-0.0625,-0.0004062563533429042,153.89652248180101,153.7630322189652,0.13349026283580656,0.9999999999999998,0.01337890625,-1.1737439394746652,0.6073931164348764,0.013378906250000005,0,1091,0.09556161447657137,-0.6362984532785839,0.11566722202076093,11.540889502113796,11.540889502113796,0.0,0.2727931097101266,0.7936485354986147,1.0,-0.9809852090700749,-0.344686755791491,2.0,1.0,2.0,0.0,177.0,-156.25,0,0,2.0,2.0,-125.0,687.5,-1.0,0.0,2195.0,-1507.5,-125.0,-125.0
1092,2019-06-12,12:29:43,153.8125,153.9375,153.8125,153.90625,288,44309.625,153.85286458333334,0.09375,0.0006093226551877606,153.89868415251192,153.76743891992015,0.13124523259176613,0.9999999999999998,0.01494140625,-1.4366269383570416,0.8789184839514528,0.014941406250000002,-1,1092,-0.556424236654211,-0.9809852090700749,0.12223504509754968,10.737119824108206,10.737119824108206,0.0,0.2727931097101266,0.7058208923992155,1.0,-0.9998220760056785,-0.018836866935603602,1.0,1.0,2.0,0.0,177.0,-62.5,0,0,1.0,2.0,187.5,875.0,0.0,1.0,2197.5,-1322.5,185.0,185.0
1093,2019-06-12,12:30:18,153.90625,154.15625,153.90625,154.09375,289,44518.75,154.0441176470588,0.1875,0.0012175326179368895,153.9420321186204,153.77747926084572,0.1645528577746802,0.9999999999999997,0.01240234375,-1.117862235724471,0.934619388077365,0.012402343750000003,-1,1093,-0.7203191919133668,-0.9998220760056785,0.11136581050753415,14.775886515327594,14.775886515327594,0.0,0.2727931097101266,1.1471355739860103,1.0,-0.9629816060979588,0.03684046990771972,1.0,1.0,1.0,0.0,177.0,125.0,0,0,1.0,1.0,187.5,1062.5,0.0,0.0,2197.5,-1135.0,187.5,187.5
1094,2019-06-12,12:31:00,154.0625,154.09375,154.0,154.03125,288,44367.34375,154.05327690972223,-0.0625,-0.00040567951874859176,153.96185831448255,153.78528759128125,0.1765707232013085,0.9999999999999997,0.01123046875,-0.8733459357277861,0.9615779749232425,0.011230468750000003,0,1094,-0.4903180929892137,-0.9629816060979588,0.10597390598633233,16.661717010230916,16.661717010230916,0.0,0.2727931097101266,1.3531996395816528,2.0,-0.4550930796515648,0.5078885264463939,1.0,1.0,1.0,0.0,177.0,62.5,0,0,1.0,1.0,-62.5,1000.0,1.0,0.0,2197.5,-1197.5,-62.5,187.5
1095,2019-06-12,12:32:19,154.03125,154.0625,153.96875,154.0,288,44354.625,154.00911458333334,-0.03125,-0.00020290149202129015,153.97033424459755,153.79189412693415,0.17844011766339918,0.9999999999999998,0.01005859375,2.711848430577812,1.6607968306529897,0.010058593750000002,0,1095,0.30783949733384575,-0.4550930796515648,0.1002925408492576,17.791963006660637,17.791963006660637,0.0,0.2727931097101266,1.4767012404821336,2.0,-0.236148264585164,0.21894481506640082,2.0,1.0,1.0,0.0,177.0,31.25,0,0,2.0,1.0,-31.25,968.75,0.0,1.0,2200.0,-1231.25,-33.75,-33.75
1096,2019-06-12,12:34:08,154.0,154.0625,153.96875,153.96875,289,44508.78125,154.00962370242215,-0.03125,-0.00020294266939302474,153.96998219024255,153.79733584610543,0.17264634413712088,1.0000000000000024,0.0014648437500000002,2.0000000000000013,1.3608276348795436,0.0014648437499999965,0,1096,0.520125665962039,-0.236148264585164,0.03827327723098711,45.108847903241895,20.0,0.0,0.2727931097101266,1.7179727020810263,2.0,-0.30909338583449353,-0.07294512124932953,2.0,1.0,2.0,0.0,177.0,0.0,0,0,2.0,2.0,-62.5,906.25,0.0,0.0,2200.0,-1293.75,-62.5,-33.75
1097,2019-06-12,12:35:44,153.96875,154.03125,153.96875,154.0,288,44349.65625,153.99186197916666,0.03125,0.00020294266939302474,153.9766528146331,153.80357166622528,0.1730811484078174,1.0000000000000024,0.0014648437500000002,2.0000000000000013,1.3608276348795436,0.0014648437499999965,-1,1097,0.45391892926105654,-0.30909338583449353,0.03827327723098711,45.22245308736877,20.0,0.0,0.2727931097101266,1.7179727020810263,2.0,-0.550632832256018,-0.24153944642152447,2.0,1.0,2.0,0.0,177.0,31.25,0,0,2.0,2.0,62.5,968.75,0.0,0.0,2200.0,-1231.25,62.5,62.5
1098,2019-06-12,12:38:35,154.0,154.0,153.90625,153.9375,289,44496.96875,153.96875,-0.0625,-0.00040592653287241376,153.9679521891591,153.80769253803376,0.16025965112532958,1.0000000000000007,0.0022460937500000003,-3.081285444234405,0.3153558785805939,0.002246093749999998,0,1098,0.20089944855404357,-0.550632832256018,0.047392971525322174,33.81506708008433,20.0,0.0,0.2727931097101266,1.7179727020810263,2.0,-0.842877321469343,-0.292244489213325,2.0,1.0,2.0,0.0,177.0,-31.25,0,0,2.0,2.0,-125.0,843.75,0.0,0.0,2200.0,-1356.25,-125.0,62.5
1099,2019-06-12,12:42:06,153.9375,153.96875,153.875,153.875,288,44326.90625,153.91286892361111,-0.0625,-0.00040609137613945023,153.94729614712375,153.80976353686353,0.137532610260223,1.0000000000000004,0.00224609375,-3.081285444234402,-0.31535587858059355,0.002246093749999999,0,1099,-0.215506029938466,-0.842877321469343,0.04739297152532218,29.019621651438126,20.0,0.0,0.2727931097101266,1.7179727020810263,2.0,-0.9665050950169285,-0.12362777354758547,2.0,1.0,2.0,0.0,177.0,-93.75,0,0,2.0,2.0,-125.0,718.75,0.0,0.0,2200.0,-1481.25,-125.0,-125.0
1100,2019-06-12,12:44:37,153.875,153.9375,153.84375,153.90625,289,44474.65625,153.89154411764707,0.03125,0.0002030663018448564,153.93817478109625,153.8127323511139,0.12544242998234267,1.000000000000001,0.0037109375,-0.8171745152354669,-0.0809982909540922,0.0037109374999999955,-1,1100,-0.5019451713924561,-0.9665050950169285,0.060917464655055986,20.592194815174615,20.0,0.0,0.2727931097101266,1.7179727020810263,2.0,-0.9921837892105452,-0.02567869419361668,2.0,1.0,2.0,0.0,177.0,-62.5,0,0,2.0,2.0,62.5,781.25,0.0,0.0,2200.0,-1418.75,62.5,62.5
1101,2019-06-12,12:47:18,153.90625,153.9375,153.875,153.90625,288,44327.875,153.91623263888889,0.0,0.0,153.9310803852971,153.8156098172335,0.11547056806358569,1.000000000000001,0.0036132812500000006,-0.021913805697593602,-0.5901286563843656,0.0036132812499999963,0,1101,-0.7898162964646763,-0.9921837892105452,0.06011057519272292,19.209692752626452,19.209692752626452,0.0,0.2727931097101266,1.6316160942609563,2.0,-0.8276390604925482,0.16454472871799697,2.0,1.0,2.0,0.0,177.0,-62.5,0,0,2.0,2.0,0.0,781.25,0.0,0.0,2200.0,-1418.75,0.0,62.5
1102,2019-06-12,12:49:40,153.90625,153.90625,153.75,153.78125,289,44449.53125,153.8046064013841,-0.125,-0.0008125127402109911,153.89778474411997,153.8145525920879,0.08323215203208179,1.000000000000001,0.0036132812500000006,-0.021913805697593602,-0.5901286563843656,0.0036132812499999963,0,1102,-0.9821004467067548,-0.8276390604925482,0.06011057519272292,13.846507335061736,13.846507335061736,0.0,0.2727931097101266,1.0455826227090474,1.0,-0.4091125252873142,0.41852653520523403,-2.0,1.0,2.0,0.0,177.0,-187.5,0,0,-2.0,2.0,-250.0,531.25,-1.0,4.0,2210.0,-1678.75,-260.0,0.0
1103,2019-06-12,12:55:34,153.78125,153.8125,153.75,153.75,289,44441.34375,153.7762759515571,-0.03125,-0.0002032313796238583,153.8649436898711,153.8125663584852,0.05237733138588396,1.0000000000000022,0.00224609375,1.4555765595463097,-1.118079933149378,0.002246093749999995,0,1103,-0.9345098229436547,-0.4091125252873142,0.04739297152532214,11.05170866061831,11.05170866061831,0.0,0.2727931097101266,0.7401959090390849,1.0,-0.10244776463515622,0.306664760652158,-1.0,-1.0,-2.0,1.0,178.0,-31.25,0,0,-1.0,-2.0,62.5,593.75,0.0,1.0,2212.5,-1618.75,60.0,60.0
1104,2019-06-12,12:57:39,153.75,153.78125,153.6875,153.6875,289,44424.375,153.7175605536332,-0.0625,-0.00040658671021631676,153.82551175878865,153.80871816283954,0.01679359594911034,1.0000000000000036,0.0016601562499999993,-1.4878892733563756,-0.5413870509510844,0.001660156249999993,0,1104,-0.7758277669611126,-0.10244776463515622,0.04074501503251647,4.121632041541339,4.121632041541339,0.0,0.2727931097101266,-0.017051238504530053,0.0,0.16080492344238967,0.26325268807754587,-1.0,-1.0,-1.0,0.0,178.0,-93.75,0,0,-1.0,-1.0,62.5,656.25,-1.0,0.0,2212.5,-1556.25,62.5,62.5
1105,2019-06-12,13:00:57,153.6875,153.71875,153.65625,153.65625,289,44415.34375,153.6863105536332,-0.03125,-0.00020335536419846534,153.7878980346134,153.8040268347522,-0.01612880013880158,1.0000000000000058,0.0007812499999999996,0.31250000000000827,-1.2577882373436324,0.0007812499999999951,0,1105,-0.5841983894500689,0.16080492344238967,0.027950849718747284,-5.770414960938959,0.0,-5.770414960938959,-0.3929830134359047,-0.4674205891246751,-1.0,0.38974240453010356,0.2289374810877139,-0.0,-1.0,-1.0,0.0,178.0,-125.0,0,0,-0.0,-1.0,31.25,687.5,-1.0,1.0,2215.0,-1527.5,28.75,62.5
1106,2019-06-12,13:04:01,153.65625,153.65625,153.5625,153.5625,289,44400.84375,153.6361375432526,-0.09375,-0.0006103143308147096,153.7378095824771,153.79659523983676,-0.0587856573596639,1.0000000000000013,0.0021484375,0.867768595041318,0.5516180692881069,0.0021484374999999967,0,1106,-0.3756020484366897,0.38974240453010356,0.04635124054434786,-12.682650274142945,0.0,-12.682650274142945,-1.1904995283225928,-0.4674205891246751,-2.0,0.6184533649686437,0.2287109604385401,1.0,-1.0,-0.0,0.0,178.0,-218.75,0,0,1.0,-0.0,0.0,687.5,-1.0,1.0,2217.5,-1530.0,-2.5,28.75
1107,2019-06-12,13:09:24,153.5625,153.59375,153.5,153.53125,289,44374.78125,153.54595588235293,-0.03125,-0.00020352091247666237,153.69190745303777,153.78843077091872,-0.09652331788095125,1.0000000000000016,0.0027343750000000003,-0.6122448979591854,0.5122408325718826,0.002734374999999996,0,1107,-0.11834714570827434,0.6184533649686437,0.05229125165837968,-18.45878895987057,0.0,-18.45878895987057,-1.8569360405958444,-0.4674205891246751,-2.0,0.6554088454404109,0.03695548047176722,2.0,-1.0,1.0,1.0,179.0,-31.25,0,0,2.0,1.0,-31.25,656.25,0.0,1.0,2220.0,-1563.75,-33.75,-2.5
1108,2019-06-12,13:12:37,153.53125,153.59375,153.5,153.5625,290,44527.21875,153.54213362068967,0.03125,0.00020352091247666237,153.66315024125163,153.78147905489047,-0.11832881363883985,1.0000000000000013,0.002734374999999999,0.5357142857142977,1.0885117692152522,0.002734374999999995,-1,1108,-0.0706155293952756,0.6554088454404109,0.052291251658379674,-22.62879733915829,0.0,-20.0,-2.034757136339064,-0.4674205891246751,-3.0,0.7041497810183923,0.048740935577981426,2.0,-1.0,2.0,0.0,179.0,0.0,0,0,2.0,2.0,62.5,718.75,-1.0,0.0,2220.0,-1501.25,62.5,62.5
1109,2019-06-12,13:18:20,153.5625,153.5625,153.46875,153.46875,289,44365.59375,153.51416522491348,-0.09375,-0.0006106870418802757,153.61995018764017,153.77185662243232,-0.15190643479215282,1.0000000000000007,0.003125,-2.3242187499999987,-0.052407843222650706,0.003124999999999998,0,1109,-0.004173122229263966,0.7041497810183923,0.05590169943749473,-27.173849153191437,0.0,-20.0,-2.034757136339064,-0.4674205891246751,-3.0,0.7148619397297966,0.010712158711404296,3.0,-1.0,2.0,0.0,179.0,-93.75,0,0,3.0,2.0,-187.5,531.25,0.0,1.0,2222.5,-1691.25,-190.0,62.5
1110,2019-06-12,13:21:27,153.46875,153.46875,153.40625,153.40625,289,44346.40625,153.44777249134947,-0.0625,-0.00040733198119191627,153.57246125705348,153.76060718789597,-0.1881459308424951,1.0000000000000007,0.00341796875,-2.897959183673469,0.381801774160606,0.0034179687499999974,0,1110,0.011028263537664004,0.7148619397297966,0.05846339666834281,-32.18183368814999,0.0,-20.0,-2.034757136339064,-0.4674205891246751,-3.0,0.7269108149214091,0.012048875191612463,3.0,-1.0,3.0,0.0,179.0,-156.25,0,0,3.0,3.0,-187.5,343.75,0.0,0.0,2222.5,-1878.75,-187.5,-187.5
1111,2019-06-12,13:26:04,153.40625,153.46875,153.40625,153.4375,290,44490.78125,153.41648706896552,0.03125,0.00020368673051329722,153.54246986659717,153.75066542826843,-0.20819556167126052,1.0000000000000004,0.00458984375,-2.367587143503846,0.5594072218898565,0.004589843749999998,-1,1111,0.028410801389373675,0.7269108149214091,0.06774838558962124,-30.730704482374442,0.0,-20.0,-2.034757136339064,-0.4674205891246751,-3.0,0.709521335270414,-0.01738947965099502,-3.0,-1.0,3.0,0.0,179.0,-125.0,0,0,-3.0,3.0,93.75,437.5,0.0,6.0,2237.5,-1800.0,78.75,78.75
1112,2019-06-12,13:29:03,153.4375,153.4375,153.375,153.375,289,44334.03125,153.40495242214533,-0.0625,-0.0004074149577641961,153.5052543406867,153.73910649201403,-0.2338521513273406,0.9999999999999998,0.00341796875,-2.897959183673469,-0.38180177416060623,0.0034179687500000004,0,1112,0.0034205452143809163,0.709521335270414,0.05846339666834284,-39.99975448808784,0.0,-20.0,-2.034757136339064,-0.4674205891246751,-3.0,0.6872404383295148,-0.022280896940899297,-3.0,-1.0,-3.0,1.0,180.0,-62.5,0,0,-3.0,-3.0,187.5,625.0,0.0,0.0,2237.5,-1612.5,187.5,187.5
1113,2019-06-12,13:31:44,153.375,153.46875,153.375,153.4375,290,44485.8125,153.39935344827586,0.0625,0.0004074149577641961,153.49019782053412,153.7298262922598,-0.23962847172566626,0.9999999999999992,0.00224609375,1.4555765595463157,-1.118079933149378,0.0022460937500000016,-1,1113,-0.027711221855424184,0.6872404383295148,0.04739297152532221,-50.56202724018519,0.0,-20.0,-2.034757136339064,-0.4674205891246751,-3.0,0.6563457633569344,-0.03089467497258036,-3.0,-1.0,-3.0,0.0,180.0,0.0,0,0,-3.0,-3.0,-187.5,437.5,0.0,0.0,2237.5,-1800.0,-187.5,187.5
1114,2019-06-12,13:35:16,153.4375,153.53125,153.4375,153.46875,289,44353.5625,153.47253460207614,0.03125,0.00020364525067861905,153.4854316381932,153.7217931755749,-0.23636153738169696,0.9999999999999998,0.0021484375,0.8677685950413228,-0.5516180692881075,0.002148437500000001,-1,1114,-0.06937740482315997,0.6563457633569344,0.0463512405443479,-50.99357311818896,0.0,-20.0,-2.034757136339064,-0.4674205891246751,-3.0,0.6347991051464689,-0.02154665821046553,-3.0,-1.0,-3.0,0.0,180.0,31.25,0,0,-3.0,-3.0,-93.75,343.75,0.0,0.0,2237.5,-1893.75,-93.75,-93.75
1115,2019-06-12,13:40:09,153.46875,153.46875,153.4375,153.46875,290,44505.6875,153.46788793103448,0.0,0.0,153.4817246074836,153.7140072317111,-0.23228262422748003,0.9999999999999948,0.0006835937499999997,-0.6122448979591795,0.5122408325718838,0.0006835937500000032,0,1115,-0.09749455447355726,0.6347991051464689,0.026145625829189924,-88.84186813694524,0.0,-20.0,-2.034757136339064,-0.4674205891246751,-3.0,0.6321729158067795,-0.0026261893396893887,-3.0,-1.0,-3.0,0.0,180.0,31.25,0,0,-3.0,-3.0,-0.0,343.75,0.0,0.0,2237.5,-1893.75,-0.0,-0.0
1116,2019-06-12,13:44:55,153.46875,153.5,153.40625,153.46875,289,44346.78125,153.44907006920414,0.0,0.0,153.47884136137617,153.70646085535077,-0.22761949397460057,0.9999999999999948,0.0006835937499999997,-0.6122448979591795,0.5122408325718838,0.0006835937500000032,0,1116,-0.10087190966785091,0.6321729158067795,0.026145625829189924,-87.05834599701106,0.0,-20.0,-2.034757136339064,-0.4674205891246751,-3.0,0.6404445888845464,0.008271673077766883,3.0,-1.0,-3.0,0.0,180.0,31.25,0,0,3.0,-3.0,-0.0,343.75,0.0,6.0,2252.5,-1908.75,-15.0,-0.0
1117,2019-06-12,13:50:38,153.46875,153.5,153.4375,153.5,290,44509.4375,153.48081896551724,0.03125,0.0002036037877335417,153.48354328107035,153.70010821364767,-0.21656493257731313,0.9999999999999983,0.00126953125,-0.17751479289940755,0.4047960089109363,0.001269531250000002,-1,1117,-0.09019839370467109,0.6404445888845464,0.03563048203434809,-60.78080346163789,0.0,-20.0,-2.034757136339064,-0.4674205891246751,-3.0,0.6859730586863748,0.04552846980182845,3.0,-1.0,3.0,1.0,181.0,31.25,0,0,3.0,3.0,93.75,437.5,0.0,0.0,2252.5,-1815.0,93.75,93.75
1118,2019-06-12,13:55:54,153.5,153.5625,153.46875,153.5625,289,44373.59375,153.54184688581316,0.0625,0.00040708325414673396,153.5010892186103,153.6958741147662,-0.19478489615590888,0.9999999999999982,0.00244140625,-1.1999999999999993,0.0,0.0024414062500000043,-1,1118,-0.02945374142586057,0.6859730586863748,0.04941058844013097,-39.421691241731054,0.0,-20.0,-2.034757136339064,-0.4674205891246751,-3.0,0.7298544184944468,0.04388135980807195,3.0,-1.0,3.0,0.0,181.0,93.75,0,0,3.0,3.0,187.5,625.0,0.0,0.0,2252.5,-1627.5,187.5,187.5
1119,2019-06-12,14:02:23,153.5625,153.59375,153.53125,153.53125,289,44378.9375,153.56033737024222,-0.03125,-0.00020352091247666237,153.50779161447468,153.69080875738882,-0.18301714291413873,0.9999999999999989,0.003125,-2.3242187499999987,0.052407843222650706,0.0031250000000000036,0,1119,0.03270496773612777,0.7298544184944468,0.055901699437494776,-32.73910180830463,0.0,-20.0,-2.034757136339064,-0.4674205891246751,-3.0,0.7407380940502148,0.01088367555576808,3.0,-1.0,3.0,0.0,181.0,62.5,0,0,3.0,3.0,-93.75,531.25,0.0,0.0,2252.5,-1721.25,-93.75,187.5
1120,2019-06-12,14:07:51,153.53125,153.625,153.53125,153.625,289,44384.25,153.57871972318338,0.09375,0.0006104385172776006,153.5338379223692,153.6887838725461,-0.15494595017690926,0.9999999999999994,0.004589843749999999,-2.3675871435038487,0.5594072218898559,0.004589843750000002,-1,1120,0.04875089032391372,0.7407380940502148,0.06774838558962126,-22.870795935342002,0.0,-20.0,-2.034757136339064,-0.4674205891246751,-3.0,0.7477208750493778,0.006982780999162941,3.0,-1.0,3.0,0.0,181.0,156.25,0,0,3.0,3.0,281.25,812.5,0.0,0.0,2252.5,-1440.0,281.25,281.25
1121,2019-06-12,14:13:29,153.625,153.65625,153.5625,153.59375,290,44547.1875,153.61099137931035,-0.03125,-0.00020343810465917045,153.54715171739826,153.68585975339084,-0.13870803599257897,0.9999999999999996,0.00390625,-0.1875000000000012,0.9375000000000003,0.003906250000000002,0,1121,0.059190284236999464,0.7477208750493778,0.06250000000000001,-22.19328575881263,0.0,-20.0,-2.034757136339064,-0.4674205891246751,-3.0,0.7862362500299144,0.03851537498053659,3.0,-1.0,3.0,0.0,181.0,125.0,0,0,3.0,3.0,-93.75,718.75,0.0,0.0,2252.5,-1533.75,-93.75,281.25
1122,2019-06-12,14:24:02,153.59375,153.625,153.5,153.53125,289,44376.28125,153.55114619377161,-0.0625,-0.0004070004126184301,153.54361800242089,153.68110253020959,-0.13748452778870046,0.9999999999999992,0.0037109375,-0.8171745152354575,0.08099829095409096,0.003710937500000003,0,1122,0.11901330903332796,0.7862362500299144,0.06091746465505605,-22.568983881257026,0.0,-20.0,-2.034757136339064,-0.4674205891246751,-3.0,0.8750572351056431,0.08882098507572878,3.0,-1.0,3.0,0.0,181.0,62.5,0,0,3.0,3.0,-187.5,531.25,0.0,0.0,2252.5,-1721.25,-187.5,-93.75
1123,2019-06-12,14:25:41,153.53125,153.5625,153.53125,153.5625,289,44375.375,153.54801038062283,0.03125,0.00020352091247666237,153.54781400188293,153.67745322158777,-0.12963921970484193,0.9999999999999992,0.0037109375,-0.8171745152354575,0.08099829095409096,0.003710937500000003,-1,1123,0.2765054642080533,0.8750572351056431,0.06091746465505605,-21.281125279740625,0.0,-20.0,-2.034757136339064,-0.4674205891246751,-3.0,0.9436593837723183,0.06860214866667513,3.0,-1.0,3.0,0.0,181.0,93.75,0,0,3.0,3.0,93.75,625.0,0.0,0.0,2252.5,-1627.5,93.75,93.75
1124,2019-06-12,14:28:38,153.5625,153.625,153.5625,153.59375,289,44389.75,153.5977508650519,0.03125,0.00020347950014176774,153.5580220014645,153.67487773784663,-0.11685573638212077,0.9999999999999989,0.003125,2.3632812499999987,-0.821056210488204,0.003125000000000004,-1,1124,0.43327332614718905,0.9436593837723183,0.055901699437494776,-20.903789608897377,0.0,-20.0,-2.034757136339064,-0.4674205891246751,-3.0,0.9928498155116021,0.049190431739283835,3.0,-1.0,3.0,0.0,181.0,125.0,0,0,3.0,3.0,93.75,718.75,0.0,0.0,2252.5,-1533.75,93.75,93.75
1125,2019-06-12,14:35:08,153.59375,153.75,153.59375,153.6875,289,44416.125,153.68901384083046,0.09375,0.0006101901948714072,153.58679489002796,153.67526611514367,-0.08847122511571115,0.9999999999999952,0.001171875,2.916666666666662,1.2932338163316435,0.0011718750000000054,-1,1125,0.617643361753956,0.9928498155116021,0.03423265984407296,-25.844099032529325,0.0,-20.0,-2.034757136339064,-0.4674205891246751,-3.0,0.9960077473122633,0.003157931800661151,3.0,-1.0,3.0,0.0,181.0,218.75,0,0,3.0,3.0,281.25,1000.0,0.0,0.0,2252.5,-1252.5,281.25,281.25
1126,2019-06-12,14:37:51,153.6875,153.71875,153.65625,153.71875,289,44418.1875,153.69615051903114,0.03125,0.00020331401920170578,153.61611824779953,153.67660408083157,-0.06048583303203259,0.999999999999997,0.0014648437500000002,2.0000000000000058,1.3608276348795423,0.0014648437500000048,-1,1126,0.7674050144756708,0.9960077473122633,0.03827327723098722,-15.803672276870351,0.0,-15.803672276870351,-1.550595282838521,-0.4674205891246751,-2.0,0.9511105575740937,-0.044897189738169585,-3.0,-1.0,3.0,0.0,181.0,250.0,0,0,-3.0,3.0,93.75,1093.75,1.0,6.0,2267.5,-1173.75,78.75,281.25
1127,2019-06-12,14:39:55,153.71875,153.71875,153.6875,153.71875,289,44420.78125,153.70512543252596,0.0,0.0,153.6389253038441,153.67790087834445,-0.03897557450034128,0.9999999999999984,0.0022460937500000003,1.455576559546311,1.1180799331493774,0.0022460937500000037,0,1127,0.8909270947511961,0.9511105575740937,0.04739297152532223,-8.22391448477049,0.0,-8.22391448477049,-0.6760616849308556,-0.4674205891246751,-1.0,0.8376886153837672,-0.11342194219032653,-2.0,-1.0,-3.0,1.0,182.0,0.0,0,0,-2.0,-3.0,-0.0,1093.75,1.0,1.0,2270.0,-1176.25,-2.5,78.75
1128,2019-06-12,14:45:35,153.6875,153.75,153.65625,153.71875,289,44423.0,153.71280276816609,0.0,0.0,153.6566641252121,153.6791577743954,-0.022493649183303432,0.9999999999999974,0.00068359375,-0.612244897959183,0.5122408325718831,0.0006835937500000017,0,1128,0.9785203491461205,0.8376886153837672,0.026145625829189893,-8.603216970308944,0.0,-8.603216970308944,-0.7198246621224221,-0.4674205891246751,-1.0,0.6242486097566636,-0.21344000562710352,1.0,-1.0,-2.0,0.0,182.0,0.0,0,0,1.0,-2.0,-0.0,1093.75,0.0,3.0,2277.5,-1183.75,-7.5,-2.5
1129,2019-06-12,14:55:18,153.71875,153.71875,153.65625,153.6875,289,44416.25,153.689446366782,-0.03125,-0.00020331401920170578,153.66351654183165,153.6794144582602,-0.015897916428542658,0.9999999999999974,0.00068359375,-0.612244897959183,0.5122408325718831,0.0006835937500000017,0,1129,0.9938204509089043,0.6242486097566636,0.026145625829189893,-6.080526254144457,0.0,-6.080526254144457,-0.4287628829828537,-0.4674205891246751,-1.0,0.43299364278226815,-0.19125496697439548,-1.0,1.0,1.0,1.0,183.0,-31.25,0,0,-1.0,1.0,-31.25,1062.5,0.0,2.0,2282.5,-1220.0,-36.25,-7.5
1130,2019-06-12,15:00:50,153.6875,153.6875,153.59375,153.65625,289,44407.375,153.65873702422147,-0.03125,-0.00020335536419846534,153.66190175475796,153.67870170569836,-0.016799950940395547,0.9999999999999987,0.00078125,0.3125000000000024,1.2577882373436315,0.0007812500000000011,0,1130,0.9435566541034962,0.43299364278226815,0.02795084971874739,-6.010533171421749,0.0,-6.010533171421749,-0.42068725521992734,-0.4674205891246751,-1.0,0.49320343926438887,0.060209796482120714,-1.0,1.0,-1.0,1.0,184.0,-31.25,0,0,-1.0,-1.0,31.25,1093.75,0.0,0.0,2282.5,-1188.75,31.25,31.25
1131,2019-06-12,15:03:51,153.65625,153.71875,153.65625,153.6875,289,44420.125,153.70285467128028,0.03125,0.00020335536419846534,153.66759025370064,153.6789724224461,-0.011382168745456056,0.9999999999999987,0.00078125,0.3125000000000024,1.2577882373436315,0.0007812500000000011,-1,1131,0.9638695848988563,0.49320343926438887,0.02795084971874739,-4.072208487394116,0.0,-4.072208487394116,-0.1970481751423681,-0.4674205891246751,-1.0,0.4336838519052207,-0.05951958735916818,-1.0,1.0,-1.0,0.0,184.0,0.0,0,0,-1.0,-1.0,-31.25,1062.5,0.0,0.0,2282.5,-1220.0,-31.25,31.25
1132,2019-06-12,15:11:30,153.6875,153.71875,153.65625,153.65625,289,44412.375,153.67603806228374,-0.03125,-0.00020335536419846534,153.66507019732273,153.6782732709862,-0.013203073663476061,0.9999999999999998,0.0021484374999999997,0.8677685950413286,-0.5516180692881066,0.0021484375,0,1132,0.9438100359208103,0.4336838519052207,0.046351240544347895,-2.848483343362437,0.0,-2.848483343362437,-0.05585781228202402,-0.4674205891246751,-1.0,0.49817069820203574,0.06448684629681506,-1.0,1.0,-1.0,0.0,184.0,-31.25,0,0,-1.0,-1.0,31.25,1093.75,0.0,0.0,2282.5,-1188.75,31.25,31.25
1133,2019-06-12,15:15:32,153.65625,153.6875,153.625,153.65625,289,44406.625,153.65614186851212,0.0,0.0,153.66311015347327,153.67759563187894,-0.014485478405674712,1.0000000000000002,0.00244140625,-1.1999999999999993,0.0,0.0024414062499999996,0,1133,0.9653773046111156,0.49817069820203574,0.04941058844013092,-2.9316547045834636,0.0,-2.9316547045834636,-0.06545391703451531,-0.4674205891246751,-1.0,0.438772829401369,-0.05939786880066672,-1.0,1.0,-1.0,0.0,184.0,-31.25,0,0,-1.0,-1.0,-0.0,1093.75,0.0,0.0,2282.5,-1188.75,-0.0,31.25
1134,2019-06-12,15:23:56,153.65625,153.65625,153.53125,153.5625,289,44388.71875,153.59418252595157,-0.09375,-0.0006103143308147096,153.64075234159031,153.67405422782113,-0.033301886230816535,1.000000000000001,0.0012695312499999994,-0.17751479289940994,0.40479600891093587,0.001269531249999998,0,1134,0.9456639976081653,0.438772829401369,0.035630482034348036,-9.34645964057216,0.0,-9.34645964057216,-0.8055781524544292,-0.4674205891246751,-1.0,0.22646011442554428,-0.21231271497582474,-1.0,1.0,-1.0,0.0,184.0,-125.0,0,0,-1.0,-1.0,93.75,1187.5,0.0,0.0,2282.5,-1095.0,93.75,93.75
1135,2019-06-12,15:27:22,153.5625,153.59375,153.5,153.5,290,44533.96875,153.5654094827586,-0.0625,-0.00040708325414673396,153.60947404345913,153.66869871311894,-0.059224669659812434,0.9999999999999997,0.007617187499999999,2.0414201183431957,1.4964964675439432,0.007617187500000001,0,1135,0.8488679403671817,0.22646011442554428,0.0872765002735559,-6.785866696554176,0.0,-6.785866696554176,-0.5101433085544032,-0.4674205891246751,-1.0,-0.050174310048650646,-0.27663442447419495,-1.0,1.0,-1.0,0.0,184.0,-187.5,0,0,-1.0,-1.0,62.5,1250.0,0.0,0.0,2282.5,-1032.5,62.5,93.75
1136,2019-06-12,15:33:58,153.5,153.5625,153.4375,153.4375,289,44359.875,153.49437716262975,-0.0625,-0.00040724903841216076,153.57125758935712,153.66158490656144,-0.09032731720432707,0.9999999999999997,0.007617187499999999,2.0414201183431957,1.4964964675439432,0.007617187500000001,0,1136,0.6707375684228171,-0.050174310048650646,0.0872765002735559,-10.349557661135451,0.0,-10.349557661135451,-0.9213131066625432,-0.4674205891246751,-1.0,-0.5398947795997426,-0.489720469551092,-1.0,1.0,-1.0,0.0,184.0,-250.0,0,0,-1.0,-1.0,62.5,1312.5,0.0,0.0,2282.5,-970.0,62.5,62.5
1137,2019-06-12,15:40:55,153.4375,153.5625,153.4375,153.5625,289,44366.9375,153.51881487889273,0.125,0.0008143322925588947,153.56931145838888,153.6585361402057,-0.0892246818168303,0.9999999999999993,0.007617187499999999,-2.692307692307691,0.33969551717255186,0.007617187500000003,-1,1137,0.21343150958365995,-0.5398947795997426,0.08727650027355591,-10.22321948487486,0.0,-10.22321948487486,-0.9067365221767665,-0.4674205891246751,-1.0,-0.7680819689283458,-0.22818718932860316,-1.0,1.0,-1.0,0.0,184.0,-125.0,0,0,-1.0,-1.0,-125.0,1187.5,0.0,0.0,2282.5,-1095.0,-125.0,62.5
1138,2019-06-12,15:49:06,153.5625,153.59375,153.5,153.5625,290,44529.40625,153.54967672413792,0.0,0.0,153.56779780096915,153.65558118204555,-0.08778338107640593,0.9999999999999993,0.005566406250000001,-1.1172668513388768,-0.20575279705556965,0.0055664062500000045,0,1138,-0.09031905564663022,-0.7680819689283458,0.07460835241445829,-11.7658919190118,0.0,-11.7658919190118,-1.0847262299250664,-0.4674205891246751,-2.0,-0.9811266318248136,-0.21304466289646784,-1.0,1.0,-1.0,0.0,184.0,-125.0,0,0,-1.0,-1.0,-0.0,1187.5,-1.0,0.0,2282.5,-1095.0,-0.0,-0.0
1139,2019-06-12,15:54:53,153.5625,153.6875,153.53125,153.65625,289,44391.125,153.60250865051904,0.09375,0.0006103143308147096,153.58745384519824,153.65560176105956,-0.06814791586131719,0.9999999999999982,0.00322265625,-2.231404958677679,0.5671631517317608,0.0032226562500000055,-1,1139,-0.5570306609755847,-0.9811266318248136,0.056768444139328016,-12.004541765150423,0.0,-12.004541765150423,-1.1122610554839056,-0.4674205891246751,-2.0,-0.9971507872927912,-0.01602415546797753,-2.0,1.0,-1.0,0.0,184.0,-31.25,0,0,-2.0,-1.0,-93.75,1093.75,0.0,1.0,2285.0,-1191.25,-96.25,-0.0
1140,2019-06-12,15:57:43,153.65625,153.71875,153.625,153.6875,289,44409.1875,153.66500865051904,0.03125,0.00020335536419846534,153.60968632404308,153.65658324533467,-0.04689692129159084,0.9999999999999982,0.0016601562499999997,2.664359861591702,1.714392328011769,0.001660156250000003,-1,1140,-0.7584320657563675,-0.9971507872927912,0.04074501503251659,-11.509854948921905,0.0,-11.509854948921905,-1.055185321258635,-0.4674205891246751,-2.0,-0.9563761429599098,0.04077464433288136,-2.0,1.0,-2.0,0.0,184.0,0.0,0,0,-2.0,-2.0,-62.5,1031.25,0.0,0.0,2285.0,-1253.75,-62.5,-62.5
1141,2019-06-12,16:05:28,153.6875,153.71875,153.65625,153.6875,289,44414.59375,153.68371539792386,0.0,0.0,153.62697825203352,153.65753453009364,-0.030556278060117847,0.9999999999999978,0.0014648437500000002,2.0000000000000058,1.3608276348795423,0.0014648437500000037,0,1141,-0.8828328920894564,-0.9563761429599098,0.0382732772309872,-7.983710899828186,0.0,-7.983710899828186,-0.6483475928540801,-0.4674205891246751,-1.0,-0.8709646139063922,0.08541152905351757,-2.0,1.0,-2.0,0.0,184.0,0.0,0,0,-2.0,-2.0,-0.0,1031.25,1.0,0.0,2285.0,-1253.75,-0.0,-0.0
1142,2019-06-12,16:14:17,153.6875,153.6875,153.625,153.6875,289,44408.59375,153.66295415224914,0.0,0.0,153.6404275293594,153.65845654455234,-0.01802901519292277,0.9999999999999999,0.00146484375,2.0000000000000013,-1.3608276348795436,0.0014648437500000002,0,1142,-0.9632988930024691,-0.8709646139063922,0.03827327723098716,-4.71060136400495,0.0,-4.71060136400495,-0.2707043571173372,-0.4674205891246751,-1.0,-0.6808445967470351,0.1901200171593571,1.0,1.0,-2.0,0.0,184.0,0.0,0,0,1.0,-2.0,-0.0,1031.25,0.0,3.0,2292.5,-1261.25,-7.5,-0.0
1143,2019-06-12,16:23:10,153.6875,153.75,153.6875,153.71875,289,44418.28125,153.6964749134948,0.03125,0.00020331401920170578,153.65783252283512,153.6603117277969,-0.002479204961787218,1.0000000000000007,0.00126953125,-0.17751479289940755,-0.4047960089109363,0.001269531249999999,-1,1143,-0.9993345691949331,-0.6808445967470351,0.03563048203434805,-0.6958101098372023,0.0,-0.6958101098372023,0.19251227020220907,-0.4674205891246751,-0.0,-0.19470432155419728,0.48614027519283787,1.0,-1.0,1.0,1.0,185.0,31.25,0,0,1.0,1.0,31.25,1062.5,1.0,0.0,2292.5,-1230.0,31.25,31.25
1144,2019-06-12,16:25:00,153.71875,153.71875,153.625,153.65625,289,44409.78125,153.66706314878894,-0.0625,-0.0004066693834001711,153.657480851094,153.66018675155703,-0.002705900463041644,0.9999999999999999,0.0016601562499999997,-1.4878892733564004,-0.5413870509510851,0.0016601562499999997,0,1144,-0.8312509047739756,-0.19470432155419728,0.040745015032516554,-0.6641058939068252,0.0,-0.6641058939068252,0.196170223765756,-0.4674205891246751,-0.0,0.6454944632720713,0.8401987848262685,0.0,-1.0,1.0,0.0,185.0,-31.25,0,0,0.0,1.0,-62.5,1000.0,0.0,1.0,2295.0,-1295.0,-65.0,31.25
1145,2019-06-12,16:28:51,153.65625,153.65625,153.625,153.625,289,44403.34375,153.64478806228374,-0.03125,-0.00020339672601377146,153.65026288418423,153.65910408227836,-0.008841198094131641,1.0000000000000004,0.0017578124999999998,-2.407407407407407,0.1656346649999846,0.0017578124999999992,0,1145,-0.08362986273358491,0.6454944632720713,0.041926274578121044,-2.1087487937087936,0.0,-2.1087487937087936,0.02949091982119345,-0.4674205891246751,-0.0,0.9834709919112673,0.337976528639196,0.0,-1.0,0.0,0.0,185.0,-62.5,0,0,0.0,0.0,-0.0,1000.0,0.0,0.0,2295.0,-1295.0,-0.0,-0.0
1146,2019-06-12,16:33:56,153.625,153.65625,153.625,153.65625,289,44400.5,153.6349480968858,0.03125,0.00020339672601377146,153.65159335436553,153.65901626436212,-0.007422909996591898,1.0000000000000013,0.0021484375,0.867768595041318,0.5516180692881069,0.0021484374999999967,-1,1146,0.5673861834294845,0.9834709919112673,0.04635124054434786,-1.6014479676093716,0.0,-1.6014479676093716,0.08802202712552754,-0.4674205891246751,-0.0,0.921431871263542,-0.06203912064772532,-0.0,-1.0,0.0,0.0,185.0,-31.25,0,0,-0.0,0.0,0.0,1000.0,0.0,0.0,2295.0,-1295.0,0.0,0.0
1147,2019-06-12,16:41:02,153.65625,153.6875,153.625,153.625,289,44404.8125,153.64987024221455,-0.03125,-0.00020339672601377146,153.6456837200621,153.65796961007408,-0.012285890011980882,1.0000000000000016,0.001953125,2.0000000000000013,6.542051911182396e-16,0.0019531249999999974,0,1147,0.9262899706032269,0.921431871263542,0.04419417382415919,-2.7799795649228036,0.0,-2.7799795649228036,-0.04795401674234029,-0.4674205891246751,-1.0,0.6530372760335361,-0.26839459523000586,0.0,-1.0,-0.0,0.0,185.0,-62.5,0,0,0.0,-0.0,0.0,1000.0,-1.0,0.0,2295.0,-1295.0,0.0,0.0
1148,2019-06-12,16:49:26,153.625,153.65625,153.53125,153.53125,289,44392.8125,153.60834775086505,-0.09375,-0.0006104385172776006,153.62025400449275,153.65407054514873,-0.03381654065597672,1.0000000000000007,0.0027343750000000003,-0.6122448979591854,-0.5122408325718829,0.002734374999999999,0,1148,0.9972772710796804,0.6530372760335361,0.05229125165837971,-6.4669594977188884,0.0,-6.4669594977188884,-0.47334858929744195,-0.4674205891246751,-1.0,0.15257518495501,-0.5004620910785261,-1.0,1.0,0.0,0.0,185.0,-156.25,0,0,-1.0,0.0,-0.0,1000.0,0.0,1.0,2297.5,-1297.5,-2.5,0.0
1149,2019-06-12,16:59:27,153.53125,153.5625,153.5,153.5,290,44523.4375,153.52909482758622,-0.03125,-0.0002035623416700716,153.59353089238328,153.6493299129903,-0.055799020607025795,1.000000000000001,0.001953125,2.0000000000000013,6.542051911182396e-16,0.0019531249999999976,0,1149,0.8067148283536857,0.15257518495501,0.044194173824159196,-12.625877073534678,0.0,-12.625877073534678,-1.1839491776709625,-0.4674205891246751,-2.0,-0.7368680111222516,-0.8894431960772616,-1.0,1.0,-1.0,1.0,186.0,-31.25,0,0,-1.0,-1.0,31.25,1031.25,-1.0,0.0,2297.5,-1266.25,31.25,31.25
1150,2019-06-12,17:03:15,153.5,153.5625,153.46875,153.53125,289,44368.34375,153.52368079584775,0.03125,0.0002035623416700716,153.57969069407588,153.64569668489833,-0.06600599082244685,0.9999999999999998,0.005078125,-0.17751479289940994,0.4047960089109366,0.005078125,-1,1150,-0.04301427735027377,-0.7368680111222516,0.07126096406869613,-9.262573371701308,0.0,-9.262573371701308,-0.7958995634357751,-0.4674205891246751,-1.0,-0.9840674265176592,-0.24719941539540757,-2.0,1.0,-1.0,0.0,186.0,0.0,0,0,-2.0,-1.0,-31.25,1000.0,1.0,1.0,2300.0,-1300.0,-33.75,31.25
1151,2019-06-12,17:09:04,153.53125,153.53125,153.46875,153.5,289,44364.21875,153.50940743944636,-0.03125,-0.0002035623416700716,153.5619816509479,153.6412137099784,-0.07923205903048824,0.999999999999999,0.002734375,0.5357142857142883,1.0885117692152515,0.0027343750000000024,0,1151,-0.8215612739526985,-0.9840674265176592,0.052291251658379743,-15.15206779675376,0.0,-15.15206779675376,-1.4754147789175311,-0.4674205891246751,-2.0,-0.7186349828978004,0.26543244361985885,-1.0,1.0,-2.0,0.0,186.0,-31.25,0,0,-1.0,-2.0,62.5,1062.5,-1.0,1.0,2302.5,-1240.0,60.0,60.0
1152,2019-06-12,17:17:16,153.5,153.59375,153.5,153.59375,289,44382.34375,153.57212370242215,0.09375,0.0006105627542885017,153.5690412840706,153.6397532881329,-0.07071200406230105,0.9999999999999983,0.0021484374999999997,0.8677685950413286,0.5516180692881066,0.0021484375000000036,-1,1152,-0.9998648793905962,-0.7186349828978004,0.04635124054434793,-15.255687492257135,0.0,-15.255687492257135,-1.487370161610249,-0.4674205891246751,-2.0,-0.4426338314025048,0.2760011514952956,2.0,1.0,-1.0,0.0,186.0,62.5,0,0,2.0,-1.0,-93.75,968.75,0.0,3.0,2310.0,-1341.25,-101.25,60.0
1153,2019-06-12,17:25:18,153.59375,153.625,153.5,153.59375,290,44536.375,153.57370689655173,0.0,0.0,153.5745321098327,153.63833780234424,-0.06380569251155066,0.999999999999999,0.002734375,0.5357142857142883,1.0885117692152515,0.0027343750000000024,0,1153,-0.9470537698109903,-0.4426338314025048,0.052291251658379743,-12.201982260511777,0.0,-12.201982260511777,-1.1350412486664638,-0.4674205891246751,-2.0,0.14162502967903978,0.5842588610815446,2.0,-1.0,2.0,1.0,187.0,0.0,0,0,2.0,2.0,0.0,968.75,0.0,0.0,2310.0,-1341.25,0.0,0.0
1154,2019-06-12,17:30:39,153.59375,153.625,153.5625,153.625,289,44384.0,153.57785467128028,0.03125,0.00020343810465917045,153.58574719653654,153.63792740842598,-0.05218021188943567,0.9999999999999983,0.0021484374999999997,0.8677685950413286,0.5516180692881066,0.0021484375000000036,-1,1154,-0.5998353918855539,0.14162502967903978,0.04635124054434793,-11.257565337331306,0.0,-11.257565337331306,-1.026076773493558,-0.4674205891246751,-1.0,0.7799385973304407,0.6383135676514009,2.0,-1.0,2.0,0.0,187.0,31.25,0,0,2.0,2.0,62.5,1031.25,1.0,0.0,2310.0,-1278.75,62.5,62.5
1155,2019-06-12,17:35:46,153.625,153.625,153.5625,153.59375,289,44387.71875,153.5907223183391,-0.03125,-0.00020343810465917045,153.5875255973062,153.63656810355135,-0.04904250624514361,0.9999999999999978,0.00068359375,-0.612244897959183,-0.5122408325718831,0.0006835937500000015,0,1155,0.10895282025285516,0.7799385973304407,0.02614562582918989,-18.75744209205,0.0,-18.75744209205,-1.8913938960280443,-0.4674205891246751,-2.0,0.9662686193228556,0.18633002199241488,1.0,-1.0,2.0,0.0,187.0,0.0,0,0,1.0,2.0,-62.5,968.75,-1.0,1.0,2312.5,-1343.75,-65.0,62.5
1156,2019-06-12,17:44:47,153.59375,153.6875,153.59375,153.625,289,44402.53125,153.6419766435986,0.03125,0.00020343810465917045,153.59585324234928,153.63621216190364,-0.04035891955436455,0.9999999999999971,0.00078125,0.3125000000000024,-1.2577882373436315,0.0007812500000000022,-1,1156,0.5011494160053276,0.9662686193228556,0.027950849718747412,-14.439246019520722,0.0,-14.439246019520722,-1.393171175545365,-0.4674205891246751,-2.0,0.9961587010996326,0.02989008177677699,2.0,-1.0,1.0,0.0,187.0,31.25,0,0,2.0,1.0,31.25,1000.0,0.0,1.0,2315.0,-1315.0,28.75,28.75
1157,2019-06-12,17:52:38,153.625,153.625,153.59375,153.625,289,44396.125,153.6198096885813,0.0,0.0,153.602330299605,153.63586717230663,-0.03353687270163164,0.9999999999999978,0.00068359375,-0.612244897959183,-0.5122408325718831,0.0006835937500000015,0,1157,0.7663092379791783,0.9961587010996326,0.02614562582918989,-12.826953510590632,0.0,-12.826953510590632,-1.2071488767611205,-0.4674205891246751,-2.0,0.8259575023028006,-0.17020119879683193,-2.0,-1.0,2.0,0.0,187.0,31.25,0,0,-2.0,2.0,0.0,1000.0,0.0,4.0,2325.0,-1325.0,-10.0,28.75
1158,2019-06-12,17:57:37,153.625,153.65625,153.59375,153.65625,289,44398.4375,153.62781141868513,0.03125,0.00020339672601377146,153.61431245524835,153.63649433623567,-0.022181880987318436,0.99999999999999,0.00029296875,-3.333333333333344,-0.6085806194501838,0.00029296875000000297,-1,1158,0.982659144621032,0.8259575023028006,0.017116329922036527,-12.959484356959159,0.0,-12.959484356959159,-1.2224399561184605,-0.4674205891246751,-2.0,0.5589168858375788,-0.2670406164652218,2.0,-1.0,-2.0,1.0,188.0,31.25,0,0,2.0,-2.0,-62.5,937.5,0.0,4.0,2335.0,-1397.5,-72.5,-10.0
1159,2019-06-12,18:08:31,153.65625,153.6875,153.625,153.65625,289,44404.40625,153.64846453287197,0.0,0.0,153.62363190963762,153.63710220281303,-0.013470293175402048,0.9999999999999925,0.00029296875,-3.3333333333333304,0.6085806194501845,0.00029296875000000227,0,1159,0.9815636087308032,0.5589168858375788,0.017116329922036506,-7.869848990267272,0.0,-7.869848990267272,-0.6352104889829342,-0.4674205891246751,-1.0,0.18847442460240407,-0.37044246123517477,-2.0,1.0,2.0,1.0,189.0,0.0,0,0,-2.0,2.0,0.0,937.5,1.0,4.0,2345.0,-1407.5,-10.0,-10.0
1160,2019-06-12,18:21:01,153.65625,153.71875,153.625,153.6875,290,44564.6875,153.67133620689654,0.03125,0.00020335536419846534,153.63782481860704,153.63865290426494,-0.0008280856579006013,0.9999999999999925,0.00029296875,-3.3333333333333304,0.6085806194501845,0.00029296875000000227,-1,1160,0.8277056267190014,0.18847442460240407,0.017116329922036506,-0.4837986073372413,0.0,-0.4837986073372413,0.21697362994016123,-0.4674205891246751,-0.0,-0.18494523397333573,-0.3734196585757398,-1.0,1.0,-2.0,1.0,190.0,31.25,0,0,-1.0,-2.0,-62.5,875.0,1.0,1.0,2347.5,-1472.5,-65.0,-10.0
1161,2019-06-12,18:26:51,153.71875,153.71875,153.65625,153.6875,289,44415.40625,153.686526816609,0.0,0.0,153.6488637478055,153.64015589182605,0.008707855979452006,0.9999999999999997,0.001171875,2.9166666666666665,-1.2932338163316421,0.0011718750000000002,0,1161,0.5641323319291571,-0.18494523397333573,0.03423265984407289,2.5437275453077897,2.5437275453077897,0.0,0.2727931097101266,-0.18946833351613557,0.0,-0.5087762834685787,-0.323831049495243,-0.0,1.0,-1.0,0.0,190.0,31.25,0,0,-0.0,-1.0,-0.0,875.0,0.0,1.0,2350.0,-1475.0,-2.5,-2.5
1162,2019-06-12,18:35:20,153.6875,153.6875,153.65625,153.6875,289,44412.84375,153.67766003460207,0.0,0.0,153.6574495816265,153.64161263361603,0.01583694801047386,1.0000000000000004,0.0017578124999999998,-2.4074074074074083,-0.1656346649999846,0.0017578124999999987,0,1162,0.24898819852432574,-0.5087762834685787,0.041926274578121044,3.777332512805293,3.777332512805293,0.0,0.2727931097101266,-0.05467273251778204,0.0,-0.7734576396517838,-0.2646813561832051,0.0,1.0,-0.0,0.0,190.0,31.25,0,0,0.0,-0.0,-0.0,875.0,0.0,0.0,2350.0,-1475.0,-0.0,-0.0
1163,2019-06-12,18:46:25,153.6875,153.6875,153.625,153.625,289,44402.78125,153.64284169550174,-0.0625,-0.0004067520902122368,153.6502385634873,153.64110147565862,0.009137087828690937,1.0000000000000004,0.0017578124999999998,-2.4074074074074083,-0.1656346649999846,0.0017578124999999987,0,1163,-0.09871892706657374,-0.7734576396517838,0.041926274578121044,2.179322613476149,2.179322613476149,0.0,0.2727931097101266,-0.22928673818149248,0.0,-0.9428782045045113,-0.1694205648527275,0.0,1.0,0.0,0.0,190.0,-31.25,0,0,0.0,0.0,-0.0,875.0,0.0,0.0,2350.0,-1475.0,-0.0,-0.0
1164,2019-06-12,18:47:35,153.625,153.625,153.53125,153.5625,289,44383.84375,153.57731401384083,-0.0625,-0.0004069176048009382,153.6307411049346,153.63868296871527,-0.00794186378067252,1.000000000000001,0.0016601562499999997,-1.4878892733564004,0.5413870509510853,0.001660156249999998,0,1164,-0.43115168337743975,-0.9428782045045113,0.04074501503251653,-1.9491620691106684,0.0,-1.9491620691106684,0.04790363910182294,-0.4674205891246751,-0.0,-0.9993157027556866,-0.05643749825117528,0.0,1.0,0.0,0.0,190.0,-93.75,0,0,0.0,0.0,-0.0,875.0,-0.0,0.0,2350.0,-1475.0,-0.0,-0.0
1165,2019-06-12,18:56:06,153.5625,153.625,153.5625,153.59375,289,44388.3125,153.592776816609,0.03125,0.00020347950014176774,153.6225208593936,153.63730041583173,-0.014779556438128338,1.0000000000000007,0.0022460937500000003,-3.081285444234405,0.3153558785805939,0.002246093749999999,-1,1165,-0.6804683097392776,-0.9993157027556866,0.04739297152532218,-3.118512294640902,0.0,-3.118512294640902,-0.08701308093017535,-0.4674205891246751,-1.0,-0.9608737029691833,0.03844199978650331,-0.0,1.0,0.0,0.0,190.0,-62.5,0,0,-0.0,0.0,0.0,875.0,-1.0,0.0,2350.0,-1475.0,0.0,0.0
1166,2019-06-12,18:57:53,153.59375,153.625,153.5625,153.5625,289,44390.84375,153.60153546712803,-0.03125,-0.00020347950014176774,153.6091828906395,153.63499886457538,-0.025815973935891634,0.9999999999999996,0.001953125,-1.750000000000001,-0.8838834764831844,0.001953125000000001,0,1166,-0.8752996063182148,-0.9608737029691833,0.04419417382415923,-5.8414880745613225,0.0,-5.8414880745613225,-0.401183252477243,-0.4674205891246751,-1.0,-0.8306939221451731,0.13017978082401016,-1.0,1.0,-0.0,0.0,190.0,-93.75,0,0,-1.0,-0.0,0.0,875.0,0.0,1.0,2352.5,-1477.5,-2.5,0.0
1167,2019-06-12,18:59:48,153.5625,153.625,153.5625,153.59375,289,44385.3125,153.58239619377161,0.03125,0.00020347950014176774,153.60575335938628,153.6337296687423,-0.027976309356006368,0.9999999999999969,0.001171875,2.9166666666666714,-1.2932338163316428,0.0011718750000000036,-1,1167,-0.9810564285973509,-0.8306939221451731,0.034232659844072935,-8.172403045347995,0.0,-8.172403045347995,-0.6701184231951693,-0.4674205891246751,-1.0,-0.581516505737219,0.2491774164079541,1.0,1.0,-1.0,1.0,191.0,31.25,0,0,1.0,-1.0,-31.25,843.75,0.0,2.0,2357.5,-1513.75,-36.25,-2.5
1168,2019-06-12,19:10:54,153.625,153.65625,153.5625,153.625,290,44544.96875,153.60334051724138,0.03125,0.00020343810465917045,153.6100303906338,153.63346106355021,-0.02343067291641887,0.9999999999999969,0.001171875,2.9166666666666714,-1.2932338163316428,0.0011718750000000036,-1,1168,-0.9864501005139644,-0.581516505737219,0.034232659844072935,-6.844537650052241,0.0,-6.844537650052241,-0.5169126172134233,-0.4674205891246751,-1.0,-0.19237669861268142,0.3891398071245376,1.0,-1.0,1.0,1.0,192.0,31.25,0,0,1.0,1.0,31.25,875.0,0.0,0.0,2357.5,-1482.5,31.25,31.25
1169,2019-06-12,19:26:35,153.625,153.6875,153.59375,153.6875,289,44402.1875,153.64078719723184,0.0625,0.0004067520902122368,153.62724585938187,153.63512380005636,-0.007877940674489992,0.9999999999999969,0.001171875,2.9166666666666714,-1.2932338163316428,0.0011718750000000036,-1,1169,-0.8299297101215813,-0.19237669861268142,0.034232659844072935,-2.301293767523,0.0,-2.301293767523,0.0072755597361682245,-0.4674205891246751,-0.0,0.3764133931497975,0.5687900917624789,1.0,-1.0,1.0,0.0,192.0,93.75,0,0,1.0,1.0,62.5,937.5,1.0,0.0,2357.5,-1420.0,62.5,62.5
1170,2019-06-12,19:30:18,153.6875,153.75,153.6875,153.71875,289,44421.59375,153.70793685121106,0.03125,0.00020331401920170578,153.64758011285258,153.63769691390078,0.009883198951797567,0.9999999999999969,0.001171875,2.9166666666666714,-1.2932338163316428,0.0011718750000000036,-1,1170,-0.388935894927813,0.3764133931497975,0.034232659844072935,2.887067203312497,2.887067203312497,0.0,0.2727931097101266,-0.15195172425571812,0.0,0.743044691004264,0.36663129785446646,0.0,-1.0,1.0,0.0,192.0,125.0,0,0,0.0,1.0,31.25,968.75,0.0,1.0,2360.0,-1391.25,28.75,62.5
1171,2019-06-12,19:31:08,153.71875,153.75,153.6875,153.6875,289,44423.5625,153.7147491349481,-0.03125,-0.00020331401920170578,153.65645119888538,153.63922931655,0.01722188233537736,0.9999999999999969,0.001171875,2.9166666666666714,-1.2932338163316428,0.0011718750000000036,0,1171,0.05218652454014211,0.743044691004264,0.034232659844072935,5.030833833485822,5.030833833485822,0.0,0.2727931097101266,0.08229693631885365,0.0,0.9923557003764328,0.24931100937216888,-0.0,-1.0,0.0,0.0,192.0,93.75,0,0,-0.0,0.0,-0.0,968.75,0.0,0.0,2360.0,-1391.25,-0.0,28.75
1172,2019-06-12,19:42:50,153.6875,153.78125,153.6875,153.71875,288,44269.5,153.71354166666666,0.03125,0.00020331401920170578,153.67029537691084,153.64167610681002,0.028619270100818994,0.9999999999999989,0.001171875,-3.3333333333333326,-0.6085806194501847,0.0011718750000000015,-1,1172,0.788965882086864,0.9923557003764328,0.0342326598440729,8.360223900560909,8.360223900560909,0.0,0.2727931097101266,0.4460982721384934,1.0,0.7513687573174646,-0.24098694305896828,0.0,-1.0,-0.0,0.0,192.0,125.0,0,0,0.0,-0.0,-0.0,968.75,1.0,0.0,2360.0,-1391.25,-0.0,-0.0
1173,2019-06-12,20:08:07,153.71875,153.78125,153.71875,153.75,289,44431.375,153.7417820069204,0.03125,0.00020327269101461098,153.68800751537512,153.64500914967743,0.04299836569768445,0.9999999999999997,0.001171875,-3.3333333333333326,0.6085806194501847,0.0011718750000000002,-1,1173,0.9979053751129537,0.7513687573174646,0.03423265984407289,12.560626575188337,12.560626575188337,0.0,0.2727931097101266,0.9050748634131567,1.0,0.34591766741549695,-0.4054510899019676,-1.0,-1.0,0.0,0.0,192.0,156.25,0,0,-1.0,0.0,0.0,968.75,0.0,1.0,2362.5,-1393.75,-2.5,-0.0
1174,2019-06-12,20:30:10,153.75,153.75,153.6875,153.71875,289,44429.09375,153.7338884083045,-0.03125,-0.00020327269101461098,153.6948391786251,153.64727809891815,0.047561079706952114,0.9999999999999991,0.0009765625,-3.0,0.0,0.0009765625000000009,0,1174,0.9080541808999708,0.34591766741549695,0.031250000000000014,15.21954550622467,15.21954550622467,0.0,0.2727931097101266,1.1956140431004885,1.0,0.006276695942433121,-0.3396409714730638,1.0,1.0,-1.0,1.0,193.0,-31.25,0,0,1.0,-1.0,31.25,1000.0,0.0,2.0,2367.5,-1367.5,26.25,26.25
1175,2019-06-12,20:57:59,153.71875,153.71875,153.65625,153.6875,289,44416.625,153.69074394463667,-0.03125,-0.00020331401920170578,153.69320825004178,153.64851569587452,0.044692554167255594,1.0000000000000007,0.00078125,0.3125000000000024,1.2577882373436315,0.0007812499999999995,0,1175,0.7115311464018962,0.006276695942433121,0.027950849718747364,15.989694272972006,15.989694272972006,0.0,0.2727931097101266,1.2797679405044873,2.0,-0.34287278247571695,-0.3491494784181501,1.0,1.0,1.0,1.0,194.0,-31.25,0,0,1.0,1.0,-31.25,968.75,1.0,0.0,2367.5,-1398.75,-31.25,26.25
1176,2019-06-12,23:36:11,153.6875,153.75,153.65625,153.6875,289,44414.46875,153.68328287197232,0.0,0.0,153.6919397500325,153.64971521292455,0.042224537107955484,0.9999999999999999,0.0016601562499999997,2.6643598615916986,1.7143923280117699,0.0016601562500000002,0,1176,0.4217956047767219,-0.34287278247571695,0.040745015032516554,10.363117322268307,10.363117322268307,0.0,0.2727931097101266,0.6649537644784624,1.0,-0.8335257979222837,-0.4906530154465667,2.0,1.0,1.0,0.0,194.0,-31.25,0,0,2.0,1.0,0.0,968.75,-1.0,1.0,2370.0,-1401.25,-2.5,-2.5
1177,2019-06-13,00:10:47,153.6875,153.71875,153.625,153.65625,289,44411.0,153.67128027681662,-0.03125,-0.00020335536419846534,153.68400869446975,153.6499162832961,0.03409241117364559,0.9999999999999994,0.00146484375,2.0000000000000013,1.3608276348795436,0.0014648437500000009,0,1177,-0.19872900954062014,-0.8335257979222837,0.03827327723098717,8.907627890836421,8.907627890836421,0.0,0.2727931097101266,0.5059129225348602,1.0,-0.9782922113820214,-0.14476641345973773,1.0,1.0,2.0,0.0,194.0,-62.5,0,0,1.0,2.0,-62.5,906.25,0.0,1.0,2372.5,-1466.25,-65.0,-2.5
1178,2019-06-13,01:01:01,153.65625,153.75,153.65625,153.71875,289,44419.75,153.7015570934256,0.0625,0.0004066693834001711,153.6917289845876,153.65203424381008,0.03969474077752011,0.9999999999999991,0.005566406250000001,1.0987996306555867,1.2639100390556421,0.005566406250000005,-1,1178,-0.5452231882967234,-0.9782922113820214,0.0746083524144583,5.320415140252807,5.320415140252807,0.0,0.2727931097101266,0.11393938857221114,0.0,-0.9973122390174906,-0.019020027635469172,1.0,1.0,1.0,0.0,194.0,0.0,0,0,1.0,1.0,62.5,968.75,-1.0,0.0,2372.5,-1403.75,62.5,62.5
1179,2019-06-13,01:30:03,153.71875,153.75,153.6875,153.71875,289,44425.875,153.7227508650519,0.0,0.0,153.69773365467924,153.65408703630825,0.04364661837098538,0.9999999999999984,0.005175781249999999,0.2741189035243856,0.6064819993295686,0.005175781250000007,0,1179,-0.7570150201039265,-0.9973122390174906,0.07194290270763341,6.066841443465181,6.066841443465181,0.0,0.2727931097101266,0.19550114034320087,0.0,-0.9481326507232589,0.049179588294231635,0.0,1.0,1.0,0.0,194.0,0.0,0,0,0.0,1.0,0.0,968.75,0.0,1.0,2375.0,-1406.25,-2.5,62.5
1180,2019-06-13,01:45:17,153.6875,153.875,153.6875,153.875,289,44447.78125,153.79855103806227,0.15625,0.001015950509004604,153.73712617586165,153.66088435826802,0.07624181759362614,0.9999999999999977,0.00341796875,1.999999999999999,1.145405322481819,0.0034179687500000082,-1,1180,-0.8952025514914175,-0.9481326507232589,0.0584633966683429,13.040949027669136,13.040949027669136,0.0,0.2727931097101266,0.9575595366765071,1.0,-0.8237253494064757,0.12440730131678324,0.0,1.0,0.0,0.0,194.0,156.25,0,0,0.0,0.0,0.0,968.75,1.0,0.0,2375.0,-1406.25,0.0,0.0
1181,2019-06-13,01:54:26,153.875,153.96875,153.84375,153.9375,289,44473.28125,153.88678633217992,0.0625,0.00040609137613945023,153.78165369233685,153.66939560878285,0.11225808355399636,0.9999999999999973,0.004199218749999999,-1.9632233639805594,0.23551393640880827,0.004199218750000009,-1,1181,-0.18153999953479563,-0.8237253494064757,0.0648013792291492,17.32340960784674,17.32340960784674,0.0,0.2727931097101266,1.4255025677651578,2.0,-0.03919894853598021,0.7845264008704955,1.0,1.0,0.0,0.0,194.0,218.75,0,0,1.0,0.0,0.0,968.75,1.0,1.0,2377.5,-1408.75,-2.5,0.0
1182,2019-06-13,02:04:49,153.9375,154.0,153.90625,153.96875,288,44336.78125,153.94715711805554,0.03125,0.00020298386347938902,153.82323064959536,153.678606513128,0.14462413646737105,0.9999999999999984,0.005566406249999999,-1.117266851338865,-0.20575279705557048,0.005566406250000009,-1,1182,0.678845474877776,-0.03919894853598021,0.07460835241445832,19.38444313365435,19.38444313365435,0.0,0.2727931097101266,1.650711009777657,2.0,-0.0342549858080981,0.004943962727882112,2.0,1.0,1.0,1.0,195.0,31.25,0,0,2.0,1.0,31.25,1000.0,0.0,1.0,2380.0,-1380.0,28.75,28.75
1183,2019-06-13,02:10:00,153.96875,154.09375,153.96875,154.09375,289,44521.59375,154.05395761245674,0.125,0.0008115236801629067,153.88334606079638,153.6913801588779,0.19196590191847918,0.999999999999999,0.00439453125,-0.9629629629629607,0.5237828008789243,0.004394531250000005,-1,1183,0.6824698656794767,-0.0342549858080981,0.06629126073623887,28.957950080671623,20.0,0.0,0.2727931097101266,1.7179727020810263,2.0,-0.169579472902977,-0.1353244870948789,2.0,1.0,2.0,0.0,195.0,156.25,0,0,2.0,2.0,250.0,1250.0,0.0,0.0,2380.0,-1130.0,250.0,250.0
1184,2019-06-13,02:11:26,154.09375,154.15625,154.0625,154.0625,288,44382.1875,154.10481770833334,-0.03125,-0.0002028191873897356,153.92315804728608,153.70279923091246,0.22035881637361854,0.9999999999999992,0.0046875,1.7447916666666667,1.5309606208043707,0.004687500000000002,0,1184,0.5769546158584007,-0.169579472902977,0.06846531968814579,32.18546519279189,20.0,0.0,0.2727931097101266,1.7179727020810263,2.0,-0.31538683038487914,-0.14580735748190213,2.0,1.0,2.0,0.0,195.0,125.0,0,0,2.0,2.0,-62.5,1187.5,0.0,0.0,2380.0,-1192.5,-62.5,250.0
1185,2019-06-13,02:23:33,154.0625,154.09375,154.03125,154.03125,288,44370.28125,154.0634765625,-0.03125,-0.00020286033135885617,153.94717848122252,153.71290540842287,0.23427307279965248,0.9999999999999999,0.005566406249999999,4.422899353647277,2.042831342194585,0.00556640625,0,1185,0.44800614447279336,-0.31538683038487914,0.07460835241445826,31.40038148788459,20.0,0.0,0.2727931097101266,1.7179727020810263,2.0,-0.4806126720528432,-0.16522584166796406,2.0,1.0,2.0,0.0,195.0,93.75,0,0,2.0,2.0,-62.5,1125.0,0.0,0.0,2380.0,-1255.0,-62.5,-62.5
1186,2019-06-13,02:52:50,154.03125,154.0625,153.96875,154.0,288,44356.9375,154.01714409722223,-0.03125,-0.00020290149202129015,153.95891659650644,153.72173908816373,0.237177508342711,1.000000000000014,0.00029296875000000053,-3.3333333333331896,-0.6085806194501694,0.00029296874999999636,0,1186,0.2802407805171168,-0.4806126720528432,0.017116329922036336,138.5679695489849,20.0,0.0,0.2727931097101266,1.7179727020810263,2.0,-0.6019387476804609,-0.12132607562761766,2.0,1.0,2.0,0.0,195.0,62.5,0,0,2.0,2.0,-62.5,1062.5,0.0,0.0,2380.0,-1317.5,-62.5,-62.5
1187,2019-06-13,03:22:30,154.0,154.0,153.9375,153.9375,289,44494.90625,153.96161332179932,-0.0625,-0.00040592653287241376,153.95415735283834,153.72837788545104,0.22577946738729793,1.0000000000000118,0.0002929687499999992,-3.3333333333337323,0.6085806194501595,0.00029296874999999565,0,1187,0.13901967810996788,-0.6019387476804609,0.017116329922036315,131.90880779682772,20.0,0.0,0.2727931097101266,1.7179727020810263,2.0,-0.7181542565027773,-0.11621550882231646,2.0,1.0,2.0,0.0,195.0,0.0,0,0,2.0,2.0,-125.0,937.5,0.0,0.0,2380.0,-1442.5,-125.0,-62.5
1188,2019-06-13,03:33:38,153.9375,153.96875,153.84375,153.875,289,44471.46875,153.88051470588235,-0.0625,-0.00040609137613945023,153.93656682998537,153.7328893351295,0.20367749485586728,1.0000000000000004,0.00458984375,4.1511996378451785,2.031531490021056,0.0045898437499999984,0,1188,-0.015747488812061602,-0.7181542565027773,0.06774838558962124,30.06381526042885,20.0,0.0,0.2727931097101266,1.7179727020810263,2.0,-0.8721432878250027,-0.1539890313222254,2.0,1.0,2.0,0.0,195.0,-62.5,0,0,2.0,2.0,-125.0,812.5,0.0,0.0,2380.0,-1567.5,-125.0,-125.0
1189,2019-06-13,03:57:41,153.875,153.875,153.78125,153.8125,288,44303.84375,153.83279079861111,-0.0625,-0.0004062563533429042,153.90899642332195,153.73533889404862,0.17365752927332778,1.0000000000000004,0.004687500000000001,1.7447916666666632,1.5309606208043702,0.004687499999999999,0,1189,-0.2707460623481694,-0.8721432878250027,0.06846531968814576,25.364305616964096,20.0,0.0,0.2727931097101266,1.7179727020810263,2.0,-0.9726710516809842,-0.1005277638559815,2.0,1.0,2.0,0.0,195.0,-125.0,0,0,2.0,2.0,-125.0,687.5,0.0,0.0,2380.0,-1692.5,-125.0,-125.0
1190,2019-06-13,04:29:31,153.8125,153.90625,153.78125,153.90625,289,44457.15625,153.83099048442907,0.09375,0.0006093226551877606,153.9083861070282,153.7405976973087,0.16778840971952036,1.0000000000000002,0.00419921875,1.9307733910221774,1.4467284665112368,0.00419921875,-1,1190,-0.5236009558779618,-0.9726710516809842,0.06480137922914912,25.892721993800613,20.0,0.0,0.2727931097101266,1.7179727020810263,2.0,-0.9990374414832995,-0.026366389802315315,2.0,1.0,2.0,0.0,195.0,-31.25,0,0,2.0,2.0,187.5,875.0,0.0,0.0,2380.0,-1505.0,187.5,187.5
1191,2019-06-13,05:21:50,153.90625,153.90625,153.84375,153.90625,289,44474.1875,153.8899221453287,0.0,0.0,153.9079114165775,153.74569469123767,0.16221672533981746,0.9999999999999992,0.00419921875,-1.9632233639805285,0.235513936408806,0.004199218750000002,0,1191,-0.7374438099411538,-0.9990374414832995,0.06480137922914915,25.032912457957167,20.0,0.0,0.2727931097101266,1.7179727020810263,2.0,-0.9470476027722309,0.05198983871106866,2.0,1.0,2.0,0.0,195.0,-31.25,0,0,2.0,2.0,0.0,875.0,0.0,0.0,2380.0,-1505.0,0.0,187.5
1192,2019-06-13,06:01:18,153.90625,153.90625,153.875,153.875,288,44321.78125,153.89507378472223,-0.03125,-0.0002030663018448564,153.90059776844916,153.74967331612268,0.15092445232647833,0.9999999999999999,0.01201171875,1.5050565139797765,-1.1845768280070517,0.01201171875,0,1192,-0.8967109556309736,-0.9470476027722309,0.10959798697968864,13.77073215354298,13.77073215354298,0.0,0.2727931097101266,1.0373026940424983,1.0,-0.8163101504204642,0.1307374523517667,2.0,1.0,2.0,0.0,195.0,-62.5,0,0,2.0,2.0,-62.5,812.5,-1.0,0.0,2380.0,-1567.5,-62.5,0.0
1193,2019-06-13,06:21:04,153.875,153.96875,153.875,153.9375,289,44478.875,153.90614186851212,0.0625,0.00040609137613945023,153.90879826434934,153.75545259870356,0.15334566564578722,1.0,0.00947265625,2.6750983101286017,-1.5491313812566696,0.00947265625,-1,1193,-0.985653100062523,-0.8163101504204642,0.09732757188998398,15.755624297205763,15.755624297205763,0.0,0.2727931097101266,1.2541911927688756,2.0,-0.5773860748202368,0.23892407560022733,-1.0,1.0,2.0,0.0,195.0,0.0,0,0,-1.0,2.0,125.0,937.5,1.0,3.0,2387.5,-1450.0,117.5,117.5
1194,2019-06-13,06:37:10,153.9375,153.9375,153.75,153.75,289,44462.625,153.8499134948097,-0.1875,-0.0012187691941294432,153.87350976116062,153.75528482643577,0.11822493472485007,0.9999999999999998,0.01884765625,0.9656635077451732,-0.4175104004573027,0.018847656250000004,0,1194,-0.9856059744096557,-0.5773860748202368,0.137286766478055,8.611531741753717,8.611531741753717,0.0,0.2727931097101266,0.473558595647001,1.0,-0.22180080754672601,0.3555852672735108,-2.0,-1.0,-1.0,1.0,196.0,-187.5,0,0,-2.0,-1.0,187.5,1125.0,-1.0,1.0,2390.0,-1265.0,185.0,185.0
1195,2019-06-13,06:52:52,153.75,153.78125,153.71875,153.78125,288,44284.5,153.765625,0.03125,0.0002032313796238583,153.85300759201382,153.75608375485314,0.09692383716068775,1.0,0.02099609375,-0.7257977285018917,-0.07523216735123614,0.020996093750000003,-1,1195,-0.8463310181431412,-0.22180080754672601,0.14490028899212037,6.689002336355481,6.689002336355481,0.0,0.2727931097101266,0.26348445241185137,1.0,0.2568496402836838,0.4786504478304098,-1.0,-1.0,-2.0,0.0,196.0,-156.25,0,0,-1.0,-2.0,-62.5,1062.5,0.0,1.0,2392.5,-1330.0,-65.0,185.0
1196,2019-06-13,07:15:28,153.78125,153.96875,153.75,153.96875,289,44467.78125,153.8677551903114,0.1875,0.001218521677984974,153.8787281271219,153.7626273316269,0.11610079549498664,1.0,0.02021484375,0.47539032416159205,0.7400776005746594,0.02021484375,-1,1196,-0.5017641993084004,0.2568496402836838,0.14217891457596657,8.16582373281192,8.16582373281192,0.0,0.2727931097101266,0.42485623101809816,1.0,0.6790380053864513,0.4221883651027675,-1.0,-1.0,-1.0,0.0,196.0,31.25,0,0,-1.0,-1.0,-187.5,875.0,0.0,0.0,2392.5,-1517.5,-187.5,-65.0
1197,2019-06-13,07:27:33,153.96875,153.96875,153.875,153.875,289,44482.6875,153.9193339100346,-0.09375,-0.0006090752396188392,153.87789965442815,153.76608495219224,0.11181470223590395,0.9999999999999997,0.01201171875,0.7911957168352188,0.9017620080131958,0.012011718750000004,0,1197,-0.03893691423891142,0.6790380053864513,0.10959798697968866,10.202258756506733,10.202258756506733,0.0,0.2727931097101266,0.6473768029560467,1.0,0.903174401926619,0.2241363965401677,-1.0,-1.0,-1.0,0.0,196.0,-62.5,0,0,-1.0,-1.0,93.75,968.75,0.0,0.0,2392.5,-1423.75,93.75,93.75
1198,2019-06-13,07:39:58,153.875,153.875,153.8125,153.8125,288,44305.28125,153.83778211805554,-0.0625,-0.0004062563533429042,153.86336639788857,153.76751310750942,0.09585329037915358,0.9999999999999997,0.01240234375,-0.2250604501208997,0.6031940731563135,0.012402343750000005,0,1198,0.3350983256578424,0.903174401926619,0.11136581050753415,8.607066203021876,8.607066203021876,0.0,0.2727931097101266,0.47307064772769175,1.0,0.9878066690807137,0.08463226715409466,-1.0,-1.0,-1.0,0.0,196.0,-125.0,0,0,-1.0,-1.0,62.5,1031.25,0.0,0.0,2392.5,-1361.25,62.5,93.75
1199,2019-06-13,07:52:02,153.8125,153.875,153.8125,153.84375,289,44456.3125,153.82807093425606,0.03125,0.00020314880719940476,153.8590071983578,153.7698588580476,0.08914834031020291,1.0000000000000002,0.00537109375,-2.628099173553719,0.5814564991516649,0.005371093749999999,-1,1199,0.5883984996033875,0.9878066690807137,0.07328774624724108,12.164153610271365,12.164153610271365,0.0,0.2727931097101266,0.8617523955294575,1.0,0.9992295636965609,0.011422894615847223,-1.0,-1.0,-1.0,0.0,196.0,-93.75,0,0,-1.0,-1.0,-31.25,1000.0,0.0,0.0,2392.5,-1392.5,-31.25,62.5
1200,2019-06-13,08:08:46,153.84375,153.90625,153.84375,153.90625,289,44470.6875,153.87781141868513,0.0625,0.0004061738479883559,153.86950559872272,153.77405550856923,0.09545009015349137,1.0,0.00458984375,-2.367587143503846,0.5594072218898565,0.00458984375,-1,1200,0.734313388117943,0.9992295636965609,0.06774838558962125,14.08890991612262,14.08890991612262,0.0,0.2727931097101266,1.0720698714301178,1.0,0.9881365833957625,-0.011092980300798416,1.0,-1.0,-1.0,0.0,196.0,-31.25,0,0,1.0,-1.0,-62.5,937.5,0.0,2.0,2397.5,-1460.0,-67.5,-31.25
1201,2019-06-13,08:27:19,153.90625,153.90625,153.78125,153.8125,288,44308.46875,153.84884982638889,-0.09375,-0.0006093226551877606,153.85683768789545,153.7752384159979,0.08159927189754512,0.9999999999999994,0.004589843749999999,-2.3675871435038487,-0.5594072218898559,0.004589843750000003,0,1201,0.8073138719505444,0.9881365833957625,0.06774838558962126,12.04445998046716,12.04445998046716,0.0,0.2727931097101266,0.848673512750749,1.0,0.9924679294929282,0.004331346097165678,-1.0,-1.0,1.0,1.0,197.0,-93.75,0,0,-1.0,1.0,-93.75,843.75,0.0,2.0,2402.5,-1558.75,-98.75,-67.5
1202,2019-06-13,08:43:02,153.8125,153.875,153.75,153.75,289,44452.40625,153.8145544982699,-0.0625,-0.0004064214646470887,153.83309597947425,153.77446184935184,0.05863413012241381,0.9999999999999998,0.00419921875,-1.963223363980531,0.23551393640880577,0.0041992187500000016,0,1202,0.7884047285256492,0.9924679294929282,0.06480137922914914,9.0482842834368,9.0482842834368,0.0,0.2727931097101266,0.5212823993725634,1.0,0.9728910242364983,-0.019576905256429855,1.0,-1.0,-1.0,1.0,198.0,-62.5,0,0,1.0,-1.0,62.5,906.25,0.0,2.0,2407.5,-1501.25,57.5,57.5
1203,2019-06-13,08:55:35,153.75,153.78125,153.71875,153.78125,289,44439.5625,153.7701124567474,0.03125,0.0002032313796238583,153.82157465070222,153.77467071552564,0.046903935176572986,0.9999999999999996,0.003125,-2.3242187499999987,-0.052407843222650706,0.003125000000000001,-1,1203,0.5244094715557646,0.9728910242364983,0.055901699437494755,8.390430997364861,8.390430997364861,0.0,0.2727931097101266,0.44939899147360135,1.0,0.5956290778187389,-0.37726194641775945,1.0,-1.0,1.0,1.0,199.0,31.25,0,0,1.0,1.0,31.25,937.5,0.0,0.0,2407.5,-1470.0,31.25,57.5
1204,2019-06-13,09:13:44,153.78125,153.78125,153.75,153.75,289,44439.71875,153.77065311418684,-0.03125,-0.0002032313796238583,153.8056691727684,153.77391161658642,0.0317575561819865,0.9999999999999976,0.001953125,-1.750000000000001,-0.8838834764831844,0.0019531250000000043,0,1204,-0.1468169575505869,0.5956290778187389,0.04419417382415927,7.185914665662526,7.185914665662526,0.0,0.2727931097101266,0.3177818959511022,1.0,0.39523224307323723,-0.20039683474550163,1.0,-1.0,1.0,0.0,199.0,0.0,0,0,1.0,1.0,-31.25,906.25,0.0,0.0,2407.5,-1501.25,-31.25,31.25
1205,2019-06-13,09:32:02,153.75,153.8125,153.75,153.78125,289,44440.25,153.77249134948096,0.03125,0.0002032313796238583,153.800242689931,153.77413741299915,0.026105276931843946,0.9999999999999956,0.001171875,-3.3333333333333326,-0.6085806194501847,0.0011718750000000052,-1,1205,-0.3700636167851394,0.39523224307323723,0.034232659844072956,7.6258394909280804,7.6258394909280804,0.0,0.2727931097101266,0.36585233403961126,1.0,0.5080258900671348,0.1127936469938976,-1.0,-1.0,1.0,0.0,199.0,31.25,0,0,-1.0,1.0,31.25,937.5,0.0,2.0,2412.5,-1475.0,26.25,26.25
1206,2019-06-13,10:06:11,153.78125,153.84375,153.75,153.8125,288,44294.28125,153.79958767361111,0.03125,0.00020319008502323044,153.802966536613,153.7753178002915,0.02764873632150966,0.9999999999999956,0.0009765625,-3.0,0.0,0.0009765625000000043,-1,1206,-0.24983207523761103,0.5080258900671348,0.03125000000000007,8.847595622883071,8.847595622883071,0.0,0.2727931097101266,0.49935321675280453,1.0,0.6241423076744509,0.11611641760731606,-1.0,-1.0,-1.0,1.0,200.0,31.25,0,0,-1.0,-1.0,-31.25,906.25,0.0,0.0,2412.5,-1506.25,-31.25,26.25
1207,2019-06-13,10:34:51,153.8125,153.84375,153.75,153.78125,289,44451.09375,153.81001297577853,-0.03125,-0.00020319008502323044,153.7981406395879,153.77550032951333,0.02264031007456424,0.9999999999999926,0.00068359375,-0.612244897959183,-0.5122408325718831,0.0006835937500000052,0,1207,-0.11113482235212105,0.6241423076744509,0.02614562582918996,8.659310824102649,8.659310824102649,0.0,0.2727931097101266,0.47877939994826696,1.0,0.7111409001821973,0.08699859250774644,-1.0,-1.0,-1.0,0.0,200.0,0.0,0,0,-1.0,-1.0,31.25,937.5,0.0,0.0,2412.5,-1475.0,31.25,31.25
1208,2019-06-13,10:55:21,153.78125,153.8125,153.75,153.78125,289,44438.09375,153.76503027681662,0.0,0.0,153.79438716412392,153.77567724245142,0.018709921672495966,0.9999999999999926,0.00068359375,-0.612244897959183,-0.5122408325718831,0.0006835937500000052,0,1208,0.005721473559673666,0.7111409001821973,0.02614562582918996,7.156042771639265,7.156042771639265,0.0,0.2727931097101266,0.31451780411139996,1.0,0.7585359992367451,0.04739509905454775,-1.0,-1.0,-1.0,0.0,200.0,0.0,0,0,-1.0,-1.0,-0.0,937.5,0.0,0.0,2412.5,-1475.0,-0.0,31.25
1209,2019-06-13,11:14:20,153.78125,153.78125,153.71875,153.78125,289,44437.40625,153.76265138408306,0.0,0.0,153.7914677943186,153.77584871191445,0.015619082404157325,0.9999999999999926,0.00068359375,-0.612244897959183,-0.5122408325718831,0.0006835937500000052,0,1209,0.07559315348842768,0.7585359992367451,0.02614562582918996,5.97387972512006,5.97387972512006,0.0,0.2727931097101266,0.1853432445626818,0.0,0.9016047608321609,0.14306876159541582,-1.0,-1.0,-1.0,0.0,200.0,0.0,0,0,-1.0,-1.0,-0.0,937.5,-1.0,0.0,2412.5,-1475.0,-0.0,-0.0
1210,2019-06-13,11:33:58,153.78125,153.8125,153.75,153.8125,289,44440.71875,153.77411332179932,0.03125,0.00020319008502323044,153.79614161780339,153.77697644385555,0.01916517394784023,0.9999999999999926,0.00068359375,-0.612244897959183,-0.5122408325718831,0.0006835937500000052,-1,1210,0.33166415757484885,0.9016047608321609,0.02614562582918996,7.330164545705198,7.330164545705198,0.0,0.2727931097101266,0.3335440319562263,1.0,0.9962621049504317,0.09465734411827076,-0.0,-1.0,-1.0,0.0,200.0,31.25,0,0,-0.0,-1.0,-31.25,906.25,1.0,1.0,2415.0,-1508.75,-33.75,-0.0
1211,2019-06-13,11:51:51,153.78125,153.84375,153.78125,153.84375,289,44453.28125,153.8175821799308,0.03125,0.00020314880719940476,153.80672125829153,153.77903101481385,0.027690243477678678,0.9999999999999949,0.00126953125,-0.1775147928994123,-0.4047960089109363,0.0012695312500000068,-1,1211,0.7655448585412404,0.9962621049504317,0.035630482034348154,7.771504031571899,7.771504031571899,0.0,0.2727931097101266,0.38176904953408936,1.0,0.9223986116259383,-0.07386349332449338,1.0,-1.0,-0.0,0.0,200.0,62.5,0,0,1.0,-0.0,-0.0,906.25,0.0,1.0,2417.5,-1511.25,-2.5,-2.5
1212,2019-06-13,12:08:12,153.84375,153.875,153.78125,153.8125,288,44305.09375,153.83713107638889,-0.03125,-0.00020314880719940476,153.80800542311565,153.78006082974267,0.027944593372978943,0.9999999999999937,0.001171875,2.9166666666666714,-1.2932338163316428,0.0011718750000000075,0,1212,0.9253467454616875,0.9223986116259383,0.03423265984407299,8.163138213701277,8.163138213701277,0.0,0.2727931097101266,0.42456278524570806,1.0,0.8238582713691145,-0.09854034025682379,-1.0,-1.0,1.0,1.0,201.0,-31.25,0,0,-1.0,1.0,-31.25,875.0,0.0,2.0,2422.5,-1547.5,-36.25,-2.5
1213,2019-06-13,12:16:02,153.8125,153.875,153.8125,153.875,289,44462.3125,153.8488321799308,0.0625,0.0004062563533429042,153.82289310686772,153.78298203498136,0.039911071886365335,0.9999999999999958,0.0021484375,0.867768595041318,-0.5516180692881069,0.002148437500000009,-1,1213,0.9833409676887267,0.8238582713691145,0.04635124054434799,8.610572536495367,8.610572536495367,0.0,0.2727931097101266,0.47345378361017654,1.0,0.5403742297473564,-0.2834840416217581,1.0,1.0,-1.0,1.0,202.0,62.5,0,0,1.0,-1.0,-62.5,812.5,0.0,2.0,2427.5,-1615.0,-67.5,-36.25
1214,2019-06-13,12:22:05,153.875,153.90625,153.8125,153.90625,289,44468.3125,153.86959342560553,0.03125,0.0002030663018448564,153.84141686089714,153.7867748954435,0.05464196545364075,0.9999999999999964,0.00244140625,-1.1999999999999993,0.0,0.0024414062500000082,-1,1214,0.9770794632342996,0.5403742297473564,0.04941058844013101,11.058756266351374,11.058756266351374,0.0,0.2727931097101266,0.74096599855349,1.0,0.2141213756752605,-0.3262528540720959,1.0,1.0,1.0,1.0,203.0,31.25,0,0,1.0,1.0,31.25,843.75,0.0,0.0,2427.5,-1583.75,31.25,31.25
1215,2019-06-13,12:29:45,153.9375,154.0,153.875,154.0,288,44336.84375,153.94737413194446,0.09375,0.0006089516071670076,153.87665755847556,153.79333566789143,0.08332189058413064,0.9999999999999943,0.0016601562499999997,-1.4878892733564086,0.5413870509510866,0.001660156250000009,-1,1215,0.8421135742263939,0.2141213756752605,0.040745015032516665,20.449591322431807,20.0,0.0,0.2727931097101266,1.7179727020810263,2.0,-0.06659444847111005,-0.28071582414637053,1.0,1.0,1.0,0.0,203.0,125.0,0,0,1.0,1.0,93.75,937.5,1.0,0.0,2427.5,-1490.0,93.75,93.75
1216,2019-06-13,12:36:23,154.0,154.03125,153.96875,154.0,289,44503.59375,153.99167387543253,0.0,0.0,153.90406698992544,153.79969457041787,0.1043724195075697,0.9999999999999971,0.0022460937500000003,1.455576559546311,1.1180799331493774,0.0022460937500000068,0,1216,0.6584477069799867,-0.06659444847111005,0.047392971525322264,22.02276332299676,20.0,0.0,0.2727931097101266,1.7179727020810263,2.0,-0.2719318518758391,-0.20533740340472906,2.0,1.0,1.0,0.0,203.0,125.0,0,0,2.0,1.0,0.0,937.5,0.0,1.0,2430.0,-1492.5,-2.5,93.75
1217,2019-06-13,12:39:25,154.0,154.03125,153.96875,154.0,288,44350.1875,153.99370659722223,0.0,0.0,153.92538543660868,153.80585781440504,0.11952762220363411,0.999999999999998,0.00263671875,3.251028806584363,1.7355817665801556,0.0026367187500000054,0,1217,0.488175674311417,-0.2719318518758391,0.051348989766109375,23.27750219587047,20.0,0.0,0.2727931097101266,1.7179727020810263,2.0,-0.35077073427059285,-0.07883888239475373,2.0,1.0,2.0,0.0,203.0,125.0,0,0,2.0,2.0,0.0,937.5,0.0,0.0,2430.0,-1492.5,0.0,0.0
1218,2019-06-13,12:43:15,154.0,154.03125,153.96875,153.96875,288,44354.21875,154.00770399305554,-0.03125,-0.00020294266939302474,153.93502200625122,153.81086988165416,0.12415212459706026,0.9999999999999996,0.0014648437500000002,2.0000000000000058,-1.3608276348795423,0.0014648437500000007,0,1218,0.41414581811655704,-0.35077073427059285,0.03827327723098717,32.43833127949207,20.0,0.0,0.2727931097101266,1.7179727020810263,2.0,-0.4426186854378414,-0.09184795116724853,2.0,1.0,2.0,0.0,203.0,93.75,0,0,2.0,2.0,-62.5,875.0,0.0,0.0,2430.0,-1555.0,-62.5,0.0
1219,2019-06-13,12:50:36,153.96875,154.03125,153.9375,153.9375,289,44501.34375,153.9838884083045,-0.03125,-0.00020298386347938902,153.93557267152875,153.8147661929879,0.12080647854085669,1.0000000000000009,0.00263671875,-1.6872427983539187,-0.5184205276797864,0.0026367187499999976,0,1219,0.32109099859937246,-0.4426186854378414,0.0513489897661093,23.52655409407681,20.0,0.0,0.2727931097101266,1.7179727020810263,2.0,-0.5593993178329464,-0.116780632395105,2.0,1.0,2.0,0.0,203.0,62.5,0,0,2.0,2.0,-62.5,812.5,0.0,0.0,2430.0,-1617.5,-62.5,-62.5
1220,2019-06-13,12:57:06,153.9375,153.96875,153.8125,153.84375,288,44320.0625,153.88910590277777,-0.09375,-0.0006091989222829497,153.91516763341127,153.81565800243442,0.09950963097685417,1.000000000000002,0.0016601562499999993,-1.4878892733563756,-0.5413870509510844,0.0016601562499999963,0,1220,0.19056456270347094,-0.5593993178329464,0.040745015032516506,24.422528963958076,20.0,0.0,0.2727931097101266,1.7179727020810263,2.0,-0.6212514510968328,-0.06185213326388639,2.0,1.0,2.0,0.0,203.0,-31.25,0,0,2.0,2.0,-187.5,625.0,0.0,0.0,2430.0,-1805.0,-187.5,-62.5
1221,2019-06-13,13:04:15,153.84375,153.84375,153.71875,153.71875,289,44437.65625,153.76351643598616,-0.125,-0.0008128429628611045,153.87151927043098,153.81267621774413,0.058843052686853525,1.0,0.00712890625,2.021017076374553,1.3385038869326553,0.007128906249999999,0,1221,0.11480573437049164,-0.6212514510968328,0.08443285053816435,6.969213086114625,6.969213086114625,0.0,0.2727931097101266,0.294102987044219,1.0,-0.8026820835852008,-0.181430632488368,2.0,1.0,2.0,0.0,203.0,-156.25,0,0,2.0,2.0,-250.0,375.0,-1.0,0.0,2430.0,-2055.0,-250.0,-187.5
1222,2019-06-13,13:11:13,153.71875,153.71875,153.625,153.65625,289,44408.40625,153.6623053633218,-0.0625,-0.0004066693834001711,153.82368165477965,153.807863103352,0.015818551427656757,1.0,0.00830078125,-1.5986159169550167,0.6052891240323842,0.00830078125,0,1222,-0.14585841374053243,-0.8026820835852008,0.09110862335695782,1.7362298808621741,1.7362298808621741,0.0,0.2727931097101266,-0.2777033324433217,-0.0,-0.9713370453798565,-0.16865496179465578,1.0,1.0,2.0,0.0,203.0,-218.75,0,0,1.0,2.0,-125.0,250.0,-1.0,1.0,2432.5,-2182.5,-127.5,-127.5
1223,2019-06-13,13:14:50,153.65625,153.75,153.625,153.75,289,44418.09375,153.69582612456747,0.09375,0.0006099420744147821,153.80730795371753,153.80608270017194,0.0012252535455843372,0.9999999999999996,0.00830078125,-1.5986159169550167,-0.6052891240323843,0.008300781250000003,-1,1223,-0.5187551868743145,-0.9713370453798565,0.09110862335695784,0.13448271968547598,0.13448271968547598,0.0,0.2727931097101266,-0.45272570745548835,-0.0,-0.9946714257867785,-0.02333438040692193,-0.0,1.0,1.0,0.0,203.0,-125.0,0,0,-0.0,1.0,93.75,343.75,0.0,1.0,2435.0,-2091.25,91.25,91.25
1224,2019-06-13,13:21:20,153.75,153.8125,153.71875,153.78125,289,44438.6875,153.76708477508652,0.03125,0.0002032313796238583,153.80151729733586,153.80531861708977,-0.0038013197539044086,0.9999999999999981,0.004199218750000001,1.9307733910221714,-1.4467284665112357,0.0041992187500000085,-1,1224,-0.7762386863689741,-0.9946714257867785,0.06480137922914919,-0.5866109331503989,0.0,-0.5866109331503989,0.2051113995538092,-0.4674205891246751,-0.0,-0.9233449663133861,0.07132645947339233,-0.0,1.0,-0.0,0.0,203.0,-93.75,0,0,-0.0,-0.0,-0.0,343.75,0.0,0.0,2435.0,-2091.25,-0.0,91.25
1225,2019-06-13,13:31:01,153.78125,153.90625,153.78125,153.84375,289,44461.84375,153.84721020761245,0.0625,0.0004063388922226352,153.81090234237237,153.8065011211793,0.00440122119306352,0.9999999999999826,0.0006835937499999995,-0.6122448979589924,-0.5122408325718887,0.0006835937500000114,-1,1225,-0.9244123019978691,-0.9233449663133861,0.02614562582919008,1.683348955506665,1.683348955506665,0.0,0.2727931097101266,-0.2834816134185556,-0.0,-0.7989500447370178,0.12439492157636833,0.0,1.0,-0.0,0.0,203.0,-31.25,0,0,0.0,-0.0,-0.0,343.75,0.0,0.0,2435.0,-2091.25,-0.0,-0.0
1226,2019-06-13,13:35:00,153.875,153.9375,153.84375,153.9375,289,44480.25,153.91089965397924,0.09375,0.0006091989222829497,153.83903515517852,153.81053185591227,0.02850329926624795,0.999999999999992,0.0012695312499999994,-0.17751479289940994,-0.40479600891093587,0.0012695312500000094,-1,1226,-0.9901951702448804,-0.7989500447370178,0.035630482034348196,7.999695103414667,7.999695103414667,0.0,0.2727931097101266,0.4067034114100005,1.0,-0.617637043954687,0.1813130007823308,0.0,-1.0,0.0,0.0,203.0,62.5,0,0,0.0,0.0,0.0,343.75,1.0,0.0,2435.0,-2091.25,0.0,0.0
1227,2019-06-13,13:42:31,153.9375,154.0,153.875,154.0,288,44331.21875,153.92784288194446,0.0625,0.00040592653287241376,153.87480512069442,153.81636164496115,0.058443475733270134,0.9999999999999952,0.0017578125000000003,-2.4074074074074034,-0.16563466499998453,0.0017578125000000085,-1,1227,-0.9928488565545356,-0.617637043954687,0.04192627457812116,13.939582355301447,13.939582355301447,0.0,0.2727931097101266,1.0557528989495824,1.0,-0.11570936131997923,0.5019276826347078,-1.0,-1.0,0.0,0.0,203.0,125.0,0,0,-1.0,0.0,0.0,343.75,0.0,1.0,2437.5,-2093.75,-2.5,0.0
1228,2019-06-13,13:44:31,154.0,154.03125,153.96875,154.0,288,44352.21875,154.00075954861111,0.0,0.0,153.90262620498456,153.82201205588544,0.08061414909911946,0.999999999999995,0.0016601562499999997,-1.4878892733564086,0.5413870509510866,0.0016601562500000078,0,1228,-0.7841760992794171,-0.11570936131997923,0.04074501503251665,19.785033588718804,19.785033588718804,0.0,0.2727931097101266,1.6944833944286015,2.0,0.6887115761317003,0.8044209374516795,-1.0,-1.0,-1.0,1.0,204.0,0.0,0,0,-1.0,-1.0,-0.0,343.75,1.0,0.0,2437.5,-2093.75,-0.0,-0.0
1229,2019-06-13,13:46:03,154.0,154.03125,153.96875,154.0,289,44505.0625,153.99675605536333,0.0,0.0,153.92426482609912,153.82748860801206,0.09677621808705794,0.9999999999999932,0.00078125,0.3124999999999976,1.257788237343632,0.0007812500000000054,0,1229,-0.025684838584379477,0.6887115761317003,0.027950849718747468,34.62371235968087,20.0,0.0,0.2727931097101266,1.7179727020810263,2.0,0.9940692864819369,0.3053577103502366,-2.0,-1.0,-1.0,0.0,204.0,0.0,0,0,-2.0,-1.0,-0.0,343.75,0.0,1.0,2440.0,-2096.25,-2.5,-0.0
1230,2019-06-13,13:48:15,154.0,154.0625,154.0,154.03125,288,44359.375,154.02560763888889,0.03125,0.00020290149202129015,153.94803930918823,153.833758189304,0.11428111988422529,0.9999999999999992,0.00224609375,3.724007561436674,-1.7487916903105656,0.0022460937500000016,-1,1230,0.6260162750090706,0.9940692864819369,0.04739297152532221,24.113516457427565,20.0,0.0,0.2727931097101266,1.7179727020810263,2.0,0.8409441467060534,-0.1531251397758835,2.0,-1.0,-2.0,0.0,204.0,31.25,0,0,2.0,-2.0,-62.5,281.25,0.0,4.0,2450.0,-2168.75,-72.5,-2.5
1231,2019-06-13,13:51:01,154.03125,154.03125,154.0,154.03125,289,44510.90625,154.0169766435986,0.0,0.0,153.96653057381306,153.83983486040236,0.1266957134106974,0.9999999999999992,0.00263671875,3.251028806584363,-1.7355817665801556,0.0026367187500000023,0,1231,0.9772682942293827,0.8409441467060534,0.05134898976610935,24.67345783973288,20.0,0.0,0.2727931097101266,1.7179727020810263,2.0,0.47442700234017027,-0.3665171443658832,-2.0,-1.0,2.0,1.0,205.0,0.0,0,0,-2.0,2.0,0.0,281.25,0.0,4.0,2460.0,-2178.75,-10.0,-10.0
1232,2019-06-13,13:56:07,154.03125,154.0625,153.9375,153.9375,288,44354.4375,154.00846354166666,-0.09375,-0.0006088280248937039,153.96007933518794,153.84283994162078,0.11723939356716073,0.999999999999999,0.00361328125,2.6077428780131497,-1.517473687845512,0.0036132812500000036,0,1232,0.9579330070112496,0.47442700234017027,0.06011057519272298,19.503954702026174,19.503954702026174,0.0,0.2727931097101266,1.6637699987647196,2.0,0.14577091973374995,-0.3286560826064203,2.0,1.0,-2.0,1.0,206.0,-93.75,0,0,2.0,-2.0,187.5,468.75,0.0,4.0,2470.0,-2001.25,177.5,177.5
1233,2019-06-13,14:00:40,153.9375,154.0,153.9375,153.96875,289,44500.78125,153.9819420415225,0.03125,0.00020298386347938902,153.96200614959065,153.84671409726323,0.11529205232741901,0.999999999999999,0.00361328125,2.6077428780131497,-1.517473687845512,0.0036132812500000036,-1,1233,0.8026293346449671,0.14577091973374995,0.06011057519272298,19.17999486076725,19.17999486076725,0.0,0.2727931097101266,1.6283710155793536,2.0,-0.40673268268124585,-0.5525036024149959,2.0,1.0,2.0,1.0,207.0,31.25,0,0,2.0,2.0,62.5,531.25,0.0,0.0,2470.0,-1938.75,62.5,177.5
1234,2019-06-13,14:08:36,153.96875,154.0625,153.96875,154.03125,288,44358.21875,154.02159288194446,0.0625,0.0004058441614143149,153.97739367190385,153.85239212503976,0.12500154686409815,0.9999999999999987,0.0037109375,4.1689750692520775,-1.9439589828981871,0.0037109375000000046,-1,1234,0.35837199678800896,-0.40673268268124585,0.06091746465505606,20.519820969555596,20.0,0.0,0.2727931097101266,1.7179727020810263,2.0,-0.8491892473297645,-0.4424565646485187,2.0,1.0,2.0,0.0,207.0,93.75,0,0,2.0,2.0,125.0,656.25,0.0,0.0,2470.0,-1813.75,125.0,125.0
1235,2019-06-13,14:12:06,154.03125,154.125,154.03125,154.0625,288,44373.8125,154.07573784722223,0.03125,0.00020286033135885617,153.99630618925855,153.85885698273086,0.1374492065276911,0.9999999999999987,0.0037109375,4.1689750692520775,-1.9439589828981871,0.0037109375000000046,-1,1235,-0.22705240984124891,-0.8491892473297645,0.06091746465505606,22.56318566539079,20.0,0.0,0.2727931097101266,1.7179727020810263,2.0,-0.9602909048409192,-0.11110165751115464,2.0,1.0,2.0,0.0,207.0,125.0,0,0,2.0,2.0,62.5,718.75,0.0,0.0,2470.0,-1751.25,62.5,125.0
1236,2019-06-13,14:18:50,154.0625,154.09375,154.03125,154.09375,288,44369.46875,154.06065538194446,0.03125,0.0002028191873897356,154.01796036942332,153.8660844601853,0.15187590923801508,0.9999999999999999,0.0056640625,-3.0856123662306767,-0.4725001439954172,0.0056640625000000016,-1,1236,-0.48174493966535964,-0.9602909048409192,0.07525996611745185,20.180172417430434,20.0,0.0,0.2727931097101266,1.7179727020810263,2.0,-0.9973910016549552,-0.03710009681403603,2.0,1.0,2.0,0.0,207.0,156.25,0,0,2.0,2.0,62.5,781.25,0.0,0.0,2470.0,-1688.75,62.5,62.5
1237,2019-06-13,14:23:01,154.09375,154.09375,154.0,154.0,289,44519.9375,154.0482266435986,-0.09375,-0.0006085810107698819,154.01396917621815,153.87020493833347,0.14376423788468173,0.9999999999999998,0.004687500000000001,-3.3333333333333357,-0.6085806194501845,0.004687500000000001,0,1237,-0.6542169125164319,-0.9973910016549552,0.06846531968814577,20.998110947194387,20.0,0.0,0.2727931097101266,1.7179727020810263,2.0,-0.9853718249593274,0.012019176695627798,2.0,1.0,2.0,0.0,207.0,62.5,0,0,2.0,2.0,-187.5,593.75,0.0,0.0,2470.0,-1876.25,-187.5,62.5
1238,2019-06-13,14:30:31,154.0,154.03125,153.90625,153.90625,288,44342.8125,153.96809895833334,-0.09375,-0.0006089516071670076,153.99003158150302,153.871314017154,0.11871756434902636,0.9999999999999998,0.004687500000000001,-3.3333333333333357,-0.6085806194501845,0.004687500000000001,0,1238,-0.8172669719216678,-0.9853718249593274,0.06846531968814577,17.339810124275424,17.339810124275424,0.0,0.2727931097101266,1.4272946466939354,2.0,-0.9438497483717261,0.04152207658760132,2.0,1.0,2.0,0.0,207.0,-31.25,0,0,2.0,2.0,-187.5,406.25,0.0,0.0,2470.0,-2063.75,-187.5,-187.5
1239,2019-06-13,14:36:40,153.90625,153.9375,153.875,153.9375,289,44478.78125,153.90581747404843,0.03125,0.00020302507429459382,153.9783578967246,153.87335050893387,0.10500738779072094,0.9999999999999999,0.0056640625,-3.0856123662306767,-0.4725001439954172,0.0056640625000000016,-1,1239,-0.9010129730360267,-0.9438497483717261,0.07525996611745185,13.95262225162908,13.95262225162908,0.0,0.2727931097101266,1.0571777640472038,1.0,-0.8510035925146349,0.09284615585709122,2.0,1.0,2.0,0.0,207.0,0.0,0,0,2.0,2.0,62.5,468.75,-1.0,0.0,2470.0,-2001.25,62.5,62.5
1240,2019-06-13,14:41:11,153.9375,153.96875,153.90625,153.96875,288,44332.75,153.93315972222223,0.03125,0.00020298386347938902,153.9762228085636,153.87628587788976,0.09993693067383447,0.999999999999999,0.00361328125,2.6077428780131497,-1.517473687845512,0.003613281250000004,-1,1240,-0.9730945139879263,-0.8510035925146349,0.06011057519272298,16.625515619077436,16.625515619077436,0.0,0.2727931097101266,1.3492439257136963,2.0,-0.659191819085862,0.19181177342877287,-1.0,1.0,2.0,0.0,207.0,31.25,0,0,-1.0,2.0,62.5,531.25,1.0,3.0,2477.5,-1946.25,55.0,62.5
1241,2019-06-13,14:44:15,153.96875,154.0625,153.96875,154.03125,289,44513.09375,154.02454584775086,0.0625,0.0004058441614143149,153.98845107332724,153.88105400472395,0.10739706860329079,0.9999999999999897,0.0006835937499999997,-0.6122448979591795,0.5122408325718838,0.0006835937500000067,-1,1241,-0.9978455072804955,-0.659191819085862,0.02614562582918999,41.07649566505635,20.0,0.0,0.2727931097101266,1.7179727020810263,2.0,-0.2579798017749998,0.4012120173108622,-2.0,-1.0,-1.0,1.0,208.0,62.5,0,0,-2.0,-1.0,-62.5,468.75,0.0,1.0,2480.0,-2011.25,-65.0,55.0
1242,2019-06-13,14:50:32,154.03125,154.03125,153.96875,154.03125,288,44355.1875,154.01106770833334,0.0,0.0,153.9979619459212,153.8856754199632,0.11228652595798394,0.9999999999999897,0.0006835937499999997,-0.6122448979591795,0.5122408325718838,0.0006835937500000067,0,1242,-0.8655907032235981,-0.2579798017749998,0.02614562582918999,42.94658184568025,20.0,0.0,0.2727931097101266,1.7179727020810263,2.0,0.40769876873610145,0.6656785705111012,-2.0,-1.0,-2.0,0.0,208.0,62.5,0,0,-2.0,-2.0,-0.0,468.75,0.0,0.0,2480.0,-2011.25,-0.0,-0.0
1243,2019-06-13,14:57:02,154.03125,154.0625,154.0,154.03125,289,44517.25,154.03892733564012,0.0,0.0,154.00535929127204,153.8901546378105,0.11520465346154651,0.9999999999999925,0.0009765625,-2.9999999999999964,-9.251858538542974e-16,0.0009765625000000076,0,1243,-0.3573842940344112,0.40769876873610145,0.03125000000000012,36.86548910769475,20.0,0.0,0.2727931097101266,1.7179727020810263,2.0,0.9086346361327844,0.5009358673966829,-2.0,-1.0,-2.0,0.0,208.0,62.5,0,0,-2.0,-2.0,-0.0,468.75,0.0,0.0,2480.0,-2011.25,-0.0,-0.0
1244,2019-06-13,15:01:18,154.03125,154.09375,154.03125,154.0625,288,44368.375,154.05685763888889,0.03125,0.00020286033135885617,154.01805722654493,153.89545757203172,0.12259965451320909,0.9999999999999982,0.0021484375,0.8677685950413228,-0.5516180692881075,0.002148437500000004,-1,1244,0.34721956130429776,0.9086346361327844,0.04635124054434794,26.450134467470875,20.0,0.0,0.2727931097101266,1.7179727020810263,2.0,0.8448699935866849,-0.06376464254609948,2.0,-1.0,-2.0,0.0,208.0,93.75,0,0,2.0,-2.0,-62.5,406.25,0.0,4.0,2490.0,-2083.75,-72.5,-0.0
1245,2019-06-13,15:06:34,154.0625,154.125,154.03125,154.125,288,44377.96875,154.09016927083334,0.0625,0.0004055972474983349,154.04182228731273,153.9025204159692,0.13930187134351968,0.9999999999999979,0.0027343750000000003,0.5357142857142847,-1.088511769215251,0.002734375000000006,-1,1245,0.9756954014059755,0.8448699935866849,0.05229125165837978,26.639613114174953,20.0,0.0,0.2727931097101266,1.7179727020810263,2.0,0.5218314972492388,-0.3230384963374461,-2.0,-1.0,2.0,1.0,209.0,62.5,0,0,-2.0,2.0,125.0,531.25,0.0,4.0,2500.0,-1968.75,115.0,115.0
1246,2019-06-13,15:11:28,154.125,154.15625,154.0625,154.0625,288,44380.25,154.09809027777777,-0.0625,-0.0004055972474983349,154.04641733457657,153.90744286470863,0.13897446986794648,0.9999999999999982,0.00322265625,-2.2314049586776847,-0.5671631517317617,0.003222656250000005,0,1246,0.9721870295215643,0.5218314972492388,0.056768444139328016,24.48093689636067,20.0,0.0,0.2727931097101266,1.7179727020810263,2.0,0.22453182181840453,-0.2972996754308343,2.0,1.0,-2.0,1.0,210.0,-62.5,0,0,2.0,-2.0,125.0,656.25,0.0,4.0,2510.0,-1853.75,115.0,115.0
1247,2019-06-13,15:21:44,154.0625,154.125,154.03125,154.125,289,44528.46875,154.0777465397924,0.0625,0.0004055972474983349,154.06388014911514,153.9141369304099,0.14974321870522544,0.9999999999999982,0.00322265625,-2.2314049586776847,-0.5671631517317617,0.003222656250000005,-1,1247,0.8478200258943275,0.22453182181840453,0.056768444139328016,26.37789725885519,20.0,0.0,0.2727931097101266,1.7179727020810263,2.0,-0.00838123580819061,-0.23291305762659514,2.0,1.0,2.0,1.0,211.0,62.5,0,0,2.0,2.0,125.0,781.25,0.0,0.0,2510.0,-1728.75,125.0,125.0
1248,2019-06-13,15:23:54,154.125,154.125,154.09375,154.09375,288,44381.8125,154.103515625,-0.03125,-0.00020277806010859933,154.07051789375623,153.9196634863973,0.15085440735893485,0.9999999999999984,0.00244140625,-1.2000000000000004,0.0,0.0024414062500000035,0,1248,0.7011555166775842,-0.00838123580819061,0.049410588440130965,30.53078542906238,20.0,0.0,0.2727931097101266,1.7179727020810263,2.0,-0.20249926342143,-0.19411802761323937,2.0,1.0,2.0,0.0,211.0,31.25,0,0,2.0,2.0,-62.5,718.75,0.0,0.0,2510.0,-1791.25,-62.5,125.0
1249,2019-06-13,15:33:26,154.09375,154.15625,154.09375,154.125,288,44387.625,154.12369791666666,0.03125,0.00020277806010859933,154.08262502847708,153.9259815329697,0.15664349550738166,0.9999999999999971,0.0016601562499999997,-1.4878892733564004,0.5413870509510851,0.0016601562500000043,-1,1249,0.5492686339874463,-0.20249926342143,0.04074501503251661,38.44482457114622,20.0,0.0,0.2727931097101266,1.7179727020810263,2.0,-0.4014705688714892,-0.1989713054500592,2.0,1.0,2.0,0.0,211.0,62.5,0,0,2.0,2.0,62.5,781.25,0.0,0.0,2510.0,-1728.75,62.5,62.5
1250,2019-06-13,15:44:39,154.125,154.15625,154.09375,154.125,288,44385.28125,154.11555989583334,0.0,0.0,154.09204168881553,153.9321051781091,0.1599365107064159,0.9999999999999994,0.00126953125,-0.1775147928994123,0.4047960089109363,0.0012695312500000007,0,1250,0.3637366869101502,-0.4014705688714892,0.03563048203434807,44.8875517744149,20.0,0.0,0.2727931097101266,1.7179727020810263,2.0,-0.6265393649294881,-0.22506879605799895,2.0,1.0,2.0,0.0,211.0,62.5,0,0,2.0,2.0,0.0,781.25,0.0,0.0,2510.0,-1728.75,0.0,62.5
1251,2019-06-13,15:49:20,154.125,154.125,154.03125,154.09375,288,44377.75,154.08940972222223,-0.03125,-0.00020277806010859933,154.0924213135232,153.93707886493652,0.1553424485866799,0.9999999999999982,0.0016601562499999997,-1.4878892733564004,-0.5413870509510851,0.0016601562500000026,0,1251,0.10808156274687429,-0.6265393649294881,0.04074501503251659,38.125510191297934,20.0,0.0,0.2727931097101266,1.7179727020810263,2.0,-0.948921713785663,-0.3223823488561749,2.0,1.0,2.0,0.0,211.0,31.25,0,0,2.0,2.0,-62.5,718.75,0.0,0.0,2510.0,-1791.25,-62.5,0.0
1252,2019-06-13,15:57:28,154.09375,154.09375,154.0,154.03125,289,44518.375,154.04282006920414,-0.0625,-0.00040567951874859176,154.07882768829583,153.9399764383231,0.13885124997273124,0.9999999999999988,0.00361328125,-0.021913805697588867,0.5901286563843656,0.0036132812500000045,0,1252,-0.4478885739873808,-0.948921713785663,0.06011057519272299,23.09930482740425,20.0,0.0,0.2727931097101266,1.7179727020810263,2.0,-0.9995610150818797,-0.05063930129621663,2.0,1.0,2.0,0.0,211.0,-31.25,0,0,2.0,2.0,-125.0,593.75,0.0,0.0,2510.0,-1916.25,-125.0,-62.5
1253,2019-06-13,16:13:14,154.03125,154.09375,154.03125,154.0625,288,44368.40625,154.05696614583334,0.03125,0.00020286033135885617,154.075199313119,153.94374639406703,0.13145291905195222,0.9999999999999988,0.00361328125,-0.021913805697588867,0.5901286563843656,0.0036132812500000045,-1,1253,-0.685846704572424,-0.9995610150818797,0.06011057519272299,21.8685179156073,20.0,0.0,0.2727931097101266,1.7179727020810263,2.0,-0.987626631636724,0.011934383445155627,2.0,1.0,2.0,0.0,211.0,0.0,0,0,2.0,2.0,62.5,656.25,0.0,0.0,2510.0,-1853.75,62.5,62.5
1254,2019-06-13,16:25:24,154.0625,154.1875,154.0625,154.15625,288,44391.34375,154.13661024305554,0.09375,0.000608334197002236,154.09321057687035,153.95028496655732,0.14292561031302853,0.9999999999999982,0.0032226562500000003,1.0743801652892546,-0.2669003066972995,0.0032226562500000063,-1,1254,-0.8092485081694698,-0.987626631636724,0.05676844413932802,25.176946890114355,20.0,0.0,0.2727931097101266,1.7179727020810263,2.0,-0.9703702067496243,0.017256424887099775,2.0,1.0,2.0,0.0,211.0,93.75,0,0,2.0,2.0,187.5,843.75,0.0,0.0,2510.0,-1666.25,187.5,187.5
1255,2019-06-13,16:31:13,154.15625,154.21875,154.125,154.15625,288,44403.9375,154.18033854166666,0.0,0.0,154.10721933756585,153.95662235220172,0.1505969853641318,0.9999999999999989,0.0046875,1.7447916666666667,-0.846307423922913,0.004687500000000006,0,1255,-0.8570085972814536,-0.9703702067496243,0.0684653196881458,21.996097593656078,20.0,0.0,0.2727931097101266,1.7179727020810263,2.0,-0.9887140416179165,-0.018343834868292275,2.0,1.0,2.0,0.0,211.0,93.75,0,0,2.0,2.0,0.0,843.75,0.0,0.0,2510.0,-1666.25,0.0,187.5
1256,2019-06-13,16:41:30,154.15625,154.21875,154.15625,154.1875,288,44403.09375,154.17740885416666,0.03125,0.00020269585556320635,154.12505948477346,153.96372627982632,0.16133320494714098,0.9999999999999991,0.005566406249999999,-1.1172668513388746,0.2057527970555698,0.005566406250000004,-1,1256,-0.8050616287560528,-0.9887140416179165,0.07460835241445829,21.624013897387226,20.0,0.0,0.2727931097101266,1.7179727020810263,2.0,-0.9989148553150559,-0.010200813697139322,2.0,1.0,2.0,0.0,211.0,125.0,0,0,2.0,2.0,62.5,906.25,0.0,0.0,2510.0,-1603.75,62.5,62.5
1257,2019-06-13,16:49:02,154.1875,154.1875,154.0625,154.09375,289,44540.0625,154.11786332179932,-0.09375,-0.0006082108651757068,154.11810182149048,153.96772700967784,0.15037481181263956,0.9999999999999992,0.00419921875,-1.9632233639805285,-0.235513936408806,0.004199218750000002,0,1257,-0.6734068714723879,-0.9989148553150559,0.06480137922914915,23.20549556219901,20.0,0.0,0.2727931097101266,1.7179727020810263,2.0,-0.994627603598121,0.004287251716934892,2.0,1.0,2.0,0.0,211.0,31.25,0,0,2.0,2.0,-187.5,718.75,0.0,0.0,2510.0,-1791.25,-187.5,62.5
1258,2019-06-13,16:56:28,154.09375,154.09375,154.03125,154.03125,288,44371.71875,154.06846788194446,-0.0625,-0.00040567951874859176,154.09880141671485,153.96968156322623,0.12911985348861776,0.9999999999999998,0.00419921875,-1.963223363980531,0.23551393640880577,0.0041992187500000016,0,1258,-0.6301098011502463,-0.994627603598121,0.06480137922914914,19.92547921426597,19.92547921426597,0.0,0.2727931097101266,1.7098298408210997,2.0,-0.9928864134431635,0.0017411901549574393,2.0,1.0,2.0,0.0,211.0,-31.25,0,0,2.0,2.0,-125.0,593.75,0.0,0.0,2510.0,-1916.25,-125.0,-125.0
1259,2019-06-13,17:02:18,154.03125,154.15625,153.96875,154.09375,288,44368.25,154.05642361111111,0.0625,0.00040567951874859176,154.09767887966711,153.9734990535885,0.12417982607860267,0.9999999999999994,0.005175781250000001,-2.716269134923461,0.19669686464742786,0.005175781250000002,-1,1259,-0.6178847625965241,-0.9928864134431635,0.07194290270763339,17.260886259100964,17.260886259100964,0.0,0.2727931097101266,1.418670662420521,2.0,-0.9738561574336363,0.019030256009527236,2.0,1.0,2.0,0.0,211.0,31.25,0,0,2.0,2.0,125.0,718.75,0.0,0.0,2510.0,-1791.25,125.0,125.0
1260,2019-06-13,17:08:38,154.09375,154.125,154.0625,154.0625,288,44377.0,154.08680555555554,-0.03125,-0.0002028191873897356,154.08986135085223,153.97623754424734,0.1136238066048918,0.9999999999999981,0.00322265625,-2.2314049586776847,-0.5671631517317617,0.003222656250000006,0,1260,-0.8492505898215611,-0.9738561574336363,0.05676844413932802,20.01531102843376,20.0,0.0,0.2727931097101266,1.7179727020810263,2.0,-0.9320654755514536,0.04179068188218271,2.0,1.0,2.0,0.0,211.0,0.0,0,0,2.0,2.0,-62.5,656.25,0.0,0.0,2510.0,-1853.75,-62.5,125.0
1261,2019-06-13,17:19:50,154.0625,154.125,154.0625,154.125,289,44537.71875,154.1097534602076,0.0625,0.0004055972474983349,154.09766993955174,153.9808148505782,0.11685508897352292,0.9999999999999942,0.0014648437500000002,2.0000000000000013,-1.3608276348795436,0.0014648437500000087,-1,1261,-0.9152474414998564,-0.9320654755514536,0.03827327723098727,30.531769795483648,20.0,0.0,0.2727931097101266,1.7179727020810263,2.0,-0.9016795907943176,0.030385884757135995,2.0,1.0,2.0,0.0,211.0,62.5,0,0,2.0,2.0,125.0,781.25,0.0,0.0,2510.0,-1728.75,125.0,125.0
1262,2019-06-13,17:30:34,154.125,154.15625,154.09375,154.15625,288,44386.0,154.11805555555554,0.03125,0.0002027369495039011,154.11068773076246,153.98621285517584,0.12447487558662829,0.9999999999999942,0.0014648437500000002,2.0000000000000013,-1.3608276348795436,0.0014648437500000087,-1,1262,-0.9433401230704292,-0.9016795907943176,0.03827327723098727,32.522659304923444,20.0,0.0,0.2727931097101266,1.7179727020810263,2.0,-0.9998881583461043,-0.09820856755178675,-2.0,1.0,2.0,0.0,211.0,93.75,0,0,-2.0,2.0,62.5,843.75,0.0,4.0,2520.0,-1676.25,52.5,125.0
1263,2019-06-13,17:40:50,154.125,154.1875,154.125,154.1875,288,44396.625,154.15494791666666,0.03125,0.00020269585556320635,154.12775712392636,153.99240630578583,0.1353508181405232,0.9999999999999664,0.00029296875000000053,-3.3333333333331896,0.6085806194501694,0.00029296875000001045,-1,1263,-0.6964524714468123,-0.9998881583461043,0.017116329922036745,79.07700935716552,20.0,0.0,0.2727931097101266,1.7179727020810263,2.0,-0.2443885490011798,0.7554996093449245,2.0,-1.0,-2.0,1.0,212.0,31.25,0,0,2.0,-2.0,-62.5,781.25,0.0,4.0,2530.0,-1748.75,-72.5,52.5
1264,2019-06-13,17:48:25,154.1875,154.25,154.15625,154.25,288,44412.34375,154.20952690972223,0.0625,0.00040526849592215086,154.1549222074983,154.00033226560782,0.15458994189046393,0.9999999999999931,0.001171875,2.9166666666666714,-1.2932338163316428,0.001171875000000008,-1,1264,0.5128566564911466,-0.2443885490011798,0.034232659844073,45.1586124463038,20.0,0.0,0.2727931097101266,1.7179727020810263,2.0,0.05856860026714851,0.3029571492683283,2.0,1.0,2.0,1.0,213.0,62.5,0,0,2.0,2.0,125.0,906.25,0.0,0.0,2530.0,-1623.75,125.0,125.0
1265,2019-06-13,17:51:53,154.25,154.3125,154.25,154.28125,288,44430.15625,154.27137586805554,0.03125,0.0002025726736389899,154.18299505027647,154.00897588820453,0.1740191620719429,0.9999999999999946,0.00126953125,-0.1775147928994123,-0.4047960089109363,0.001269531250000007,-1,1265,0.7473072063059101,0.05856860026714851,0.03563048203434816,48.839968514651744,20.0,0.0,0.2727931097101266,1.7179727020810263,2.0,0.047424837013883454,-0.011143763253265056,2.0,1.0,2.0,0.0,213.0,93.75,0,0,2.0,2.0,62.5,968.75,0.0,0.0,2530.0,-1561.25,62.5,125.0
1266,2019-06-13,17:55:15,154.28125,154.3125,154.21875,154.25,288,44428.875,154.26692708333334,-0.03125,-0.0002025726736389899,154.19788503910394,154.0163920147213,0.18149302438263248,0.999999999999995,0.0016601562499999997,-1.4878892733564004,-0.5413870509510853,0.001660156250000008,0,1266,0.7398455751253782,0.047424837013883454,0.04074501503251665,44.5436145348803,20.0,0.0,0.2727931097101266,1.7179727020810263,2.0,0.023168556778885994,-0.02425628023499746,2.0,1.0,2.0,0.0,213.0,62.5,0,0,2.0,2.0,-62.5,906.25,0.0,0.0,2530.0,-1623.75,-62.5,62.5
1267,2019-06-13,18:06:46,154.25,154.28125,154.21875,154.25,288,44423.625,154.24869791666666,0.0,0.0,154.2094661415253,154.02357995272988,0.18588618879542196,0.9999999999999952,0.00126953125,-0.17751479289940755,0.4047960089109363,0.0012695312500000061,0,1267,0.7232996182162768,0.023168556778885994,0.03563048203434815,52.170551219662364,20.0,0.0,0.2727931097101266,1.7179727020810263,2.0,-0.08595801115467165,-0.10912656793355764,2.0,1.0,2.0,0.0,213.0,62.5,0,0,2.0,2.0,0.0,906.25,0.0,0.0,2530.0,-1623.75,0.0,0.0
1268,2019-06-13,18:17:08,154.25,154.3125,154.25,154.3125,288,44432.75,154.28038194444446,0.0625,0.00040510431990092854,154.23236255451968,154.0324698003382,0.19989275418149077,0.9999999999999986,0.0021484375,0.8677685950413228,0.5516180692881075,0.002148437500000003,-1,1268,0.6437081171038019,-0.08595801115467165,0.04635124054434793,43.12565356049908,20.0,0.0,0.2727931097101266,1.7179727020810263,2.0,-0.19660268826353894,-0.11064467710886729,2.0,1.0,2.0,0.0,213.0,125.0,0,0,2.0,2.0,125.0,1031.25,0.0,0.0,2530.0,-1498.75,125.0,125.0
1269,2019-06-13,18:20:32,154.3125,154.375,154.3125,154.3125,287,44295.71875,154.34048344947735,0.0,0.0,154.25017087573755,154.04108611417396,0.20908476156358802,0.999999999999998,0.0021484375,0.8677685950413228,-0.5516180692881075,0.002148437500000005,0,1269,0.5542872534293353,-0.19660268826353894,0.046351240544347944,45.108773596585806,20.0,0.0,0.2727931097101266,1.7179727020810263,2.0,-0.3373604221420684,-0.14075773387852947,2.0,1.0,2.0,0.0,213.0,125.0,0,0,2.0,2.0,0.0,1031.25,0.0,0.0,2530.0,-1498.75,0.0,125.0
1270,2019-06-13,18:25:29,154.3125,154.34375,154.25,154.25,288,44434.21875,154.28548177083334,-0.0625,-0.00040510431990092854,154.25013290335144,154.04751423373787,0.202618669613571,0.9999999999999984,0.00244140625,-1.2000000000000004,0.0,0.002441406250000004,0,1270,0.42710320014657166,-0.3373604221420684,0.049410588440130965,41.00713551693009,20.0,0.0,0.2727931097101266,1.7179727020810263,2.0,-0.5205216987247443,-0.1831612765826759,2.0,1.0,2.0,0.0,213.0,62.5,0,0,2.0,2.0,-125.0,906.25,0.0,0.0,2530.0,-1623.75,-125.0,0.0
1271,2019-06-13,18:34:02,154.25,154.28125,154.1875,154.28125,288,44419.21875,154.2333984375,0.03125,0.0002025726736389899,154.2570478137178,154.05470610346904,0.2023417102487599,1.0000000000000004,0.00244140625,-1.1999999999999993,0.0,0.002441406249999999,-1,1271,0.23569760021057187,-0.5205216987247443,0.049410588440130916,40.95108288255467,20.0,0.0,0.2727931097101266,1.7179727020810263,2.0,-0.6487518303442612,-0.1282301316195169,2.0,1.0,2.0,0.0,213.0,93.75,0,0,2.0,2.0,62.5,968.75,0.0,0.0,2530.0,-1561.25,62.5,62.5
1272,2019-06-13,18:45:22,154.28125,154.34375,154.21875,154.25,288,44434.0,154.28472222222223,-0.03125,-0.0002025726736389899,154.25548163289164,154.06071514643924,0.19476648645240857,0.9999999999999998,0.00419921875,-1.963223363980531,0.23551393640880577,0.004199218750000001,0,1272,0.07937147103431842,-0.6487518303442612,0.06480137922914914,30.055916829127945,20.0,0.0,0.2727931097101266,1.7179727020810263,2.0,-0.8529271062357993,-0.20417527589153806,2.0,1.0,2.0,0.0,213.0,62.5,0,0,2.0,2.0,-62.5,906.25,0.0,0.0,2530.0,-1623.75,-62.5,62.5
1273,2019-06-13,18:55:17,154.25,154.25,154.15625,154.15625,288,44409.84375,154.20084635416666,-0.09375,-0.0006079643514853572,154.23343015891575,154.063654680395,0.16977547852076214,0.9999999999999991,0.00390625,-0.1875000000000012,-0.9375000000000003,0.0039062500000000035,0,1273,-0.23397956700505218,-0.8529271062357993,0.06250000000000003,27.164076563321927,20.0,0.0,0.2727931097101266,1.7179727020810263,2.0,-0.9697715311201998,-0.1168444248844005,2.0,1.0,2.0,0.0,213.0,-31.25,0,0,2.0,2.0,-187.5,718.75,0.0,0.0,2530.0,-1811.25,-187.5,-62.5
1274,2019-06-13,18:59:00,154.15625,154.21875,154.125,154.21875,288,44406.96875,154.19086371527777,0.0625,0.0004053506338435042,154.23016790137893,154.06842684407516,0.16174105730377164,0.9999999999999991,0.0056640625,-0.9453032104637332,-0.601363819630531,0.005664062500000006,-1,1274,-0.5131875715431149,-0.9697715311201998,0.07525996611745188,21.490981945348743,20.0,0.0,0.2727931097101266,1.7179727020810263,2.0,-0.9995146158121185,-0.029743084691918775,2.0,1.0,2.0,0.0,213.0,31.25,0,0,2.0,2.0,125.0,843.75,0.0,0.0,2530.0,-1686.25,125.0,125.0
1275,2019-06-13,18:59:59,154.21875,154.28125,154.21875,154.25,288,44423.875,154.24956597222223,0.03125,0.00020261371764185299,154.23457503440585,154.07401371041132,0.1605613239945285,0.9999999999999991,0.0056640625,-0.9453032104637332,-0.601363819630531,0.005664062500000006,-1,1275,-0.7287923255012686,-0.9995146158121185,0.07525996611745188,21.33422751532388,20.0,0.0,0.2727931097101266,1.7179727020810263,2.0,-0.9744198332399645,0.02509478257215403,2.0,1.0,2.0,0.0,213.0,62.5,0,0,2.0,2.0,62.5,906.25,0.0,0.0,2530.0,-1623.75,62.5,125.0
1276,2019-06-13,19:06:09,154.25,154.34375,154.25,154.34375,288,44439.40625,154.30349392361111,0.09375,0.0006075949554009696,154.2588361378712,154.08231328855254,0.17652284931867257,0.9999999999999991,0.0056640625,-0.9453032104637332,-0.601363819630531,0.005664062500000006,-1,1276,-0.8479307791462136,-0.9744198332399645,0.07525996611745188,23.45507956290975,20.0,0.0,0.2727931097101266,1.7179727020810263,2.0,-0.9260772227174413,0.0483426105225232,2.0,1.0,2.0,0.0,213.0,156.25,0,0,2.0,2.0,187.5,1093.75,0.0,0.0,2530.0,-1436.25,187.5,187.5
1277,2019-06-13,19:21:00,154.34375,154.34375,154.28125,154.3125,288,44441.8125,154.31184895833334,-0.03125,-0.0002024906355000411,154.2707614405665,154.08939595659712,0.1813654839693868,0.9999999999999991,0.005078125,-0.17751479289940994,-0.4047960089109366,0.0050781250000000045,0,1277,-0.9216509423749191,-0.9260772227174413,0.07126096406869616,25.45088834253617,20.0,0.0,0.2727931097101266,1.7179727020810263,2.0,-0.853608125999976,0.07246909671746526,2.0,1.0,2.0,0.0,213.0,125.0,0,0,2.0,2.0,-62.5,1031.25,0.0,0.0,2530.0,-1498.75,-62.5,187.5
1278,2019-06-13,19:26:44,154.3125,154.3125,154.1875,154.21875,288,44422.6875,154.24544270833334,-0.09375,-0.0006077180375427815,154.25920334266286,154.09337608100952,0.16582726165333384,0.9999999999999999,0.0056640625,-0.9453032104637332,0.601363819630531,0.0056640625000000016,0,1278,-0.9719351187559526,-0.853608125999976,0.07525996611745185,22.03392722693248,20.0,0.0,0.2727931097101266,1.7179727020810263,2.0,-0.7346796051393195,0.11892852086065653,-2.0,1.0,2.0,0.0,213.0,31.25,0,0,-2.0,2.0,-187.5,843.75,0.0,4.0,2540.0,-1696.25,-197.5,-62.5
1279,2019-06-13,19:44:01,154.21875,154.25,154.1875,154.25,288,44413.6875,154.21419270833334,0.03125,0.00020261371764185299,154.25715815540445,154.09819527851695,0.15896287688750022,1.0000000000000004,0.003125,-2.3242187499999987,-0.052407843222650706,0.0031249999999999993,-1,1279,-0.9992082386611967,-0.7346796051393195,0.055901699437494734,28.436143889550458,20.0,0.0,0.2727931097101266,1.7179727020810263,2.0,-0.48178530065090314,0.2528943044884164,-2.0,-1.0,-2.0,1.0,214.0,31.25,0,0,-2.0,-2.0,-62.5,781.25,0.0,0.0,2540.0,-1758.75,-62.5,-62.5
1280,2019-06-13,19:59:14,154.25,154.28125,154.1875,154.1875,288,44421.6875,154.24197048611111,-0.0625,-0.00040526849592215086,154.2416785653146,154.10094311610106,0.14073544921353687,0.9999999999999999,0.0032226562500000003,-2.231404958677686,-0.5671631517317615,0.0032226562500000003,0,1280,-0.960303754144538,-0.48178530065090314,0.056768444139327974,24.79114080846164,20.0,0.0,0.2727931097101266,1.7179727020810263,2.0,-0.003364570451794216,0.4784207301991089,-2.0,-1.0,-2.0,0.0,214.0,-31.25,0,0,-2.0,-2.0,125.0,906.25,0.0,0.0,2540.0,-1633.75,125.0,125.0
1281,2019-06-13,20:12:33,154.21875,154.21875,154.15625,154.21875,288,44407.59375,154.19303385416666,0.03125,0.00020265477828029788,154.23658332857804,154.10456794329798,0.13201538528005585,0.9999999999999992,0.00224609375,-3.081285444234402,-0.31535587858059355,0.0022460937500000016,-1,1281,-0.7094818894148808,-0.003364570451794216,0.04739297152532221,27.85547751727693,20.0,0.0,0.2727931097101266,1.7179727020810263,2.0,0.4344883558182575,0.43785292627005173,-2.0,-1.0,-2.0,0.0,214.0,0.0,0,0,-2.0,-2.0,-62.5,843.75,0.0,0.0,2540.0,-1696.25,-62.5,125.0
1282,2019-06-13,20:26:33,154.21875,154.25,154.1875,154.21875,288,44414.8125,154.21809895833334,0.0,0.0,154.23262036667182,154.10808123735035,0.1245391293214766,0.9999999999999989,0.008105468749999999,1.331107562781246,1.2169587297571167,0.008105468750000006,0,1282,-0.3296454697011516,0.4344883558182575,0.09003037681804962,13.833012114696439,13.833012114696439,0.0,0.2727931097101266,1.0441080045065645,1.0,0.41555307072330383,-0.01893528509495368,2.0,-1.0,-2.0,0.0,214.0,0.0,0,0,2.0,-2.0,-0.0,843.75,-1.0,4.0,2550.0,-1706.25,-10.0,-10.0
1283,2019-06-13,20:58:50,154.21875,154.25,154.15625,154.15625,288,44412.15625,154.20887586805554,-0.0625,-0.0004053506338435042,154.2156491740781,154.1095633531242,0.10608582095389352,0.9999999999999988,0.00634765625,1.9999999999999976,0.9051513929454645,0.006347656250000009,0,1283,-0.34932196682571726,0.41555307072330383,0.07967217989988731,13.315290367000935,13.315290367000935,0.0,0.2727931097101266,0.9875367228003121,1.0,0.6194610588187908,0.20390798809548694,-1.0,-1.0,2.0,1.0,215.0,-62.5,0,0,-1.0,2.0,-125.0,718.75,0.0,3.0,2557.5,-1838.75,-132.5,-10.0
1284,2019-06-13,23:14:36,154.15625,154.3125,154.09375,154.3125,288,44409.71875,154.20041232638889,0.15625,0.0010130686713862858,154.23717157983853,154.11580755764348,0.12136402219505271,0.9999999999999986,0.006542968749999999,2.3991980396524872,1.228195210283377,0.006542968750000008,-1,1284,-0.1170730726126225,0.6194610588187908,0.08088861940965496,15.003843937601754,15.003843937601754,0.0,0.2727931097101266,1.1720444050519352,1.0,0.889777079617183,0.27031602079839223,-1.0,-1.0,-1.0,1.0,216.0,156.25,0,0,-1.0,-1.0,-156.25,562.5,0.0,0.0,2557.5,-1995.0,-156.25,-132.5
1285,2019-06-14,00:00:23,154.3125,154.375,154.28125,154.34375,288,44442.5,154.31423611111111,0.03125,0.0002024906355000411,154.26085567320774,154.12282117125446,0.13803450195328537,0.9999999999999986,0.006542968749999999,2.3991980396524872,1.228195210283377,0.006542968750000008,-1,1285,0.30644713422387965,0.889777079617183,0.08088861940965496,17.06476176261817,17.06476176261817,0.0,0.2727931097101266,1.3972402044777912,2.0,0.9831906030066097,0.09341352338942666,-1.0,-1.0,-1.0,0.0,216.0,187.5,0,0,-1.0,-1.0,-31.25,531.25,1.0,0.0,2557.5,-2026.25,-31.25,-31.25
1286,2019-06-14,00:22:18,154.34375,154.40625,154.3125,154.34375,288,44457.5625,154.36653645833334,0.0,0.0,154.27927663471715,154.12961898136973,0.14965765334741832,0.9999999999999979,0.00458984375,4.1511996378451785,2.0315314900210546,0.00458984375000001,0,1286,0.8243258125075815,0.9831906030066097,0.06774838558962132,22.090216917337887,20.0,0.0,0.2727931097101266,1.7179727020810263,2.0,0.7863950657459571,-0.19679553726065258,2.0,-1.0,-1.0,0.0,216.0,187.5,0,0,2.0,-1.0,-0.0,531.25,0.0,3.0,2565.0,-2033.75,-7.5,-7.5
1287,2019-06-14,00:52:29,154.34375,154.375,154.28125,154.34375,287,44292.875,154.330574912892,0.0,0.0,154.29360404922448,154.13620762809683,0.1573964211276575,0.999999999999977,0.0001953125,5.000000000000004,2.236067977499789,0.0001953125000000045,0,1287,0.9928620330792329,0.7863950657459571,0.013975424859373847,112.62371105811911,20.0,0.0,0.2727931097101266,1.7179727020810263,2.0,0.4758717958745272,-0.31052326987142986,-2.0,-1.0,2.0,1.0,217.0,0.0,0,0,-2.0,2.0,0.0,531.25,0.0,4.0,2575.0,-2043.75,-10.0,-7.5
1288,2019-06-14,01:14:27,154.34375,154.34375,154.28125,154.34375,288,44443.34375,154.31716579861111,0.0,0.0,154.30474759384126,154.14259354723234,0.16215404660891863,0.999999999999977,0.0001953125,5.000000000000004,2.236067977499789,0.0001953125000000045,0,1288,0.9584029527652893,0.4758717958745272,0.013975424859373847,116.02799073414629,20.0,0.0,0.2727931097101266,1.7179727020810263,2.0,0.18887581400959597,-0.28699598186493125,2.0,1.0,-2.0,1.0,218.0,0.0,0,0,2.0,-2.0,-0.0,531.25,0.0,4.0,2585.0,-2053.75,-10.0,-10.0
1289,2019-06-14,01:31:55,154.34375,154.375,154.3125,154.34375,288,44454.6875,154.35655381944446,0.0,0.0,154.31341479520987,154.1487829765483,0.16463181866157583,0.999999999999977,0.0001953125,5.000000000000004,2.236067977499789,0.0001953125000000045,0,1289,0.8279349217562734,0.18887581400959597,0.013975424859373847,117.80094009174329,20.0,0.0,0.2727931097101266,1.7179727020810263,2.0,-0.02170057700277516,-0.21057639101237113,2.0,1.0,2.0,1.0,219.0,0.0,0,0,2.0,2.0,0.0,531.25,0.0,0.0,2585.0,-2053.75,0.0,0.0
1290,2019-06-14,02:09:06,154.34375,154.40625,154.28125,154.375,288,44449.15625,154.33734809027777,0.03125,0.00020244964134352728,154.32710039627435,154.15574350034683,0.17135689592751646,0.9999999999999954,0.0016601562499999997,2.664359861591702,1.714392328011769,0.0016601562500000075,-1,1290,0.6915956428166513,-0.02170057700277516,0.040745015032516645,42.05591672766956,20.0,0.0,0.2727931097101266,1.7179727020810263,2.0,-0.2402852732806287,-0.21858469627785354,2.0,1.0,2.0,0.0,219.0,31.25,0,0,2.0,2.0,62.5,593.75,0.0,0.0,2585.0,-1991.25,62.5,62.5
1291,2019-06-14,03:13:12,154.375,154.40625,154.34375,154.375,287,44305.1875,154.3734756097561,0.0,0.0,154.33774475265784,154.16248985418233,0.17525489847551512,0.9999999999999971,0.0022460937500000003,1.455576559546311,1.1180799331493774,0.0022460937500000068,0,1291,0.5164828444223861,-0.2402852732806287,0.047392971525322264,36.97909053494898,20.0,0.0,0.2727931097101266,1.7179727020810263,2.0,-0.4500764709226904,-0.20979119764206167,2.0,1.0,2.0,0.0,219.0,31.25,0,0,2.0,2.0,0.0,593.75,0.0,0.0,2585.0,-1991.25,0.0,62.5
1292,2019-06-14,04:14:10,154.375,154.46875,154.375,154.46875,288,44477.5,154.43576388888889,0.09375,0.0006071031249907932,154.36685702984502,154.17191324328442,0.19494378656060007,0.9999999999999961,0.0021484374999999997,0.8677685950413286,0.5516180692881066,0.002148437500000008,-1,1292,0.3131871718552631,-0.4500764709226904,0.04635124054434798,42.05794370791039,20.0,0.0,0.2727931097101266,1.7179727020810263,2.0,-0.7467575482771714,-0.29668107735448107,2.0,1.0,2.0,0.0,219.0,125.0,0,0,2.0,2.0,187.5,781.25,0.0,0.0,2585.0,-1803.75,187.5,187.5
1293,2019-06-14,05:22:06,154.46875,154.5,154.40625,154.4375,288,44481.0625,154.44813368055554,-0.03125,-0.0002023267584041477,154.38255546765726,154.18008514349108,0.20247032416617117,0.9999999999999962,0.00244140625,-1.1999999999999993,0.0,0.002441406250000009,0,1293,-0.05774318211377522,-0.7467575482771714,0.04941058844013102,40.97711250929484,20.0,0.0,0.2727931097101266,1.7179727020810263,2.0,-0.8392170311499095,-0.09245948287273809,2.0,1.0,2.0,0.0,219.0,93.75,0,0,2.0,2.0,-62.5,718.75,0.0,0.0,2585.0,-1866.25,-62.5,187.5
1294,2019-06-14,06:12:15,154.4375,154.46875,154.375,154.46875,287,44320.625,154.42726480836237,0.03125,0.0002023267584041477,154.40170980817786,154.188967139076,0.21274266910185702,0.9999999999999951,0.0021484375,0.867768595041318,-0.5516180692881069,0.00214843750000001,-1,1294,-0.2088937690654045,-0.8392170311499095,0.046351240544348006,45.897945039531095,20.0,0.0,0.2727931097101266,1.7179727020810263,2.0,-0.857948588471844,-0.018731557321934433,2.0,1.0,2.0,0.0,219.0,125.0,0,0,2.0,2.0,62.5,781.25,0.0,0.0,2585.0,-1803.75,62.5,62.5
1295,2019-06-14,06:30:24,154.46875,154.53125,154.46875,154.53125,288,44500.6875,154.51627604166666,0.0625,0.00040453074985347115,154.43049651747168,154.19949891941215,0.23099759805953113,0.9999999999999967,0.00322265625,1.0743801652892557,0.2669003066973004,0.003222656250000011,-1,1295,-0.24339537078212733,-0.857948588471844,0.056768444139328064,40.69119764716266,20.0,0.0,0.2727931097101266,1.7179727020810263,2.0,-0.835498865282645,0.02244972318919891,2.0,1.0,2.0,0.0,219.0,187.5,0,0,2.0,2.0,125.0,906.25,0.0,0.0,2585.0,-1678.75,125.0,125.0
1296,2019-06-14,06:38:34,154.53125,154.59375,154.5,154.5625,287,44358.8125,154.56032229965157,0.03125,0.0002022040245490686,154.4598306247002,154.21066818343024,0.24916244126995934,0.9999999999999913,0.0016601562499999993,2.664359861591695,1.7143923280117723,0.0016601562500000134,-1,1296,-0.2022372729140752,-0.835498865282645,0.04074501503251672,61.1516380767351,20.0,0.0,0.2727931097101266,1.7179727020810263,2.0,-0.7408820508566234,0.09461681442602166,2.0,1.0,2.0,0.0,219.0,218.75,0,0,2.0,2.0,62.5,968.75,0.0,0.0,2585.0,-1616.25,62.5,125.0
1297,2019-06-14,06:45:22,154.5625,154.71875,154.5625,154.6875,287,44387.15625,154.65908101045295,0.125,0.0008084074813741182,154.5104238192113,154.22533993163242,0.28508388757887815,0.9999999999999902,0.0014648437500000002,2.0000000000000404,1.3608276348795403,0.0014648437500000145,-1,1297,-0.04896494685342928,-0.7408820508566234,0.03827327723098735,74.48640623543587,20.0,0.0,0.2727931097101266,1.7179727020810263,2.0,-0.667224616672134,0.07365743418448945,2.0,1.0,2.0,0.0,219.0,343.75,0,0,2.0,2.0,250.0,1218.75,0.0,0.0,2585.0,-1366.25,250.0,250.0
1298,2019-06-14,06:52:34,154.6875,154.78125,154.6875,154.71875,287,44407.34375,154.7294207317073,0.03125,0.0002019997986870692,154.55671852605326,154.24052177988992,0.31619674616334237,0.9999999999999979,0.00458984375,1.4350384789497497,-0.4220089568642772,0.00458984375000001,-1,1298,0.05489408112595505,-0.667224616672134,0.06774838558962132,46.67221859405931,20.0,0.0,0.2727931097101266,1.7179727020810263,2.0,-0.6354865753606646,0.0317380413114694,2.0,1.0,2.0,0.0,219.0,375.0,0,0,2.0,2.0,62.5,1281.25,0.0,0.0,2585.0,-1303.75,62.5,250.0
1299,2019-06-14,07:01:06,154.71875,154.84375,154.71875,154.78125,287,44415.6875,154.75849303135888,0.0625,0.00040387722681511917,154.60661440915257,154.25715957127795,0.3494548378746174,0.9999999999999988,0.006640624999999999,-1.8122837370242226,0.16354400497480734,0.006640625000000006,-1,1299,0.09660870562972278,-0.6354865753606646,0.08149003006503315,42.883140133306476,20.0,0.0,0.2727931097101266,1.7179727020810263,2.0,-0.6099673690515393,0.025519206309125297,2.0,1.0,2.0,0.0,219.0,437.5,0,0,2.0,2.0,125.0,1406.25,0.0,0.0,2585.0,-1178.75,125.0,125.0
1300,2019-06-14,07:05:24,154.78125,154.78125,154.71875,154.71875,287,44420.625,154.7756968641115,-0.0625,-0.00040387722681511917,154.6315334293409,154.2713623537002,0.36017107564069306,0.9999999999999991,0.005175781250000001,-2.716269134923461,-0.19669686464742786,0.005175781250000004,0,1300,0.12901811144384928,-0.6099673690515393,0.0719429027076334,50.06346172941916,20.0,0.0,0.2727931097101266,1.7179727020810263,2.0,-0.6258335443350395,-0.015866175283500206,2.0,1.0,2.0,0.0,219.0,375.0,0,0,2.0,2.0,-125.0,1281.25,0.0,0.0,2585.0,-1303.75,-125.0,125.0
1301,2019-06-14,07:15:01,154.71875,154.75,154.65625,154.65625,287,44398.90625,154.70002177700349,-0.0625,-0.00040404040953667675,154.6370260005985,154.28320505050945,0.3538209500890446,0.9999999999999991,0.005175781250000001,-2.716269134923461,-0.19669686464742786,0.005175781250000004,0,1301,0.10898149265723384,-0.6258335443350395,0.0719429027076334,49.180799880556236,20.0,0.0,0.2727931097101266,1.7179727020810263,2.0,-0.6546370969410288,-0.028803552605989324,2.0,1.0,2.0,0.0,219.0,312.5,0,0,2.0,2.0,-125.0,1156.25,0.0,0.0,2585.0,-1428.75,-125.0,-125.0
1302,2019-06-14,07:21:52,154.65625,154.75,154.65625,154.75,287,44396.65625,154.69218205574913,0.09375,0.000605999412545799,154.66213133379884,154.29756797203225,0.3645633617665851,0.9999999999999998,0.004589843749999999,-0.7378904481665908,0.912717046241344,0.00458984375,-1,1302,0.071634302454781,-0.6546370969410288,0.06774838558962125,53.811372565375876,20.0,0.0,0.2727931097101266,1.7179727020810263,2.0,-0.6729420831226615,-0.018304986181632676,2.0,1.0,2.0,0.0,219.0,406.25,0,0,2.0,2.0,187.5,1343.75,0.0,0.0,2585.0,-1241.25,187.5,187.5
1303,2019-06-14,07:28:23,154.75,154.78125,154.71875,154.78125,287,44418.03125,154.76665940766551,0.03125,0.0002019182238059969,154.68860214851023,154.31245049596973,0.3761516525405,0.9999999999999988,0.00419921875,-1.963223363980531,-0.23551393640880577,0.004199218750000005,-1,1303,0.04720156433516344,-0.6729420831226615,0.06480137922914916,58.04685903526236,20.0,0.0,0.2727931097101266,1.7179727020810263,2.0,-0.6914368511439939,-0.01849476802133243,2.0,1.0,2.0,0.0,219.0,437.5,0,0,2.0,2.0,62.5,1406.25,0.0,0.0,2585.0,-1178.75,62.5,187.5
1304,2019-06-14,07:36:28,154.78125,154.84375,154.71875,154.75,287,44418.125,154.76698606271776,-0.03125,-0.0002019182238059969,154.70224611550796,154.32591355763222,0.3763325578757417,0.9999999999999971,0.00244140625,-1.1999999999999993,0.0,0.002441406250000007,0,1304,0.021920347894542558,-0.6914368511439939,0.049410588440131,76.16435459612671,20.0,0.0,0.2727931097101266,1.7179727020810263,2.0,-0.7098543999295478,-0.018417548785553906,2.0,1.0,2.0,0.0,219.0,406.25,0,0,2.0,2.0,-62.5,1343.75,0.0,0.0,2585.0,-1241.25,-62.5,62.5
1305,2019-06-14,07:41:46,154.75,154.84375,154.75,154.8125,287,44429.25,154.80574912891987,0.0625,0.00040379568487303175,154.7267469787284,154.34088544816663,0.3858615305617832,1.0,0.00361328125,-0.021913805697588867,-0.5901286563843656,0.00361328125,-1,1305,-0.003893298606320555,-0.7098543999295478,0.060110575192722955,64.19195446469392,20.0,0.0,0.2727931097101266,1.7179727020810263,2.0,-0.7313452635724159,-0.02149086364286812,2.0,1.0,2.0,0.0,219.0,468.75,0,0,2.0,2.0,125.0,1468.75,0.0,0.0,2585.0,-1116.25,125.0,125.0
1306,2019-06-14,07:51:49,154.8125,154.84375,154.78125,154.8125,287,44431.0,154.81184668989548,0.0,0.0,154.74580320567767,154.35539666514612,0.39040654053155777,1.0,0.00361328125,-0.021913805697588867,-0.5901286563843656,0.00361328125,0,1306,-0.034887131786546344,-0.7313452635724159,0.060110575192722955,64.94806267946356,20.0,0.0,0.2727931097101266,1.7179727020810263,2.0,-0.7548298465882262,-0.023484583015810245,2.0,1.0,2.0,0.0,219.0,468.75,0,0,2.0,2.0,0.0,1468.75,0.0,0.0,2585.0,-1116.25,0.0,125.0
1307,2019-06-14,08:07:24,154.8125,154.8125,154.6875,154.71875,287,44413.4375,154.75065331010452,-0.09375,-0.000605754687882154,154.73979138219374,154.366576767757,0.3732146144367334,1.0000000000000002,0.00419921875,-1.9632233639805285,-0.235513936408806,0.004199218749999999,0,1307,-0.06993936168707139,-0.7548298465882262,0.06480137922914912,57.59362206118802,20.0,0.0,0.2727931097101266,1.7179727020810263,2.0,-0.7773767521506589,-0.022546905562432773,2.0,1.0,2.0,0.0,219.0,375.0,0,0,2.0,2.0,-187.5,1281.25,0.0,0.0,2585.0,-1303.75,-187.5,0.0
1308,2019-06-14,08:18:25,154.71875,154.78125,154.6875,154.75,287,44411.46875,154.74379355400697,0.03125,0.00020195900300912228,154.74205996392848,154.3783744056722,0.363685558256293,1.0000000000000018,0.00244140625,-1.1999999999999993,0.0,0.0024414062499999957,-1,1308,-0.1048932599159988,-0.7773767521506589,0.04941058844013088,73.6047818367835,20.0,0.0,0.2727931097101266,1.7179727020810263,2.0,-0.8085532921331372,-0.03117653998247827,2.0,1.0,2.0,0.0,219.0,406.25,0,0,2.0,2.0,62.5,1343.75,0.0,0.0,2585.0,-1241.25,62.5,62.5
1309,2019-06-14,08:35:01,154.75,154.78125,154.6875,154.6875,287,44411.3125,154.74324912891987,-0.0625,-0.00040395880169619147,154.72993552749995,154.38788596242077,0.3420495650791793,1.000000000000001,0.003125,-2.3242187499999987,-0.052407843222650706,0.0031249999999999967,0,1309,-0.15565565424604347,-0.8085532921331372,0.05590169943749471,61.18768633530267,20.0,0.0,0.2727931097101266,1.7179727020810263,2.0,-0.8575801063914031,-0.04902681425826594,2.0,1.0,2.0,0.0,219.0,343.75,0,0,2.0,2.0,-125.0,1218.75,0.0,0.0,2585.0,-1366.25,-125.0,62.5
1310,2019-06-14,08:52:40,154.6875,154.75,154.65625,154.65625,287,44401.15625,154.70786149825784,-0.03125,-0.00020204061084960756,154.7135609658333,154.39614331742322,0.31741764841007125,0.9999999999999999,0.0016601562499999997,-1.4878892733564004,-0.5413870509510851,0.0016601562500000002,0,1310,-0.2427000342375126,-0.8575801063914031,0.040745015032516554,77.90343141529243,20.0,0.0,0.2727931097101266,1.7179727020810263,2.0,-0.9075845033405989,-0.050004396949195784,2.0,1.0,2.0,0.0,219.0,312.5,0,0,2.0,2.0,-62.5,1156.25,0.0,0.0,2585.0,-1428.75,-62.5,-62.5
1311,2019-06-14,09:14:01,154.65625,154.6875,154.625,154.6875,288,44541.8125,154.65907118055554,0.03125,0.00020204061084960756,154.70776964009258,154.4051081384256,0.30266150166698935,0.9999999999999996,0.00361328125,-0.021913805697588867,0.5901286563843656,0.0036132812500000023,-1,1311,-0.34486660950233555,-0.9075845033405989,0.06011057519272297,50.350791137268935,20.0,0.0,0.2727931097101266,1.7179727020810263,2.0,-0.9439416714470469,-0.03635716810644796,2.0,1.0,2.0,0.0,219.0,343.75,0,0,2.0,2.0,62.5,1218.75,0.0,0.0,2585.0,-1366.25,62.5,62.5
1312,2019-06-14,09:27:16,154.6875,154.6875,154.65625,154.6875,287,44394.4375,154.6844512195122,0.0,0.0,154.7032652756276,154.41379711878176,0.28946815684582816,0.9999999999999982,0.0022460937500000003,1.455576559546311,1.1180799331493774,0.0022460937500000046,0,1312,-0.4340429214364025,-0.9439416714470469,0.047392971525322236,61.07828809408253,20.0,0.0,0.2727931097101266,1.7179727020810263,2.0,-0.9695560407400725,-0.02561436929302563,2.0,1.0,2.0,0.0,219.0,343.75,0,0,2.0,2.0,0.0,1218.75,0.0,0.0,2585.0,-1366.25,0.0,62.5
1313,2019-06-14,09:49:54,154.6875,154.8125,154.65625,154.78125,287,44409.71875,154.73769599303137,0.09375,0.0006058770255021884,154.72059521437703,154.4251033612808,0.29549185309622317,0.9999999999999991,0.00322265625,1.0743801652892582,0.2669003066972995,0.0032226562500000033,-1,1313,-0.5124307501052089,-0.9695560407400725,0.056768444139327995,52.0521317038373,20.0,0.0,0.2727931097101266,1.7179727020810263,2.0,-0.9664680607919832,0.003087979948089292,2.0,1.0,2.0,0.0,219.0,437.5,0,0,2.0,2.0,187.5,1406.25,0.0,0.0,2585.0,-1178.75,187.5,187.5
1314,2019-06-14,10:01:01,154.78125,154.8125,154.75,154.78125,287,44422.03125,154.78059668989548,0.0,0.0,154.7340740556266,154.43606171939524,0.29801233623135204,0.999999999999999,0.0037109375,-0.8171745152354575,-0.08099829095409096,0.003710937500000004,0,1314,-0.5018203950675215,-0.9664680607919832,0.060917464655056056,48.92067290043029,20.0,0.0,0.2727931097101266,1.7179727020810263,2.0,-0.9734054748790608,-0.006937414087077598,2.0,1.0,2.0,0.0,219.0,437.5,0,0,2.0,2.0,0.0,1406.25,0.0,0.0,2585.0,-1178.75,0.0,187.5
1315,2019-06-14,10:11:22,154.78125,154.78125,154.6875,154.71875,287,44414.75,154.75522648083623,-0.0625,-0.00040387722681511917,154.73066870993182,154.44475982033694,0.2859088895948787,0.9999999999999994,0.005078125,-2.5073964497041423,0.2276977550124017,0.005078125000000002,0,1315,-0.526311208903821,-0.9734054748790608,0.07126096406869614,40.12138950565702,20.0,0.0,0.2727931097101266,1.7179727020810263,2.0,-0.979524229063142,-0.006118754184081143,2.0,1.0,2.0,0.0,219.0,375.0,0,0,2.0,2.0,-125.0,1281.25,0.0,0.0,2585.0,-1303.75,-125.0,0.0
1316,2019-06-14,10:35:50,154.71875,154.78125,154.6875,154.78125,287,44410.75,154.74128919860627,0.0625,0.00040387722681511917,154.74190899661366,154.4551133643266,0.28679563228706684,1.0000000000000004,0.002734375,-0.612244897959183,0.5122408325718831,0.002734374999999999,-1,1316,-0.5502690229000636,-0.979524229063142,0.05229125165837971,54.845815158663854,20.0,0.0,0.2727931097101266,1.7179727020810263,2.0,-0.9973548467961199,-0.017830617732977894,2.0,1.0,2.0,0.0,219.0,437.5,0,0,2.0,2.0,125.0,1406.25,0.0,0.0,2585.0,-1178.75,125.0,125.0
1317,2019-06-14,10:56:00,154.78125,154.78125,154.71875,154.71875,287,44412.75,154.74825783972125,-0.0625,-0.00040387722681511917,154.73676255292176,154.46322526080888,0.27353729211287714,1.000000000000001,0.00390625,-0.1875,0.9375000000000006,0.0039062499999999957,0,1317,-0.6538393445109406,-0.9973548467961199,0.062499999999999965,43.76596673806037,20.0,0.0,0.2727931097101266,1.7179727020810263,2.0,-0.9962204278383995,0.0011344189577203734,2.0,1.0,2.0,0.0,219.0,375.0,0,0,2.0,2.0,-125.0,1281.25,0.0,0.0,2585.0,-1303.75,-125.0,125.0
1318,2019-06-14,11:05:44,154.71875,154.75,154.71875,154.71875,287,44411.53125,154.74401132404182,0.0,0.0,154.73275976338363,154.47108756047632,0.261672202907306,1.0000000000000004,0.0037109375,-0.8171745152354575,0.08099829095409096,0.0037109374999999977,0,1318,-0.7658543273647712,-0.9962204278383995,0.06091746465505601,42.95520248405279,20.0,0.0,0.2727931097101266,1.7179727020810263,2.0,-0.9642092648161729,0.03201116302222662,2.0,1.0,2.0,0.0,219.0,375.0,0,0,2.0,2.0,0.0,1281.25,0.0,0.0,2585.0,-1303.75,0.0,0.0
1319,2019-06-14,11:17:25,154.71875,154.71875,154.625,154.625,287,44383.96875,154.64797473867597,-0.09375,-0.0006061218490440723,154.70881314929838,154.47582332784629,0.2329898214520938,1.0000000000000004,0.0037109375,-0.8171745152354575,0.08099829095409096,0.0037109374999999977,0,1319,-0.8692829004745034,-0.9642092648161729,0.06091746465505601,38.24680209056537,20.0,0.0,0.2727931097101266,1.7179727020810263,2.0,-0.8821596127647378,0.0820496520514351,2.0,1.0,2.0,0.0,219.0,281.25,0,0,2.0,2.0,-187.5,1093.75,0.0,0.0,2585.0,-1491.25,-187.5,0.0
1320,2019-06-14,11:38:08,154.625,154.65625,154.625,154.625,287,44380.90625,154.63730400696863,0.0,0.0,154.69018800500987,154.4804133792972,0.2097746257126687,1.0000000000000009,0.005859375,-1.7500000000000024,-0.17010345435994337,0.005859374999999996,0,1320,-0.9567933695773538,-0.8821596127647378,0.07654655446197428,27.404842345566003,20.0,0.0,0.2727931097101266,1.7179727020810263,2.0,-0.7065972399618526,0.1755623728028851,-2.0,1.0,2.0,0.0,219.0,281.25,0,0,-2.0,2.0,0.0,1093.75,0.0,4.0,2595.0,-1501.25,-10.0,-10.0
1321,2019-06-14,12:00:21,154.625,154.6875,154.625,154.6875,287,44393.71875,154.6819468641115,0.0625,0.0004041220503570031,154.68959067056326,154.48678527531882,0.20280539524443952,1.0000000000000009,0.005859375,-1.7500000000000024,-0.17010345435994337,0.005859374999999996,-1,1321,-0.9999997405546294,-0.7065972399618526,0.07654655446197428,26.49438588972497,20.0,0.0,0.2727931097101266,1.7179727020810263,2.0,-0.33293128135009215,0.3736659586117605,-2.0,-1.0,-2.0,1.0,220.0,62.5,0,0,-2.0,-2.0,-125.0,968.75,0.0,0.0,2595.0,-1626.25,-125.0,-10.0
1322,2019-06-14,12:05:02,154.6875,154.6875,154.5625,154.5625,288,44535.71875,154.63791232638889,-0.125,-0.0008084074813741182,154.66134829932702,154.4891149591552,0.17223334017182879,1.0000000000000007,0.005078125,-0.17751479289940755,-0.4047960089109363,0.005078124999999997,0,1322,-0.9021850781902093,-0.33293128135009215,0.0712609640686961,24.16938115035808,20.0,0.0,0.2727931097101266,1.7179727020810263,2.0,0.05660254815811376,0.3895338295082059,-2.0,-1.0,-2.0,0.0,220.0,-62.5,0,0,-2.0,-2.0,250.0,1218.75,0.0,0.0,2595.0,-1376.25,250.0,250.0
1323,2019-06-14,12:11:55,154.5625,154.59375,154.5625,154.5625,287,44361.8125,154.57077526132403,0.0,0.0,154.6393820105877,154.49137296041195,0.1480090501757445,1.0000000000000007,0.005078125,-0.17751479289940755,-0.4047960089109363,0.005078124999999997,0,1323,-0.665949095334929,0.05660254815811376,0.0712609640686961,20.770003901864516,20.0,0.0,0.2727931097101266,1.7179727020810263,2.0,0.13175670417757804,0.07515415601946428,-2.0,-1.0,-2.0,0.0,220.0,-62.5,0,0,-2.0,-2.0,-0.0,1218.75,0.0,0.0,2595.0,-1376.25,-0.0,250.0
1324,2019-06-14,12:20:06,154.5625,154.59375,154.46875,154.5,287,44357.84375,154.5569468641115,-0.0625,-0.00040444894383462326,154.60840823045712,154.4916384077839,0.11676982267320568,1.0000000000000007,0.005078125,-0.17751479289940755,-0.4047960089109363,0.005078124999999997,0,1324,-0.6077762249757144,0.13175670417757804,0.0712609640686961,16.386225502175172,16.386225502175172,0.0,0.2727931097101266,1.3230967749071945,2.0,0.21847977513331976,0.08672307095574172,-2.0,-1.0,-2.0,0.0,220.0,-125.0,0,0,-2.0,-2.0,125.0,1343.75,0.0,0.0,2595.0,-1251.25,125.0,125.0
1325,2019-06-14,12:25:37,154.5,154.53125,154.46875,154.5,288,44493.96875,154.49294704861111,0.0,0.0,154.58431751257777,154.49189568754443,0.09242182503334107,1.0000000000000007,0.030078125,3.772980266486762,-1.8814382337850113,0.030078124999999987,0,1325,-0.535535595064742,0.21847977513331976,0.17343046156889505,5.329042210766798,5.329042210766798,0.0,0.2727931097101266,0.11488206567341286,0.0,0.2585499938476696,0.04007021871434982,-2.0,-1.0,-2.0,0.0,220.0,-125.0,0,0,-2.0,-2.0,-0.0,1343.75,-2.0,0.0,2595.0,-1251.25,-0.0,125.0
1326,2019-06-14,12:30:00,154.5,154.5625,154.4375,154.5625,287,44338.96875,154.49118031358884,0.0625,0.00040444894383462326,154.5794691764494,154.4940681279277,0.08540104852170316,1.0000000000000004,0.0314453125,3.6497434512557447,-1.878293569371139,0.03144531249999999,-1,1326,-0.5002411963595846,0.2585499938476696,0.17732826198888882,4.8159863274955175,4.8159863274955175,0.0,0.2727931097101266,0.05882062140767924,0.0,0.18260882522736432,-0.07594116862030525,0.0,-1.0,-2.0,0.0,220.0,-62.5,0,0,0.0,-2.0,-125.0,1218.75,0.0,2.0,2600.0,-1381.25,-130.0,-0.0
1327,2019-06-14,12:30:14,154.5625,154.5625,154.1875,154.1875,288,44447.53125,154.33170572916666,-0.375,-0.0024291509920599808,154.49236491501622,154.48463526245303,0.007729652563199352,1.0000000000000002,0.0349609375,4.609874847851191,-2.131627759038145,0.03496093749999999,0,1327,-0.5660932997096301,0.18260882522736432,0.18697844127064486,0.41339806400519435,0.41339806400519435,0.0,0.2727931097101266,-0.42224872134095615,-0.0,0.22341828191098945,0.04080945668362512,-0.0,-1.0,0.0,0.0,220.0,-437.5,0,0,-0.0,0.0,-0.0,1218.75,-0.0,0.0,2600.0,-1381.25,-0.0,-0.0
1328,2019-06-14,12:30:36,154.1875,154.3125,154.15625,154.21875,288,44414.8125,154.21809895833334,0.03125,0.00020265477828029788,154.4315616005682,154.47645417745449,-0.044892576886297775,1.0000000000000004,0.034472656250000004,4.118241860539766,-2.0140110612945996,0.03447265624999999,-1,1328,-0.531252423162566,0.22341828191098945,0.18566813471891183,-2.417893461054149,0.0,-2.417893461054149,-0.006177422838684943,-0.4674205891246751,-0.0,0.3659817712684267,0.14256348935743723,0.0,-1.0,-0.0,0.0,220.0,-406.25,0,0,0.0,-0.0,-0.0,1218.75,0.0,0.0,2600.0,-1381.25,-0.0,-0.0
1329,2019-06-14,12:31:41,154.21875,154.28125,154.1875,154.28125,288,44422.34375,154.24424913194446,0.0625,0.0004051863912808429,154.39815902266417,154.4704478950713,-0.07228887240711401,1.0000000000000004,0.03291015625,4.279072634257588,-2.0487212002215247,0.03291015624999999,-1,1329,-0.39926094842537535,0.3659817712684267,0.18141156592124988,-3.984799538001582,0.0,-3.984799538001582,-0.186963148008486,-0.4674205891246751,-1.0,0.4643329090729424,0.09835113780451571,0.0,-1.0,0.0,0.0,220.0,-343.75,0,0,0.0,0.0,0.0,1218.75,-1.0,0.0,2600.0,-1381.25,0.0,0.0
1330,2019-06-14,12:33:21,154.28125,154.3125,154.21875,154.25,288,44431.4375,154.27582465277777,-0.03125,-0.0002025726736389899,154.36523479540548,154.46366488291528,-0.0984300875097972,1.0000000000000036,0.0017578124999999998,-2.407407407407407,-0.1656346649999846,0.0017578124999999938,0,1330,-0.29792376761839795,0.4643329090729424,0.04192627457812098,-23.476945781670395,0.0,-20.0,-2.034757136339064,-0.4674205891246751,-3.0,0.566854835587878,0.10252192651493558,1.0,-1.0,0.0,0.0,220.0,-375.0,0,0,1.0,0.0,-0.0,1218.75,-2.0,1.0,2602.5,-1383.75,-2.5,0.0
1331,2019-06-14,12:34:14,154.25,154.34375,154.21875,154.28125,288,44433.59375,154.28331163194446,0.03125,0.0002025726736389899,154.34657150753762,154.45805211728714,-0.11148060974952045,1.0000000000000018,0.003125,-2.3242187499999987,0.052407843222650706,0.0031249999999999954,-1,1331,-0.18170018073622562,0.566854835587878,0.0559016994374947,-19.9422577258443,0.0,-19.9422577258443,-2.0280949763922926,-0.4674205891246751,-2.0,0.6094232033710122,0.04256836778313422,3.0,-1.0,1.0,1.0,221.0,31.25,0,0,3.0,1.0,31.25,1250.0,1.0,2.0,2607.5,-1357.5,26.25,26.25
1332,2019-06-14,12:36:00,154.28125,154.3125,154.21875,154.25,288,44420.40625,154.23752170138889,-0.03125,-0.0002025726736389899,154.32511117252926,154.45165051367832,-0.12653934114905496,1.0000000000000018,0.005078125,-0.17751479289940994,0.4047960089109366,0.0050781249999999915,0,1332,-0.12969886986714885,0.6094232033710122,0.07126096406869606,-17.757175026017073,0.0,-17.757175026017073,-1.7759855703110854,-0.4674205891246751,-2.0,0.6095207929708523,9.758959984007554e-05,2.0,-1.0,3.0,0.0,221.0,0.0,0,0,2.0,3.0,-93.75,1156.25,0.0,1.0,2610.0,-1453.75,-96.25,26.25
1333,2019-06-14,12:37:42,154.25,154.34375,154.25,154.34375,288,44431.75,154.27690972222223,0.09375,0.0006075949554009696,154.32925313418943,154.44833049787283,-0.11907736368340238,1.0000000000000018,0.0056640625,-0.9453032104637332,0.601363819630531,0.00566406249999999,-1,1333,-0.12957681492988932,0.6095207929708523,0.07525996611745178,-15.822138890890349,0.0,-15.822138890890349,-1.5527259148247978,-0.4674205891246751,-2.0,0.6511907290893167,0.04166993611846448,2.0,-1.0,2.0,0.0,221.0,93.75,0,0,2.0,2.0,187.5,1343.75,0.0,0.0,2610.0,-1266.25,187.5,187.5
1334,2019-06-14,12:39:16,154.34375,154.375,154.21875,154.25,288,44436.65625,154.2939453125,-0.09375,-0.0006075949554009696,154.3116413265918,154.44222802101524,-0.1305866944234424,1.0000000000000022,0.00537109375,3.3223140495867725,1.7443694974549941,0.005371093749999988,0,1334,-0.07617193685704737,0.6511907290893167,0.073287746247241,-17.818353150457053,0.0,-17.818353150457053,-1.7830441501163006,-0.4674205891246751,-2.0,0.6376247516114801,-0.01356597747783661,-2.0,-1.0,2.0,0.0,221.0,0.0,0,0,-2.0,2.0,-187.5,1156.25,0.0,4.0,2620.0,-1463.75,-197.5,187.5
1335,2019-06-14,12:41:21,154.25,154.25,154.1875,154.1875,288,44415.21875,154.21950954861111,-0.0625,-0.00040526849592215086,154.28405436512696,154.43439023575323,-0.15033587062626452,1.0000000000000013,0.00712890625,-2.707825107900167,0.5779903148118288,0.00712890624999999,0,1335,-0.09384888249869643,0.6376247516114801,0.0844328505381643,-17.805376659445077,0.0,-17.805376659445077,-1.7815469548649236,-0.4674205891246751,-2.0,0.6632812703074811,0.02565651869600094,2.0,-1.0,-2.0,1.0,222.0,-62.5,0,0,2.0,-2.0,125.0,1281.25,0.0,4.0,2630.0,-1348.75,115.0,115.0
1336,2019-06-14,12:42:49,154.1875,154.1875,154.09375,154.125,288,44398.6875,154.162109375,-0.0625,-0.00040543280506710744,154.24870895065433,154.4248705361916,-0.17616158553727246,1.0000000000000024,0.00458984375,-2.367587143503846,0.5594072218898565,0.004589843749999989,0,1336,-0.06016695928928852,0.6632812703074811,0.06774838558962117,-26.002329650237428,0.0,-20.0,-2.034757136339064,-0.4674205891246751,-3.0,0.7267339877621822,0.06345271745470116,2.0,-1.0,2.0,1.0,223.0,-62.5,0,0,2.0,2.0,-125.0,1156.25,-1.0,0.0,2630.0,-1473.75,-125.0,115.0
1337,2019-06-14,12:44:43,154.125,154.21875,154.125,154.1875,288,44399.3125,154.16427951388889,0.0625,0.00040543280506710744,154.23510696162006,154.41756682738574,-0.1824598657656793,1.0000000000000029,0.00322265625,-2.2314049586776847,0.5671631517317617,0.0032226562499999903,-1,1337,0.02815344862683879,0.7267339877621822,0.056768444139327884,-32.14107212765327,0.0,-20.0,-2.034757136339064,-0.4674205891246751,-3.0,0.7508752452980588,0.024141257535876592,3.0,-1.0,2.0,0.0,223.0,0.0,0,0,3.0,2.0,125.0,1281.25,0.0,1.0,2632.5,-1351.25,122.5,122.5
1338,2019-06-14,12:46:32,154.1875,154.21875,154.15625,154.21875,288,44403.1875,154.177734375,0.03125,0.00020265477828029788,154.23147208126008,154.41144938654313,-0.179977305283046,1.0000000000000029,0.00322265625,-2.2314049586776847,0.5671631517317617,0.0032226562499999903,-1,1338,0.06394449921088091,0.7508752452980588,0.056768444139327884,-31.70375866587505,0.0,-20.0,-2.034757136339064,-0.4674205891246751,-3.0,0.7748050255209822,0.023929780222923358,3.0,-1.0,3.0,0.0,223.0,31.25,0,0,3.0,3.0,93.75,1375.0,0.0,0.0,2632.5,-1257.5,93.75,122.5
1339,2019-06-14,12:50:03,154.21875,154.25,154.1875,154.1875,288,44411.34375,154.2060546875,-0.03125,-0.00020265477828029788,154.22170050764674,154.40455863618797,-0.18285812854122696,1.000000000000002,0.00322265625,-2.2314049586776847,-0.5671631517317617,0.0032226562499999933,0,1339,0.10083679466951048,0.7748050255209822,0.05676844413932791,-32.21122778923351,0.0,-20.0,-2.034757136339064,-0.4674205891246751,-3.0,0.8274461632570215,0.05264113773603929,3.0,-1.0,3.0,0.0,223.0,0.0,0,0,3.0,3.0,-93.75,1281.25,0.0,0.0,2632.5,-1351.25,-93.75,93.75
1340,2019-06-14,12:52:35,154.1875,154.21875,154.125,154.125,288,44396.65625,154.15505642361111,-0.0625,-0.00040543280506710744,154.20021150594746,154.3959568319976,-0.19574532605014383,1.0000000000000029,0.00322265625,-2.2314049586776847,0.5671631517317617,0.0032226562499999903,0,1340,0.18802047795956287,0.8274461632570215,0.056768444139327884,-34.4813617878486,0.0,-20.0,-2.034757136339064,-0.4674205891246751,-3.0,0.8700800500334672,0.04263388677644575,3.0,-1.0,3.0,0.0,223.0,-62.5,0,0,3.0,3.0,-187.5,1093.75,0.0,0.0,2632.5,-1538.75,-187.5,-93.75
1341,2019-06-14,12:55:01,154.125,154.1875,154.09375,154.1875,288,44390.6875,154.13433159722223,0.0625,0.00040543280506710744,154.19738672684804,154.38954277562846,-0.1921560487804186,1.000000000000004,0.0027343750000000003,0.5357142857142847,1.088511769215251,0.0027343749999999894,-1,1341,0.26669918556048244,0.8700800500334672,0.05229125165837962,-36.74726511344193,0.0,-20.0,-2.034757136339064,-0.4674205891246751,-3.0,0.9158588341116378,0.0457787840781706,3.0,-1.0,3.0,0.0,223.0,0.0,0,0,3.0,3.0,187.5,1281.25,0.0,0.0,2632.5,-1351.25,187.5,187.5
1342,2019-06-14,12:59:31,154.1875,154.21875,154.125,154.125,288,44403.28125,154.17805989583334,-0.0625,-0.00040543280506710744,154.18130078754848,154.38140299791684,-0.20010221036835674,1.0000000000000029,0.003125,-2.32421875,0.052407843222651435,0.003124999999999991,0,1342,0.3637063149004814,0.9158588341116378,0.055901699437494665,-35.795371586528766,0.0,-20.0,-2.034757136339064,-0.4674205891246751,-3.0,0.9355448693070948,0.019686035195456975,3.0,-1.0,3.0,0.0,223.0,-62.5,0,0,3.0,3.0,-187.5,1093.75,0.0,0.0,2632.5,-1538.75,-187.5,187.5
1343,2019-06-14,13:02:04,154.125,154.15625,154.09375,154.125,289,44541.75,154.12370242214533,0.0,0.0,154.1687895014266,154.37351367490405,-0.20472417347744454,1.0000000000000027,0.00224609375,1.4555765595463157,-1.118079933149378,0.0022460937499999938,0,1343,0.4117744430645135,0.9355448693070948,0.047392971525322125,-43.19715917539801,0.0,-20.0,-2.034757136339064,-0.4674205891246751,-3.0,0.9525372508900412,0.01699238158294636,3.0,-1.0,3.0,0.0,223.0,-62.5,0,0,3.0,3.0,0.0,1093.75,0.0,0.0,2632.5,-1538.75,0.0,0.0
1344,2019-06-14,13:06:41,154.125,154.1875,154.09375,154.15625,288,44389.5625,154.13042534722223,0.03125,0.0002027369495039011,154.16600294555403,154.36682863875316,-0.20082569319913546,1.0000000000000042,0.00224609375,-3.081285444234402,-0.31535587858059355,0.0022460937499999907,-1,1344,0.4582866522146988,0.9525372508900412,0.04739297152532209,-42.374573008538654,0.0,-20.0,-2.034757136339064,-0.4674205891246751,-3.0,0.966438257510979,0.01390100662093785,3.0,-1.0,3.0,0.0,223.0,-31.25,0,0,3.0,3.0,93.75,1187.5,0.0,0.0,2632.5,-1445.0,93.75,93.75
1345,2019-06-14,13:11:41,154.15625,154.1875,154.15625,154.1875,288,44400.15625,154.16720920138889,0.03125,0.00020269585556320635,154.17078006876426,154.36131083448385,-0.19053076571958627,1.0000000000000042,0.00224609375,-3.081285444234402,-0.31535587858059355,0.0022460937499999907,-1,1345,0.5017200229563357,0.966438257510979,0.04739297152532209,-40.20232527892571,0.0,-20.0,-2.034757136339064,-0.4674205891246751,-3.0,0.9832625910444434,0.016824333533464353,3.0,-1.0,3.0,0.0,223.0,0.0,0,0,3.0,3.0,93.75,1281.25,0.0,0.0,2632.5,-1351.25,93.75,93.75
1346,2019-06-14,13:15:21,154.1875,154.25,154.09375,154.125,288,44404.375,154.18185763888889,-0.0625,-0.00040543280506710744,154.16060672014999,154.35403973188434,-0.19343301173435634,1.0000000000000047,0.0022460937500000003,-3.081285444234405,0.3153558785805939,0.00224609374999999,0,1346,0.5664409874824747,0.9832625910444434,0.04739297152532208,-40.81470427128736,0.0,-20.0,-2.034757136339064,-0.4674205891246751,-3.0,0.9862791821116841,0.003016591067240726,3.0,-1.0,3.0,0.0,223.0,-62.5,0,0,3.0,3.0,-187.5,1093.75,0.0,0.0,2632.5,-1538.75,-187.5,93.75
1347,2019-06-14,13:16:31,154.125,154.125,154.0625,154.0625,288,44379.375,154.09505208333334,-0.0625,-0.0004055972474983349,154.13880522678335,154.34506927859562,-0.20626405181226914,1.0000000000000082,0.0014648437500000002,2.0000000000000013,1.3608276348795436,0.0014648437499999883,0,1347,0.5806712944262588,0.9862791821116841,0.038273277230987,-53.89244578336569,0.0,-20.0,-2.034757136339064,-0.4674205891246751,-3.0,0.9780824133177771,-0.008196768793906961,-3.0,-1.0,3.0,0.0,223.0,-125.0,0,0,-3.0,3.0,-187.5,906.25,0.0,6.0,2647.5,-1741.25,-202.5,-187.5
1348,2019-06-14,13:18:23,154.0625,154.0625,154.0,154.03125,288,44362.3125,154.03580729166666,-0.03125,-0.00020286033135885617,154.11490406527597,154.3354133007927,-0.22050923551674373,1.0000000000000042,0.0026367187499999997,3.2510288065843675,1.7355817665801567,0.002636718749999989,0,1348,0.5443762500673128,0.9780824133177771,0.051348989766109215,-42.943247086485385,0.0,-20.0,-2.034757136339064,-0.4674205891246751,-3.0,0.9514171627114805,-0.026665250606296653,-3.0,-1.0,-3.0,1.0,224.0,-31.25,0,0,-3.0,-3.0,93.75,1000.0,0.0,0.0,2647.5,-1647.5,93.75,93.75
1349,2019-06-14,13:22:27,154.03125,154.0625,154.0,154.0,289,44513.21875,154.02497837370242,-0.03125,-0.00020290149202129015,154.089369828548,154.32509289153757,-0.23572306298956391,1.0000000000000042,0.00224609375,1.4555765595463157,1.118079933149378,0.0022460937499999907,0,1349,0.45503193634943934,0.9514171627114805,0.04739297152532209,-49.73797915659645,0.0,-20.0,-2.034757136339064,-0.4674205891246751,-3.0,0.8958314623588587,-0.05558570035262178,-3.0,-1.0,-3.0,0.0,224.0,-62.5,0,0,-3.0,-3.0,93.75,1093.75,0.0,0.0,2647.5,-1553.75,93.75,93.75
1350,2019-06-14,13:26:22,154.0,154.0625,154.0,154.0625,288,44358.0625,154.02105034722223,0.0625,0.0004057618233801463,154.08339875553736,154.3170131102595,-0.23361435472213543,1.0000000000000022,0.00224609375,-3.081285444234402,0.31535587858059355,0.002246093749999994,-1,1350,0.31921451970625125,0.8958314623588587,0.04739297152532213,-49.29303801879462,0.0,-20.0,-2.034757136339064,-0.4674205891246751,-3.0,0.7872673514716426,-0.10856411088721607,-3.0,-1.0,-3.0,0.0,224.0,0.0,0,0,-3.0,-3.0,-187.5,906.25,0.0,0.0,2647.5,-1741.25,-187.5,93.75
1351,2019-06-14,13:30:22,154.0625,154.09375,154.03125,154.0625,289,44520.5625,154.0503892733564,0.0,0.0,154.0787545876402,154.30918193763614,-0.23042734999594927,1.0000000000000009,0.00263671875,-1.6872427983539093,-0.5184205276797864,0.0026367187499999976,0,1351,0.12067169459212276,0.7872673514716426,0.0513489897661093,-44.8747582076158,0.0,-20.0,-2.034757136339064,-0.4674205891246751,-3.0,0.802196411054796,0.014929059583153381,3.0,-1.0,-3.0,0.0,224.0,0.0,0,0,3.0,-3.0,-0.0,906.25,0.0,6.0,2662.5,-1756.25,-15.0,-15.0
1352,2019-06-14,13:33:09,154.0625,154.15625,154.0625,154.125,288,44379.3125,154.09483506944446,0.0625,0.0004055972474983349,154.0890313459424,154.3035148010935,-0.214483455151111,1.000000000000001,0.0017578125000000003,-2.4074074074074034,-0.16563466499998453,0.0017578124999999983,-1,1352,0.1450531847834363,0.802196411054796,0.04192627457812104,-51.1572891484706,0.0,-20.0,-2.034757136339064,-0.4674205891246751,-3.0,0.844826341471232,0.042629930416436035,3.0,-1.0,3.0,1.0,225.0,62.5,0,0,3.0,3.0,187.5,1093.75,0.0,0.0,2662.5,-1568.75,187.5,187.5
1353,2019-06-14,13:36:24,154.125,154.21875,154.125,154.21875,288,44402.34375,154.1748046875,0.09375,0.0006080875833474053,154.11785771351077,154.30090665336758,-0.18304893985680337,1.000000000000001,0.0017578125000000003,-2.4074074074074034,-0.16563466499998453,0.0017578124999999983,-1,1353,0.21905159249068662,0.844826341471232,0.04192627457812104,-43.65971975776887,0.0,-20.0,-2.034757136339064,-0.4674205891246751,-3.0,0.9400546534634298,0.09522831199219772,3.0,-1.0,3.0,0.0,225.0,156.25,0,0,3.0,3.0,281.25,1375.0,0.0,0.0,2662.5,-1287.5,281.25,281.25
1354,2019-06-14,13:37:32,154.21875,154.28125,154.21875,154.21875,288,44422.125,154.24348958333334,0.0,0.0,154.1402782216195,154.2983787563409,-0.15810053472139884,1.0000000000000002,0.0012695312499999994,-0.17751479289940994,-0.40479600891093587,0.001269531249999999,0,1354,0.4235787616884686,0.9400546534634298,0.03563048203434805,-44.37226938692234,0.0,-20.0,-2.034757136339064,-0.4674205891246751,-3.0,0.9808064891537578,0.04075183569032803,3.0,-1.0,3.0,0.0,225.0,156.25,0,0,3.0,3.0,0.0,1375.0,0.0,0.0,2662.5,-1287.5,0.0,281.25
1355,2019-06-14,13:40:40,154.21875,154.28125,154.21875,154.28125,288,44425.90625,154.25661892361111,0.0625,0.0004051863912808429,154.17160528348185,154.29785171768427,-0.12624643420241455,1.0000000000000013,0.00244140625,-1.1999999999999993,0.0,0.0024414062499999965,-1,1355,0.5556606455634796,0.9808064891537578,0.049410588440130895,-25.550481827469632,0.0,-20.0,-2.034757136339064,-0.4674205891246751,-3.0,0.9959609291006654,0.015154439946907572,3.0,-1.0,3.0,0.0,225.0,218.75,0,0,3.0,3.0,187.5,1562.5,0.0,0.0,2662.5,-1100.0,187.5,187.5
1356,2019-06-14,13:44:27,154.28125,154.34375,154.21875,154.3125,288,44434.46875,154.28634982638889,0.03125,0.00020253164626193865,154.2029152204859,154.29830243406323,-0.09538721357733948,1.000000000000003,0.00244140625,-1.2000000000000004,0.0,0.0024414062499999926,-1,1356,0.640761248482335,0.9959609291006654,0.049410588440130854,-19.305014691925184,0.0,-19.305014691925184,-1.9545714604066333,-0.4674205891246751,-2.0,0.999922669877573,0.003961740776907585,3.0,-1.0,3.0,0.0,225.0,250.0,0,0,3.0,3.0,93.75,1656.25,1.0,0.0,2662.5,-1006.25,93.75,187.5
1357,2019-06-14,13:47:16,154.3125,154.34375,154.25,154.28125,288,44435.90625,154.29134114583334,-0.03125,-0.00020253164626193865,154.2203229492668,154.29777774378437,-0.0774547945175641,1.0000000000000007,0.00732421875,-0.13333333333333167,0.6085806194501847,0.0073242187499999965,0,1357,0.7158456852654026,0.999922669877573,0.08558164961018218,-9.0503974707621,0.0,-9.0503974707621,-0.7714192358148761,-0.4674205891246751,-1.0,0.9958949254336158,-0.004027744443957149,-2.0,-1.0,3.0,0.0,225.0,218.75,0,0,-2.0,3.0,-93.75,1562.5,1.0,5.0,2675.0,-1112.5,-106.25,93.75
1358,2019-06-14,13:50:52,154.28125,154.34375,154.21875,154.21875,287,44283.09375,154.296493902439,-0.0625,-0.0004051863912808429,154.2199734049853,154.29534612089873,-0.07537271591343142,1.0000000000000004,0.008007812500000001,-1.5437239738251023,0.3066279347281074,0.008007812499999998,0,1358,0.7682091232647901,0.9958949254336158,0.08948638164547719,-8.42281412293989,0.0,-8.42281412293989,-0.6990102303807004,-0.4674205891246751,-1.0,0.9840584511750988,-0.011836474258516971,-1.0,-1.0,-2.0,1.0,226.0,-62.5,0,0,-1.0,-2.0,125.0,1687.5,0.0,1.0,2677.5,-990.0,122.5,122.5
1359,2019-06-14,13:56:06,154.21875,154.40625,154.1875,154.375,288,44436.40625,154.29307725694446,0.15625,0.00101265831438635,154.25442375943302,154.29779700948646,-0.04337325005343473,1.0000000000000004,0.008007812500000001,-1.5437239738251023,0.3066279347281074,0.008007812499999998,-1,1359,0.8215900492520423,0.9840584511750988,0.08948638164547719,-4.846910698129328,0.0,-4.846910698129328,-0.28643138899221265,-0.4674205891246751,-1.0,0.9429845382197893,-0.04107391295530949,-1.0,-1.0,-1.0,0.0,226.0,93.75,0,0,-1.0,-1.0,-156.25,1531.25,0.0,0.0,2677.5,-1146.25,-156.25,122.5
1360,2019-06-14,13:58:29,154.375,154.5,154.375,154.46875,288,44474.0,154.42361111111111,0.09375,0.0006071031249907932,154.30205181289236,154.30305710150228,-0.001005288609917443,0.9999999999999999,0.006640624999999999,0.2638408304498334,-0.11842841739555021,0.006640624999999999,-1,1360,0.9021417342045687,0.9429845382197893,0.08149003006503311,-0.12336338679899522,0.0,-0.12336338679899522,0.2585597490320525,-0.4674205891246751,-0.0,0.8758915766542428,-0.06709296156554656,-1.0,-1.0,-1.0,0.0,226.0,187.5,0,0,-1.0,-1.0,-93.75,1437.5,1.0,0.0,2677.5,-1240.0,-93.75,-93.75
1361,2019-06-14,14:00:51,154.46875,154.53125,154.4375,154.5,287,44336.8125,154.48366724738676,0.03125,0.0002022858305679165,154.34604029891628,154.30911688299454,0.036923415921734204,0.9999999999999992,0.0027343750000000003,0.5357142857142918,1.0885117692152513,0.0027343750000000024,-1,1361,0.9605335345410088,0.8758915766542428,0.052291251658379743,7.0611076902415615,7.0611076902415615,0.0,0.2727931097101266,0.3041442796120696,1.0,0.6785568159315711,-0.19733476072267164,0.0,-1.0,-1.0,0.0,226.0,218.75,0,0,0.0,-1.0,-31.25,1406.25,1.0,1.0,2680.0,-1273.75,-33.75,-33.75
1362,2019-06-14,14:02:01,154.5,154.59375,154.5,154.53125,288,44507.65625,154.54047309027777,0.03125,0.00020224491928555466,154.38719801026824,154.3159517481332,0.07124626213504826,1.0000000000000009,0.0012695312500000003,-0.17751479289942415,0.4047960089109369,0.001269531249999999,-1,1362,0.9992159416777764,0.6785568159315711,0.03563048203434805,19.995873776382346,19.995873776382346,0.0,0.2727931097101266,1.7175218310104243,2.0,0.46900502413067113,-0.2095517918009,1.0,1.0,0.0,0.0,226.0,250.0,0,0,1.0,0.0,0.0,1406.25,1.0,1.0,2682.5,-1276.25,-2.5,-2.5
1363,2019-06-14,14:03:25,154.53125,154.59375,154.5,154.59375,287,44362.4375,154.57295296167248,0.0625,0.0004043671708959806,154.43309845243087,154.32449938665218,0.10859906577869083,1.000000000000003,0.00126953125,-0.1775147928994123,-0.4047960089109363,0.0012695312499999961,-1,1363,0.9561501585835678,0.46900502413067113,0.03563048203434801,30.4792580897448,20.0,0.0,0.2727931097101266,1.7179727020810263,2.0,0.18378281390468118,-0.2852222102259899,2.0,1.0,1.0,1.0,227.0,62.5,0,0,2.0,1.0,62.5,1468.75,0.0,1.0,2685.0,-1216.25,60.0,60.0
1364,2019-06-14,14:05:24,154.59375,154.65625,154.5625,154.59375,287,44373.0625,154.6099738675958,0.0,0.0,154.46879879633514,154.33278402090906,0.13601477542607654,1.0000000000000029,0.0016601562499999997,-1.4878892733564004,0.5413870509510851,0.0016601562499999948,0,1364,0.8250166169595698,0.18378281390468118,0.04074501503251649,33.38194262967634,20.0,0.0,0.2727931097101266,1.7179727020810263,2.0,0.03941515456108311,-0.14436765934359808,2.0,1.0,2.0,0.0,227.0,62.5,0,0,2.0,2.0,0.0,1468.75,0.0,0.0,2685.0,-1216.25,0.0,60.0
1365,2019-06-14,14:09:49,154.59375,154.625,154.5625,154.5625,288,44518.1875,154.57703993055554,-0.03125,-0.00020216314634691201,154.48962128603847,154.3398522048811,0.1497690811573591,1.0000000000000042,0.00146484375,2.0000000000000013,1.3608276348795436,0.001464843749999994,0,1365,0.7344280263354928,0.03941515456108311,0.03827327723098708,39.131501661974745,20.0,0.0,0.2727931097101266,1.7179727020810263,2.0,-0.08457304427851499,-0.12398819883959811,2.0,1.0,2.0,0.0,227.0,31.25,0,0,2.0,2.0,-62.5,1406.25,0.0,0.0,2685.0,-1278.75,-62.5,0.0
1366,2019-06-14,14:12:08,154.5625,154.5625,154.5,154.53125,287,44348.15625,154.5231925087108,-0.03125,-0.0002022040245490686,154.49887211136326,154.34574136780788,0.15313074355537992,1.0000000000000129,0.0006835937499999997,-0.6122448979591795,-0.5122408325718838,0.000683593749999991,0,1366,0.6447712439898703,-0.08457304427851499,0.026145625829189688,58.56839861313268,20.0,0.0,0.2727931097101266,1.7179727020810263,2.0,-0.1537881235245104,-0.06921507924599542,2.0,1.0,2.0,0.0,227.0,0.0,0,0,2.0,2.0,-62.5,1343.75,0.0,0.0,2685.0,-1341.25,-62.5,-62.5
1367,2019-06-14,14:17:00,154.53125,154.53125,154.46875,154.53125,288,44497.34375,154.50466579861111,0.0,0.0,154.506067197727,154.35144932572152,0.15461787200547406,1.0000000000000129,0.0006835937499999997,-0.6122448979591795,-0.5122408325718838,0.000683593749999991,0,1367,0.5899503059371304,-0.1537881235245104,0.026145625829189688,59.137185323311115,20.0,0.0,0.2727931097101266,1.7179727020810263,2.0,-0.2261514247991862,-0.0723633012746758,2.0,1.0,2.0,0.0,227.0,0.0,0,0,2.0,2.0,0.0,1343.75,0.0,0.0,2685.0,-1341.25,0.0,0.0
1368,2019-06-14,14:22:20,154.53125,154.53125,154.46875,154.46875,287,44341.71875,154.50076219512195,-0.0625,-0.00040453074985347115,154.497774487121,154.3550585772378,0.14271590988320781,1.0000000000000109,0.00078125,0.3124999999999976,-1.257788237343632,0.0007812499999999917,0,1368,0.5288739646565649,-0.2261514247991862,0.02795084971874722,51.05959615513416,20.0,0.0,0.2727931097101266,1.7179727020810263,2.0,-0.30172988161172776,-0.07557845681254155,2.0,1.0,2.0,0.0,227.0,-62.5,0,0,2.0,2.0,-125.0,1218.75,0.0,0.0,2685.0,-1466.25,-125.0,0.0
1369,2019-06-14,14:27:41,154.46875,154.5625,154.46875,154.46875,288,44501.21875,154.51812065972223,0.0,0.0,154.49132460109414,154.35855677486126,0.13276782623287886,1.0000000000000098,0.00078125,5.000000000000004,-2.236067977499789,0.0007812499999999925,0,1369,0.46079573124097645,-0.30172988161172776,0.027950849718747235,47.50046154905575,20.0,0.0,0.2727931097101266,1.7179727020810263,2.0,-0.4633504338823342,-0.16162055227060645,2.0,1.0,2.0,0.0,227.0,-62.5,0,0,2.0,2.0,0.0,1218.75,0.0,0.0,2685.0,-1466.25,0.0,0.0
1370,2019-06-14,14:32:36,154.46875,154.46875,154.40625,154.46875,287,44324.5625,154.4409843205575,0.0,0.0,154.48630802307324,154.36194733563477,0.12436068743846818,1.0000000000000078,0.001171875,-3.3333333333333304,-0.6085806194501845,0.0011718749999999908,0,1370,0.2989822156192714,-0.4633504338823342,0.03423265984407275,36.32808201434594,20.0,0.0,0.2727931097101266,1.7179727020810263,2.0,-0.5758530312201408,-0.11250259733780654,2.0,1.0,2.0,0.0,227.0,-62.5,0,0,2.0,2.0,0.0,1218.75,0.0,0.0,2685.0,-1466.25,0.0,0.0
1371,2019-06-14,14:37:48,154.46875,154.5,154.40625,154.46875,288,44486.46875,154.46690538194446,0.0,0.0,154.48240624016807,154.3652335714614,0.11717266870667231,1.0000000000000053,0.001953125,-1.750000000000001,-0.883883476483184,0.00195312499999999,0,1371,0.17090785067462433,-0.5758530312201408,0.044194173824159105,26.513148355908154,20.0,0.0,0.2727931097101266,1.7179727020810263,2.0,-0.7189780175058417,-0.14312498628570092,2.0,1.0,2.0,0.0,227.0,-62.5,0,0,2.0,2.0,0.0,1218.75,0.0,0.0,2685.0,-1466.25,0.0,0.0
1372,2019-06-14,14:46:01,154.46875,154.46875,154.34375,154.40625,287,44318.53125,154.4199695121951,-0.0625,-0.00040469446120905417,154.46548263124185,154.36649561541645,0.0989870158254007,1.0000000000000062,0.0016601562499999997,-1.4878892733564086,-0.5413870509510866,0.0016601562499999893,0,1372,-0.016931816891618656,-0.7189780175058417,0.04074501503251642,24.29426415634022,20.0,0.0,0.2727931097101266,1.7179727020810263,2.0,-0.8111990966745128,-0.09222107916867117,2.0,1.0,2.0,0.0,227.0,-125.0,0,0,2.0,2.0,-125.0,1093.75,0.0,0.0,2685.0,-1591.25,-125.0,0.0
1373,2019-06-14,14:50:58,154.40625,154.4375,154.3125,154.3125,288,44450.09375,154.34060329861111,-0.09375,-0.0006073489406253074,154.43148649096588,154.3648342118652,0.06665227910067983,1.0000000000000027,0.00361328125,-0.021913805697585314,0.5901286563843663,0.0036132812499999906,0,1373,-0.16010950578943212,-0.8111990966745128,0.06011057519272287,11.088278374808985,11.088278374808985,0.0,0.2727931097101266,0.7441918694417655,1.0,-0.9196976411971309,-0.10849854452261809,2.0,1.0,2.0,0.0,227.0,-218.75,0,0,2.0,2.0,-187.5,906.25,-1.0,0.0,2685.0,-1778.75,-187.5,-125.0
1374,2019-06-14,14:57:18,154.3125,154.34375,154.28125,154.28125,288,44445.8125,154.32573784722223,-0.03125,-0.00020253164626193865,154.3981006040846,154.3622623899617,0.03583821412289012,1.0000000000000018,0.005175781250000001,-2.716269134923461,0.19669686464742786,0.005175781249999992,0,1374,-0.3726949655337318,-0.9196976411971309,0.0719429027076333,4.981480142458529,4.981480142458529,0.0,0.2727931097101266,0.07690407505548941,0.0,-0.9734988046723395,-0.05380116347520858,1.0,1.0,2.0,0.0,227.0,-250.0,0,0,1.0,2.0,-62.5,843.75,-1.0,1.0,2687.5,-1843.75,-65.0,-65.0
1375,2019-06-14,15:02:16,154.3125,154.34375,154.28125,154.34375,288,44445.09375,154.3232421875,0.0625,0.00040502228176197974,154.3860226920658,154.3616927779629,0.02432991410290697,1.0000000000000007,0.00615234375,-1.2169312169312185,-0.8284388773693415,0.0061523437499999955,-1,1375,-0.5266578704661978,-0.9734988046723395,0.07843687748756956,3.101846335833894,3.101846335833894,0.0,0.2727931097101266,-0.12848288049055612,0.0,-0.9998896467106847,-0.026390842038345186,0.0,1.0,1.0,0.0,227.0,-187.5,0,0,0.0,1.0,62.5,906.25,0.0,1.0,2690.0,-1783.75,60.0,60.0
1376,2019-06-14,15:08:13,154.34375,154.4375,154.3125,154.40625,287,44305.625,154.375,0.0625,0.0004048583051252663,154.39051764938452,154.36306376941022,0.02745387997430271,1.0000000000000009,0.00263671875,-1.6872427983539093,-0.5184205276797864,0.0026367187499999976,-1,1376,-0.7175333771976641,-0.9998896467106847,0.0513489897661093,5.346527769943093,5.346527769943093,0.0,0.2727931097101266,0.11679270685925563,0.0,-0.9727095516333291,0.027180095077355637,0.0,1.0,0.0,0.0,227.0,-125.0,0,0,0.0,0.0,0.0,906.25,0.0,0.0,2690.0,-1783.75,0.0,60.0
1377,2019-06-14,15:13:36,154.40625,154.5,154.375,154.5,288,44477.5,154.43576388888889,0.09375,0.0006069802917769707,154.4148470606324,154.3672771918899,0.047569868742499466,1.0000000000000009,0.00263671875,-1.6872427983539093,-0.5184205276797864,0.0026367187499999976,-1,1377,-0.8518767748331544,-0.9727095516333291,0.0513489897661093,9.264032059671779,9.264032059671779,0.0,0.2727931097101266,0.5448570865113869,1.0,-0.8949808015415133,0.07772875009181579,0.0,1.0,0.0,0.0,227.0,-31.25,0,0,0.0,0.0,0.0,906.25,1.0,0.0,2690.0,-1783.75,0.0,0.0
1378,2019-06-14,15:17:43,154.5,154.53125,154.5,154.5,288,44500.65625,154.51616753472223,0.0,0.0,154.43376993604744,154.37136097060102,0.062408965446422826,1.0000000000000009,0.005566406249999999,-1.1172668513388746,-0.2057527970555698,0.005566406249999994,0,1378,-0.9482906217863258,-0.8949808015415133,0.07460835241445822,8.364876508696192,8.364876508696192,0.0,0.2727931097101266,0.44660666106876623,1.0,-0.8083200536981907,0.08666074784332256,-1.0,1.0,0.0,0.0,227.0,-31.25,0,0,-1.0,0.0,0.0,906.25,0.0,1.0,2692.5,-1786.25,-2.5,0.0
1379,2019-06-14,15:24:01,154.5,154.53125,154.4375,154.46875,287,44339.53125,154.49314024390245,-0.03125,-0.0002022858305679165,154.44154328359247,154.37435755612103,0.0671857274714398,1.0000000000000013,0.0048828125,0.1999999999999993,0.0,0.004882812499999993,0,1379,-0.9878729816530238,-0.8083200536981907,0.06987712429686838,9.614838639610532,9.614838639610532,0.0,0.2727931097101266,0.5831896038268354,1.0,-0.6719671949151117,0.136352858783079,-1.0,-1.0,-1.0,1.0,228.0,-31.25,0,0,-1.0,-1.0,31.25,937.5,0.0,0.0,2692.5,-1755.0,31.25,31.25
1380,2019-06-14,15:38:08,154.4375,154.5,154.375,154.375,288,44479.40625,154.4423828125,-0.09375,-0.0006071031249907932,154.4267558872386,154.374377323625,0.05237856361361537,1.0000000000000047,0.0021484374999999997,0.8677685950413286,-0.5516180692881066,0.0021484374999999898,0,1380,-0.9988223459821731,-0.6719671949151117,0.046351240544347784,11.300358522982958,11.300358522982958,0.0,0.2727931097101266,0.767365796092631,1.0,-0.27965920381955717,0.39230799109555453,-1.0,-1.0,-1.0,0.0,228.0,-125.0,0,0,-1.0,-1.0,93.75,1031.25,0.0,0.0,2692.5,-1661.25,93.75,93.75
1381,2019-06-14,15:48:44,154.375,154.4375,154.34375,154.40625,287,44312.875,154.40026132404182,0.03125,0.00020240866378173905,154.4221990234078,154.37535802135963,0.046841002048182645,1.0000000000000047,0.0021484374999999997,0.8677685950413286,-0.5516180692881066,0.0021484374999999898,-1,1381,-0.876641668600186,-0.27965920381955717,0.046351240544347784,10.105663084328082,10.105663084328082,0.0,0.2727931097101266,0.6368218262591102,1.0,0.014927983909250195,0.2945871877288074,-1.0,-1.0,-1.0,0.0,228.0,-93.75,0,0,-1.0,-1.0,-31.25,1000.0,0.0,0.0,2692.5,-1692.5,-31.25,93.75
1382,2019-06-14,15:59:40,154.40625,154.4375,154.375,154.375,288,44468.4375,154.404296875,-0.03125,-0.00020240866378173905,154.41171035153943,154.37534700531782,0.03636334622160575,1.0000000000000044,0.0022460937500000003,1.455576559546311,-1.1180799331493774,0.0022460937499999907,0,1382,-0.6964723106445079,0.014927983909250195,0.04739297152532209,7.6727297426743535,7.6727297426743535,0.0,0.2727931097101266,0.3709760161190738,1.0,0.3212338638760256,0.3063058799667754,-1.0,-1.0,-1.0,0.0,228.0,-125.0,0,0,-1.0,-1.0,31.25,1031.25,0.0,0.0,2692.5,-1661.25,31.25,31.25
1383,2019-06-14,16:09:32,154.375,154.46875,154.375,154.375,288,44473.96875,154.42350260416666,0.0,0.0,154.4035524956418,154.37533632823116,0.028216167410647586,1.0000000000000089,0.00068359375,-0.612244897959183,-0.5122408325718831,0.0006835937499999939,0,1383,-0.4424834053765067,0.3212338638760256,0.026145625829189743,10.79192657119197,10.79192657119197,0.0,0.2727931097101266,0.7118096072686988,1.0,0.6271703021190447,0.3059364382430191,-1.0,-1.0,-1.0,0.0,228.0,-125.0,0,0,-1.0,-1.0,-0.0,1031.25,0.0,0.0,2692.5,-1661.25,-0.0,31.25
1384,2019-06-14,16:24:56,154.375,154.40625,154.34375,154.375,287,44311.125,154.3941637630662,0.0,0.0,154.3972074966103,154.3753259796702,0.02188151694008411,1.000000000000001,0.00361328125,2.607742878013152,1.5174736878455117,0.003613281249999996,0,1384,-0.10727648030459923,0.6271703021190447,0.06011057519272292,3.6402108730333897,3.6402108730333897,0.0,0.2727931097101266,-0.06965596809961416,0.0,0.847596371777624,0.22042606965857936,-1.0,-1.0,-1.0,0.0,228.0,-125.0,0,0,-1.0,-1.0,-0.0,1031.25,-1.0,0.0,2692.5,-1661.25,-0.0,-0.0
1385,2019-06-14,16:41:21,154.375,154.40625,154.375,154.40625,288,44466.59375,154.39789496527777,0.03125,0.00020240866378173905,154.39921694180802,154.37627748798806,0.022939453819958544,1.000000000000001,0.0029296875,3.6666666666666643,1.9245008972987527,0.0029296874999999965,-1,1385,0.22412094647500594,0.847596371777624,0.054126587736527385,4.238111948165139,4.238111948165139,0.0,0.2727931097101266,-0.004323518179734087,0.0,0.9981362597072164,0.1505398879295924,-0.0,-1.0,-1.0,0.0,228.0,-93.75,0,0,-0.0,-1.0,-31.25,1000.0,0.0,1.0,2695.0,-1695.0,-33.75,-0.0
1386,2019-06-14,16:44:56,154.40625,154.53125,154.40625,154.53125,287,44337.0,154.4843205574913,0.125,0.0008092252110625253,154.42855762140627,154.38104587297306,0.04751174843320882,1.0000000000000009,0.00615234375,1.5041572184429317,0.19604278777442416,0.006152343749999995,-1,1386,0.6626379788768069,0.9981362597072164,0.07843687748756954,6.057322774066108,6.057322774066108,0.0,0.2727931097101266,0.19446103853090396,0.0,0.9520433806293844,-0.046092879077831994,0.0,-1.0,-0.0,0.0,228.0,31.25,0,0,0.0,-0.0,-0.0,1000.0,0.0,0.0,2695.0,-1695.0,-0.0,-0.0
1387,2019-06-14,17:00:18,154.53125,154.59375,154.53125,154.53125,288,44512.03125,154.5556640625,0.0,0.0,154.45137814998267,154.38566753842008,0.06571061156259361,1.0000000000000009,0.00849609375,-0.79667063020214,0.5182899194342977,0.008496093749999992,0,1387,0.8895448933984266,0.9520433806293844,0.09217425752345387,7.128954800191741,7.128954800191741,0.0,0.2727931097101266,0.3115579105577104,1.0,0.7958498284973331,-0.15619355213205133,0.0,-1.0,0.0,0.0,228.0,31.25,0,0,0.0,0.0,0.0,1000.0,1.0,0.0,2695.0,-1695.0,0.0,0.0
1388,2019-06-14,17:17:00,154.53125,154.53125,154.4375,154.4375,287,44335.90625,154.48050958188153,-0.09375,-0.0006068575082576189,154.4482941166532,154.38726238339177,0.061031733261415866,1.000000000000001,0.008105468749999999,1.331107562781246,1.2169587297571165,0.00810546874999999,0,1388,0.9908997627020767,0.7958498284973331,0.09003037681804953,6.779015640994191,6.779015640994191,0.0,0.2727931097101266,0.27332017601568603,1.0,0.6223767608487504,-0.17347306764858272,-1.0,-1.0,0.0,0.0,228.0,-62.5,0,0,-1.0,0.0,-0.0,1000.0,0.0,1.0,2697.5,-1697.5,-2.5,0.0
1389,2019-06-14,17:36:12,154.46875,154.46875,154.34375,154.34375,288,44462.28125,154.38292100694446,-0.09375,-0.0006072260079301728,154.42506209073028,154.3859235408259,0.03913854990437926,1.000000000000004,0.003125,-2.324218750000005,0.052407843222650706,0.003124999999999988,0,1389,0.9935518981101428,0.6223767608487504,0.05590169943749464,7.001316650156807,7.001316650156807,0.0,0.2727931097101266,0.29761093271829786,1.0,-0.007806011271850018,-0.6301827721206004,1.0,1.0,-1.0,1.0,229.0,-93.75,0,0,1.0,-1.0,93.75,1093.75,0.0,2.0,2702.5,-1608.75,88.75,88.75
1390,2019-06-14,17:45:42,154.34375,154.34375,154.28125,154.3125,288,44445.03125,154.32302517361111,-0.03125,-0.0002024906355000411,154.40004829279022,154.38366435495433,0.01638393783588299,1.0000000000000047,0.0027343750000000003,-0.6122448979591854,0.5122408325718826,0.0027343749999999872,0,1390,0.7015655539981881,-0.007806011271850018,0.0522912516583796,3.1332081976005806,3.1332081976005806,0.0,0.2727931097101266,-0.12505598037532428,0.0,-0.97443279665887,-0.96662678538702,1.0,1.0,1.0,1.0,230.0,-31.25,0,0,1.0,1.0,-31.25,1062.5,-1.0,0.0,2702.5,-1640.0,-31.25,88.75
1391,2019-06-14,18:04:27,154.3125,154.375,154.28125,154.34375,288,44444.03125,154.31955295138889,0.03125,0.0002024906355000411,154.38753756105908,154.38243622095575,0.005101340103323082,1.0000000000000024,0.0037109375,-0.8171745152354575,-0.08099829095409096,0.0037109374999999907,-1,1391,-0.5301558809253637,-0.97443279665887,0.06091746465505595,0.8374183220213332,0.8374183220213332,0.0,0.2727931097101266,-0.37591616998076716,-0.0,-0.7857653253472682,0.18866747131160178,0.0,1.0,1.0,0.0,230.0,0.0,0,0,0.0,1.0,31.25,1093.75,-0.0,1.0,2705.0,-1611.25,28.75,28.75
1392,2019-06-14,18:08:13,154.34375,154.34375,154.28125,154.3125,287,44294.875,154.33754355400697,-0.03125,-0.0002024906355000411,154.37086254749042,154.38028433723406,-0.00942178974364083,1.000000000000003,0.00263671875,-1.6872427983539093,0.5184205276797869,0.0026367187499999915,0,1392,-0.9929830276683387,-0.7857653253472682,0.05134898976610924,-1.834853964324589,0.0,-1.834853964324589,0.06109222386804969,-0.4674205891246751,-0.0,-0.5389195298820246,0.24684579546524354,0.0,1.0,0.0,0.0,230.0,-31.25,0,0,0.0,0.0,-0.0,1093.75,0.0,0.0,2705.0,-1611.25,-0.0,28.75
1393,2019-06-14,18:26:00,154.3125,154.40625,154.3125,154.375,288,44449.0625,154.33702256944446,0.0625,0.00040494027684356837,154.37178198138145,154.38012174224227,-0.008339760860820888,1.000000000000002,0.00322265625,-2.2314049586776847,-0.5671631517317617,0.0032226562499999938,-1,1393,-0.9767101792964162,-0.5389195298820246,0.05676844413932791,-1.4690839228132533,0.0,-1.4690839228132533,0.10329386133239493,-0.4674205891246751,-0.0,-0.06357137973299229,0.4753481501490323,0.0,-1.0,0.0,0.0,230.0,31.25,0,0,0.0,0.0,0.0,1093.75,0.0,0.0,2705.0,-1611.25,0.0,0.0
1394,2019-06-14,18:40:36,154.375,154.375,154.3125,154.3125,288,44449.53125,154.33865017361111,-0.0625,-0.00040494027684356837,154.35860820774113,154.37804107325022,-0.019432865509088515,1.0000000000000024,0.003125,-2.32421875,-0.052407843222651435,0.0031249999999999932,0,1394,-0.7506282658763819,-0.06357137973299229,0.05590169943749468,-3.476256662074642,0.0,-3.476256662074642,-0.12828873608489733,-0.4674205891246751,-1.0,0.26317826278104034,0.3267496425140326,0.0,-1.0,0.0,0.0,230.0,-31.25,0,0,0.0,0.0,-0.0,1093.75,-1.0,0.0,2705.0,-1611.25,-0.0,-0.0
1395,2019-06-14,18:44:39,154.3125,154.375,154.3125,154.375,288,44450.28125,154.34125434027777,0.0625,0.00040494027684356837,154.3622508282431,154.37794750176562,-0.015696673522512583,1.0000000000000024,0.003125,-2.32421875,-0.052407843222651435,0.0031249999999999932,-1,1395,-0.49608416840282415,0.26317826278104034,0.05590169943749468,-2.8079063213567403,0.0,-2.8079063213567403,-0.051176136426364593,-0.4674205891246751,-1.0,0.4416384667776595,0.17846020399661916,1.0,-1.0,0.0,0.0,230.0,31.25,0,0,1.0,0.0,0.0,1093.75,0.0,1.0,2707.5,-1613.75,-2.5,-0.0
1396,2019-06-14,18:48:13,154.375,154.40625,154.34375,154.375,288,44460.0,154.375,0.0,0.0,154.36508397752243,154.37785680940362,-0.01277283188119327,1.0000000000000038,0.0021484375,0.8677685950413228,0.5516180692881075,0.002148437499999992,0,1396,-0.3221257727068816,0.4416384667776595,0.046351240544347805,-2.7556612792213224,0.0,-2.7556612792213224,-0.045148233434642915,-0.4674205891246751,-1.0,0.5024966684734289,0.06085820169576939,1.0,-1.0,1.0,1.0,231.0,0.0,0,0,1.0,1.0,0.0,1093.75,0.0,0.0,2707.5,-1613.75,0.0,0.0
1397,2019-06-14,18:57:54,154.375,154.40625,154.3125,154.34375,287,44302.40625,154.36378484320556,-0.03125,-0.00020244964134352728,154.3603430936286,154.37680736911432,-0.01646427548573115,1.0000000000000058,0.001171875,2.9166666666666665,1.2932338163316421,0.0011718749999999932,0,1397,-0.2560309745842504,0.5024966684734289,0.03423265984407278,-4.809522707474295,0.0,-4.809522707474295,-0.2821176556404473,-0.4674205891246751,-1.0,0.5699537625079792,0.06745709403455036,1.0,-1.0,1.0,0.0,231.0,-31.25,0,0,1.0,1.0,-31.25,1062.5,0.0,0.0,2707.5,-1645.0,-31.25,0.0
1398,2019-06-14,18:59:56,154.34375,154.40625,154.34375,154.34375,288,44453.28125,154.35167100694446,0.0,0.0,154.35665573948893,154.37579021929542,-0.019134479806496074,1.0000000000000413,0.0001953125,5.000000000000004,-2.236067977499789,0.00019531249999999193,0,1398,-0.17799504310215944,0.5699537625079792,0.013975424859373397,-13.691519219655401,0.0,-13.691519219655401,-1.3069003174950256,-0.4674205891246751,-2.0,0.8258653017467725,0.2559115392387933,1.0,-1.0,1.0,0.0,231.0,-31.25,0,0,1.0,1.0,0.0,1062.5,-1.0,0.0,2707.5,-1645.0,0.0,0.0
1399,2019-06-14,19:05:55,154.34375,154.375,154.3125,154.34375,288,44451.875,154.34678819444446,0.0,0.0,154.3537877973803,154.37480436639405,-0.021016569013738717,1.0000000000000413,0.0001953125,5.000000000000004,-2.236067977499789,0.00019531249999999193,0,1399,0.18526045624625892,0.8258653017467725,0.013975424859373397,-15.038232629931665,0.0,-15.038232629931665,-1.4622807605570622,-0.4674205891246751,-2.0,0.956231320967643,0.13036601922087043,2.0,-1.0,1.0,0.0,231.0,-31.25,0,0,2.0,1.0,0.0,1062.5,0.0,1.0,2710.0,-1647.5,-2.5,0.0
1400,2019-06-14,19:14:10,154.34375,154.375,154.3125,154.34375,288,44452.0625,154.34743923611111,0.0,0.0,154.35155717574025,154.3738488474281,-0.022291671687838743,,0.0,,,0.0,0,1400,0.469249869081353,0.956231320967643,0.0,-inf,0.0,-20.0,-2.034757136339064,-0.4674205891246751,-3.0,0.9636106606565824,0.007379339688939446,2.0,-1.0,2.0,0.0,231.0,-31.25,0,0,2.0,2.0,0.0,1062.5,-1.0,0.0,2710.0,-1647.5,0.0,0.0
1401,2019-06-14,19:28:22,154.34375,154.375,154.3125,154.34375,287,44297.0,154.34494773519162,0.0,0.0,154.349822247798,154.3729227290457,-0.023100481247723792,1.0000000000000029,0.0017578124999999998,4.999999999999997,2.2360679774997907,0.0017578124999999946,0,1401,0.8703921591912818,0.9636106606565824,0.041926274578120995,-5.509786280839427,0.0,-5.509786280839427,-0.36291232469134715,-0.4674205891246751,-1.0,0.8667380069252894,-0.09687265373129306,-3.0,-1.0,2.0,0.0,231.0,-31.25,0,0,-3.0,2.0,0.0,1062.5,2.0,5.0,2722.5,-1660.0,-12.5,0.0
1402,2019-06-14,19:47:15,154.34375,154.34375,154.28125,154.34375,288,44441.875,154.31206597222223,0.0,0.0,154.34847285939847,154.37202510661356,-0.023552247215093303,1.0000000000000027,0.0016601562499999997,2.664359861591702,1.714392328011769,0.0016601562499999954,0,1402,0.9655555159184926,0.8667380069252894,0.0407450150325165,-5.780399687249462,0.0,-5.780399687249462,-0.3941350263186314,-0.4674205891246751,-1.0,0.6976623731678907,-0.16907563375739865,1.0,-1.0,-3.0,1.0,232.0,0.0,0,0,1.0,-3.0,-0.0,1062.5,0.0,4.0,2732.5,-1670.0,-10.0,-10.0
1403,2019-06-14,19:57:32,154.34375,154.4375,154.34375,154.4375,288,44458.1875,154.36870659722223,0.09375,0.0006072260079301728,154.36825666842103,154.3740397187178,-0.005783050296770398,1.0000000000000029,0.0014648437500000002,2.0000000000000058,1.3608276348795423,0.001464843749999996,-1,1403,0.9999119711574055,0.6976623731678907,0.038273277230987106,-1.5109890542867543,0.0,-1.5109890542867543,0.09845895151027495,-0.4674205891246751,-0.0,0.36221435292589427,-0.33544802024199644,-1.0,1.0,1.0,1.0,233.0,93.75,0,0,-1.0,1.0,93.75,1156.25,1.0,2.0,2737.5,-1581.25,88.75,88.75
1404,2019-06-14,20:01:51,154.4375,154.5,154.4375,154.46875,287,44330.75,154.46254355400697,0.03125,0.0002023267584041477,154.39058851988304,154.3769538812188,0.01363463866422876,1.000000000000002,0.0012695312500000003,-0.17751479289942415,0.4047960089109369,0.0012695312499999977,-1,1404,0.9152147965657871,0.36221435292589427,0.03563048203434803,3.826678137860968,3.826678137860968,0.0,0.2727931097101266,-0.04928075262043086,0.0,-0.021765954245091743,-0.383980307170986,-0.0,1.0,-1.0,1.0,234.0,31.25,0,0,-0.0,-1.0,-31.25,1125.0,0.0,1.0,2740.0,-1615.0,-33.75,88.75
1405,2019-06-14,20:20:24,154.46875,154.53125,154.46875,154.5,288,44495.625,154.49869791666666,0.03125,0.0002022858305679165,154.41490218213127,154.38073991564286,0.03416226648840848,1.0000000000000007,0.005078125,2.818047337278107,-1.4926852828590789,0.005078124999999996,-1,1405,0.6915484091874827,-0.021765954245091743,0.0712609640686961,4.793966365017992,4.793966365017992,0.0,0.2727931097101266,0.05641450749413002,0.0,-0.04453109265289538,-0.022765138407803635,0.0,1.0,-0.0,0.0,234.0,62.5,0,0,0.0,-0.0,-0.0,1125.0,0.0,0.0,2740.0,-1615.0,-0.0,-0.0
1406,2019-06-14,20:59:57,154.5,154.5625,154.46875,154.5625,287,44348.5625,154.5246080139373,0.0625,0.00040444894383462326,154.4477016972132,154.38633253362312,0.06136916359008637,1.0000000000000018,0.00390625,-0.1875000000000012,-0.9375000000000003,0.003906249999999993,-1,1406,0.6749170928653105,-0.04453109265289538,0.062499999999999944,9.819066174413829,9.819066174413829,0.0,0.2727931097101266,0.6055054780487654,1.0,-0.17001997874579966,-0.1254888860929043,0.0,1.0,0.0,0.0,234.0,125.0,0,0,0.0,0.0,0.0,1125.0,1.0,0.0,2740.0,-1615.0,0.0,0.0
1407,2019-06-16,22:47:03,154.5625,154.59375,154.46875,154.46875,288,44501.125,154.51779513888889,-0.09375,-0.0006067347744025398,154.4523790978325,154.3888684556655,0.0635106421670173,1.0000000000000022,0.00361328125,-0.021913805697588867,-0.5901286563843656,0.0036132812499999924,0,1407,0.576589461822257,-0.17001997874579966,0.060110575192722886,10.565635408310987,10.565635408310987,0.0,0.2727931097101266,0.687082847807737,1.0,-0.37530529388260336,-0.2052853151368037,1.0,1.0,0.0,0.0,234.0,31.25,0,0,1.0,0.0,-0.0,1125.0,0.0,1.0,2742.5,-1617.5,-2.5,0.0
1408,2019-06-17,00:00:06,154.46875,154.53125,154.40625,154.4375,287,44331.46875,154.46504790940767,-0.03125,-0.0002023267584041477,154.44907263164754,154.3903648108758,0.05870782077172976,1.000000000000002,0.005566406250000001,-1.1172668513388768,0.20575279705556965,0.005566406249999989,0,1408,0.3900372445290105,-0.37530529388260336,0.07460835241445819,7.868800056808772,7.868800056808772,0.0,0.2727931097101266,0.3924005535747715,1.0,-0.5731743857445614,-0.197869091861958,1.0,1.0,1.0,1.0,235.0,-31.25,0,0,1.0,1.0,-31.25,1093.75,0.0,0.0,2742.5,-1648.75,-31.25,-2.5
1409,2019-06-17,00:21:11,154.4375,154.5,154.40625,154.4375,288,44482.75,154.45399305555554,0.0,0.0,154.44650093572588,154.39181512438734,0.054685811338544,1.0000000000000049,0.0032226562500000007,-2.2314049586776696,0.5671631517317631,0.0032226562499999846,0,1409,0.17413143033807038,-0.5731743857445614,0.056768444139327835,9.63313548004374,9.63313548004374,0.0,0.2727931097101266,0.5851888934434849,1.0,-0.7627330928346098,-0.1895587070900484,1.0,1.0,1.0,0.0,235.0,-31.25,0,0,1.0,1.0,0.0,1093.75,0.0,0.0,2742.5,-1648.75,0.0,0.0
1410,2019-06-17,00:40:33,154.4375,154.4375,154.3125,154.3125,288,44454.34375,154.35536024305554,-0.125,-0.0008097166434302139,154.41672295000902,154.38937465902157,0.0273482909874474,1.000000000000004,0.00341796875,-2.897959183673476,-0.3818017741606072,0.003417968749999986,0,1410,-0.08203830753339585,-0.7627330928346098,0.058463396668342715,4.677848456632044,4.677848456632044,0.0,0.2727931097101266,0.04372634259535557,0.0,-0.9707614212036837,-0.20802832836907392,1.0,1.0,1.0,0.0,235.0,-156.25,0,0,1.0,1.0,-125.0,968.75,-1.0,0.0,2742.5,-1773.75,-125.0,0.0
1411,2019-06-17,00:48:55,154.3125,154.3125,154.1875,154.1875,288,44427.34375,154.26161024305554,-0.125,-0.0008103728158230794,154.3657845166737,154.3831631310517,-0.017378614378003476,1.0000000000000042,0.0037109375,-2.4792243767312883,0.7559840489048522,0.003710937499999984,0,1411,-0.5166935628835626,-0.9707614212036837,0.060917464655055896,-2.852813142570785,0.0,-2.852813142570785,-0.0563573737434524,-0.4674205891246751,-1.0,-0.9511168327885388,0.019644588415144937,0.0,1.0,1.0,0.0,235.0,-281.25,0,0,0.0,1.0,-125.0,843.75,-1.0,1.0,2745.0,-1901.25,-127.5,-125.0
1412,2019-06-17,01:00:44,154.1875,154.1875,154.125,154.15625,288,44393.0,154.14236111111111,-0.03125,-0.00020269585556320635,154.31922129074624,154.3761811885578,-0.05695989781156641,1.000000000000003,0.005175781250000001,-1.0074759700961191,1.0162671340117093,0.005175781249999985,0,1412,-0.8909178669513503,-0.9511168327885388,0.07194290270763326,-7.917375539188923,0.0,-7.917375539188923,-0.6406939839658354,-0.4674205891246751,-1.0,-0.6811292587457918,0.269987574042747,-1.0,1.0,0.0,0.0,235.0,-312.5,0,0,-1.0,0.0,-0.0,843.75,0.0,1.0,2747.5,-1903.75,-2.5,-2.5
1413,2019-06-17,01:19:45,154.1875,154.1875,154.03125,154.03125,288,44383.4375,154.10915798611111,-0.125,-0.0008111945283610922,154.25522767058044,154.3655679212176,-0.11034025063716513,1.0000000000000018,0.00615234375,-3.0309901738473184,-0.19604278777442474,0.0061523437499999886,0,1413,-0.9993486724195212,-0.6811292587457918,0.07843687748756951,-14.067394594417859,0.0,-14.067394594417859,-1.3502678831708725,-0.4674205891246751,-2.0,-0.354818165164414,0.3263110935813778,1.0,1.0,-1.0,1.0,236.0,-125.0,0,0,1.0,-1.0,125.0,968.75,-1.0,2.0,2752.5,-1783.75,120.0,120.0
1414,2019-06-17,01:36:22,154.03125,154.125,154.03125,154.0625,288,44373.59375,154.07497829861111,0.03125,0.00020286033135885617,154.21239929934038,154.3562427544109,-0.14384345507053808,1.0000000000000022,0.00419921875,1.9307733910221725,-1.446728466511237,0.004199218749999991,-1,1414,-0.9119934418798957,-0.354818165164414,0.06480137922914905,-22.197591591666956,0.0,-20.0,-2.034757136339064,-0.4674205891246751,-3.0,-0.04417783517081595,0.31064032999359803,2.0,-1.0,1.0,1.0,237.0,31.25,0,0,2.0,1.0,31.25,1000.0,-1.0,1.0,2755.0,-1755.0,28.75,120.0
1415,2019-06-17,02:20:35,154.0625,154.09375,154.0,154.09375,289,44522.59375,154.0574178200692,0.03125,0.0002028191873897356,154.18603278837585,154.34816605427523,-0.16213326589937083,1.0000000000000016,0.00537109375,3.3223140495867725,-1.7443694974549941,0.005371093749999993,-1,1415,-0.7376548675311136,-0.04417783517081595,0.07328774624724103,-22.122834198285155,0.0,-20.0,-2.034757136339064,-0.4674205891246751,-3.0,0.24190606973471845,0.2860839049055344,3.0,-1.0,2.0,0.0,237.0,62.5,0,0,3.0,2.0,62.5,1062.5,0.0,1.0,2757.5,-1695.0,60.0,60.0
1416,2019-06-17,04:12:06,154.09375,154.09375,154.03125,154.09375,288,44373.09375,154.0732421875,0.0,0.0,154.16552550207012,154.34033786798983,-0.17481236591970628,1.0000000000000089,0.0004882812499999999,1.9999999999999691,2.6168207644729593e-15,0.00048828124999999566,0,1416,-0.5150520555136144,0.24190606973471845,0.02209708691207951,-79.11104600133694,0.0,-20.0,-2.034757136339064,-0.4674205891246751,-3.0,0.5036451753633993,0.2617391056286808,3.0,-1.0,3.0,0.0,237.0,62.5,0,0,3.0,3.0,0.0,1062.5,0.0,0.0,2757.5,-1695.0,0.0,60.0
1417,2019-06-17,05:04:16,154.09375,154.1875,154.09375,154.15625,288,44388.9375,154.12825520833334,0.0625,0.0004055150096125004,154.16346427938788,154.33467362589786,-0.17120934650998265,1.0000000000000058,0.0006835937500000001,-0.6122448979591925,-0.5122408325718826,0.0006835937499999963,-1,1417,-0.2547461299198889,0.5036451753633993,0.02614562582918979,-65.48297892293678,0.0,-20.0,-2.034757136339064,-0.4674205891246751,-3.0,0.728507107048045,0.22486193168464574,3.0,-1.0,3.0,0.0,237.0,125.0,0,0,3.0,3.0,187.5,1250.0,0.0,0.0,2757.5,-1507.5,187.5,187.5
1418,2019-06-17,05:59:49,154.15625,154.1875,154.125,154.1875,288,44396.0625,154.15299479166666,0.03125,0.00020269585556320635,154.16880555063503,154.3301452066395,-0.16133965600445777,1.0000000000000016,0.00419921875,1.9307733910221774,-1.4467284665112368,0.004199218749999994,-1,1418,0.03073712822507532,0.728507107048045,0.06480137922914908,-24.89756513266984,0.0,-20.0,-2.034757136339064,-0.4674205891246751,-3.0,0.8943110639469687,0.1658039568989237,3.0,-1.0,3.0,0.0,237.0,156.25,0,0,3.0,3.0,93.75,1343.75,0.0,0.0,2757.5,-1413.75,93.75,187.5
1419,2019-06-17,06:30:01,154.1875,154.28125,154.15625,154.25,288,44417.84375,154.22862413194446,0.0625,0.00040526849592215086,154.18684876160503,154.32767920028135,-0.14083043867631773,1.0000000000000004,0.01005859375,1.6938448487133588,-0.15428167279290117,0.010058593749999997,-1,1419,0.31598147661540793,0.8943110639469687,0.10029254084925757,-14.041965382848334,0.0,-14.041965382848334,-1.3473339240001678,-0.4674205891246751,-2.0,0.9807639914804058,0.08645292753343714,3.0,-1.0,3.0,0.0,237.0,218.75,0,0,3.0,3.0,187.5,1531.25,1.0,0.0,2757.5,-1226.25,187.5,187.5
1420,2019-06-17,06:59:32,154.25,154.28125,154.15625,154.15625,288,44413.8125,154.21462673611111,-0.09375,-0.0006079643514853572,154.18004903680392,154.32240445565733,-0.14235541885341263,1.0000000000000004,0.015917968749999997,-0.9496029206970521,0.3510189584870373,0.015917968749999994,0,1420,0.5554795217816136,0.9807639914804058,0.12616643273866465,-11.283145267987493,0.0,-11.283145267987493,-1.0290281222575384,-0.4674205891246751,-1.0,0.996097395273214,0.01533340379280812,2.0,-1.0,3.0,0.0,237.0,125.0,0,0,2.0,3.0,-281.25,1250.0,1.0,1.0,2760.0,-1510.0,-283.75,187.5
1421,2019-06-17,07:11:50,154.15625,154.34375,154.15625,154.34375,288,44423.625,154.24869791666666,0.1875,0.0012155593068863269,154.21642702862528,154.32306124163713,-0.10663421301185849,1.0000000000000007,0.015820312500000003,-0.578417924096937,0.6011924877777213,0.015820312499999992,-1,1421,0.7667570744256126,0.996097395273214,0.12577882373436314,-8.477914631882959,0.0,-8.477914631882959,-0.7053675900291511,-0.4674205891246751,-1.0,0.935729440481335,-0.06036795479187895,-1.0,-1.0,2.0,0.0,237.0,312.5,0,0,-1.0,2.0,375.0,1625.0,0.0,3.0,2767.5,-1142.5,367.5,367.5
1422,2019-06-17,07:27:05,154.34375,154.375,154.21875,154.21875,288,44439.4375,154.30360243055554,-0.125,-0.0008102086730428226,154.21694324448634,154.3198516649714,-0.10290842048505056,1.0000000000000007,0.017578125,1.9537037037037035,1.53861197758184,0.01757812499999999,0,1422,0.9110703500695182,0.935729440481335,0.13258252147247762,-7.761839143058761,0.0,-7.761839143058761,-0.6227485815078475,-0.4674205891246751,-1.0,0.884321404029129,-0.05140803645220604,-1.0,-1.0,-1.0,1.0,238.0,-125.0,0,0,-1.0,-1.0,125.0,1750.0,0.0,0.0,2767.5,-1017.5,125.0,367.5
1423,2019-06-17,07:53:50,154.21875,154.28125,154.1875,154.21875,288,44420.78125,154.23882378472223,0.0,0.0,154.2173447457116,154.31674084451075,-0.09939609879913291,1.0000000000000009,0.016796875000000003,0.014196863169279558,0.7612146873213189,0.016796874999999992,0,1423,0.9554427062148131,0.884321404029129,0.12960275845829822,-7.669288831619677,0.0,-7.669288831619677,-0.6120703568111882,-0.4674205891246751,-1.0,0.720123231186611,-0.16419817284251792,1.0,-1.0,-1.0,0.0,238.0,-125.0,0,0,1.0,-1.0,-0.0,1750.0,0.0,2.0,2772.5,-1022.5,-5.0,125.0
1424,2019-06-17,08:17:05,154.21875,154.21875,154.0625,154.09375,288,44393.40625,154.14377170138889,-0.125,-0.0008108656434560046,154.1898792466646,154.3098795877566,-0.12000034109200897,1.0000000000000024,0.005175781249999999,-2.7162691349234627,-0.19669686464742786,0.005175781249999987,0,1424,0.9998273643422101,0.720123231186611,0.07194290270763327,-16.679941533590178,0.0,-16.679941533590178,-1.6516970497859798,-0.4674205891246751,-2.0,0.4334889936532577,-0.2866342375333533,-1.0,1.0,1.0,1.0,239.0,-125.0,0,0,-1.0,1.0,-125.0,1625.0,-1.0,2.0,2777.5,-1152.5,-130.0,-5.0
1425,2019-06-17,08:43:12,154.09375,154.125,154.0625,154.125,288,44380.15625,154.09776475694446,0.03125,0.00020277806010859933,154.1754616362947,154.3041909850564,-0.12872934876170916,1.0000000000000033,0.00341796875,1.999999999999999,-1.145405322481819,0.0034179687499999883,-1,1425,0.9437385483733571,0.4334889936532577,0.058463396668342736,-22.01879399720452,0.0,-20.0,-2.034757136339064,-0.4674205891246751,-3.0,-0.12907648814806016,-0.5625654818013179,-2.0,1.0,-1.0,1.0,240.0,31.25,0,0,-2.0,-1.0,-31.25,1593.75,-1.0,1.0,2780.0,-1186.25,-33.75,-33.75
1426,2019-06-17,09:14:58,154.125,154.1875,154.0625,154.09375,288,44386.78125,154.12076822916666,-0.03125,-0.00020277806010859933,154.1573034948959,154.29771587782392,-0.1404123829280195,1.0000000000000033,0.00341796875,1.999999999999999,-1.145405322481819,0.0034179687499999883,0,1426,0.6099207186843152,-0.12907648814806016,0.058463396668342736,-24.01714421838429,0.0,-20.0,-2.034757136339064,-0.4674205891246751,-3.0,-0.8901932640487555,-0.7611167759006954,-3.0,1.0,-2.0,0.0,240.0,0.0,0,0,-3.0,-2.0,62.5,1656.25,0.0,1.0,2782.5,-1126.25,60.0,60.0
1427,2019-06-17,09:44:23,154.09375,154.09375,154.03125,154.0625,289,44527.625,154.07482698961937,-0.03125,-0.0002028191873897356,154.1362360515857,154.29047846619858,-0.1542424146128667,1.0000000000000142,0.00068359375,-0.612244897959183,0.5122408325718831,0.0006835937499999902,0,1427,-0.30731580066184544,-0.8901932640487555,0.026145625829189674,-58.99358294979742,0.0,-20.0,-2.034757136339064,-0.4674205891246751,-3.0,-0.9536906893379453,-0.06349742528918978,-3.0,1.0,-3.0,0.0,240.0,-31.25,0,0,-3.0,-3.0,93.75,1750.0,0.0,0.0,2782.5,-1032.5,93.75,93.75
1428,2019-06-17,09:53:13,154.0625,154.0625,154.03125,154.0625,288,44363.15625,154.03873697916666,0.0,0.0,154.11985026234444,154.28346374416174,-0.1636134818172934,1.0000000000000142,0.00068359375,-0.612244897959183,0.5122408325718831,0.0006835937499999902,0,1428,-0.8870511499064054,-0.9536906893379453,0.026145625829189674,-62.57776458906979,0.0,-20.0,-2.034757136339064,-0.4674205891246751,-3.0,-0.7068057650933693,0.24688492424457598,-3.0,1.0,-3.0,0.0,240.0,-31.25,0,0,-3.0,-3.0,-0.0,1750.0,0.0,0.0,2782.5,-1032.5,-0.0,93.75
1429,2019-06-17,10:12:07,154.0625,154.125,154.03125,154.0625,288,44372.625,154.07161458333334,0.0,0.0,154.10710575960124,154.276664859726,-0.16955910012475783,1.000000000000008,0.00126953125,-0.17751479289940755,-0.4047960089109363,0.0012695312499999899,0,1429,-0.9999999094278601,-0.7068057650933693,0.03563048203434792,-47.58821392348895,0.0,-20.0,-2.034757136339064,-0.4674205891246751,-3.0,-0.4001270885017253,0.30667867659164405,3.0,1.0,-3.0,0.0,240.0,-31.25,0,0,3.0,-3.0,-0.0,1750.0,0.0,6.0,2797.5,-1047.5,-15.0,-0.0
1430,2019-06-17,10:39:15,154.0625,154.09375,154.0625,154.09375,289,44529.09375,154.07990916955018,0.03125,0.0002028191873897356,154.10413781302321,154.271036710196,-0.1668988971727856,1.0000000000000038,0.0021484375,0.8677685950413228,-0.5516180692881075,0.0021484374999999915,-1,1430,-0.930967419675874,-0.4001270885017253,0.046351240544347805,-36.0074283261309,0.0,-20.0,-2.034757136339064,-0.4674205891246751,-3.0,-0.04986453731958223,0.35026255118214306,3.0,-1.0,3.0,1.0,241.0,31.25,0,0,3.0,3.0,93.75,1843.75,0.0,0.0,2797.5,-953.75,93.75,93.75
1431,2019-06-17,11:02:01,154.09375,154.09375,154.0,154.03125,288,44360.28125,154.02875434027777,-0.0625,-0.00040567951874859176,154.08794052124028,154.26365865757458,-0.17571813633429656,1.0000000000000038,0.0021484375,0.8677685950413228,-0.5516180692881075,0.0021484374999999915,0,1431,-0.7414866858854742,-0.04986453731958223,0.046351240544347805,-37.91012587164166,0.0,-20.0,-2.034757136339064,-0.4674205891246751,-3.0,0.5201115229129761,0.5699760602325583,3.0,-1.0,3.0,0.0,241.0,-31.25,0,0,3.0,3.0,-187.5,1656.25,0.0,0.0,2797.5,-1141.25,-187.5,93.75
1432,2019-06-17,11:17:14,154.03125,154.09375,154.0,154.09375,288,44370.125,154.06293402777777,0.0625,0.00040567951874859176,154.08923151652024,154.25843069888,-0.16919918235976183,1.0000000000000038,0.00224609375,1.4555765595463157,-1.118079933149378,0.002246093749999992,-1,1432,-0.23616435533540625,0.5201115229129761,0.047392971525322104,-35.70132382801922,0.0,-20.0,-2.034757136339064,-0.4674205891246751,-3.0,0.7843579871342886,0.2642464642213125,3.0,-1.0,3.0,0.0,241.0,31.25,0,0,3.0,3.0,187.5,1843.75,0.0,0.0,2797.5,-953.75,187.5,187.5
1433,2019-06-17,11:29:24,154.09375,154.125,154.03125,154.09375,289,44529.59375,154.0816392733564,0.0,0.0,154.0902356239602,154.25336360045293,-0.16312797649271715,1.000000000000003,0.0027343750000000003,0.5357142857142847,-1.088511769215251,0.0027343749999999925,0,1433,0.1160005544772323,0.7843579871342886,0.052291251658379646,-31.19603591790788,0.0,-20.0,-2.034757136339064,-0.4674205891246751,-3.0,0.9438557801964534,0.15949779306216483,3.0,-1.0,3.0,0.0,241.0,31.25,0,0,3.0,3.0,0.0,1843.75,0.0,0.0,2797.5,-953.75,0.0,187.5
1434,2019-06-17,11:48:40,154.09375,154.125,154.09375,154.125,288,44381.5625,154.10264756944446,0.03125,0.00020277806010859933,154.09796104085797,154.24941395120823,-0.1514529103502582,1.000000000000004,0.0012695312499999994,-0.17751479289940994,-0.40479600891093587,0.0012695312499999944,-1,1434,0.4338085925625344,0.9438557801964534,0.03563048203434798,-42.506556662426505,0.0,-20.0,-2.034757136339064,-0.4674205891246751,-3.0,0.9861016248507863,0.0422458446543329,3.0,-1.0,3.0,0.0,241.0,62.5,0,0,3.0,3.0,93.75,1937.5,0.0,0.0,2797.5,-860.0,93.75,93.75
1435,2019-06-17,12:01:53,154.15625,154.1875,154.125,154.1875,288,44402.53125,154.17545572916666,0.0625,0.00040543280506710744,154.11785858733398,154.24750890655568,-0.129650319221696,1.000000000000004,0.0012695312499999994,-0.17751479289940994,-0.40479600891093587,0.0012695312499999944,-1,1435,0.8147601772477058,0.9861016248507863,0.03563048203434798,-36.387472697313605,0.0,-20.0,-2.034757136339064,-0.4674205891246751,-3.0,0.8570519783518488,-0.12904964649893758,-3.0,-1.0,3.0,0.0,241.0,125.0,0,0,-3.0,3.0,187.5,2125.0,0.0,6.0,2812.5,-687.5,172.5,172.5
1436,2019-06-17,12:09:07,154.1875,154.28125,154.1875,154.28125,288,44419.4375,154.23415798611111,0.09375,0.0006078411695611408,154.15416779014865,154.2485470940463,-0.0943793038976537,1.0000000000000109,0.0004882812500000004,2.0000000000001243,-1.0467283057891821e-14,0.0004882812499999951,-1,1436,0.970349860686334,0.8570519783518488,0.0220970869120795,-42.711197305406216,0.0,-20.0,-2.034757136339064,-0.4674205891246751,-3.0,0.5658932079200679,-0.29115877043178084,3.0,-1.0,-3.0,1.0,242.0,93.75,0,0,3.0,-3.0,-281.25,1843.75,0.0,6.0,2827.5,-983.75,-296.25,172.5
1437,2019-06-17,12:16:24,154.28125,154.34375,154.28125,154.34375,288,44439.71875,154.30457899305554,0.0625,0.00040502228176197974,154.19629717011563,154.25147641422953,-0.055179244113901404,1.0000000000000022,0.00224609375,3.724007561436686,-1.7487916903105667,0.0022460937499999946,-1,1437,0.98314129746064,0.5658932079200679,0.04739297152532213,-11.642917153742737,0.0,-11.642917153742737,-1.070537707432343,-0.4674205891246751,-2.0,0.2089897333698055,-0.3569034745502624,-3.0,1.0,3.0,1.0,243.0,62.5,0,0,-3.0,3.0,187.5,2031.25,1.0,6.0,2842.5,-811.25,172.5,172.5
1438,2019-06-17,12:20:02,154.34375,154.40625,154.34375,154.40625,287,44301.65625,154.36117160278746,0.0625,0.0004048583051252663,154.2429533545344,154.2562386784071,-0.013285323872707977,1.0000000000000022,0.00263671875,3.251028806584363,-1.7355817665801565,0.002636718749999995,-1,1438,0.839270389995478,0.2089897333698055,0.05134898976610927,-2.5872610022556652,0.0,-2.5872610022556652,-0.02571862840730016,-0.4674205891246751,-0.0,0.04113937821657956,-0.16785035515322594,-2.0,1.0,-3.0,1.0,244.0,62.5,0,0,-2.0,-3.0,-187.5,1843.75,2.0,1.0,2845.0,-1001.25,-190.0,172.5
1439,2019-06-17,12:27:19,154.40625,154.4375,154.375,154.375,288,44466.1875,154.396484375,-0.03125,-0.00020240866378173905,154.27229705352676,154.25989287291765,0.012404180609109972,1.000000000000002,0.00341796875,-2.897959183673469,-0.381801774160606,0.0034179687499999935,0,1439,0.7355980902204665,0.04113937821657956,0.05846339666834278,2.121700297277918,2.121700297277918,0.0,0.2727931097101266,-0.2355831093436599,0.0,-0.20627553190126308,-0.24741491011784264,-0.0,1.0,-2.0,0.0,244.0,31.25,0,0,-0.0,-2.0,62.5,1906.25,0.0,2.0,2850.0,-943.75,57.5,57.5
1440,2019-06-17,12:30:01,154.375,154.46875,154.3125,154.46875,288,44458.34375,154.36924913194446,0.09375,0.0006071031249907932,154.31595326385417,154.26631924605866,0.04963401779551191,1.000000000000002,0.0037109375,-2.479224376731304,0.7559840489048504,0.003710937499999992,-1,1440,0.5460408780986266,-0.20627553190126308,0.06091746465505596,8.147748445632732,8.147748445632732,0.0,0.2727931097101266,0.4228811504511976,1.0,-0.39646567530692833,-0.19019014340566526,0.0,1.0,-0.0,0.0,244.0,125.0,0,0,0.0,-0.0,-0.0,1906.25,1.0,0.0,2850.0,-943.75,-0.0,57.5
1441,2019-06-17,12:31:04,154.4375,154.5,154.40625,154.4375,287,44327.0625,154.4496951219512,-0.03125,-0.0002023267584041477,154.34296364966437,154.27158634617996,0.07137730348441096,1.0000000000000029,0.003125,0.31250000000000117,1.257788237343631,0.0031249999999999915,0,1441,0.36881549169068617,-0.39646567530692833,0.055901699437494665,12.768360211342058,12.768360211342058,0.0,0.2727931097101266,0.927773848153562,1.0,-0.4826895123966257,-0.08622383708969739,1.0,1.0,0.0,0.0,244.0,93.75,0,0,1.0,0.0,-0.0,1906.25,0.0,1.0,2852.5,-946.25,-2.5,-0.0
1442,2019-06-17,12:33:06,154.4375,154.46875,154.40625,154.40625,288,44474.46875,154.42523871527777,-0.03125,-0.00020236770280490646,154.35702728307228,154.2757298432206,0.08129743985168147,1.0000000000000029,0.003125,0.31250000000000117,1.257788237343631,0.0031249999999999915,0,1442,0.277965114699588,-0.4826895123966257,0.055901699437494665,14.542928152404837,14.542928152404837,0.0,0.2727931097101266,1.1216802918129276,1.0,-0.5546497507222865,-0.07196023832566079,1.0,1.0,1.0,1.0,245.0,-31.25,0,0,1.0,1.0,-31.25,1875.0,0.0,0.0,2852.5,-977.5,-31.25,-2.5
1443,2019-06-17,12:37:21,154.40625,154.46875,154.40625,154.4375,288,44477.6875,154.43641493055554,0.03125,0.00020236770280490646,154.37491010905623,154.28070738650615,0.09420272255007944,1.0000000000000124,0.00078125,0.3125000000000024,1.2577882373436315,0.0007812499999999903,-1,1443,0.19617558417170636,-0.5546497507222865,0.027950849718747197,33.702990606005,20.0,0.0,0.2727931097101266,1.7179727020810263,2.0,-0.624961492943932,-0.07031174222164549,1.0,1.0,1.0,0.0,245.0,0.0,0,0,1.0,1.0,31.25,1906.25,1.0,0.0,2852.5,-946.25,31.25,31.25
1444,2019-06-17,12:43:28,154.4375,154.46875,154.40625,154.40625,287,44319.59375,154.42367160278746,-0.03125,-0.00020236770280490646,154.38187452926599,154.28457023615215,0.09730429311383659,1.0000000000000124,0.00078125,0.3125000000000024,1.2577882373436315,0.0007812499999999903,0,1444,0.11009234372996125,-0.624961492943932,0.027950849718747197,34.81264222481675,20.0,0.0,0.2727931097101266,1.7179727020810263,2.0,-0.74572748610178,-0.12076599315784797,2.0,1.0,1.0,0.0,245.0,-31.25,0,0,2.0,1.0,-31.25,1875.0,0.0,1.0,2855.0,-980.0,-33.75,31.25
1445,2019-06-17,12:48:39,154.40625,154.4375,154.34375,154.40625,288,44464.96875,154.39225260416666,0.0,0.0,154.38729130054023,154.28831422888595,0.09897707165427505,1.0000000000000135,0.00068359375,-0.612244897959183,0.5122408325718831,0.0006835937499999907,0,1445,-0.05619829780736532,-0.74572748610178,0.026145625829189684,37.85607286698579,20.0,0.0,0.2727931097101266,1.7179727020810263,2.0,-0.80213718020886,-0.05640969410708008,2.0,1.0,2.0,0.0,245.0,-31.25,0,0,2.0,2.0,0.0,1875.0,0.0,0.0,2855.0,-980.0,0.0,0.0
1446,2019-06-17,12:55:18,154.40625,154.46875,154.375,154.375,288,44469.5625,154.408203125,-0.03125,-0.00020240866378173905,154.3845599004202,154.29098148338178,0.09357841703840108,1.000000000000006,0.00146484375,2.0000000000000013,1.3608276348795436,0.0014648437499999911,0,1446,-0.14495503566843443,-0.80213718020886,0.03827327723098704,24.450066419354744,20.0,0.0,0.2727931097101266,1.7179727020810263,2.0,-0.8895605170674592,-0.08742333685859915,2.0,1.0,2.0,0.0,245.0,-62.5,0,0,2.0,2.0,-62.5,1812.5,0.0,0.0,2855.0,-1042.5,-62.5,0.0
1447,2019-06-17,13:00:16,154.375,154.40625,154.375,154.375,287,44308.53125,154.3851263066202,0.0,0.0,154.3824354781046,154.29356666850853,0.08886880959607879,1.0000000000000062,0.00126953125,-0.17751479289940755,0.4047960089109363,0.001269531249999992,0,1447,-0.30599563164993365,-0.8895605170674592,0.03563048203434795,24.941792679203395,20.0,0.0,0.2727931097101266,1.7179727020810263,2.0,-0.9200141679527226,-0.030453650885263417,2.0,1.0,2.0,0.0,245.0,-62.5,0,0,2.0,2.0,0.0,1812.5,0.0,0.0,2855.0,-1042.5,0.0,0.0
1448,2019-06-17,13:05:45,154.375,154.5,154.375,154.4375,288,44476.78125,154.43326822916666,0.0625,0.0004047763665866455,154.39467203852584,154.29799538640057,0.09667665212526799,1.0000000000000062,0.00126953125,-0.17751479289940755,0.4047960089109363,0.001269531249999992,-1,1448,-0.37344364604510427,-0.9200141679527226,0.03563048203434795,27.1331305683912,20.0,0.0,0.2727931097101266,1.7179727020810263,2.0,-0.9626024731423979,-0.04258830518967527,2.0,1.0,2.0,0.0,245.0,0.0,0,0,2.0,2.0,125.0,1937.5,0.0,0.0,2855.0,-917.5,125.0,125.0
1449,2019-06-17,13:10:13,154.4375,154.5,154.4375,154.46875,287,44326.84375,154.44893292682926,0.03125,0.0002023267584041477,154.41113380774232,154.30324937451132,0.10788443323099273,1.0000000000000102,0.0006835937499999997,-0.6122448979591795,0.5122408325718838,0.0006835937499999928,-1,1449,-0.48909489105327886,-0.9626024731423979,0.026145625829189723,41.26289955184299,20.0,0.0,0.2727931097101266,1.7179727020810263,2.0,-0.9868610951109678,-0.02425862196856987,2.0,1.0,2.0,0.0,245.0,31.25,0,0,2.0,2.0,62.5,2000.0,0.0,0.0,2855.0,-855.0,62.5,125.0
1450,2019-06-17,13:15:51,154.46875,154.5,154.4375,154.46875,288,44486.6875,154.46766493055554,0.0,0.0,154.42393740602182,154.30834170144945,0.115595704572371,1.0000000000000038,0.00224609375,1.4555765595463157,-1.118079933149378,0.002246093749999992,0,1450,-0.5835682425782297,-0.9868610951109678,0.047392971525322104,24.390896129103897,20.0,0.0,0.2727931097101266,1.7179727020810263,2.0,-0.9894152978359049,-0.0025542027249371158,2.0,1.0,2.0,0.0,245.0,31.25,0,0,2.0,2.0,0.0,2000.0,0.0,0.0,2855.0,-855.0,0.0,62.5
1451,2019-06-17,13:21:28,154.46875,154.53125,154.46875,154.5,287,44341.40625,154.49967334494772,0.03125,0.0002022858305679165,154.44084020468364,154.31423887986642,0.12660132481721575,1.000000000000006,0.00146484375,2.0000000000000013,-1.3608276348795436,0.0014648437499999911,-1,1451,-0.5970128897247795,-0.9894152978359049,0.03827327723098704,33.07825563333678,20.0,0.0,0.2727931097101266,1.7179727020810263,2.0,-0.9987546801025604,-0.009339382266655538,2.0,1.0,2.0,0.0,245.0,62.5,0,0,2.0,2.0,62.5,2062.5,0.0,0.0,2855.0,-792.5,62.5,62.5
1452,2019-06-17,13:26:44,154.5,154.5,154.40625,154.4375,288,44487.90625,154.47189670138889,-0.0625,-0.0004046125889720642,154.44009793697617,154.31803152971668,0.12206640725949569,1.000000000000006,0.00146484375,2.0000000000000013,-1.3608276348795436,0.0014648437499999911,0,1452,-0.6709481049587899,-0.9987546801025604,0.03827327723098704,31.893377335523162,20.0,0.0,0.2727931097101266,1.7179727020810263,2.0,-0.9994590669007566,-0.0007043867981961771,2.0,1.0,2.0,0.0,245.0,0.0,0,0,2.0,2.0,-125.0,1937.5,0.0,0.0,2855.0,-917.5,-125.0,62.5
1453,2019-06-17,13:31:47,154.4375,154.46875,154.40625,154.4375,288,44480.4375,154.44596354166666,0.0,0.0,154.43952061764816,154.3217074826485,0.11781313499966473,1.000000000000006,0.00146484375,2.0000000000000013,-1.3608276348795436,0.0014648437499999911,0,1453,-0.7299791067706288,-0.9994590669007566,0.03827327723098704,30.78208701299301,20.0,0.0,0.2727931097101266,1.7179727020810263,2.0,-0.9950371768843843,0.004421890016372276,2.0,1.0,2.0,0.0,245.0,0.0,0,0,2.0,2.0,0.0,1937.5,0.0,0.0,2855.0,-917.5,0.0,0.0
1454,2019-06-17,13:39:28,154.4375,154.5,154.4375,154.46875,287,44335.8125,154.48018292682926,0.03125,0.0002023267584041477,154.44601603594856,154.3262318677978,0.11978416815077253,1.0000000000000038,0.0026367187499999997,-1.6872427983539058,-0.5184205276797867,0.0026367187499999893,-1,1454,-0.7739573840068874,-0.9950371768843843,0.05134898976610922,23.327463441127154,20.0,0.0,0.2727931097101266,1.7179727020810263,2.0,-0.9915345969002318,0.0035025799841524874,2.0,1.0,2.0,0.0,245.0,31.25,0,0,2.0,2.0,62.5,2000.0,0.0,0.0,2855.0,-855.0,62.5,62.5
1455,2019-06-17,13:45:16,154.46875,154.46875,154.40625,154.46875,288,44476.90625,154.43370225694446,0.0,0.0,154.45106802796,154.33061704109633,0.12045098686365918,1.0000000000000033,0.00341796875,-2.897959183673469,-0.3818017741606066,0.0034179687499999887,0,1455,-0.7929335355809218,-0.9915345969002318,0.058463396668342736,20.602803416805582,20.0,0.0,0.2727931097101266,1.7179727020810263,2.0,-0.9912104266291544,0.0003241702710774508,2.0,1.0,2.0,0.0,245.0,31.25,0,0,2.0,2.0,0.0,2000.0,0.0,0.0,2855.0,-855.0,0.0,62.5
1456,2019-06-17,13:52:37,154.4375,154.46875,154.375,154.375,287,44318.71875,154.42062282229966,-0.09375,-0.0006071031249907932,154.43416402174668,154.3319826706011,0.1021813511455889,1.0000000000000033,0.00341796875,-2.897959183673469,-0.3818017741606066,0.0034179687499999887,0,1456,-0.7944381004012845,-0.9912104266291544,0.058463396668342736,17.477833476774187,17.477833476774187,0.0,0.2727931097101266,1.442376412122961,2.0,-0.9998769949426874,-0.008666568313533074,2.0,1.0,2.0,0.0,245.0,-62.5,0,0,2.0,2.0,-187.5,1812.5,0.0,0.0,2855.0,-1042.5,-187.5,0.0
1457,2019-06-17,13:56:28,154.375,154.375,154.25,154.28125,288,44440.40625,154.30696614583334,-0.09375,-0.000607471923105507,154.4001831280252,154.33042166535185,0.06976146267334116,1.0000000000000056,0.0022460937500000003,-3.081285444234408,-0.3153558785805946,0.0022460937499999877,0,1457,-0.7181102269214507,-0.9998769949426874,0.04739297152532206,14.71979081034571,14.71979081034571,0.0,0.2727931097101266,1.1410060151193673,1.0,-0.9749370951372689,0.024939899805418553,2.0,1.0,2.0,0.0,245.0,-156.25,0,0,2.0,2.0,-187.5,1625.0,-1.0,0.0,2855.0,-1230.0,-187.5,-187.5
1458,2019-06-17,14:00:38,154.28125,154.28125,154.25,154.28125,288,44430.25,154.27170138888889,0.0,0.0,154.3737535440196,154.32890869103335,0.04484485298624463,1.000000000000004,0.003125,-2.324218750000005,0.052407843222650706,0.003124999999999988,0,1458,-0.8467022407141376,-0.9749370951372689,0.05590169943749464,8.022091177458211,8.022091177458211,0.0,0.2727931097101266,0.4091506229082059,1.0,-0.817962323841354,0.15697477129591486,1.0,1.0,2.0,0.0,245.0,-156.25,0,0,1.0,2.0,0.0,1625.0,0.0,1.0,2857.5,-1232.5,-2.5,-2.5
1459,2019-06-17,14:06:11,154.25,154.3125,154.21875,154.25,288,44427.03125,154.26052517361111,-0.03125,-0.0002025726736389899,154.3462527564597,154.32648073130926,0.01977202515044496,1.000000000000005,0.0022460937500000003,1.455576559546311,-1.1180799331493774,0.0022460937499999894,0,1459,-0.9851652923856654,-0.817962323841354,0.047392971525322077,4.171931937182028,4.171931937182028,0.0,0.2727931097101266,-0.011554985780454663,0.0,-0.5543895394375036,0.26357278440385046,-1.0,1.0,1.0,0.0,245.0,-187.5,0,0,-1.0,1.0,-31.25,1593.75,-1.0,2.0,2862.5,-1268.75,-36.25,-2.5
1460,2019-06-17,14:13:31,154.25,154.3125,154.25,154.28125,288,44433.0,154.28125,0.03125,0.0002025726736389899,154.33180769946867,154.32508901649976,0.0067186829689092065,1.0000000000000129,0.00068359375,-0.612244897959183,-0.5122408325718831,0.0006835937499999911,-1,1460,-0.9805073939650054,-0.5543895394375036,0.02614562582918969,2.569715872476185,2.569715872476185,0.0,0.2727931097101266,-0.18662859772396212,0.0,-0.3084152878681855,0.24597425156931807,-0.0,-1.0,-1.0,1.0,246.0,31.25,0,0,-0.0,-1.0,-31.25,1562.5,0.0,1.0,2865.0,-1302.5,-33.75,-33.75
1461,2019-06-17,14:20:39,154.28125,154.3125,154.21875,154.28125,288,44427.71875,154.26291232638889,0.0,0.0,154.3205726551423,154.32374012368442,-0.0031674685421023696,1.0000000000000036,0.002734375,0.5357142857142883,-1.0885117692152515,0.00273437499999999,0,1461,-0.8907191484940976,-0.3084152878681855,0.052291251658379626,-0.6057358433099937,0.0,-0.6057358433099937,0.20290481499658708,-0.4674205891246751,-0.0,-0.01729525790554156,0.29112002996264397,-0.0,-1.0,-0.0,0.0,246.0,31.25,0,0,-0.0,-0.0,-0.0,1562.5,-0.0,0.0,2865.0,-1302.5,-0.0,-0.0
1462,2019-06-17,14:27:35,154.28125,154.3125,154.25,154.3125,288,44436.40625,154.29307725694446,0.03125,0.00020253164626193865,154.31877873177737,154.32339427372492,-0.0046155419475439885,1.0000000000000024,0.00361328125,2.6077428780131497,-1.517473687845512,0.003613281249999991,-1,1462,-0.7192306104316485,-0.01729525790554156,0.06011057519272288,-0.7678419201190336,0.0,-0.7678419201190336,0.18420141912524868,-0.4674205891246751,-0.0,0.1971757094171998,0.21447096732274137,0.0,-1.0,-0.0,0.0,246.0,62.5,0,0,0.0,-0.0,-0.0,1562.5,0.0,0.0,2865.0,-1302.5,-0.0,-0.0
1463,2019-06-17,14:35:56,154.3125,154.3125,154.1875,154.21875,288,44426.375,154.25824652777777,-0.09375,-0.0006077180375427815,154.29655012471576,154.320174449918,-0.023624325202234786,1.0000000000000022,0.00419921875,1.9307733910221774,-1.4467284665112368,0.004199218749999991,0,1463,-0.553800696558495,0.1971757094171998,0.06480137922914905,-3.645651602367139,0.0,-3.645651602367139,-0.14783310289246926,-0.4674205891246751,-1.0,0.3960864422921635,0.1989107328749637,0.0,-1.0,0.0,0.0,246.0,-31.25,0,0,0.0,0.0,-0.0,1562.5,-1.0,0.0,2865.0,-1302.5,-0.0,-0.0
1464,2019-06-17,14:44:46,154.21875,154.28125,154.21875,154.28125,288,44416.5625,154.22417534722223,0.0625,0.0004051863912808429,154.2931500970012,154.31897677453594,-0.025826677534752207,1.0000000000000022,0.00419921875,3.8777717685235253,-1.9177563393288484,0.004199218749999991,-1,1464,-0.369199390103954,0.3960864422921635,0.06480137922914905,-3.9855135557261123,0.0,-3.9855135557261123,-0.18704552959728216,-0.4674205891246751,-1.0,0.6045753962252924,0.20848895393312894,1.0,-1.0,0.0,0.0,246.0,31.25,0,0,1.0,0.0,0.0,1562.5,0.0,1.0,2867.5,-1305.0,-2.5,-0.0
1465,2019-06-17,14:51:43,154.28125,154.375,154.28125,154.34375,287,44289.28125,154.3180531358885,0.0625,0.00040502228176197974,154.30439451988983,154.31973902762715,-0.015344507737324875,1.0000000000000016,0.00537109375,3.3223140495867725,-1.7443694974549941,0.005371093749999991,-1,1465,-0.13574507399406882,0.6045753962252924,0.07328774624724103,-2.0937344267019986,0.0,-2.0937344267019986,0.0312232401352337,-0.4674205891246751,-0.0,0.8036927173807081,0.1991173211554157,1.0,-1.0,1.0,1.0,247.0,62.5,0,0,1.0,1.0,62.5,1625.0,1.0,0.0,2867.5,-1242.5,62.5,62.5
1466,2019-06-17,14:59:26,154.34375,154.40625,154.3125,154.375,288,44455.875,154.36067708333334,0.03125,0.00020244964134352728,154.320084626581,154.32143936523866,-0.0013547386576533427,1.0000000000000053,0.0012695312499999994,-0.17751479289940994,-0.40479600891093587,0.0012695312499999929,-1,1466,0.1475365343076793,0.8036927173807081,0.03563048203434796,-0.3802190092032345,0.0,-0.3802190092032345,0.22892438629815137,-0.4674205891246751,-0.0,0.9524658866704729,0.1487731692897648,0.0,-1.0,1.0,0.0,247.0,93.75,0,0,0.0,1.0,31.25,1656.25,0.0,1.0,2870.0,-1213.75,28.75,62.5
1467,2019-06-17,15:04:39,154.34375,154.46875,154.34375,154.46875,288,44467.9375,154.40256076388889,0.09375,0.0006071031249907932,154.3531213762297,154.3259720001544,0.027149376075300324,1.0000000000000036,0.0016601562499999993,-1.487889273356398,-0.5413870509510844,0.0016601562499999932,-1,1467,0.45807835777632167,0.9524658866704729,0.04074501503251647,6.663238694017863,6.663238694017863,0.0,0.2727931097101266,0.26066926785576877,1.0,0.9996492410910086,0.04718335442053567,0.0,-1.0,0.0,0.0,247.0,187.5,0,0,0.0,0.0,0.0,1656.25,1.0,0.0,2870.0,-1213.75,0.0,28.75
1468,2019-06-17,15:12:39,154.46875,154.5,154.40625,154.46875,287,44325.5625,154.44446864111498,0.0,0.0,154.37881662595643,154.33036516938043,0.04845145657600369,1.0000000000000036,0.0017578124999999994,-2.407407407407393,0.1656346649999839,0.0017578124999999929,0,1468,0.7255856734561531,0.9996492410910086,0.041926274578120974,11.55634672136786,11.55634672136786,0.0,0.2727931097101266,0.7953375406615409,1.0,0.9266615955367222,-0.07298764555428638,1.0,-1.0,0.0,0.0,247.0,187.5,0,0,1.0,0.0,0.0,1656.25,0.0,1.0,2872.5,-1216.25,-2.5,0.0
1469,2019-06-17,15:24:48,154.46875,154.5625,154.46875,154.5625,288,44497.78125,154.50618489583334,0.09375,0.0006067347744025398,154.41963515352168,154.33750777955336,0.08212737396831926,1.0000000000000036,0.0016601562499999993,-1.487889273356398,-0.5413870509510844,0.0016601562499999932,-1,1469,0.9210477644307055,0.9266615955367222,0.04074501503251647,20.156422547096298,20.0,0.0,0.2727931097101266,1.7179727020810263,2.0,0.7370090042501986,-0.18965259128652368,1.0,-1.0,1.0,1.0,248.0,93.75,0,0,1.0,1.0,93.75,1750.0,1.0,0.0,2872.5,-1122.5,93.75,93.75
1470,2019-06-17,15:28:11,154.5625,154.625,154.5625,154.59375,287,44368.96875,154.59570993031357,0.03125,0.00020216314634691201,154.458327341628,154.34539215556714,0.1129351860608665,1.0000000000000053,0.0012695312499999994,-0.17751479289940994,-0.40479600891093587,0.0012695312499999929,-1,1470,0.9990654639152766,0.7370090042501986,0.03563048203434796,31.696227390916697,20.0,0.0,0.2727931097101266,1.7179727020810263,2.0,0.4719529792696947,-0.26505602498050385,-2.0,-1.0,1.0,0.0,248.0,125.0,0,0,-2.0,1.0,31.25,1781.25,0.0,3.0,2880.0,-1098.75,23.75,93.75
1471,2019-06-17,15:46:29,154.59375,154.65625,154.5625,154.65625,288,44524.75,154.59982638888889,0.0625,0.00040420372417759864,154.5023101545996,154.35495701231892,0.14735314228067864,1.0000000000000053,0.0012695312499999994,-0.17751479289940994,-0.40479600891093587,0.0012695312499999929,-1,1471,0.9571232635881681,0.4719529792696947,0.03563048203434796,41.35592163435496,20.0,0.0,0.2727931097101266,1.7179727020810263,2.0,0.2033313113265619,-0.2686216679431328,2.0,1.0,-2.0,1.0,249.0,62.5,0,0,2.0,-2.0,-125.0,1656.25,0.0,4.0,2890.0,-1233.75,-135.0,23.75
1472,2019-06-17,15:55:07,154.65625,154.71875,154.625,154.71875,287,44389.375,154.66681184668988,0.0625,0.00040404040953667675,154.55040789802192,154.36615064270913,0.18425725531278658,1.000000000000003,0.0027343750000000003,0.5357142857142847,-1.088511769215251,0.002734374999999991,-1,1472,0.8361122644427996,0.2033313113265619,0.05229125165837964,35.23672688436393,20.0,0.0,0.2727931097101266,1.7179727020810263,2.0,-0.04028883563846257,-0.2436201469650245,2.0,1.0,2.0,1.0,250.0,62.5,0,0,2.0,2.0,125.0,1781.25,0.0,0.0,2890.0,-1108.75,125.0,125.0
1473,2019-06-17,16:08:44,154.71875,154.75,154.6875,154.71875,287,44404.25,154.71864111498257,0.0,0.0,154.58781725401707,154.3769998537027,0.2108174003143688,1.0000000000000033,0.002734375,-0.612244897959183,-0.5122408325718831,0.0027343749999999907,0,1473,0.6780441548043304,-0.04028883563846257,0.05229125165837963,40.3159981121977,20.0,0.0,0.2727931097101266,1.7179727020810263,2.0,-0.14564668324130983,-0.10535784760284726,2.0,1.0,2.0,0.0,250.0,62.5,0,0,2.0,2.0,0.0,1781.25,0.0,0.0,2890.0,-1108.75,0.0,125.0
1474,2019-06-17,16:29:31,154.71875,154.71875,154.625,154.65625,287,44389.15625,154.66604965156793,-0.0625,-0.00040404040953667675,154.6030245309022,154.3855921658965,0.21743236500569196,1.0000000000000049,0.0021484375,0.8677685950413228,0.5516180692881075,0.0021484374999999898,0,1474,0.5965789098035054,-0.14564668324130983,0.046351240544347784,46.9097185862065,20.0,0.0,0.2727931097101266,1.7179727020810263,2.0,-0.2473293739209405,-0.10168269067963068,2.0,1.0,2.0,0.0,250.0,0.0,0,0,2.0,2.0,-125.0,1656.25,0.0,0.0,2890.0,-1233.75,-125.0,0.0
1475,2019-06-17,16:43:37,154.65625,154.6875,154.625,154.65625,287,44385.28125,154.65254790940767,0.0,0.0,154.61485241292394,154.39392009925353,0.2209323136704029,1.0000000000000164,0.0006835937499999997,-0.6122448979591795,-0.5122408325718838,0.0006835937499999887,0,1475,0.5102497307997562,-0.2473293739209405,0.026145625829189643,84.50067904809853,20.0,0.0,0.2727931097101266,1.7179727020810263,2.0,-0.4521036413403782,-0.20477426741943772,2.0,1.0,2.0,0.0,250.0,0.0,0,0,2.0,2.0,0.0,1656.25,0.0,0.0,2890.0,-1233.75,0.0,0.0
1476,2019-06-17,16:56:14,154.65625,154.65625,154.625,154.625,287,44382.15625,154.64165940766551,-0.03125,-0.00020208143950739554,154.6171074322742,154.40103025004575,0.21607718222844596,1.0000000000000089,0.00126953125,-0.1775147928994123,0.4047960089109363,0.001269531249999989,0,1476,0.31102924132646886,-0.4521036413403782,0.035630482034347905,60.64391214807222,20.0,0.0,0.2727931097101266,1.7179727020810263,2.0,-0.5406900770084186,-0.08858643566804042,2.0,1.0,2.0,0.0,250.0,-31.25,0,0,2.0,2.0,-62.5,1593.75,0.0,0.0,2890.0,-1296.25,-62.5,0.0
1477,2019-06-17,17:05:02,154.625,154.65625,154.5625,154.59375,288,44529.71875,154.61707899305554,-0.03125,-0.0002021222846702031,154.61191689176883,154.40696008850588,0.2049568032629452,1.0000000000000102,0.0009765625,-3.0,0.0,0.00097656249999999,0,1477,0.2125080713327288,-0.5406900770084186,0.03124999999999984,65.5861770441428,20.0,0.0,0.2727931097101266,1.7179727020810263,2.0,-0.7001998817692404,-0.15950980476082177,2.0,1.0,2.0,0.0,250.0,-62.5,0,0,2.0,2.0,-62.5,1531.25,0.0,0.0,2890.0,-1358.75,-62.5,-62.5
1478,2019-06-17,17:12:25,154.59375,154.65625,154.5625,154.625,287,44373.625,154.61193379790942,0.03125,0.0002021222846702031,154.61482424915354,154.41366900885956,0.20115524029398557,1.000000000000009,0.001171875,-3.3333333333333326,0.6085806194501847,0.0011718749999999895,-1,1478,0.009720584829100336,-0.7001998817692404,0.03423265984407273,58.761206757007216,20.0,0.0,0.2727931097101266,1.7179727020810263,2.0,-0.8141124196806151,-0.11391253791137468,2.0,1.0,2.0,0.0,250.0,-31.25,0,0,2.0,2.0,62.5,1593.75,0.0,0.0,2890.0,-1296.25,62.5,62.5
1479,2019-06-17,17:22:03,154.65625,154.6875,154.625,154.65625,287,44386.375,154.65635888501743,0.03125,0.00020208143950739554,154.62402997156389,154.42113303935622,0.2028969322076648,1.0000000000000104,0.0009765625,-3.0,0.0,0.0009765624999999899,-1,1479,-0.16504234298206796,-0.8141124196806151,0.031249999999999837,64.92701830645308,20.0,0.0,0.2727931097101266,1.7179727020810263,2.0,-0.8554657683109234,-0.04135334863030826,2.0,1.0,2.0,0.0,250.0,0.0,0,0,2.0,2.0,62.5,1656.25,0.0,0.0,2890.0,-1233.75,62.5,62.5
1480,2019-06-17,17:34:01,154.65625,154.6875,154.59375,154.625,287,44381.71875,154.6401350174216,-0.03125,-0.00020208143950739554,154.6242455334386,154.4274058689145,0.19683966452410573,1.0000000000000142,0.00068359375,-0.612244897959183,-0.5122408325718831,0.0006835937499999903,0,1480,-0.23872377897602026,-0.8554657683109234,0.026145625829189674,75.2858875171191,20.0,0.0,0.2727931097101266,1.7179727020810263,2.0,-0.9223232223054418,-0.06685745399451848,2.0,1.0,2.0,0.0,250.0,-31.25,0,0,2.0,2.0,-62.5,1593.75,0.0,0.0,2890.0,-1296.25,-62.5,62.5
1481,2019-06-17,17:42:57,154.625,154.65625,154.59375,154.625,288,44530.25,154.61892361111111,0.0,0.0,154.62441319267447,154.43348568833252,0.19092750434194272,1.0000000000000153,0.00068359375,-0.612244897959183,0.5122408325718831,0.0006835937499999895,0,1481,-0.37894129918854186,-0.9223232223054418,0.02614562582918966,73.02464495945867,20.0,0.0,0.2727931097101266,1.7179727020810263,2.0,-0.9444392619324852,-0.022116039627043338,2.0,1.0,2.0,0.0,250.0,-31.25,0,0,2.0,2.0,0.0,1593.75,0.0,0.0,2890.0,-1296.25,0.0,0.0
1482,2019-06-17,17:49:36,154.625,154.625,154.625,154.625,287,44377.375,154.625,0.0,0.0,154.62454359430237,154.43937843638386,0.18516515791850452,1.000000000000037,0.00029296875,-3.3333333333333304,-0.6085806194501845,0.0002929687499999892,0,1482,-0.43540331358543355,-0.9444392619324852,0.017116329922036124,108.18040944637134,20.0,0.0,0.2727931097101266,1.7179727020810263,2.0,-0.9804442847374684,-0.03600502280498319,2.0,1.0,2.0,0.0,250.0,-31.25,0,0,2.0,2.0,0.0,1593.75,0.0,0.0,2890.0,-1296.25,0.0,0.0
1483,2019-06-17,18:05:24,154.625,154.625,154.53125,154.59375,287,44364.5,154.5801393728223,-0.03125,-0.0002021222846702031,154.6177005733463,154.444128330649,0.1735722426973041,1.0000000000000042,0.00224609375,3.724007561436674,1.7487916903105656,0.0022460937499999903,0,1483,-0.5541224073370975,-0.9804442847374684,0.04739297152532209,36.624047218597454,20.0,0.0,0.2727931097101266,1.7179727020810263,2.0,-0.9984315556705761,-0.017987270933107702,2.0,1.0,2.0,0.0,250.0,-62.5,0,0,2.0,2.0,-62.5,1531.25,0.0,0.0,2890.0,-1358.75,-62.5,0.0
1484,2019-06-17,18:14:20,154.59375,154.625,154.5625,154.59375,287,44368.71875,154.59483885017423,0.0,0.0,154.61237822371382,154.44873207432136,0.1636461493924628,1.000000000000004,0.00263671875,3.251028806584363,1.7355817665801556,0.0026367187499999898,0,1484,-0.6664096657622609,-0.9984315556705761,0.05134898976610922,31.86939998972885,20.0,0.0,0.2727931097101266,1.7179727020810263,2.0,-0.9845663331465699,0.013865222524006127,2.0,1.0,2.0,0.0,250.0,-62.5,0,0,2.0,2.0,0.0,1531.25,0.0,0.0,2890.0,-1358.75,0.0,0.0
1485,2019-06-17,18:29:14,154.59375,154.6875,154.59375,154.6875,288,44533.5625,154.63042534722223,0.09375,0.0006062443350272062,154.62907195177743,154.45607877972685,0.17299317205058173,1.0000000000000033,0.0029296875,3.666666666666669,1.9245008972987523,0.0029296874999999896,-1,1485,-0.8199455723645614,-0.9845663331465699,0.05412658773652732,31.96084942443865,20.0,0.0,0.2727931097101266,1.7179727020810263,2.0,-0.951442937540411,0.033123395606158956,2.0,1.0,2.0,0.0,250.0,31.25,0,0,2.0,2.0,187.5,1718.75,0.0,0.0,2890.0,-1171.25,187.5,187.5
1486,2019-06-17,18:33:49,154.6875,154.71875,154.625,154.65625,287,44392.0,154.67595818815332,-0.03125,-0.00020204061084960756,154.63511151804911,154.46223789419682,0.172873623852297,1.000000000000004,0.00263671875,3.251028806584363,1.7355817665801556,0.0026367187499999898,0,1486,-0.8904370196886521,-0.951442937540411,0.05134898976610922,33.66641186900138,20.0,0.0,0.2727931097101266,1.7179727020810263,2.0,-0.9003864487261534,0.05105648881425762,2.0,1.0,2.0,0.0,250.0,0.0,0,0,2.0,2.0,-62.5,1656.25,0.0,0.0,2890.0,-1233.75,-62.5,187.5
1487,2019-06-17,18:42:54,154.65625,154.6875,154.625,154.625,287,44386.75,154.65766550522648,-0.03125,-0.00020208143950739554,154.6328645140382,154.4672459589908,0.1656185550474163,1.0000000000000036,0.002734375,0.5357142857142883,1.0885117692152515,0.0027343749999999903,0,1487,-0.9443252126660152,-0.9003864487261534,0.052291251658379626,31.672325636687276,20.0,0.0,0.2727931097101266,1.7179727020810263,2.0,-0.7241457534296075,0.17624069529654585,-2.0,1.0,2.0,0.0,250.0,-31.25,0,0,-2.0,2.0,-62.5,1593.75,0.0,4.0,2900.0,-1306.25,-72.5,-62.5
1488,2019-06-17,18:50:21,154.625,154.65625,154.59375,154.625,287,44376.84375,154.62314895470382,0.0,0.0,154.63111684425195,154.4720999294834,0.15901691476855717,1.0000000000000142,0.00078125,0.3125000000000024,1.2577882373436315,0.000781249999999989,0,1488,-0.9997024140136637,-0.7241457534296075,0.027950849718747173,56.891620959165856,20.0,0.0,0.2727931097101266,1.7179727020810263,2.0,-0.5093270656898773,0.21481868773973023,-2.0,-1.0,-2.0,1.0,251.0,0.0,0,0,-2.0,-2.0,-0.0,1593.75,0.0,0.0,2900.0,-1306.25,-0.0,-0.0
1489,2019-06-17,18:59:41,154.625,154.65625,154.59375,154.65625,288,44532.9375,154.62825520833334,0.03125,0.00020208143950739554,154.63670198997374,154.4777660854993,0.15893590447444694,1.0000000000000142,0.00078125,0.3125000000000024,1.2577882373436315,0.000781249999999989,-1,1489,-0.9686656472894402,-0.5093270656898773,0.027950849718747173,56.86263783524461,20.0,0.0,0.2727931097101266,1.7179727020810263,2.0,0.006848308747216722,0.516175374437094,-2.0,-1.0,-2.0,0.0,251.0,31.25,0,0,-2.0,-2.0,-62.5,1531.25,0.0,0.0,2900.0,-1368.75,-62.5,-0.0
1490,2019-06-17,19:03:12,154.65625,154.65625,154.59375,154.625,287,44377.125,154.62412891986062,-0.03125,-0.00020208143950739554,154.63410154775735,154.48229635979163,0.15180518796572073,1.0000000000000155,0.00068359375,-0.612244897959183,0.5122408325718831,0.0006835937499999893,0,1490,-0.7022477140192208,0.006848308747216722,0.026145625829189657,58.061409184645136,20.0,0.0,0.2727931097101266,1.7179727020810263,2.0,0.8165249789637317,0.8096766702165149,-2.0,-1.0,-2.0,0.0,251.0,0.0,0,0,-2.0,-2.0,62.5,1593.75,0.0,0.0,2900.0,-1306.25,62.5,62.5
1491,2019-06-17,19:17:24,154.625,154.65625,154.59375,154.59375,287,44375.34375,154.6179224738676,-0.03125,-0.0002021222846702031,154.62513453714462,154.4857257025673,0.13940883457732411,1.0000000000000155,0.00068359375,-0.612244897959183,0.5122408325718831,0.0006835937499999893,0,1491,0.16915045868724382,0.8165249789637317,0.026145625829189657,53.32013679385118,20.0,0.0,0.2727931097101266,1.7179727020810263,2.0,0.99924192012574,0.18271694116200832,-2.0,-1.0,-2.0,0.0,251.0,-31.25,0,0,-2.0,-2.0,62.5,1656.25,0.0,0.0,2900.0,-1243.75,62.5,62.5
1492,2019-06-17,19:39:37,154.59375,154.625,154.5625,154.59375,287,44366.03125,154.58547473867597,0.0,0.0,154.61816019555695,154.4890495271037,0.1291106684532508,1.000000000000017,0.0006835937499999997,-0.6122448979591795,-0.5122408325718838,0.0006835937499999881,0,1492,0.7340987695110226,0.99924192012574,0.026145625829189632,49.38136470579657,20.0,0.0,0.2727931097101266,1.7179727020810263,2.0,0.951777662070736,-0.04746425805500398,2.0,-1.0,-2.0,0.0,251.0,-31.25,0,0,2.0,-2.0,-0.0,1656.25,0.0,4.0,2910.0,-1253.75,-10.0,62.5
1493,2019-06-17,20:26:06,154.59375,154.65625,154.5625,154.59375,288,44524.21875,154.59798177083334,0.0,0.0,154.61273570765545,154.4922710801159,0.12046462753954756,1.000000000000005,0.0021484375,0.8677685950413228,0.5516180692881075,0.0021484374999999893,0,1493,0.8899407809997745,0.951777662070736,0.04635124054434778,25.989515302031634,20.0,0.0,0.2727931097101266,1.7179727020810263,2.0,0.9928324358555464,0.04105477378481037,-2.0,-1.0,2.0,1.0,252.0,0.0,0,0,-2.0,2.0,0.0,1656.25,0.0,4.0,2920.0,-1263.75,-10.0,-10.0
1494,2019-06-17,20:48:50,154.59375,154.59375,154.53125,154.53125,287,44357.71875,154.55651132404182,-0.0625,-0.0004043671708959806,154.5946277726209,154.49347043149697,0.1011573411239226,1.000000000000003,0.0037109375,-0.8171745152354575,0.08099829095409096,0.0037109374999999886,0,1494,0.7865481755723416,0.9928324358555464,0.06091746465505593,16.60563874362209,16.60563874362209,0.0,0.2727931097101266,1.3470719862001843,2.0,0.3506023968372039,-0.6422300390183424,2.0,-1.0,-2.0,1.0,253.0,-62.5,0,0,2.0,-2.0,125.0,1781.25,0.0,4.0,2930.0,-1148.75,115.0,115.0
1495,2019-06-17,22:44:00,154.53125,154.59375,154.46875,154.59375,288,44499.40625,154.51182725694446,0.0625,0.0004043671708959806,154.59443271203847,154.49655595668168,0.09787675535679341,1.0000000000000022,0.005078125,-2.5073964497041423,-0.2276977550124017,0.005078124999999989,-1,1495,-0.41430942452802755,0.3506023968372039,0.07126096406869604,13.734974910308477,13.734974910308477,0.0,0.2727931097101266,1.0333955120686635,1.0,-0.2454826877657192,-0.5960850846029231,2.0,-1.0,2.0,1.0,254.0,62.5,0,0,2.0,2.0,125.0,1906.25,-1.0,0.0,2930.0,-1023.75,125.0,125.0
1496,2019-06-18,00:08:02,154.59375,154.625,154.5,154.5,287,44359.8125,154.56380662020905,-0.09375,-0.0006066120901815353,154.5734476649188,154.49666192724533,0.0767857376734753,1.000000000000002,0.0056640625,-3.085612366230677,0.4725001439954169,0.0056640624999999886,0,1496,-0.8590524761763578,-0.2454826877657192,0.07525996611745177,10.202733489627459,10.202733489627459,0.0,0.2727931097101266,0.647428676884904,1.0,-0.10933547128193344,0.13614721648378575,-1.0,-1.0,2.0,0.0,254.0,-31.25,0,0,-1.0,2.0,-187.5,1718.75,0.0,3.0,2937.5,-1218.75,-195.0,125.0
1497,2019-06-18,00:49:56,154.5,154.59375,154.5,154.5625,287,44353.5,154.54181184668988,0.0625,0.00040444894383462326,154.57101485049242,154.49868771409933,0.07232713639308486,1.0000000000000007,0.01044921875,-1.609747576207526,0.008571278138071067,0.010449218749999992,-1,1497,-0.7801794632905122,-0.10933547128193344,0.10222142021122575,7.075536247063611,7.075536247063611,0.0,0.2727931097101266,0.3057208831761039,1.0,0.04667205739547859,0.15600752867741202,-1.0,-1.0,-1.0,1.0,255.0,62.5,0,0,-1.0,-1.0,-62.5,1656.25,0.0,0.0,2937.5,-1281.25,-62.5,-62.5
1498,2019-06-18,01:12:22,154.5625,154.5625,154.4375,154.5,288,44498.3125,154.50802951388889,-0.0625,-0.00040444894383462326,154.55523377260522,154.49872809212707,0.05650568047815341,1.0000000000000009,0.01005859375,-0.6814968423037051,0.6080512986543732,0.010058593749999992,0,1498,-0.6733340944457674,0.04667205739547859,0.10029254084925754,5.634086044652414,5.634086044652414,0.0,0.2727931097101266,0.14821410307827743,0.0,0.30855829078970004,0.26188623339422146,-1.0,-1.0,-1.0,0.0,255.0,0.0,0,0,-1.0,-1.0,62.5,1718.75,-1.0,0.0,2937.5,-1218.75,62.5,62.5
1499,2019-06-18,01:38:43,154.5,154.65625,154.5,154.65625,287,44357.90625,154.55716463414635,0.15625,0.001010815814359134,154.57768182313742,154.50357492006165,0.07410690307577283,1.0000000000000009,0.0068359375,0.6734693877551029,0.8099238707340588,0.006835937499999993,-1,1499,-0.4544201541802131,0.30855829078970004,0.08267972847076842,8.96312850156172,8.96312850156172,0.0,0.2727931097101266,0.5119774556517045,1.0,0.5654731619597815,0.25691487117008144,-0.0,-1.0,-1.0,0.0,255.0,156.25,0,0,-0.0,-1.0,-156.25,1562.5,1.0,1.0,2940.0,-1377.5,-158.75,62.5
1500,2019-06-18,02:03:44,154.65625,154.6875,154.625,154.65625,287,44383.6875,154.64699477351917,0.0,0.0,154.5951414179958,154.50827261482902,0.08686880316676593,1.0000000000000009,0.00751953125,-1.0844999156687447,0.47737985036336106,0.007519531249999993,0,1500,-0.18334821635445483,0.5654731619597815,0.08671523078444751,10.017709966395657,10.017709966395657,0.0,0.2727931097101266,0.6272112185656029,1.0,0.8074037236874338,0.24193056172765237,-1.0,-1.0,-0.0,0.0,255.0,156.25,0,0,-1.0,-0.0,-0.0,1562.5,0.0,1.0,2942.5,-1380.0,-2.5,-2.5
1501,2019-06-18,03:05:45,154.65625,154.71875,154.625,154.65625,288,44541.59375,154.65831163194446,0.0,0.0,154.60872110288562,154.512825765142,0.09589533774362735,1.000000000000001,0.005175781249999999,-1.0074759700961156,1.0162671340117093,0.005175781249999994,0,1501,0.15372811050429624,0.8074037236874338,0.07194290270763332,13.329367336390865,13.329367336390865,0.0,0.2727931097101266,0.989074908523575,1.0,0.9992153243996393,0.1918116007122055,-1.0,-1.0,-1.0,1.0,256.0,0.0,0,0,-1.0,-1.0,-0.0,1562.5,0.0,0.0,2942.5,-1380.0,-0.0,-0.0
1502,2019-06-18,03:58:58,154.65625,154.75,154.625,154.75,287,44398.125,154.69729965156793,0.09375,0.000605999412545799,154.6401164133555,154.52012343390686,0.11999297944865361,1.0000000000000042,0.0017578124999999998,4.999999999999997,2.2360679774997907,0.0017578124999999925,-1,1502,0.6785453656887046,0.9992153243996393,0.04192627457812097,28.61999561279203,20.0,0.0,0.2727931097101266,1.7179727020810263,2.0,0.8980106982386001,-0.1012046261610392,1.0,-1.0,-1.0,0.0,256.0,93.75,0,0,1.0,-1.0,-93.75,1468.75,1.0,2.0,2947.5,-1478.75,-98.75,-0.0
1503,2019-06-18,04:24:22,154.75,154.78125,154.71875,154.75,287,44412.8125,154.7484756097561,0.0,0.0,154.66453498816543,154.52719655901743,0.1373384291480022,1.0000000000000042,0.0016601562499999997,2.664359861591702,1.714392328011769,0.0016601562499999928,0,1503,0.9460977841886685,0.8980106982386001,0.040745015032516464,33.7068053695402,20.0,0.0,0.2727931097101266,1.7179727020810263,2.0,0.6628415164550969,-0.2351691817835032,-2.0,-1.0,1.0,1.0,257.0,0.0,0,0,-2.0,1.0,0.0,1468.75,0.0,3.0,2955.0,-1486.25,-7.5,-7.5
1504,2019-06-18,05:27:22,154.75,154.78125,154.71875,154.75,287,44413.5625,154.75108885017423,0.0,0.0,154.68352721301758,154.5340520495092,0.1494751635083844,1.0000000000000047,0.0014648437500000002,2.0000000000000058,1.3608276348795423,0.0014648437499999933,0,1504,0.9981528093527653,0.6628415164550969,0.03827327723098707,39.05470718022686,20.0,0.0,0.2727931097101266,1.7179727020810263,2.0,0.2876801570108092,-0.37516135944428775,2.0,1.0,-2.0,1.0,258.0,0.0,0,0,2.0,-2.0,-0.0,1468.75,0.0,4.0,2965.0,-1496.25,-10.0,-7.5
1505,2019-06-18,06:00:10,154.75,154.78125,154.71875,154.78125,287,44418.75,154.7691637630662,0.03125,0.0002019182238059969,154.70524338790258,154.54165814029355,0.16358524760903492,1.00000000000001,0.0006835937499999997,-0.6122448979591795,0.5122408325718838,0.0006835937499999929,-1,1505,0.880635521471424,0.2876801570108092,0.026145625829189726,62.56696576235848,20.0,0.0,0.2727931097101266,1.7179727020810263,2.0,0.12765087192932437,-0.1600292850814848,2.0,1.0,2.0,1.0,259.0,31.25,0,0,2.0,2.0,62.5,1531.25,0.0,0.0,2965.0,-1433.75,62.5,62.5
1506,2019-06-18,06:21:24,154.78125,154.875,154.78125,154.8125,287,44433.0,154.81881533101046,0.03125,0.00020187746106703486,154.7290781905909,154.54999173597682,0.17908645461409378,1.00000000000001,0.0006835937499999997,-0.6122448979591795,0.5122408325718838,0.0006835937499999929,-1,1506,0.7915848540323741,0.12765087192932437,0.026145625829189726,68.49576131169005,20.0,0.0,0.2727931097101266,1.7179727020810263,2.0,-0.09079240477268398,-0.21844327670200836,2.0,1.0,2.0,0.0,259.0,62.5,0,0,2.0,2.0,62.5,1593.75,0.0,0.0,2965.0,-1371.25,62.5,62.5
1507,2019-06-18,06:46:44,154.8125,154.875,154.75,154.875,286,44272.0625,154.79742132867133,0.0625,0.0004036326997276518,154.7615052593485,154.55999199025447,0.201513269094022,1.0000000000000062,0.00126953125,-0.1775147928994123,-0.4047960089109363,0.0012695312499999925,-1,1507,0.6399863923081418,-0.09079240477268398,0.03563048203434795,56.55642516982012,20.0,0.0,0.2727931097101266,1.7179727020810263,2.0,-0.2837159048087198,-0.1929235000360358,2.0,1.0,2.0,0.0,259.0,125.0,0,0,2.0,2.0,125.0,1718.75,0.0,0.0,2965.0,-1246.25,125.0,125.0
1508,2019-06-18,07:00:22,154.875,154.90625,154.84375,154.875,287,44454.59375,154.8940548780488,0.0,0.0,154.78672631282663,154.56968454440053,0.21704176842609968,1.0000000000000062,0.00126953125,-0.1775147928994123,-0.4047960089109363,0.0012695312499999925,0,1508,0.47743317933454665,-0.2837159048087198,0.03563048203434795,60.91463152726095,20.0,0.0,0.2727931097101266,1.7179727020810263,2.0,-0.4567432413286268,-0.17302733651990704,2.0,1.0,2.0,0.0,259.0,125.0,0,0,2.0,2.0,0.0,1718.75,0.0,0.0,2965.0,-1246.25,0.0,125.0
1509,2019-06-18,07:10:15,154.875,154.875,154.8125,154.84375,287,44441.625,154.8488675958188,-0.03125,-0.0002017959849442974,154.7993982433096,154.57811732764975,0.22128091565986097,1.0000000000000049,0.0016601562499999997,-1.4878892733564004,0.5413870509510851,0.0016601562499999917,0,1509,0.30607493648899936,-0.4567432413286268,0.04074501503251645,54.308708803584516,20.0,0.0,0.2727931097101266,1.7179727020810263,2.0,-0.6634958793853366,-0.2067526380567098,2.0,1.0,2.0,0.0,259.0,93.75,0,0,2.0,2.0,-62.5,1656.25,0.0,0.0,2965.0,-1308.75,-62.5,0.0
1510,2019-06-18,07:28:52,154.84375,154.90625,154.84375,154.875,287,44448.5,154.87282229965157,0.03125,0.0002017959849442974,154.81619863368527,154.5872521791067,0.228946454578562,1.0000000000000135,0.00068359375,-0.612244897959183,0.5122408325718831,0.0006835937499999908,-1,1510,0.05988067135488631,-0.6634958793853366,0.026145625829189684,87.56587280575246,20.0,0.0,0.2727931097101266,1.7179727020810263,2.0,-0.7156640796806558,-0.05216820029531921,2.0,1.0,2.0,0.0,259.0,125.0,0,0,2.0,2.0,62.5,1718.75,0.0,0.0,2965.0,-1246.25,62.5,62.5
1511,2019-06-18,07:38:13,154.875,154.90625,154.8125,154.84375,287,44447.21875,154.8683580139373,-0.03125,-0.0002017959849442974,154.822321159533,154.5951444197496,0.22717673978340258,1.0000000000000135,0.00068359375,-0.612244897959183,0.5122408325718831,0.0006835937499999908,0,1511,-0.012175977549916572,-0.7156640796806558,0.026145625829189684,86.88900440462065,20.0,0.0,0.2727931097101266,1.7179727020810263,2.0,-0.8117580029666549,-0.09609392328599908,2.0,1.0,2.0,0.0,259.0,93.75,0,0,2.0,2.0,-62.5,1656.25,0.0,0.0,2965.0,-1308.75,-62.5,62.5
1512,2019-06-18,07:50:58,154.84375,154.90625,154.84375,154.84375,286,44291.46875,154.86527534965035,0.0,0.0,154.82708312408124,154.60279382221884,0.22428930186239882,1.0000000000000062,0.00126953125,-0.17751479289940755,0.4047960089109363,0.001269531249999992,0,1512,-0.16105349971408955,-0.8117580029666549,0.03563048203434795,62.948713869821596,20.0,0.0,0.2727931097101266,1.7179727020810263,2.0,-0.8453824235340043,-0.03362442056734938,2.0,1.0,2.0,0.0,259.0,93.75,0,0,2.0,2.0,0.0,1656.25,0.0,0.0,2965.0,-1308.75,0.0,0.0
1513,2019-06-18,08:01:11,154.84375,154.84375,154.75,154.84375,287,44426.40625,154.79584059233449,0.0,0.0,154.83078687428542,154.61020785845827,0.22057901582715544,1.0000000000000029,0.0026367187499999997,-1.6872427983539058,0.5184205276797867,0.002636718749999993,0,1513,-0.220066392451622,-0.8453824235340043,0.05134898976610925,42.95683650873681,20.0,0.0,0.2727931097101266,1.7179727020810263,2.0,-0.8677538818233969,-0.022371458289392576,2.0,1.0,2.0,0.0,259.0,93.75,0,0,2.0,2.0,0.0,1656.25,0.0,0.0,2965.0,-1308.75,0.0,0.0
1514,2019-06-18,08:01:51,154.84375,154.96875,154.84375,154.90625,287,44455.0,154.89547038327527,0.0625,0.00040355125648527945,154.84755645777756,154.6193168474288,0.2282396103487656,1.0000000000000036,0.0017578125000000003,-2.4074074074074034,-0.16563466499998453,0.0017578124999999942,-1,1514,-0.2621667095750575,-0.8677538818233969,0.04192627457812099,54.438323615776554,20.0,0.0,0.2727931097101266,1.7179727020810263,2.0,-0.871670860895644,-0.003916979072247195,2.0,1.0,2.0,0.0,259.0,156.25,0,0,2.0,2.0,125.0,1781.25,0.0,0.0,2965.0,-1183.75,125.0,125.0
1515,2019-06-18,08:03:18,154.90625,155.0,154.90625,155.0,287,44474.625,154.96385017421602,0.09375,0.0006050216983997103,154.88143280049368,154.63103017520024,0.2504026252934466,1.0000000000000038,0.0012695312499999994,-0.17751479289940994,-0.40479600891093587,0.0012695312499999946,-1,1515,-0.2698171863617729,-0.871670860895644,0.03563048203434799,70.2776417821283,20.0,0.0,0.2727931097101266,1.7179727020810263,2.0,-0.8205634883109119,0.05110737258473219,2.0,1.0,2.0,0.0,259.0,250.0,0,0,2.0,2.0,187.5,1968.75,0.0,0.0,2965.0,-996.25,187.5,187.5
1516,2019-06-18,08:04:40,155.0,155.125,154.96875,155.0625,286,44344.03125,155.0490603146853,0.0625,0.0004031445327727923,154.92166995593954,154.64430616980948,0.27736378613005286,1.0000000000000064,0.0006835937499999995,-0.612244897959202,0.5122408325718871,0.0006835937499999952,-1,1516,-0.17607531623886413,-0.8205634883109119,0.026145625829189768,106.08420236030285,20.0,0.0,0.2727931097101266,1.7179727020810263,2.0,-0.7970221884141696,0.02354129989674225,2.0,1.0,2.0,0.0,259.0,312.5,0,0,2.0,2.0,125.0,2093.75,0.0,0.0,2965.0,-871.25,125.0,187.5
1517,2019-06-18,08:07:33,155.0625,155.09375,155.03125,155.09375,287,44503.4375,155.06424216027875,0.03125,0.00020151133569434876,154.95990996573076,154.65813521073844,0.30177475499232287,1.000000000000003,0.0021484375,0.867768595041318,-0.5516180692881069,0.0021484374999999937,-1,1517,-0.13652263689950586,-0.7970221884141696,0.046351240544347826,65.10607945942495,20.0,0.0,0.2727931097101266,1.7179727020810263,2.0,-0.7306697733486638,0.06635241506550582,2.0,1.0,2.0,0.0,259.0,343.75,0,0,2.0,2.0,62.5,2156.25,0.0,0.0,2965.0,-808.75,62.5,125.0
1518,2019-06-18,08:09:10,155.09375,155.1875,155.09375,155.125,286,44366.9375,155.1291520979021,0.03125,0.0002014707370570079,154.99659664001283,154.67250028117726,0.3240963588355612,1.0000000000000062,0.00126953125,-0.1775147928994123,-0.4047960089109363,0.001269531249999992,-1,1518,-0.033897798598121115,-0.7306697733486638,0.03563048203434795,90.96041937438028,20.0,0.0,0.2727931097101266,1.7179727020810263,2.0,-0.6715945251516562,0.0590752481970076,2.0,1.0,2.0,0.0,259.0,375.0,0,0,2.0,2.0,62.5,2218.75,0.0,0.0,2965.0,-746.25,62.5,62.5
1519,2019-06-18,08:13:00,155.125,155.15625,155.09375,155.09375,286,44365.25,155.12325174825176,-0.03125,-0.0002014707370570079,155.01818627556554,154.68546181098722,0.3327244645783196,1.0000000000000062,0.00126953125,-0.1775147928994123,-0.4047960089109363,0.001269531249999992,0,1519,0.04901972477680995,-0.6715945251516562,0.03563048203434795,93.38197116097717,20.0,0.0,0.2727931097101266,1.7179727020810263,2.0,-0.62185858522792,0.04973593992373615,2.0,1.0,2.0,0.0,259.0,343.75,0,0,2.0,2.0,-62.5,2156.25,0.0,0.0,2965.0,-808.75,-62.5,62.5
1520,2019-06-18,08:18:46,155.09375,155.09375,155.0625,155.09375,287,44509.59375,155.0856925087108,0.0,0.0,155.03497821432876,154.6980245244953,0.3369536898334502,1.000000000000007,0.00126953125,-0.17751479289940755,0.4047960089109363,0.0012695312499999914,0,1520,0.114035796363186,-0.62185858522792,0.03563048203434794,94.56893945712702,20.0,0.0,0.2727931097101266,1.7179727020810263,2.0,-0.5435758156192795,0.07828276960864056,2.0,1.0,2.0,0.0,259.0,343.75,0,0,2.0,2.0,0.0,2156.25,0.0,0.0,2965.0,-808.75,0.0,0.0
1521,2019-06-18,08:22:16,155.09375,155.1875,155.09375,155.15625,286,44371.59375,155.14543269230768,0.0625,0.00040290089183248057,155.0619275000335,154.71212376989547,0.349803730138035,1.0000000000000047,0.0017578124999999998,-2.4074074074074083,0.1656346649999846,0.001757812499999992,-1,1521,0.2091510543842299,-0.5435758156192795,0.04192627457812096,83.43305806630826,20.0,0.0,0.2727931097101266,1.7179727020810263,2.0,-0.5117035863221707,0.031872229297108756,2.0,1.0,2.0,0.0,259.0,406.25,0,0,2.0,2.0,125.0,2281.25,0.0,0.0,2965.0,-683.75,125.0,125.0
1522,2019-06-18,08:28:02,155.15625,155.1875,155.09375,155.15625,286,44370.5625,155.14182692307693,0.0,0.0,155.0828880555816,154.72578919236025,0.35709886322135276,1.0000000000000047,0.0017578124999999998,-2.4074074074074083,0.1656346649999846,0.001757812499999992,0,1522,0.2456902406145194,-0.5117035863221707,0.04192627457812096,85.17304883742358,20.0,0.0,0.2727931097101266,1.7179727020810263,2.0,-0.5203977248774464,-0.008694138555275677,2.0,1.0,2.0,0.0,259.0,406.25,0,0,2.0,2.0,0.0,2281.25,0.0,0.0,2965.0,-683.75,0.0,125.0
1523,2019-06-18,08:32:58,155.15625,155.25,155.15625,155.21875,286,44384.78125,155.19154283216784,0.0625,0.00040273862807715943,155.1130795987857,154.7409572172107,0.37212238157499655,1.0000000000000038,0.001953125,-1.7499999999999953,-0.8838834764831853,0.001953124999999993,-1,1523,0.2358386950522716,-0.5203977248774464,0.04419417382415914,84.20168302174993,20.0,0.0,0.2727931097101266,1.7179727020810263,2.0,-0.5652210693346545,-0.04482334445720815,2.0,1.0,2.0,0.0,259.0,468.75,0,0,2.0,2.0,125.0,2406.25,0.0,0.0,2965.0,-558.75,125.0,125.0
1524,2019-06-18,08:38:28,155.25,155.25,155.1875,155.1875,287,44548.3125,155.22060104529618,-0.03125,-0.00020134903923807457,155.12961746572225,154.75469699514272,0.37492047057952504,1.0000000000000007,0.005175781249999999,0.2741189035243856,0.6064819993295686,0.005175781249999995,0,1524,0.18364864814508183,-0.5652210693346545,0.07194290270763333,52.113614612292395,20.0,0.0,0.2727931097101266,1.7179727020810263,2.0,-0.6351787170932737,-0.06995764775861912,2.0,1.0,2.0,0.0,259.0,437.5,0,0,2.0,2.0,-62.5,2343.75,0.0,0.0,2965.0,-621.25,-62.5,125.0
1525,2019-06-18,08:48:30,155.1875,155.25,155.1875,155.25,286,44394.5,155.22552447552448,0.0625,0.0004026575452025227,155.1563691400062,154.76993708759989,0.3864320524063203,1.0000000000000009,0.00615234375,-0.6122448979591854,0.5122408325718836,0.006152343749999994,-1,1525,0.09700549014442528,-0.6351787170932737,0.07843687748756954,49.266628757316475,20.0,0.0,0.2727931097101266,1.7179727020810263,2.0,-0.7033714789853365,-0.0681927618920628,2.0,1.0,2.0,0.0,259.0,500.0,0,0,2.0,2.0,125.0,2468.75,0.0,0.0,2965.0,-496.25,125.0,125.0
1526,2019-06-18,08:52:18,155.25,155.4375,155.25,155.40625,286,44425.46875,155.3338068181818,0.15625,0.0010059351014239937,155.21189822000485,154.789515946443,0.4223822735618512,1.0000000000000009,0.007031249999999999,0.31249999999999883,1.2577882373436318,0.007031249999999992,-1,1526,0.005268635675257517,-0.7033714789853365,0.08385254915624207,50.37202539601131,20.0,0.0,0.2727931097101266,1.7179727020810263,2.0,-0.7202876727742137,-0.01691619378887721,2.0,1.0,2.0,0.0,259.0,656.25,0,0,2.0,2.0,312.5,2781.25,0.0,0.0,2965.0,-183.75,312.5,312.5
1527,2019-06-18,08:55:22,155.40625,155.46875,155.375,155.375,286,44445.25,155.40297202797203,-0.03125,-0.00020110608413670406,155.2481430600038,154.8075308403986,0.4406122196051854,1.0000000000000009,0.00615234375,-0.6122448979591854,0.5122408325718836,0.006152343749999994,0,1527,-0.01881766355479966,-0.7202876727742137,0.07843687748756954,56.17411525274095,20.0,0.0,0.2727931097101266,1.7179727020810263,2.0,-0.7153114569464027,0.004976215827810937,2.0,1.0,2.0,0.0,259.0,625.0,0,0,2.0,2.0,-62.5,2718.75,0.0,0.0,2965.0,-246.25,-62.5,312.5
1528,2019-06-18,09:05:36,155.375,155.375,155.3125,155.34375,285,44269.5,155.33157894736843,-0.03125,-0.00020114653592884224,155.26938904666963,154.8240298914633,0.44535915520631875,1.0000000000000009,0.008105468749999999,-0.062418348091160425,1.0831350893714544,0.008105468749999992,0,1528,-0.011671275388658801,-0.7153114569464027,0.09003037681804954,49.467654245898025,20.0,0.0,0.2727931097101266,1.7179727020810263,2.0,-0.7034531784961063,0.011858278450296411,2.0,1.0,2.0,0.0,259.0,593.75,0,0,2.0,2.0,-62.5,2656.25,0.0,0.0,2965.0,-308.75,-62.5,-62.5
1529,2019-06-18,09:11:50,155.34375,155.40625,155.3125,155.40625,286,44432.25,155.3575174825175,0.0625,0.0004022526200655463,155.29980259185416,154.84194435634137,0.4578582355127878,1.0000000000000056,0.0022460937500000003,3.7240075614366694,1.7487916903105647,0.0022460937499999877,-1,1529,0.005153694106687964,-0.7034531784961063,0.04739297152532206,96.60888962578642,20.0,0.0,0.2727931097101266,1.7179727020810263,2.0,-0.6926750660050165,0.010778112491089842,2.0,1.0,2.0,0.0,259.0,656.25,0,0,2.0,2.0,125.0,2781.25,0.0,0.0,2965.0,-183.75,125.0,125.0
1530,2019-06-18,09:28:33,155.40625,155.4375,155.34375,155.34375,286,44438.03125,155.37773164335664,-0.0625,-0.0004022526200655463,155.30956868255325,154.85738452999243,0.4521841525608181,1.0000000000000009,0.008105468749999999,-0.062418348091160425,1.0831350893714544,0.008105468749999992,0,1530,0.02020537785244062,-0.6926750660050165,0.09003037681804954,50.22573141892737,20.0,0.0,0.2727931097101266,1.7179727020810263,2.0,-0.6959149367661677,-0.0032398707611511757,2.0,1.0,2.0,0.0,259.0,593.75,0,0,2.0,2.0,-125.0,2656.25,0.0,0.0,2965.0,-308.75,-125.0,125.0
1531,2019-06-18,09:42:12,155.34375,155.375,155.28125,155.3125,286,44422.1875,155.32233391608392,-0.03125,-0.00020118700399862632,155.31022008643032,154.87138808291576,0.43883200351456253,1.0000000000000009,0.00732421875,-0.13333333333333167,0.6085806194501847,0.007324218749999993,0,1531,0.015704337455808962,-0.6959149367661677,0.08558164961018216,51.27641328642397,20.0,0.0,0.2727931097101266,1.7179727020810263,2.0,-0.701230868730974,-0.005315931964806286,2.0,1.0,2.0,0.0,259.0,562.5,0,0,2.0,2.0,-62.5,2593.75,0.0,0.0,2965.0,-371.25,-62.5,-62.5
1532,2019-06-18,09:56:27,155.3125,155.5,155.3125,155.46875,286,44446.03125,155.40570367132867,0.15625,0.001005530502018459,155.34544895611248,154.8897684495953,0.45568050651718295,1.000000000000001,0.009765625,1.0500000000000007,1.1858541225631423,0.00976562499999999,-1,1532,0.00827555211826765,-0.701230868730974,0.0988211768802618,46.111625149872,20.0,0.0,0.2727931097101266,1.7179727020810263,2.0,-0.7058886157808104,-0.004657747049836458,2.0,1.0,2.0,0.0,259.0,718.75,0,0,2.0,2.0,312.5,2906.25,0.0,0.0,2965.0,-58.75,312.5,312.5
1533,2019-06-18,10:00:59,155.46875,155.5,155.46875,155.5,286,44470.84375,155.49246066433565,0.03125,0.000200984826322248,155.37979363253194,154.90854480499237,0.47124882753956854,1.000000000000001,0.00859375,0.8677685950413215,0.5516180692881073,0.008593749999999992,-1,1533,0.001721264660893435,-0.7058886157808104,0.09270248108869575,50.83454315410261,20.0,0.0,0.2727931097101266,1.7179727020810263,2.0,-0.7185640109725073,-0.012675395191696914,2.0,1.0,2.0,0.0,259.0,750.0,0,0,2.0,2.0,62.5,2968.75,0.0,0.0,2965.0,3.75,62.5,312.5
1534,2019-06-18,10:11:10,155.5,155.5,155.34375,155.40625,285,44299.71875,155.4376096491228,-0.09375,-0.0006030757042765345,155.38567282530263,154.9238588109926,0.461814014310022,1.0000000000000009,0.0095703125,0.0020824656393199823,0.606280821887698,0.009570312499999992,0,1534,-0.016336417930131717,-0.7185640109725073,0.09782797401561576,47.20674418099521,20.0,0.0,0.2727931097101266,1.7179727020810263,2.0,-0.7362286563736662,-0.017664645401158863,2.0,1.0,2.0,0.0,259.0,656.25,0,0,2.0,2.0,-187.5,2781.25,0.0,0.0,2965.0,-183.75,-187.5,62.5
1535,2019-06-18,10:22:47,155.40625,155.4375,155.375,155.4375,286,44444.0625,155.39881993006992,0.03125,0.00020106564861155363,155.3971899752354,154.93966315526978,0.45752681996560796,1.000000000000004,0.003125,-2.3242187499999987,-0.052407843222650706,0.003124999999999988,-1,1535,-0.042069880163856065,-0.7362286563736662,0.05590169943749464,81.84488567779275,20.0,0.0,0.2727931097101266,1.7179727020810263,2.0,-0.7621066323088125,-0.02587797593514629,2.0,1.0,2.0,0.0,259.0,687.5,0,0,2.0,2.0,62.5,2843.75,0.0,0.0,2965.0,-121.25,62.5,62.5
1536,2019-06-18,10:34:56,155.4375,155.4375,155.34375,155.375,286,44439.75,155.38374125874125,-0.0625,-0.0004021717327482577,155.39225886962754,154.95305813510765,0.4392007345198863,1.000000000000002,0.0056640625,-0.9453032104637332,0.601363819630531,0.0056640624999999886,0,1536,-0.0810734018191834,-0.7621066323088125,0.07525996611745177,58.35781720051048,20.0,0.0,0.2727931097101266,1.7179727020810263,2.0,-0.7831196195544571,-0.0210129872456446,2.0,1.0,2.0,0.0,259.0,625.0,0,0,2.0,2.0,-125.0,2718.75,0.0,0.0,2965.0,-246.25,-125.0,62.5
1537,2019-06-18,10:48:27,155.375,155.40625,155.3125,155.34375,286,44436.1875,155.37128496503496,-0.03125,-0.00020114653592884224,155.38147912082144,154.9650794232582,0.4163996975632358,1.0000000000000027,0.00390625,-0.1875000000000012,0.9375000000000003,0.0039062499999999896,0,1537,-0.1140199236494477,-0.7831196195544571,0.06249999999999992,66.62395161011781,20.0,0.0,0.2727931097101266,1.7179727020810263,2.0,-0.8015339129115375,-0.018414293357080447,2.0,1.0,2.0,0.0,259.0,593.75,0,0,2.0,2.0,-62.5,2656.25,0.0,0.0,2965.0,-308.75,-62.5,-62.5
1538,2019-06-18,11:02:48,155.34375,155.4375,155.3125,155.4375,286,44439.59375,155.38319493006992,0.09375,0.0006033182686770999,155.39392820508334,154.97961544100414,0.4143127640791988,1.000000000000003,0.0037109375,4.1689750692520775,1.9439589828981871,0.0037109374999999886,-1,1538,-0.1439560478695586,-0.8015339129115375,0.06091746465505593,68.01214831005156,20.0,0.0,0.2727931097101266,1.7179727020810263,2.0,-0.829902315205236,-0.028368402293698525,2.0,1.0,2.0,0.0,259.0,687.5,0,0,2.0,2.0,187.5,2843.75,0.0,0.0,2965.0,-121.25,187.5,187.5
1539,2019-06-18,11:06:49,155.40625,155.4375,155.40625,155.40625,286,44450.9375,155.4228583916084,-0.03125,-0.00020106564861155363,155.3966663817315,154.99274265820404,0.40392372352746975,1.0000000000000024,0.0037109375,-2.479224376731304,0.7559840489048504,0.0037109374999999907,0,1539,-0.1923285109416741,-0.829902315205236,0.06091746465505595,66.30671939725013,20.0,0.0,0.2727931097101266,1.7179727020810263,2.0,-0.8699392538699983,-0.04003693866476221,2.0,1.0,2.0,0.0,259.0,656.25,0,0,2.0,2.0,-62.5,2781.25,0.0,0.0,2965.0,-183.75,-62.5,187.5
1540,2019-06-18,11:10:35,155.40625,155.40625,155.375,155.375,285,44288.21875,155.3972587719298,-0.03125,-0.00020110608413670406,155.39185163023564,155.004504422567,0.3873472076686255,1.0000000000000009,0.006640624999999999,-1.8122837370242177,0.16354400497480692,0.006640624999999994,0,1540,-0.26642394759324356,-0.8699392538699983,0.08149003006503307,47.53307948954042,20.0,0.0,0.2727931097101266,1.7179727020810263,2.0,-0.8962187682081942,-0.026279514338195975,2.0,1.0,2.0,0.0,259.0,625.0,0,0,2.0,2.0,-62.5,2718.75,0.0,0.0,2965.0,-246.25,-62.5,-62.5
1541,2019-06-18,11:16:30,155.375,155.4375,155.375,155.4375,286,44444.5625,155.4005681818182,0.0625,0.0004021717327482577,155.40199571240552,155.01782736341113,0.3841683489943932,1.0000000000000013,0.006054687500000001,0.31737773152965926,0.9198156830980223,0.006054687499999992,-1,1541,-0.3200410655798247,-0.8962187682081942,0.07781187248742953,49.37143095437723,20.0,0.0,0.2727931097101266,1.7179727020810263,2.0,-0.8889998158434905,0.007218952364703712,2.0,1.0,2.0,0.0,259.0,687.5,0,0,2.0,2.0,125.0,2843.75,0.0,0.0,2965.0,-121.25,125.0,125.0
1542,2019-06-18,11:22:15,155.4375,155.59375,155.4375,155.59375,286,44479.25,155.52185314685315,0.15625,0.001004722278832304,155.44460777631542,155.03554805992158,0.4090597163938412,1.000000000000001,0.004589843749999999,1.4350384789497557,0.42200895686427736,0.004589843749999994,-1,1542,-0.3048282621144185,-0.8889998158434905,0.06774838558962121,60.37925669132218,20.0,0.0,0.2727931097101266,1.7179727020810263,2.0,-0.8870636772121189,0.0019361386313716533,2.0,1.0,2.0,0.0,259.0,843.75,0,0,2.0,2.0,312.5,3156.25,0.0,0.0,2965.0,191.25,312.5,312.5
1543,2019-06-18,11:25:15,155.59375,155.65625,155.5625,155.625,285,44350.0625,155.6142543859649,0.03125,0.00020082337651583515,155.4846949371342,155.05368504269325,0.4310098944409617,1.0000000000000018,0.0026367187499999993,3.2510288065843724,1.7355817665801574,0.002636718749999995,-1,1543,-0.30081495604753217,-0.8870636772121189,0.05134898976610927,83.93736593537261,20.0,0.0,0.2727931097101266,1.7179727020810263,2.0,-0.871981414571472,0.015082262640646826,2.0,1.0,2.0,0.0,259.0,875.0,0,0,2.0,2.0,62.5,3218.75,0.0,0.0,2965.0,253.75,62.5,312.5
1544,2019-06-18,11:31:31,155.625,155.6875,155.59375,155.6875,286,44512.5,155.6381118881119,0.0625,0.0004015258034275604,155.52976272888216,155.0731870413796,0.45657568750254995,1.0000000000000018,0.0026367187499999993,3.2510288065843724,1.7355817665801574,0.002636718749999995,-1,1544,-0.27042763911384426,-0.871981414571472,0.05134898976610927,88.91619671238273,20.0,0.0,0.2727931097101266,1.7179727020810263,2.0,-0.8715141323046687,0.0004672822668033705,2.0,1.0,2.0,0.0,259.0,937.5,0,0,2.0,2.0,125.0,3343.75,0.0,0.0,2965.0,378.75,125.0,125.0
1545,2019-06-18,11:37:04,155.6875,155.71875,155.625,155.71875,285,44372.90625,155.69440789473686,0.03125,0.0002007024592787232,155.5717599002417,155.0930505170295,0.47870938321219114,1.0000000000000262,0.00029296875000000053,-3.3333333333331896,0.6085806194501694,0.0002929687499999929,-1,1545,-0.26950932637339675,-0.8715141323046687,0.01711632992203623,279.67992285301887,20.0,0.0,0.2727931097101266,1.7179727020810263,2.0,-0.8783704708486355,-0.006856338543966833,2.0,1.0,2.0,0.0,259.0,968.75,0,0,2.0,2.0,62.5,3406.25,0.0,0.0,2965.0,441.25,62.5,125.0
1546,2019-06-18,11:39:23,155.71875,155.8125,155.71875,155.78125,285,44396.6875,155.77785087719298,0.0625,0.0004012841145337731,155.61831325574354,155.1142258857363,0.5040873700072552,1.0000000000000113,0.0006835937500000001,-0.6122448979591925,-0.5122408325718826,0.0006835937499999923,-1,1546,-0.28311849489758023,-0.8783704708486355,0.026145625829189712,192.79988679577826,20.0,0.0,0.2727931097101266,1.7179727020810263,2.0,-0.8727964254457964,0.005574045402839123,2.0,1.0,2.0,0.0,259.0,1031.25,0,0,2.0,2.0,125.0,3531.25,0.0,0.0,2965.0,566.25,125.0,125.0
1547,2019-06-18,11:42:28,155.78125,155.84375,155.78125,155.8125,285,44400.59375,155.79155701754385,0.03125,0.00020058168756520445,155.66146586557832,155.13571124309826,0.5257546224800649,1.0000000000000167,0.0004882812499999999,1.9999999999999691,2.6168207644729593e-15,0.00048828124999999176,-1,1547,-0.2720324688090977,-0.8727964254457964,0.022097086912079424,237.92938162933137,20.0,0.0,0.2727931097101266,1.7179727020810263,2.0,-0.8236538499833167,0.04914257546247969,2.0,1.0,2.0,0.0,259.0,1062.5,0,0,2.0,2.0,62.5,3593.75,0.0,0.0,2965.0,628.75,62.5,125.0
1548,2019-06-18,11:48:01,155.8125,155.8125,155.75,155.8125,285,44399.34375,155.78717105263158,0.0,0.0,155.69502900656093,155.1565355125414,0.5384934940195194,1.0000000000000113,0.0006835937500000001,-0.6122448979591925,-0.5122408325718826,0.0006835937499999923,0,1548,-0.1814160011262335,-0.8236538499833167,0.026145625829189712,205.9593055976232,20.0,0.0,0.2727931097101266,1.7179727020810263,2.0,-0.710893929253976,0.11275992072934071,2.0,1.0,2.0,0.0,259.0,1062.5,0,0,2.0,2.0,0.0,3593.75,0.0,0.0,2965.0,628.75,0.0,62.5
1549,2019-06-18,11:54:44,155.8125,155.84375,155.75,155.84375,285,44405.03125,155.80712719298245,0.03125,0.00020054146261916372,155.72807811621408,155.177680573694,0.5503975425200736,1.0000000000000073,0.00126953125,-0.1775147928994123,-0.4047960089109363,0.0012695312499999907,-1,1549,-0.005370256088869589,-0.710893929253976,0.03563048203434793,154.47378511171644,20.0,0.0,0.2727931097101266,1.7179727020810263,2.0,-0.632614484464329,0.07827944478964699,2.0,1.0,2.0,0.0,259.0,1093.75,0,0,2.0,2.0,62.5,3656.25,0.0,0.0,2965.0,691.25,62.5,62.5
1550,2019-06-18,11:58:24,155.84375,155.90625,155.8125,155.90625,285,44425.375,155.87850877192983,0.0625,0.00040096231491482115,155.76767186816653,155.20009809450343,0.5675737736630992,1.0000000000000033,0.00361328125,-0.021913805697588867,-0.5901286563843656,0.0036132812499999885,-1,1550,0.10030477521135762,-0.632614484464329,0.06011057519272286,94.42161746803768,20.0,0.0,0.2727931097101266,1.7179727020810263,2.0,-0.5048925213131824,0.1277219631511466,2.0,1.0,2.0,0.0,259.0,1156.25,0,0,2.0,2.0,125.0,3781.25,0.0,0.0,2965.0,816.25,125.0,125.0
1551,2019-06-18,12:01:22,155.90625,155.9375,155.875,155.875,285,44430.46875,155.89638157894737,-0.03125,-0.0002004610611106017,155.79152256412954,155.22086430698025,0.5706582571492902,1.0000000000000033,0.00361328125,-0.021913805697588867,-0.5901286563843656,0.0036132812499999885,0,1551,0.25334907434109005,-0.5048925213131824,0.06011057519272286,94.93475238253511,20.0,0.0,0.2727931097101266,1.7179727020810263,2.0,-0.4284954580036991,0.07639706330948332,2.0,1.0,2.0,0.0,259.0,1125.0,0,0,2.0,2.0,-62.5,3718.75,0.0,0.0,2965.0,753.75,-62.5,125.0
1552,2019-06-18,12:05:10,155.875,155.875,155.75,155.78125,285,44403.625,155.80219298245615,-0.09375,-0.0006016244039885876,155.78923977210076,155.23810694368856,0.551132828412193,1.000000000000002,0.00712890625,-0.6811784574967182,-0.18252325730899907,0.007128906249999985,0,1552,0.33590999947443656,-0.4284954580036991,0.08443285053816427,65.27469165133505,20.0,0.0,0.2727931097101266,1.7179727020810263,2.0,-0.4806058936987001,-0.05211043569500101,2.0,1.0,2.0,0.0,259.0,1031.25,0,0,2.0,2.0,-187.5,3531.25,0.0,0.0,2965.0,566.25,-187.5,-62.5
1553,2019-06-18,12:10:28,155.78125,155.8125,155.71875,155.78125,285,44392.4375,155.76293859649124,0.0,0.0,155.7874642671895,155.25481903772894,0.5326452294605701,1.0000000000000036,0.004589843749999999,-0.7378904481665932,-0.9127170462413444,0.004589843749999984,0,1553,0.2802482003801144,-0.4806058936987001,0.06774838558962112,78.62109551761334,20.0,0.0,0.2727931097101266,1.7179727020810263,2.0,-0.6375810784787679,-0.15697518478006778,2.0,1.0,2.0,0.0,259.0,1031.25,0,0,2.0,2.0,0.0,3531.25,0.0,0.0,2965.0,566.25,0.0,0.0
1554,2019-06-18,12:12:38,155.78125,155.78125,155.59375,155.625,286,44523.09375,155.67515297202797,-0.15625,-0.0010035123772400567,155.75136109670296,155.26620922118346,0.4851518755195059,1.0000000000000033,0.005175781250000001,-2.7162691349234716,0.19669686464742664,0.0051757812499999825,0,1554,0.09390532360458582,-0.6375810784787679,0.07194290270763325,67.43568264003761,20.0,0.0,0.2727931097101266,1.7179727020810263,2.0,-0.7735975802188002,-0.13601650174003233,2.0,1.0,2.0,0.0,259.0,875.0,0,0,2.0,2.0,-312.5,3218.75,0.0,0.0,2965.0,253.75,-312.5,0.0
1555,2019-06-18,12:15:51,155.625,155.6875,155.59375,155.625,285,44354.59375,155.63015350877194,0.0,0.0,155.7232808529912,155.27724893745474,0.4460319155364516,1.0000000000000024,0.006054687499999999,-2.8043704474505717,-0.6995781251731448,0.0060546874999999846,0,1555,-0.0989386552137952,-0.7735975802188002,0.07781187248742948,57.321832938605624,20.0,0.0,0.2727931097101266,1.7179727020810263,2.0,-0.8849183019132199,-0.11132072169441964,2.0,1.0,2.0,0.0,259.0,875.0,0,0,2.0,2.0,0.0,3218.75,0.0,0.0,2965.0,253.75,0.0,0.0
1556,2019-06-18,12:20:00,155.625,155.625,155.5,155.5,286,44499.0,155.5909090909091,-0.125,-0.0008035355996831584,155.67366288565984,155.2841028163023,0.38956006935754317,1.000000000000002,0.00712890625,-2.7078251079001645,-0.5779903148118282,0.007128906249999985,0,1556,-0.29639937795999927,-0.8849183019132199,0.08443285053816427,46.138448112853794,20.0,0.0,0.2727931097101266,1.7179727020810263,2.0,-0.9869410430887857,-0.10202274117556587,2.0,1.0,2.0,0.0,259.0,750.0,0,0,2.0,2.0,-250.0,2968.75,0.0,0.0,2965.0,3.75,-250.0,0.0
1557,2019-06-18,12:22:00,155.53125,155.59375,155.5,155.5,285,44327.78125,155.5360745614035,0.0,0.0,155.635071133291,155.29074580656993,0.3443253267210764,1.0000000000000036,0.00361328125,2.607742878013152,-1.5174736878455117,0.003613281249999987,0,1557,-0.583970602667388,-0.9869410430887857,0.060110575192722844,57.281988338511425,20.0,0.0,0.2727931097101266,1.7179727020810263,2.0,-0.995881350716321,-0.008940307627535282,2.0,1.0,2.0,0.0,259.0,750.0,0,0,2.0,2.0,0.0,2968.75,0.0,0.0,2965.0,3.75,0.0,0.0
1558,2019-06-18,12:23:27,155.5,155.5625,155.46875,155.53125,286,44477.5,155.51573426573427,0.03125,0.00020094443953944108,155.61199977033746,155.29814593559857,0.31385383473889306,1.0000000000000027,0.00419921875,1.9307733910221725,-1.446728466511237,0.004199218749999988,-1,1558,-0.7683050455498749,-0.995881350716321,0.06480137922914904,48.43320288431684,20.0,0.0,0.2727931097101266,1.7179727020810263,2.0,-0.9423567967176428,0.05352455399867817,2.0,1.0,2.0,0.0,259.0,781.25,0,0,2.0,2.0,62.5,3031.25,0.0,0.0,2965.0,66.25,62.5,62.5
1559,2019-06-18,12:25:57,155.53125,155.5625,155.5,155.5,285,44321.21875,155.51304824561404,-0.03125,-0.00020094443953944108,155.5871109324847,155.30435682988787,0.2827541025968401,1.0000000000000124,0.00078125,0.3125000000000024,-1.2577882373436315,0.0007812499999999903,0,1559,-0.9029516864484627,-0.9423567967176428,0.027950849718747197,101.1611830917581,20.0,0.0,0.2727931097101266,1.7179727020810263,2.0,-0.8312802040494054,0.11107659266823744,2.0,1.0,2.0,0.0,259.0,750.0,0,0,2.0,2.0,-62.5,2968.75,0.0,0.0,2965.0,3.75,-62.5,62.5
1560,2019-06-18,12:30:10,155.5,155.5625,155.5,155.53125,286,44476.34375,155.51169143356643,0.03125,0.00020094443953944108,155.57469739193257,155.31133815819902,0.26335923373355286,1.000000000000004,0.003125,0.31250000000000117,-1.257788237343631,0.0031249999999999885,-1,1560,-0.9808517178078868,-0.8312802040494054,0.05590169943749464,47.11113193043849,20.0,0.0,0.2727931097101266,1.7179727020810263,2.0,-0.6604156839186271,0.17086452013077824,-2.0,1.0,2.0,0.0,259.0,781.25,0,0,-2.0,2.0,62.5,3031.25,0.0,4.0,2975.0,56.25,52.5,52.5
1561,2019-06-18,12:33:37,155.53125,155.59375,155.53125,155.5625,285,44336.625,155.56710526315788,0.03125,0.0002009040689827657,155.57198686039203,155.31906621486982,0.2529206455222095,1.0000000000000022,0.005078125,-0.17751479289940994,-0.4047960089109366,0.005078124999999989,-1,1561,-0.9979510385418597,-0.6604156839186271,0.07126096406869604,35.49217286457033,20.0,0.0,0.2727931097101266,1.7179727020810263,2.0,-0.43064926721009744,0.2297664167085297,-2.0,-1.0,-2.0,1.0,260.0,31.25,0,0,-2.0,-2.0,-62.5,2968.75,0.0,0.0,2975.0,-6.25,-62.5,52.5
1562,2019-06-18,12:34:09,155.5625,155.5625,155.46875,155.46875,286,44469.5,155.48776223776224,-0.09375,-0.0006028333348444548,155.54904533586048,155.32367186979693,0.22537346606355868,1.0000000000000022,0.005078125,-0.17751479289940994,-0.4047960089109366,0.005078124999999989,0,1562,-0.942692582044749,-0.43064926721009744,0.07126096406869604,31.626496920010393,20.0,0.0,0.2727931097101266,1.7179727020810263,2.0,-0.1480708892239241,0.28257837798617336,-2.0,-1.0,-2.0,0.0,260.0,-62.5,0,0,-2.0,-2.0,187.5,3156.25,0.0,0.0,2975.0,181.25,187.5,187.5
1563,2019-06-18,12:35:08,155.46875,155.5625,155.46875,155.5625,286,44485.78125,155.5446896853147,0.09375,0.0006028333348444548,155.55203526122483,155.33102042764935,0.2210148335754809,1.0000000000000018,0.0056640625,-0.9453032104637332,-0.601363819630531,0.005664062499999989,-1,1563,-0.8040140961286782,-0.1480708892239241,0.07525996611745178,29.366852654512492,20.0,0.0,0.2727931097101266,1.7179727020810263,2.0,0.16127300220951157,0.30934389143343566,-2.0,-1.0,-2.0,0.0,260.0,31.25,0,0,-2.0,-2.0,-187.5,2968.75,0.0,0.0,2975.0,-6.25,-187.5,187.5
1564,2019-06-18,12:38:01,155.5625,155.59375,155.53125,155.53125,285,44336.3125,155.56600877192983,-0.03125,-0.0002009040689827657,155.54741631428598,155.33718133756787,0.21023497671811242,1.0000000000000018,0.005566406249999999,-1.1172668513388746,-0.2057527970555698,0.005566406249999989,0,1564,-0.5838134019518689,0.16127300220951157,0.07460835241445819,28.178477330558426,20.0,0.0,0.2727931097101266,1.7179727020810263,2.0,0.5979322578028123,0.43665925559330077,-2.0,-1.0,-2.0,0.0,260.0,0.0,0,0,-2.0,-2.0,62.5,3031.25,0.0,0.0,2975.0,56.25,62.5,62.5
1565,2019-06-18,12:40:20,155.53125,155.59375,155.5,155.59375,286,44494.03125,155.57353583916083,0.0625,0.0004017677836278821,155.5577126888891,155.3450757579504,0.21263693093868596,1.0000000000000036,0.0026367187499999997,-1.6872427983539058,0.5184205276797867,0.00263671874999999,-1,1565,-0.14397710995039223,0.5979322578028123,0.05134898976610923,41.41014884756859,20.0,0.0,0.2727931097101266,1.7179727020810263,2.0,0.7873674267684208,0.1894351689656084,-2.0,-1.0,-2.0,0.0,260.0,62.5,0,0,-2.0,-2.0,-125.0,2906.25,0.0,0.0,2975.0,-68.75,-125.0,62.5
1566,2019-06-18,12:43:04,155.59375,155.6875,155.59375,155.59375,285,44356.09375,155.63541666666666,0.0,0.0,155.56572098024708,155.3527272730904,0.2129937071566701,1.000000000000006,0.0021484375,0.8677685950413228,0.5516180692881075,0.002148437499999987,0,1566,0.1208328224002178,0.7873674267684208,0.046351240544347756,45.95210498258031,20.0,0.0,0.2727931097101266,1.7179727020810263,2.0,0.9122524562150139,0.12488502944659319,-2.0,-1.0,-2.0,0.0,260.0,62.5,0,0,-2.0,-2.0,-0.0,2906.25,0.0,0.0,2975.0,-68.75,-0.0,-0.0
1567,2019-06-18,12:49:07,155.59375,155.6875,155.59375,155.59375,285,44358.09375,155.64243421052632,0.0,0.0,155.5719496513033,155.36014335699534,0.21180629430796216,1.000000000000006,0.0021484375,0.8677685950413228,0.5516180692881075,0.002148437499999987,0,1567,0.3554088526066856,0.9122524562150139,0.046351240544347756,45.69592783720879,20.0,0.0,0.2727931097101266,1.7179727020810263,2.0,0.9775903446177487,0.0653378884027348,-2.0,-1.0,-2.0,0.0,260.0,62.5,0,0,-2.0,-2.0,-0.0,2906.25,0.0,0.0,2975.0,-68.75,-0.0,-0.0
1568,2019-06-18,12:55:04,155.59375,155.625,155.53125,155.53125,286,44497.75,155.58653846153845,-0.0625,-0.0004017677836278821,155.56290528434704,155.3654081767801,0.19749710756693162,1.000000000000006,0.0021484375,0.8677685950413228,0.5516180692881075,0.002148437499999987,0,1568,0.5424032493097101,0.9775903446177487,0.046351240544347756,42.60880728272443,20.0,0.0,0.2727931097101266,1.7179727020810263,2.0,0.9962640482318957,0.018673703614146997,-2.0,-1.0,-2.0,0.0,260.0,0.0,0,0,-2.0,-2.0,125.0,3031.25,0.0,0.0,2975.0,56.25,125.0,125.0
1569,2019-06-18,12:59:14,155.53125,155.53125,155.46875,155.5,285,44316.59375,155.4968201754386,-0.03125,-0.00020094443953944108,155.54892633226993,155.3695494636484,0.17937686862151736,1.0000000000000027,0.00419921875,-1.9632233639805285,0.235513936408806,0.0041992187499999886,0,1569,0.7655303826671013,0.9962640482318957,0.06480137922914904,27.681026353962203,20.0,0.0,0.2727931097101266,1.7179727020810263,2.0,0.9655346959146621,-0.030729352317233616,2.0,-1.0,-2.0,0.0,260.0,-31.25,0,0,2.0,-2.0,62.5,3093.75,0.0,4.0,2985.0,108.75,52.5,125.0
1570,2019-06-18,13:04:38,155.5,155.5625,155.46875,155.5625,286,44476.03125,155.5105987762238,0.0625,0.00040184850852220677,155.55194270287663,155.37548640322848,0.17645629964815157,1.0000000000000022,0.00537109375,-2.62809917355372,0.5814564991516648,0.005371093749999988,-1,1570,0.8667779074391476,0.9655346959146621,0.073287746247241,24.07719007388557,20.0,0.0,0.2727931097101266,1.7179727020810263,2.0,0.8998141836951984,-0.06572051221946373,2.0,-1.0,2.0,1.0,261.0,62.5,0,0,2.0,2.0,125.0,3218.75,0.0,0.0,2985.0,233.75,125.0,125.0
1571,2019-06-18,13:09:14,155.59375,155.65625,155.5625,155.65625,286,44507.40625,155.6203015734266,0.09375,0.0006024701457461035,155.57512210223737,155.38412528312918,0.190996819108193,1.0000000000000022,0.004589843749999999,-2.3675871435038487,0.5594072218898559,0.004589843749999989,-1,1571,0.9447565544438356,0.8998141836951984,0.06774838558962117,28.19208420184895,20.0,0.0,0.2727931097101266,1.7179727020810263,2.0,0.7911611921100992,-0.10865299158509922,-2.0,-1.0,2.0,0.0,261.0,156.25,0,0,-2.0,2.0,187.5,3406.25,0.0,4.0,2995.0,411.25,177.5,177.5
1572,2019-06-18,13:20:16,155.65625,155.65625,155.5625,155.59375,285,44350.28125,155.61502192982456,-0.0625,-0.00040160643110098704,155.57926163507352,155.39057527441753,0.18868636065599276,1.000000000000002,0.00458984375,-2.367587143503846,-0.5594072218898565,0.004589843749999991,0,1572,0.9919073899208166,0.7911611921100992,0.06774838558962118,27.85104899752753,20.0,0.0,0.2727931097101266,1.7179727020810263,2.0,0.6104755351099772,-0.18068565700012196,2.0,1.0,-2.0,1.0,262.0,-62.5,0,0,2.0,-2.0,125.0,3531.25,0.0,4.0,3005.0,526.25,115.0,177.5
1573,2019-06-18,13:27:57,155.59375,155.625,155.53125,155.5625,285,44339.625,155.57763157894738,-0.03125,-0.00020086371464511643,155.57553682727942,155.39586526597395,0.17967156130546869,1.0000000000000016,0.008105468749999999,-1.8043257366816654,0.03763789885846763,0.008105468749999987,0,1573,0.9917247903252561,0.6104755351099772,0.09003037681804951,19.95677099836904,19.95677099836904,0.0,0.2727931097101266,1.7132490835735352,2.0,0.2977832269152362,-0.31269230819474103,2.0,1.0,2.0,1.0,263.0,-31.25,0,0,2.0,2.0,-62.5,3468.75,0.0,0.0,3005.0,463.75,-62.5,115.0
1574,2019-06-18,13:31:31,155.5625,155.65625,155.53125,155.625,286,44495.8125,155.57976398601397,0.0625,0.0004016870911609516,155.58652864343955,155.40291556548246,0.1836130779570908,1.0000000000000029,0.005566406250000001,-1.1172668513388746,-0.20575279705556937,0.005566406249999985,-1,1574,0.8855923717489439,0.2977832269152362,0.07460835241445817,24.61025770105451,20.0,0.0,0.2727931097101266,1.7179727020810263,2.0,-0.21443199495950818,-0.5122152218747443,2.0,1.0,2.0,0.0,263.0,31.25,0,0,2.0,2.0,125.0,3593.75,0.0,0.0,3005.0,588.75,125.0,125.0
1575,2019-06-18,13:34:22,155.625,155.625,155.46875,155.5,285,44336.125,155.56535087719297,-0.125,-0.0008035355996831584,155.56730005600855,155.40590277885227,0.16139727715628283,1.0000000000000027,0.00634765625,-2.2603550295857993,0.0,0.006347656249999984,0,1575,0.5390323966551123,-0.21443199495950818,0.07967217989988716,20.257670539338587,20.0,0.0,0.2727931097101266,1.7179727020810263,2.0,-0.763293488864802,-0.5488614939052938,2.0,1.0,2.0,0.0,263.0,-93.75,0,0,2.0,2.0,-250.0,3343.75,0.0,0.0,3005.0,338.75,-250.0,125.0
1576,2019-06-18,13:35:46,155.5,155.53125,155.5,155.53125,286,44479.3125,155.52207167832168,0.03125,0.00020094443953944108,155.55928893245112,155.40975961642604,0.14952931602508102,1.0000000000000024,0.006542968749999999,-2.4125640454444195,0.36326900585846333,0.006542968749999984,-1,1576,-0.08290232670275854,-0.763293488864802,0.0808886194096548,18.485828676071247,18.485828676071247,0.0,0.2727931097101266,1.5525197094285286,2.0,-0.9927752048339277,-0.2294817159691257,2.0,1.0,2.0,0.0,263.0,-62.5,0,0,2.0,2.0,62.5,3406.25,0.0,0.0,3005.0,401.25,62.5,62.5
1577,2019-06-18,13:39:41,155.53125,155.5625,155.4375,155.4375,286,44473.71875,155.5025131118881,-0.09375,-0.0006029544952044219,155.53222472523976,155.41061316668987,0.12161155854988692,1.0000000000000053,0.00361328125,-0.021913805697588867,0.5901286563843657,0.0036132812499999815,0,1577,-0.6171529480659708,-0.9927752048339277,0.060110575192722795,20.23130841120443,20.0,0.0,0.2727931097101266,1.7179727020810263,2.0,-0.9312292243614188,0.06154598047250892,2.0,1.0,2.0,0.0,263.0,-156.25,0,0,2.0,2.0,-187.5,3218.75,0.0,0.0,3005.0,213.75,-187.5,62.5
1578,2019-06-18,13:39:57,155.4375,155.4375,155.3125,155.375,286,44432.5,155.3583916083916,-0.0625,-0.0004021717327482577,155.49728589740872,155.4095173769456,0.08776852046312911,1.000000000000008,0.0021484375,0.867768595041318,0.5516180692881069,0.002148437499999983,0,1578,-0.9161722436777938,-0.9312292243614188,0.04635124054434771,18.93552781595012,18.93552781595012,0.0,0.2727931097101266,1.6016581835961419,2.0,-0.7723447834443311,0.15888444091708764,2.0,1.0,2.0,0.0,263.0,-218.75,0,0,2.0,2.0,-125.0,3093.75,0.0,0.0,3005.0,88.75,-125.0,-125.0
1579,2019-06-18,13:40:13,155.375,155.40625,155.3125,155.34375,285,44280.78125,155.37116228070175,-0.03125,-0.00020114653592884224,155.4631668090957,155.40749376534725,0.05567304374844184,1.0000000000000142,0.0012695312500000003,-0.17751479289942415,-0.4047960089109369,0.0012695312499999823,0,1579,-0.9952869633855351,-0.7723447834443311,0.035630482034347814,15.625116633216745,15.625116633216745,0.0,0.2727931097101266,1.2399306641022494,2.0,-0.47763380978963066,0.29471097365470045,-2.0,1.0,2.0,0.0,263.0,-250.0,0,0,-2.0,2.0,-62.5,3031.25,0.0,4.0,3015.0,16.25,-72.5,-72.5
1580,2019-06-18,13:40:28,155.34375,155.375,155.28125,155.3125,286,44414.0,155.2937062937063,-0.03125,-0.00020118700399862632,155.42968529596334,155.40457088025968,0.025114415703654913,1.000000000000023,0.0006835937499999997,-0.6122448979591795,-0.5122408325718838,0.0006835937499999838,0,1580,-0.9589731433707176,-0.47763380978963066,0.026145625829189553,9.605589809832216,9.605589809832216,0.0,0.2727931097101266,0.5821789872993834,1.0,-0.257967742601599,0.21966606718803167,-2.0,-1.0,-2.0,1.0,264.0,-31.25,0,0,-2.0,-2.0,62.5,3093.75,-1.0,0.0,3015.0,78.75,62.5,62.5
1581,2019-06-18,13:40:42,155.3125,155.3125,155.28125,155.3125,286,44415.28125,155.2981861888112,0.0,0.0,155.4036441190826,155.40173793009788,0.0019061889847193925,1.000000000000023,0.0006835937499999997,-0.6122448979591795,-0.5122408325718838,0.0006835937499999838,0,1581,-0.8655844529411622,-0.257967742601599,0.026145625829189553,0.7290661149871124,0.7290661149871124,0.0,0.2727931097101266,-0.38775577929776306,-0.0,-0.06680378662159418,0.1911639559800048,-1.0,-1.0,-2.0,0.0,264.0,-31.25,0,0,-1.0,-2.0,-0.0,3093.75,-1.0,1.0,3017.5,76.25,-2.5,62.5
1582,2019-06-18,13:41:19,155.3125,155.34375,155.25,155.3125,286,44415.9375,155.30048076923077,0.0,0.0,155.3833898703976,155.39899214763335,-0.015602277235757356,1.0000000000000202,0.00078125,0.3124999999999976,-1.257788237343632,0.0007812499999999843,0,1582,-0.7527646084785934,-0.06680378662159418,0.02795084971874709,-5.58204040047221,0.0,-5.58204040047221,-0.3712488252681819,-0.4674205891246751,-1.0,0.1139683231317471,0.1807721097533413,0.0,-1.0,-1.0,0.0,264.0,-31.25,0,0,0.0,-1.0,-0.0,3093.75,-1.0,1.0,3020.0,73.75,-2.5,-2.5
1583,2019-06-18,13:41:55,155.3125,155.375,155.25,155.25,286,44415.46875,155.29884178321677,-0.0625,-0.00040249547735982105,155.3537476769759,155.39440777386002,-0.04066009688412464,1.000000000000014,0.001171875,-3.3333333333333304,-0.6085806194501845,0.001171874999999984,0,1583,-0.6219117708275743,0.1139683231317471,0.034232659844072644,-11.877574535349728,0.0,-11.877574535349728,-1.0976118923655667,-0.4674205891246751,-2.0,0.2692504387327304,0.15528211560098332,1.0,-1.0,0.0,0.0,264.0,-93.75,0,0,1.0,0.0,-0.0,3093.75,-1.0,1.0,3022.5,71.25,-2.5,-2.5
1584,2019-06-18,13:42:40,155.25,155.3125,155.21875,155.25,287,44560.09375,155.2616506968641,0.0,0.0,155.33069263764793,155.38996445774126,-0.0592718200933291,1.00000000000001,0.0017578125000000003,-2.4074074074074034,0.16563466499998453,0.0017578124999999825,0,1584,-0.49060465485124255,0.2692504387327304,0.04192627457812085,-14.13715401374106,0.0,-14.13715401374106,-1.3583165514320477,-0.4674205891246751,-2.0,0.40003710427693706,0.13078666554420665,2.0,-1.0,1.0,1.0,265.0,0.0,0,0,2.0,1.0,0.0,3093.75,0.0,1.0,3025.0,68.75,-2.5,-2.5
1585,2019-06-18,13:43:03,155.25,155.25,155.15625,155.1875,286,44383.15625,155.18586101398603,-0.0625,-0.0004026575452025227,155.29887205150396,155.38373478211847,-0.08486273061450333,1.00000000000001,0.0017578125000000003,-2.4074074074074034,0.16563466499998453,0.0017578124999999825,0,1585,-0.36519366941962106,0.40003710427693706,0.04192627457812085,-20.240942337096843,0.0,-20.0,-2.034757136339064,-0.4674205891246751,-3.0,0.5263025241428649,0.12626541986592787,2.0,-1.0,2.0,0.0,265.0,-62.5,0,0,2.0,2.0,-125.0,2968.75,-1.0,0.0,3025.0,-56.25,-125.0,-2.5
1586,2019-06-18,13:43:19,155.1875,155.1875,155.09375,155.09375,286,44372.46875,155.14849213286712,-0.09375,-0.0006042904806715654,155.253289373392,155.37481217343793,-0.12152280004593763,1.000000000000008,0.00224609375,-3.081285444234387,0.31535587858059516,0.002246093749999982,0,1586,-0.2290989673991329,0.5263025241428649,0.047392971525322,-25.641523655255117,0.0,-20.0,-2.034757136339064,-0.4674205891246751,-3.0,0.5904102274981631,0.06410770335529814,3.0,-1.0,2.0,0.0,265.0,-156.25,0,0,3.0,2.0,-187.5,2781.25,0.0,1.0,3027.5,-246.25,-190.0,-125.0
1587,2019-06-18,13:43:32,155.09375,155.125,155.0625,155.09375,286,44355.0,155.0874125874126,0.0,0.0,155.2178361793049,155.36616410656293,-0.14832792725803756,1.0000000000000104,0.0016601562499999993,-1.487889273356398,0.5413870509510844,0.0016601562499999817,0,1587,-0.15322515256444394,0.5904102274981631,0.04074501503251633,-36.40394466406879,0.0,-20.0,-2.034757136339064,-0.4674205891246751,-3.0,0.6399038964506376,0.049493668952474534,3.0,-1.0,3.0,0.0,265.0,-156.25,0,0,3.0,3.0,0.0,2781.25,0.0,0.0,3027.5,-246.25,0.0,0.0
1588,2019-06-18,13:44:03,155.09375,155.09375,155.0,155.0,287,44494.75,155.03397212543555,-0.09375,-0.000604655868467141,155.16942813945937,155.3548975186687,-0.18546937920933715,1.000000000000008,0.0022460937500000003,-3.081285444234408,-0.3153558785805946,0.0022460937499999825,0,1588,-0.09089931853163874,0.6399038964506376,0.04739297152532201,-39.1343638603123,0.0,-20.0,-2.034757136339064,-0.4674205891246751,-3.0,0.6382779282801129,-0.0016259681705247386,-3.0,-1.0,3.0,0.0,265.0,-250.0,0,0,-3.0,3.0,-281.25,2500.0,0.0,6.0,3042.5,-542.5,-296.25,0.0
1589,2019-06-18,13:44:35,155.0,155.0,154.9375,154.96875,286,44322.90625,154.97519667832168,-0.03125,-0.0002016332298397927,155.1248329973573,155.34301605655585,-0.21818305919856584,1.0000000000000115,0.0014648437500000002,2.0000000000000058,-1.3608276348795423,0.001464843749999983,0,1589,-0.0930043953951167,0.6382779282801129,0.03827327723098694,-57.00663099263413,0.0,-20.0,-2.034757136339064,-0.4674205891246751,-3.0,0.6368004462090947,-0.0014774820710181658,-3.0,-1.0,-3.0,1.0,266.0,-31.25,0,0,-3.0,-3.0,93.75,2593.75,0.0,0.0,3042.5,-448.75,93.75,93.75
1590,2019-06-18,13:45:43,154.96875,155.03125,154.9375,154.96875,287,44479.875,154.98214285714286,0.0,0.0,155.09014788683345,155.33150017789262,-0.24135229105917233,1.0000000000000115,0.0014648437500000002,2.0000000000000058,-1.3608276348795423,0.001464843749999983,0,1590,-0.09491367889881301,0.6368004462090947,0.03827327723098694,-63.06026254364439,0.0,-20.0,-2.034757136339064,-0.4674205891246751,-3.0,0.606789319849842,-0.030011126359252738,-3.0,-1.0,-3.0,0.0,266.0,-31.25,0,0,-3.0,-3.0,-0.0,2593.75,0.0,0.0,3042.5,-448.75,-0.0,93.75
1591,2019-06-18,13:46:01,154.96875,155.0,154.90625,154.9375,287,44472.03125,154.95481271777004,-0.03125,-0.00020167389399805558,155.0562261342038,155.31937709549595,-0.26315096129215476,1.0000000000000056,0.00263671875,3.251028806584363,1.7355817665801556,0.0026367187499999854,0,1591,-0.1329879666748107,0.606789319849842,0.05134898976610918,-51.247544010269294,0.0,-20.0,-2.034757136339064,-0.4674205891246751,-3.0,0.5890318175718712,-0.017757502277970794,-3.0,-1.0,-3.0,0.0,266.0,-62.5,0,0,-3.0,-3.0,93.75,2687.5,0.0,0.0,3042.5,-355.0,93.75,93.75
1592,2019-06-18,13:46:59,154.9375,154.96875,154.90625,154.9375,286,44311.53125,154.93542395104896,0.0,0.0,155.02984254882517,155.30762703101917,-0.27778448219399365,1.0000000000000042,0.00341796875,2.000000000000002,1.1454053224818188,0.0034179687499999853,0,1592,-0.15491155718552654,0.5890318175718712,0.05846339666834271,-47.51425644490665,0.0,-20.0,-2.034757136339064,-0.4674205891246751,-3.0,0.5821273192602469,-0.006904498311624319,-3.0,-1.0,-3.0,0.0,266.0,-62.5,0,0,-3.0,-3.0,-0.0,2687.5,0.0,0.0,3042.5,-355.0,-0.0,93.75
1593,2019-06-18,13:48:32,154.9375,155.03125,154.9375,155.03125,287,44484.90625,154.99967334494772,0.09375,0.0006048997059133754,155.03015531575292,155.29912312237246,-0.26896780661954267,1.000000000000003,0.005175781249999999,1.128515485938055,1.032658539398995,0.005175781249999983,-1,1593,-0.16332068526461482,0.5821273192602469,0.07194290270763325,-37.38628780556623,0.0,-20.0,-2.034757136339064,-0.4674205891246751,-3.0,0.5739878539098816,-0.00813946535036525,-3.0,-1.0,-3.0,0.0,266.0,31.25,0,0,-3.0,-3.0,-281.25,2406.25,0.0,0.0,3042.5,-636.25,-281.25,-0.0
1594,2019-06-18,13:50:40,155.03125,155.03125,154.9375,154.96875,287,44478.25,154.97648083623693,-0.0625,-0.0004032258119153198,155.01650969003006,155.28895779553025,-0.27244810550018883,1.0000000000000027,0.00634765625,-2.2603550295857993,0.0,0.006347656249999984,0,1594,-0.17315345092989287,0.5739878539098816,0.07967217989988716,-34.19614046490709,0.0,-20.0,-2.034757136339064,-0.4674205891246751,-3.0,0.5649572300192703,-0.009030623890611267,-3.0,-1.0,-3.0,0.0,266.0,-31.25,0,0,-3.0,-3.0,187.5,2593.75,0.0,0.0,3042.5,-448.75,187.5,187.5
1595,2019-06-18,13:52:31,154.96875,154.96875,154.875,154.875,286,44305.25,154.91346153846155,-0.09375,-0.0006051437401008997,154.9850630922456,155.27622063259085,-0.2911575403452389,1.0000000000000027,0.00634765625,-2.2603550295857993,0.0,0.006347656249999984,0,1595,-0.18396299334590588,0.5649572300192703,0.07967217989988716,-36.544442578462856,0.0,-20.0,-2.034757136339064,-0.4674205891246751,-3.0,0.5927434885382873,0.02778625851901695,3.0,-1.0,-3.0,0.0,266.0,-125.0,0,0,3.0,-3.0,281.25,2875.0,0.0,6.0,3057.5,-182.5,266.25,266.25
1596,2019-06-18,13:54:19,154.875,154.9375,154.84375,154.9375,287,44454.40625,154.89340156794424,0.0625,0.0004034698461028441,154.97449351619105,155.26579845928038,-0.2913049430893295,1.0000000000000047,0.0037109375,-0.8171745152354575,0.08099829095409096,0.003710937499999983,-1,1596,-0.15036471417729752,0.5927434885382873,0.06091746465505588,-47.819610474408094,0.0,-20.0,-2.034757136339064,-0.4674205891246751,-3.0,0.6517568094900493,0.05901332095176204,3.0,-1.0,3.0,1.0,267.0,62.5,0,0,3.0,3.0,187.5,3062.5,0.0,0.0,3057.5,5.0,187.5,266.25
1597,2019-06-18,13:56:00,154.9375,154.96875,154.90625,154.9375,287,44466.28125,154.93477787456445,0.0,0.0,154.96627273481528,155.25569696822564,-0.28942423341035806,1.000000000000005,0.00322265625,1.0743801652892582,-0.2669003066972995,0.0032226562499999833,0,1597,-0.07542793619812405,0.6517568094900493,0.05676844413932782,-50.98329499748468,0.0,-20.0,-2.034757136339064,-0.4674205891246751,-3.0,0.7281687737148296,0.07641196422478025,3.0,-1.0,3.0,0.0,267.0,62.5,0,0,3.0,3.0,0.0,3062.5,0.0,0.0,3057.5,5.0,0.0,187.5
1598,2019-06-18,13:57:04,154.9375,154.9375,154.875,154.9375,286,44304.40625,154.91051136363637,0.0,0.0,154.95987879374522,155.24590629228024,-0.2860274985350202,1.0000000000000082,0.0017578124999999998,-2.4074074074074083,0.1656346649999846,0.0017578124999999857,0,1598,0.030243597712078258,0.7281687737148296,0.041926274578120884,-68.22153921690979,0.0,-20.0,-2.034757136339064,-0.4674205891246751,-3.0,0.7508048244284717,0.022636050713642164,3.0,-1.0,3.0,0.0,267.0,62.5,0,0,3.0,3.0,0.0,3062.5,0.0,0.0,3057.5,5.0,0.0,0.0
1599,2019-06-18,13:58:43,154.9375,154.9375,154.875,154.90625,287,44460.96875,154.91626742160278,-0.03125,-0.00020171457456186204,154.94796128402407,155.23545532944087,-0.2874940454167927,1.000000000000005,0.00322265625,1.0743801652892582,-0.2669003066972995,0.0032226562499999833,0,1599,0.06383809696647337,0.7508048244284717,0.05676844413932782,-50.64328427095709,0.0,-20.0,-2.034757136339064,-0.4674205891246751,-3.0,0.7710101905407971,0.020205366112325374,3.0,-1.0,3.0,0.0,267.0,31.25,0,0,3.0,3.0,-93.75,2968.75,0.0,0.0,3057.5,-88.75,-93.75,0.0
1600,2019-06-18,14:00:05,154.90625,154.96875,154.84375,154.96875,287,44457.125,154.90287456445992,0.0625,0.0004033884685599176,154.9525809986854,155.22724901161192,-0.27466801292652576,1.0000000000000024,0.005566406249999999,-1.1172668513388746,-0.2057527970555698,0.0055664062499999846,-1,1600,0.09488480964701955,0.7710101905407971,0.07460835241445817,-36.81464662303661,0.0,-20.0,-2.034757136339064,-0.4674205891246751,-3.0,0.7911303880552136,0.020120197514416516,3.0,-1.0,3.0,0.0,267.0,93.75,0,0,3.0,3.0,187.5,3156.25,0.0,0.0,3057.5,98.75,187.5,187.5
1601,2019-06-18,14:03:43,154.96875,155.0,154.875,154.875,287,44467.0625,154.9375,-0.09375,-0.0006051437401008997,154.9353407767553,155.21641058048542,-0.28106980373010515,1.0000000000000024,0.007617187500000001,-2.6923076923076916,0.33969551717255164,0.007617187499999983,0,1601,0.12691354133209054,0.7911303880552136,0.08727650027355578,-32.20452273511562,0.0,-20.0,-2.034757136339064,-0.4674205891246751,-3.0,0.8505616999291165,0.059431311873902826,3.0,-1.0,3.0,0.0,267.0,0.0,0,0,3.0,3.0,-281.25,2875.0,0.0,0.0,3057.5,-182.5,-281.25,187.5
1602,2019-06-18,14:06:15,154.90625,154.96875,154.90625,154.96875,286,44313.0,154.94055944055944,0.09375,0.0006051437401008997,154.94276504858746,155.20879025493204,-0.2660252063445796,1.0000000000000024,0.007617187500000001,-2.6923076923076916,0.33969551717255164,0.007617187499999983,-1,1602,0.2295879797128629,0.8505616999291165,0.08727650027355578,-30.480737141242077,0.0,-20.0,-2.034757136339064,-0.4674205891246751,-3.0,0.9065147643404395,0.055953064411323084,3.0,-1.0,3.0,0.0,267.0,93.75,0,0,3.0,3.0,281.25,3156.25,0.0,0.0,3057.5,98.75,281.25,281.25
1603,2019-06-18,14:09:39,154.9375,154.96875,154.875,154.875,287,44457.875,154.90548780487805,-0.09375,-0.0006051437401008997,154.92770614890136,155.1985197855495,-0.2708136366481426,1.0000000000000013,0.0107421875,-2.834710743801654,0.41115183351513224,0.010742187499999984,0,1603,0.3424805586778251,0.9065147643404395,0.10364452469860617,-26.129082789048148,0.0,-20.0,-2.034757136339064,-0.4674205891246751,-3.0,0.9394647233371202,0.03294995899668063,3.0,-1.0,3.0,0.0,267.0,0.0,0,0,3.0,3.0,-281.25,2875.0,0.0,0.0,3057.5,-182.5,-281.25,281.25
1604,2019-06-18,14:13:01,154.875,154.875,154.78125,154.84375,287,44436.5,154.83101045296166,-0.03125,-0.0002017959849442974,154.90904922692332,155.187603792148,-0.27855456522468103,1.0000000000000022,0.008007812500000001,-1.5437239738251047,-0.30662793472810773,0.008007812499999985,0,1604,0.42201482200713986,0.9394647233371202,0.08948638164547712,-31.128151580454468,0.0,-20.0,-2.034757136339064,-0.4674205891246751,-3.0,0.9615665348052421,0.022101811468121957,3.0,-1.0,3.0,0.0,267.0,-31.25,0,0,3.0,3.0,-93.75,2781.25,0.0,0.0,3057.5,-276.25,-93.75,-93.75
1605,2019-06-18,14:15:15,154.84375,154.96875,154.84375,154.96875,286,44308.34375,154.92427884615384,0.125,0.0008069397250451971,154.92231606538482,155.1808698293127,-0.25855376392789253,1.0000000000000022,0.0068359375,0.6734693877551029,0.8099238707340586,0.0068359374999999835,-1,1605,0.48577847364969995,0.9615665348052421,0.08267972847076836,-31.271723880818612,0.0,-20.0,-2.034757136339064,-0.4674205891246751,-3.0,0.9759673103758981,0.014400775570656,3.0,-1.0,3.0,0.0,267.0,93.75,0,0,3.0,3.0,375.0,3156.25,0.0,0.0,3057.5,98.75,375.0,375.0
1606,2019-06-18,14:17:58,154.96875,155.03125,154.96875,155.0,287,44485.28125,155.0009799651568,0.03125,0.0002016332298397927,154.93957916196598,155.1753046037954,-0.23572544182943034,1.0000000000000027,0.005078125,-2.5073964497041423,0.2276977550124017,0.005078124999999986,-1,1606,0.5360225308655419,0.9759673103758981,0.07126096406869603,-33.07918225779116,0.0,-20.0,-2.034757136339064,-0.4674205891246751,-3.0,0.9899857955745306,0.014018485198632469,3.0,-1.0,3.0,0.0,267.0,125.0,0,0,3.0,3.0,93.75,3250.0,0.0,0.0,3057.5,192.5,93.75,375.0
1607,2019-06-18,14:23:35,155.0,155.0,154.90625,154.96875,287,44471.96875,154.9545949477352,-0.03125,-0.0002016332298397927,154.946061570418,155.16894907752481,-0.2228875071068046,1.0000000000000022,0.00634765625,-2.2603550295857993,0.0,0.006347656249999986,0,1607,0.6002055196581549,0.9899857955745306,0.07967217989988717,-27.9755753371975,0.0,-20.0,-2.034757136339064,-0.4674205891246751,-3.0,0.998711523781835,0.00872572820730444,3.0,-1.0,3.0,0.0,267.0,93.75,0,0,3.0,3.0,-93.75,3156.25,0.0,0.0,3057.5,98.75,-93.75,93.75
1608,2019-06-18,14:25:38,154.96875,155.0625,154.96875,155.0625,286,44334.71875,155.01649912587413,0.09375,0.000604777762612585,154.9719367769918,155.1656737212933,-0.19373694430149158,1.0000000000000042,0.0037109375,-0.8171745152354575,0.08099829095409096,0.0037109374999999846,-1,1608,0.6703119044277569,0.998711523781835,0.060917464655055896,-31.80318573639329,0.0,-20.0,-2.034757136339064,-0.4674205891246751,-3.0,0.9950300602320485,-0.00368146354978649,-3.0,-1.0,3.0,0.0,267.0,187.5,0,0,-3.0,3.0,281.25,3437.5,0.0,6.0,3072.5,365.0,266.25,266.25
1609,2019-06-18,14:30:13,155.0625,155.0625,154.96875,155.0,287,44487.90625,155.0101263066202,-0.0625,-0.0004031445327727923,154.97817304877142,155.16057606833044,-0.18240301955901828,1.0000000000000036,0.00419921875,-1.963223363980531,-0.23551393640880577,0.004199218749999985,0,1609,0.7740026558744236,0.9950300602320485,0.06480137922914901,-28.148015015854725,0.0,-20.0,-2.034757136339064,-0.4674205891246751,-3.0,0.9755081554997406,-0.01952190473230797,-3.0,-1.0,-3.0,1.0,268.0,-62.5,0,0,-3.0,-3.0,187.5,3625.0,0.0,0.0,3072.5,552.5,187.5,266.25
1610,2019-06-18,14:33:28,155.0,155.03125,154.96875,155.03125,286,44335.21875,155.01824737762237,0.03125,0.0002015925820755271,154.98996792682223,155.15659680468954,-0.16662887786731062,1.000000000000004,0.00361328125,-0.021913805697585314,-0.5901286563843663,0.0036132812499999854,-1,1610,0.8453259491209623,0.9755081554997406,0.06011057519272283,-27.7203931809129,0.0,-20.0,-2.034757136339064,-0.4674205891246751,-3.0,0.9565688635827861,-0.018939291916954426,-3.0,-1.0,-3.0,0.0,268.0,-31.25,0,0,-3.0,-3.0,-93.75,3531.25,0.0,0.0,3072.5,458.75,-93.75,187.5
1611,2019-06-18,14:39:25,155.03125,155.125,155.03125,155.09375,287,44501.8125,155.05858013937282,0.0625,0.00040306328639161393,155.01303060975064,155.15466305685294,-0.14163244710229606,1.0000000000000058,0.0027343750000000003,0.5357142857142847,-1.088511769215251,0.002734374999999985,-1,1611,0.8825225162497127,0.9565688635827861,0.05229125165837958,-27.08530444587278,0.0,-20.0,-2.034757136339064,-0.4674205891246751,-3.0,0.9019752014878064,-0.054593662094979734,-3.0,-1.0,-3.0,0.0,268.0,31.25,0,0,-3.0,-3.0,-187.5,3343.75,0.0,0.0,3072.5,271.25,-187.5,-93.75
1612,2019-06-18,14:42:42,155.09375,155.15625,155.09375,155.09375,286,44361.65625,155.1106861888112,0.0,0.0,155.0309682520283,155.1527888089498,-0.12182055692150584,1.0000000000000202,0.0006835937500000001,-0.6122448979591925,-0.5122408325718826,0.0006835937499999863,0,1612,0.9431128887813466,0.9019752014878064,0.026145625829189598,-46.59309274804295,0.0,-20.0,-2.034757136339064,-0.4674205891246751,-3.0,0.8158445474727323,-0.08613065401507414,3.0,-1.0,-3.0,0.0,268.0,31.25,0,0,3.0,-3.0,-0.0,3343.75,0.0,6.0,3087.5,256.25,-15.0,-15.0
1613,2019-06-18,14:46:55,155.09375,155.15625,155.03125,155.15625,286,44358.78125,155.10063374125875,0.0625,0.00040290089183248057,155.05880864046645,155.15289530713596,-0.09408666666951149,1.0000000000000095,0.0012695312499999994,-0.17751479289940994,-0.40479600891093587,0.0012695312499999872,-1,1613,0.9857887560295477,0.8158445474727323,0.035630482034347884,-26.40622896395611,0.0,-20.0,-2.034757136339064,-0.4674205891246751,-3.0,0.6857878749721031,-0.13005667250062913,-3.0,1.0,3.0,1.0,269.0,62.5,0,0,-3.0,3.0,187.5,3531.25,0.0,6.0,3102.5,428.75,172.5,172.5
1614,2019-06-18,14:49:28,155.15625,155.1875,155.125,155.1875,287,44530.9375,155.16006097560975,0.03125,0.00020138958883908487,155.08740672036282,155.1539600669164,-0.06655334655357592,1.0000000000000084,0.0016601562499999997,-1.4878892733564086,0.5413870509510866,0.001660156249999986,-1,1614,0.9995586168927199,0.6857878749721031,0.04074501503251638,-16.33410774311,0.0,-16.33410774311,-1.6117956073702469,-0.4674205891246751,-2.0,0.5144499144283309,-0.17133796054377226,-3.0,1.0,-3.0,1.0,270.0,31.25,0,0,-3.0,-3.0,-93.75,3437.5,1.0,0.0,3102.5,335.0,-93.75,172.5
1615,2019-06-18,14:52:15,155.1875,155.3125,155.1875,155.28125,286,44407.71875,155.27174388111888,0.09375,0.0006039255342082939,155.13048300472664,155.15787668024208,-0.02739367551544092,1.000000000000007,0.0016601562499999993,-1.487889273356398,-0.5413870509510844,0.0016601562499999876,-1,1615,0.970129533174472,0.5144499144283309,0.0407450150325164,-6.723196811580387,0.0,-6.723196811580387,-0.5029126131298461,-0.4674205891246751,-1.0,0.23564665288399145,-0.27880326154433943,-2.0,1.0,-3.0,0.0,270.0,125.0,0,0,-2.0,-3.0,-281.25,3156.25,1.0,1.0,3105.0,51.25,-283.75,-93.75
1616,2019-06-18,14:55:00,155.28125,155.3125,155.25,155.28125,286,44405.75,155.26486013986013,0.0,0.0,155.16398678145407,155.1616727823885,0.002313999065563621,1.0000000000000069,0.0017578124999999994,-2.407407407407393,0.1656346649999839,0.001757812499999987,0,1616,0.8538211525729009,0.23564665288399145,0.041926274578120905,0.5519209824502687,0.5519209824502687,0.0,0.2727931097101266,-0.40711236850855115,-0.0,0.027541597855084147,-0.2081050550289073,-1.0,1.0,-2.0,0.0,270.0,125.0,0,0,-1.0,-2.0,-0.0,3156.25,1.0,1.0,3107.5,48.75,-2.5,-2.5
1617,2019-06-18,14:56:58,155.28125,155.375,155.28125,155.375,286,44420.28125,155.3156687062937,0.09375,0.0006035610282815185,155.21087860779764,155.16823669677657,0.042641911021064516,1.0000000000000042,0.003125,-2.324218750000005,-0.052407843222650706,0.0031249999999999863,-1,1617,0.7263133966663308,0.027541597855084147,0.05590169943749462,7.628016938687834,7.628016938687834,0.0,0.2727931097101266,0.3660902630259171,1.0,-0.06522197644031949,-0.09276357429540363,-0.0,1.0,-1.0,0.0,270.0,218.75,0,0,-0.0,-1.0,-93.75,3062.5,1.0,1.0,3110.0,-47.5,-96.25,-2.5
1618,2019-06-18,15:00:11,155.375,155.46875,155.34375,155.40625,286,44446.03125,155.40570367132867,0.03125,0.00020110608413670406,155.25429447273152,155.1755601830296,0.07873428970191299,1.0000000000000042,0.003125,-2.324218750000005,-0.052407843222650706,0.0031249999999999863,-1,1618,0.6594822935374746,-0.06522197644031949,0.05590169943749462,14.084417914691157,14.084417914691157,0.0,0.2727931097101266,1.0715790319404972,1.0,-0.10610944860232834,-0.040887472162008845,1.0,1.0,-0.0,0.0,270.0,250.0,0,0,1.0,-0.0,-0.0,3062.5,0.0,1.0,3112.5,-50.0,-2.5,-2.5
1619,2019-06-18,15:02:49,155.40625,155.4375,155.34375,155.375,285,44288.125,155.3969298245614,-0.03125,-0.00020110608413670406,155.28111792323563,155.18169679278256,0.09942113045306655,1.0000000000000047,0.0027343750000000003,-0.6122448979591854,-0.5122408325718826,0.002734374999999987,0,1619,0.6280840683527495,-0.10610944860232834,0.0522912516583796,19.012956718379577,19.012956718379577,0.0,0.2727931097101266,1.6101188137918796,2.0,-0.0971398275541643,0.00896962104816404,1.0,1.0,1.0,1.0,271.0,-31.25,0,0,1.0,1.0,-31.25,3031.25,1.0,0.0,3112.5,-81.25,-31.25,-2.5
1620,2019-06-18,15:06:25,155.375,155.46875,155.375,155.46875,286,44459.0625,155.4512674825175,0.09375,0.0006031969620909905,155.3228139402944,155.19052919915848,0.13228474113591915,1.0000000000000044,0.0037109375,-0.8171745152354575,0.08099829095409096,0.0037109374999999838,-1,1620,0.6350744614265024,-0.0971398275541643,0.06091746465505589,21.71540491466269,20.0,0.0,0.2727931097101266,1.7179727020810263,2.0,-0.08299482748299593,0.014145000071168368,2.0,1.0,1.0,0.0,271.0,62.5,0,0,2.0,1.0,93.75,3125.0,0.0,1.0,3115.0,10.0,91.25,91.25
1621,2019-06-18,15:10:50,155.46875,155.53125,155.46875,155.5,286,44469.9375,155.48929195804195,0.03125,0.000200984826322248,155.362188620229,155.20005137764593,0.16213724258307138,1.0000000000000044,0.00390625,-0.1875000000000012,0.9375000000000003,0.0039062499999999827,-1,1621,0.6459810419040196,-0.08299482748299593,0.06249999999999986,25.94195881329148,20.0,0.0,0.2727931097101266,1.7179727020810263,2.0,-0.006180183886039439,0.07681464359695649,2.0,1.0,2.0,0.0,271.0,93.75,0,0,2.0,2.0,62.5,3187.5,0.0,0.0,3115.0,72.5,62.5,91.25
1622,2019-06-18,15:17:01,155.5,155.53125,155.40625,155.4375,285,44308.03125,155.46677631578947,-0.0625,-0.0004020100556649808,155.37892448240035,155.207357489103,0.17156699329734693,1.0000000000000027,0.00712890625,-0.6811784574967147,0.18252325730899832,0.007128906249999982,0,1622,0.7027232272667088,-0.006180183886039439,0.08443285053816424,20.31993379399141,20.0,0.0,0.2727931097101266,1.7179727020810263,2.0,0.011672424193564502,0.01785260807960394,2.0,1.0,2.0,0.0,271.0,31.25,0,0,2.0,2.0,-125.0,3062.5,0.0,0.0,3115.0,-52.5,-125.0,62.5
1623,2019-06-18,15:19:55,155.4375,155.46875,155.40625,155.40625,286,44453.3125,155.4311625874126,-0.03125,-0.00020106564861155363,155.38499681964473,155.2134772586691,0.17151956097563925,1.000000000000001,0.01728515625,1.8758977305371995,1.2784302810495338,0.017285156249999982,0,1623,0.7153122597921286,0.011672424193564502,0.13147302479976636,13.045988805449927,13.045988805449927,0.0,0.2727931097101266,0.9581102315040724,1.0,-0.051541841449812845,-0.06321426564337734,2.0,1.0,2.0,0.0,271.0,0.0,0,0,2.0,2.0,-62.5,3000.0,-1.0,0.0,3115.0,-115.0,-62.5,-62.5
1624,2019-06-18,15:22:59,155.40625,155.40625,155.28125,155.28125,286,44424.5625,155.3306381118881,-0.125,-0.0008046671124182225,155.3619419708348,155.21556257378697,0.14637939704783776,1.000000000000001,0.01728515625,1.8758977305371995,1.2784302810495338,0.017285156249999982,0,1624,0.6697213346705019,-0.051541841449812845,0.13147302479976636,11.133797010510243,11.133797010510243,0.0,0.2727931097101266,0.7491656754960838,1.0,-0.10690594937193541,-0.05536410792212257,1.0,1.0,2.0,0.0,271.0,-125.0,0,0,1.0,2.0,-250.0,2750.0,0.0,1.0,3117.5,-367.5,-252.5,-62.5
1625,2019-06-18,15:23:56,155.28125,155.5,155.25,155.5,286,44425.84375,155.335118006993,0.21875,0.001407742816694757,155.39262153287152,155.22431449459353,0.16830703827798743,1.000000000000001,0.01591796875,2.031314690052317,1.0165873732806405,0.015917968749999983,-1,1625,0.6274605277731705,-0.10690594937193541,0.12616643273866462,13.340080608176576,13.340080608176576,0.0,0.2727931097101266,0.990245544137943,1.0,-0.27394732883030565,-0.16704137945837022,1.0,1.0,1.0,0.0,271.0,93.75,0,0,1.0,1.0,218.75,2968.75,0.0,0.0,3117.5,-148.75,218.75,218.75
1626,2019-06-18,15:24:01,155.5,155.5625,155.5,155.53125,286,44479.46875,155.522618006993,0.03125,0.00020094443953944108,155.42342785890008,155.23375866399067,0.18966919490941336,1.000000000000001,0.01591796875,2.031314690052317,1.0165873732806405,0.015917968749999983,-1,1626,0.4863461826809396,-0.27394732883030565,0.12616643273866462,15.033253361635852,15.033253361635852,0.0,0.2727931097101266,1.1752579629510522,1.0,-0.39722502403142435,-0.1232776952011187,1.0,1.0,1.0,0.0,271.0,125.0,0,0,1.0,1.0,31.25,3000.0,0.0,0.0,3117.5,-117.5,31.25,218.75
1627,2019-06-18,15:24:08,155.53125,155.53125,155.46875,155.53125,285,44319.21875,155.50603070175438,0.0,0.0,155.44738833470007,155.2429122435602,0.20447609113986687,1.0000000000000016,0.00947265625,2.6750983101286017,1.5491313812566692,0.009472656249999985,0,1627,0.3680464061802071,-0.39722502403142435,0.09732757188998391,21.009061170353696,20.0,0.0,0.2727931097101266,1.7179727020810263,2.0,-0.49490189239223054,-0.09767686836080619,1.0,1.0,1.0,0.0,271.0,125.0,0,0,1.0,1.0,0.0,3000.0,1.0,0.0,3117.5,-117.5,0.0,31.25
1628,2019-06-18,15:24:13,155.53125,155.59375,155.5,155.5,286,44485.15625,155.54250437062936,-0.03125,-0.00020094443953944108,155.45907981587786,155.25082263606606,0.20825717981179537,1.0000000000000147,0.00126953125,-0.17751479289940755,0.4047960089109363,0.0012695312499999816,0,1628,0.26449114549206293,-0.49490189239223054,0.0356304820343478,58.449161482304774,20.0,0.0,0.2727931097101266,1.7179727020810263,2.0,-0.548571408920248,-0.05366951652801749,2.0,1.0,1.0,0.0,271.0,93.75,0,0,2.0,1.0,-31.25,2968.75,0.0,1.0,3120.0,-151.25,-33.75,0.0
1629,2019-06-18,15:24:24,155.5,155.5625,155.46875,155.5625,285,44322.6875,155.51820175438596,0.0625,0.00040184850852220677,155.48206207901612,155.2604127088025,0.22164937021361197,1.0000000000000062,0.00322265625,1.0743801652892582,-0.2669003066972995,0.0032226562499999794,-1,1629,0.2033160379752152,-0.548571408920248,0.05676844413932779,39.0444680269225,20.0,0.0,0.2727931097101266,1.7179727020810263,2.0,-0.569906646326888,-0.021335237406640006,2.0,1.0,2.0,0.0,271.0,156.25,0,0,2.0,2.0,125.0,3093.75,0.0,0.0,3120.0,-26.25,125.0,125.0
1630,2019-06-18,15:24:38,155.5625,155.59375,155.53125,155.5625,286,44487.75,155.5515734265734,0.0,0.0,155.4999371725681,155.26970770237784,0.23022947019026674,1.0000000000000064,0.0032226562500000003,1.0743801652892546,0.2669003066972995,0.003222656249999979,0,1630,0.17805146752636428,-0.569906646326888,0.05676844413932779,40.55588869499586,20.0,0.0,0.2727931097101266,1.7179727020810263,2.0,-0.5940398438554993,-0.024133197528611317,2.0,1.0,2.0,0.0,271.0,156.25,0,0,2.0,2.0,0.0,3093.75,0.0,0.0,3120.0,-26.25,0.0,125.0
1631,2019-06-18,15:25:03,155.5625,155.5625,155.46875,155.46875,286,44480.03125,155.5245847902098,-0.09375,-0.0006028333348444548,155.49300668977523,155.27583208076624,0.21717460900899255,1.0000000000000062,0.00322265625,1.0743801652892582,-0.2669003066972995,0.0032226562499999794,0,1631,0.14877227880860963,-0.5940398438554993,0.05676844413932779,38.256220035901826,20.0,0.0,0.2727931097101266,1.7179727020810263,2.0,-0.654573099726799,-0.06053325587129965,2.0,1.0,2.0,0.0,271.0,62.5,0,0,2.0,2.0,-187.5,2906.25,0.0,0.0,3120.0,-213.75,-187.5,0.0
1632,2019-06-18,15:25:29,155.46875,155.46875,155.40625,155.4375,285,44302.375,155.4469298245614,-0.03125,-0.00020102522934273281,155.4806718698252,155.28080647828114,0.19986539154405136,1.0000000000000135,0.0016601562499999997,-1.4878892733564086,-0.5413870509510866,0.0016601562499999774,0,1632,0.07171874036085046,-0.654573099726799,0.04074501503251628,49.052722494899115,20.0,0.0,0.2727931097101266,1.7179727020810263,2.0,-0.7400768721501909,-0.08550377242339191,2.0,1.0,2.0,0.0,271.0,31.25,0,0,2.0,2.0,-62.5,2843.75,0.0,0.0,3120.0,-276.25,-62.5,-62.5
1633,2019-06-18,15:26:19,155.4375,155.4375,155.375,155.4375,286,44445.46875,155.4037368881119,0.0,0.0,155.47107812097516,155.28562781741095,0.18545030356420966,1.0000000000000184,0.0012695312500000003,-0.17751479289942415,-0.4047960089109369,0.0012695312499999768,0,1633,-0.04776830694396965,-0.7400768721501909,0.03563048203434774,52.04821629565264,20.0,0.0,0.2727931097101266,1.7179727020810263,2.0,-0.8172721218940746,-0.0771952497438837,2.0,1.0,2.0,0.0,271.0,31.25,0,0,2.0,2.0,0.0,2843.75,0.0,0.0,3120.0,-276.25,0.0,0.0
1634,2019-06-18,15:29:48,155.4375,155.46875,155.375,155.375,286,44449.59375,155.41815996503496,-0.0625,-0.0004021717327482577,155.44972742742513,155.2883777307214,0.16134969670372357,1.0000000000000333,0.0006835937500000001,-0.6122448979591925,0.5122408325718826,0.0006835937499999774,0,1634,-0.17042701703261162,-0.8172721218940746,0.026145625829189428,61.71192755447069,20.0,0.0,0.2727931097101266,1.7179727020810263,2.0,-0.9049731145902362,-0.0877009926961616,2.0,1.0,2.0,0.0,271.0,-31.25,0,0,2.0,2.0,-125.0,2718.75,0.0,0.0,3120.0,-401.25,-125.0,0.0
1635,2019-06-18,15:32:07,155.375,155.40625,155.34375,155.34375,286,44437.3125,155.37521853146853,-0.03125,-0.00020114653592884224,155.42617688799734,155.2900814928531,0.1360953951442525,1.0000000000000333,0.0006835937500000001,-0.6122448979591925,0.5122408325718826,0.0006835937499999774,0,1635,-0.33906078395268563,-0.9049731145902362,0.026145625829189428,52.05283516002637,20.0,0.0,0.2727931097101266,1.7179727020810263,2.0,-0.9683760299263205,-0.06340291533608433,2.0,1.0,2.0,0.0,271.0,-62.5,0,0,2.0,2.0,-62.5,2656.25,0.0,0.0,3120.0,-463.75,-62.5,-62.5
1636,2019-06-18,15:32:41,155.34375,155.375,155.25,155.28125,286,44415.34375,155.29840472027973,-0.0625,-0.00040241449235267623,155.39397091288683,155.28980975461147,0.10416115827536032,1.0000000000000806,0.00029296875000000053,-3.3333333333331896,-0.6085806194501694,0.0002929687499999769,0,1636,-0.5083254957603419,-0.9683760299263205,0.017116329922035767,60.8548437368352,20.0,0.0,0.2727931097101266,1.7179727020810263,2.0,-0.9948369210464947,-0.026460891120174135,2.0,1.0,2.0,0.0,271.0,-125.0,0,0,2.0,2.0,-125.0,2531.25,0.0,0.0,3120.0,-588.75,-125.0,-62.5
1637,2019-06-18,15:36:46,155.28125,155.34375,155.25,155.25,286,44411.53125,155.2850743006993,-0.03125,-0.00020126798900577114,155.36197737668977,155.28858483908496,0.07339253760480347,1.0000000000001166,0.00019531250000000017,5.000000000000166,-2.2360679774997756,0.0001953124999999774,0,1637,-0.6316941726072984,-0.9948369210464947,0.013975424859372877,52.515425000179086,20.0,0.0,0.2727931097101266,1.7179727020810263,2.0,-0.996414947176019,-0.0015780261295242903,2.0,1.0,2.0,0.0,271.0,-156.25,0,0,2.0,2.0,-62.5,2468.75,0.0,0.0,3120.0,-651.25,-62.5,-62.5
1638,2019-06-18,15:39:41,155.25,155.25,155.1875,155.21875,286,44394.46875,155.2254152097902,-0.03125,-0.00020130850596444816,155.33014907075872,155.28643607480547,0.04371299595325695,1.0000000000001166,0.00019531250000000017,5.000000000000166,-2.2360679774997756,0.0001953124999999774,0,1638,-0.7643933885536639,-0.996414947176019,0.013975424859372877,31.278473744531652,20.0,0.0,0.2727931097101266,1.7179727020810263,2.0,-0.9276548261748788,0.06876012100114015,2.0,1.0,2.0,0.0,271.0,-187.5,0,0,2.0,2.0,-62.5,2406.25,0.0,0.0,3120.0,-713.75,-62.5,-62.5
1639,2019-06-18,15:43:00,155.21875,155.25,155.15625,155.1875,286,44385.3125,155.19340034965035,-0.03125,-0.00020134903923807457,155.29844927725682,155.2833918878884,0.015057389368422491,1.0000000000001101,0.0001953124999999999,4.999999999999986,2.2360679774997894,0.00019531249999997844,0,1639,-0.920012112894489,-0.9276548261748788,0.013975424859372913,10.774190781272697,10.774190781272697,0.0,0.2727931097101266,0.7098716234535082,1.0,-0.782580471655431,0.14507435451944783,2.0,1.0,2.0,0.0,271.0,-218.75,0,0,2.0,2.0,-62.5,2343.75,-1.0,0.0,3120.0,-776.25,-62.5,-62.5
1640,2019-06-18,15:46:37,155.1875,155.1875,155.125,155.15625,286,44379.5625,155.17329545454547,-0.03125,-0.00020138958883908487,155.26684943786643,155.27947982979953,-0.012630391933100782,1.0000000000000717,0.00029296875,-3.333333333333344,0.6085806194501838,0.00029296874999997896,0,1640,-0.9935768890586912,-0.782580471655431,0.017116329922035826,-7.3791472766835495,0.0,-7.3791472766835495,-0.5785945459870904,-0.4674205891246751,-1.0,-0.5347029906601822,0.24787748099524876,-1.0,1.0,2.0,0.0,271.0,-250.0,0,0,-1.0,2.0,-62.5,2281.25,-2.0,3.0,3127.5,-846.25,-70.0,-62.5
1641,2019-06-18,15:54:38,155.15625,155.1875,155.09375,155.15625,287,44524.5625,155.13784843205576,0.0,0.0,155.24227178500723,155.2756881427288,-0.03341635772156337,1.0000000000000153,0.0014648437500000002,2.0000000000000058,-1.3608276348795423,0.0014648437499999779,0,1641,-0.9756256710878586,-0.5347029906601822,0.03827327723098687,-8.730989384548645,0.0,-8.730989384548645,-0.7345667254182782,-0.4674205891246751,-1.0,-0.22231468154000197,0.31238830912018023,1.0,-1.0,-1.0,1.0,272.0,0.0,0,0,1.0,-1.0,-0.0,2281.25,0.0,2.0,3132.5,-851.25,-5.0,-5.0
1642,2019-06-18,15:57:57,155.15625,155.1875,155.125,155.15625,286,44371.875,155.14641608391608,0.0,0.0,155.22315583278342,155.27201312295253,-0.04885729016911,1.0000000000000093,0.0022460937500000003,1.455576559546311,-1.1180799331493774,0.002246093749999979,0,1642,-0.8466116281110727,-0.22231468154000197,0.04739297152532197,-10.308973798573835,0.0,-10.308973798573835,-0.916630641560559,-0.4674205891246751,-1.0,0.052661583725584216,0.27497626526558616,1.0,-1.0,1.0,1.0,273.0,0.0,0,0,1.0,1.0,0.0,2281.25,0.0,0.0,3132.5,-851.25,0.0,0.0
1643,2019-06-18,16:03:56,155.15625,155.15625,155.03125,155.0625,286,44359.71875,155.10391171328672,-0.09375,-0.0006044122275268293,155.18745453660935,155.26556656532324,-0.078112028713889,1.0000000000000078,0.00263671875,3.251028806584363,-1.7355817665801556,0.00263671874999998,0,1643,-0.6688882482447025,0.052661583725584216,0.051348989766109125,-15.211989382786994,0.0,-15.211989382786994,-1.4823283824472635,-0.4674205891246751,-2.0,0.2733250752663582,0.22066349154077397,1.0,-1.0,1.0,0.0,273.0,-93.75,0,0,1.0,1.0,-93.75,2187.5,-1.0,0.0,3132.5,-945.0,-93.75,0.0
1644,2019-06-18,16:10:20,155.0625,155.125,155.0625,155.09375,287,44514.46875,155.10267857142858,0.03125,0.00020151133569434876,155.16663130625173,155.26027990177485,-0.09364859552312055,1.0000000000000064,0.0032226562500000003,-2.231404958677686,-0.5671631517317615,0.003222656249999979,-1,1644,-0.48691135986875445,0.2733250752663582,0.05676844413932779,-16.496593652148924,0.0,-16.496593652148924,-1.6305428273393616,-0.4674205891246751,-2.0,0.3978511379191484,0.1245260626527902,2.0,-1.0,1.0,0.0,273.0,-62.5,0,0,2.0,1.0,31.25,2218.75,0.0,1.0,3135.0,-916.25,28.75,28.75
1645,2019-06-18,16:23:09,155.09375,155.1875,155.09375,155.125,286,44367.53125,155.13122814685315,0.03125,0.0002014707370570079,155.15737990486247,155.25611744325872,-0.0987375383962501,1.0000000000000064,0.0032226562500000003,-2.231404958677686,-0.5671631517317615,0.003222656249999979,-1,1645,-0.36741186714229174,0.3978511379191484,0.05676844413932779,-17.393032325127113,0.0,-17.393032325127113,-1.733971691359303,-0.4674205891246751,-2.0,0.5078067829560621,0.10995564503691369,2.0,-1.0,2.0,0.0,273.0,-31.25,0,0,2.0,2.0,62.5,2281.25,0.0,0.0,3135.0,-853.75,62.5,62.5
1646,2019-06-18,16:26:00,155.125,155.125,155.03125,155.0625,286,44352.09375,155.07725087412587,-0.0625,-0.00040298207275135667,155.1362954815597,155.25015998346615,-0.11386450190644837,1.000000000000009,0.00224609375,-3.081285444234402,-0.31535587858059355,0.0022460937499999794,0,1646,-0.250078360940207,0.5078067829560621,0.04739297152532197,-24.025609334415922,0.0,-20.0,-2.034757136339064,-0.4674205891246751,-3.0,0.6104200951690522,0.10261331221299008,2.0,-1.0,2.0,0.0,273.0,-93.75,0,0,2.0,2.0,-125.0,2156.25,-1.0,0.0,3135.0,-978.75,-125.0,62.5
1647,2019-06-18,16:29:12,155.0625,155.09375,155.0625,155.0625,287,44504.21875,155.06696428571428,0.0,0.0,155.11989648565756,155.24438583012875,-0.12448934447118631,1.0000000000000129,0.0016601562499999997,-1.4878892733564004,0.5413870509510853,0.0016601562499999785,0,1647,-0.1284514244724841,0.6104200951690522,0.04074501503251629,-30.553269982067356,0.0,-20.0,-2.034757136339064,-0.4674205891246751,-3.0,0.6424083843718117,0.031988289202759534,3.0,-1.0,2.0,0.0,273.0,-93.75,0,0,3.0,2.0,0.0,2156.25,0.0,1.0,3137.5,-981.25,-2.5,-2.5
1648,2019-06-18,16:33:02,155.0625,155.0625,155.0,155.0,286,44340.34375,155.03616695804195,-0.0625,-0.0004031445327727923,155.0932528221781,155.2368662661248,-0.14361344394669118,1.0000000000000129,0.0016601562499999997,-1.4878892733564004,0.5413870509510853,0.0016601562499999785,0,1648,-0.08764878938826941,0.6424083843718117,0.04074501503251629,-35.24687469917029,0.0,-20.0,-2.034757136339064,-0.4674205891246751,-3.0,0.7270828851801427,0.08467450080833105,3.0,-1.0,3.0,0.0,273.0,-156.25,0,0,3.0,3.0,-187.5,1968.75,0.0,0.0,3137.5,-1168.75,-187.5,-2.5
1649,2019-06-18,16:41:00,155.0,155.03125,154.9375,154.96875,287,44480.59375,154.98464721254356,-0.03125,-0.0002016332298397927,155.06558552836074,155.2286165348594,-0.1630310064986702,1.0000000000000084,0.00244140625,-1.2000000000000004,0.0,0.00244140624999998,0,1649,0.028661296536975366,0.7270828851801427,0.04941058844013072,-32.995155824992814,0.0,-20.0,-2.034757136339064,-0.4674205891246751,-3.0,0.7429656351119155,0.015882749931772744,3.0,-1.0,3.0,0.0,273.0,-187.5,0,0,3.0,3.0,-93.75,1875.0,0.0,0.0,3137.5,-1262.5,-93.75,-93.75
1650,2019-06-18,16:48:46,154.96875,155.0,154.9375,155.0,287,44476.125,154.96907665505228,0.03125,0.0002016332298397927,155.05101096650282,155.2215821799407,-0.1705712134378814,1.0000000000000062,0.00322265625,-2.2314049586776847,0.5671631517317617,0.003222656249999979,-1,1650,0.05206856532970287,0.7429656351119155,0.05676844413932779,-30.046836058998814,0.0,-20.0,-2.034757136339064,-0.4674205891246751,-3.0,0.8089574334243835,0.06599179831246804,3.0,-1.0,3.0,0.0,273.0,-156.25,0,0,3.0,3.0,93.75,1968.75,0.0,0.0,3137.5,-1168.75,93.75,93.75
1651,2019-06-18,16:57:12,155.0,155.09375,154.96875,155.0625,286,44341.875,155.041520979021,0.0625,0.0004031445327727923,155.05356408505776,155.21668734363485,-0.16312325857708743,1.0000000000000062,0.00322265625,-2.2314049586776847,0.5671631517317617,0.003222656249999979,-1,1651,0.15633438762859594,0.8089574334243835,0.05676844413932779,-28.734847510833866,0.0,-20.0,-2.034757136339064,-0.4674205891246751,-3.0,0.8243221475024686,0.01536471407808504,3.0,-1.0,3.0,0.0,273.0,-93.75,0,0,3.0,3.0,187.5,2156.25,0.0,0.0,3137.5,-981.25,187.5,187.5
1652,2019-06-18,17:01:03,155.0625,155.0625,155.0,155.0,286,44344.34375,155.05015297202797,-0.0625,-0.0004031445327727923,155.04166095504493,155.2100200407538,-0.1683590857088575,1.0000000000000038,0.005175781250000001,-2.716269134923461,-0.19669686464742786,0.005175781249999981,0,1652,0.18257577575424186,0.8243221475024686,0.07194290270763323,-23.401764367646845,0.0,-20.0,-2.034757136339064,-0.4674205891246751,-3.0,0.8348033686217614,0.010481221119292838,3.0,-1.0,3.0,0.0,273.0,-156.25,0,0,3.0,3.0,-187.5,1968.75,0.0,0.0,3137.5,-1168.75,-187.5,187.5
1653,2019-06-18,17:04:41,155.0,155.0,154.90625,154.9375,287,44469.9375,154.94751742160278,-0.0625,-0.0004033071238378483,155.0185140761461,155.2016348087306,-0.18312073258451278,1.0000000000000029,0.00712890625,-2.707825107900167,0.5779903148118288,0.007128906249999979,0,1653,0.20099874754924807,0.8348033686217614,0.08443285053816423,-21.68832763756341,0.0,-20.0,-2.034757136339064,-0.4674205891246751,-3.0,0.8477279244845776,0.012924555862816156,3.0,-1.0,3.0,0.0,273.0,-218.75,0,0,3.0,3.0,-187.5,1781.25,0.0,0.0,3137.5,-1356.25,-187.5,-187.5
1654,2019-06-18,17:07:09,154.9375,155.03125,154.9375,155.03125,287,44482.875,154.99259581881532,0.09375,0.0006048997059133754,155.02134428144697,155.1963921992312,-0.17504791778424078,1.0000000000000029,0.00712890625,-2.707825107900167,0.5779903148118288,0.007128906249999979,-1,1654,0.22436259346798426,0.8477279244845776,0.08443285053816423,-20.732205139173633,0.0,-20.0,-2.034757136339064,-0.4674205891246751,-3.0,0.8570353382949639,0.009307413810386356,3.0,-1.0,3.0,0.0,273.0,-125.0,0,0,3.0,3.0,281.25,2062.5,0.0,0.0,3137.5,-1075.0,281.25,281.25
1655,2019-06-18,17:16:18,155.03125,155.03125,154.9375,154.9375,286,44326.875,154.9890734265734,-0.09375,-0.0006048997059133754,155.0027122189032,155.18842628540872,-0.18571406650551125,1.000000000000003,0.00654296875,-2.412564045444421,-0.36326900585846356,0.00654296874999998,0,1655,0.24167333269582647,0.8570353382949639,0.08088861940965478,-22.95923306157264,0.0,-20.0,-2.034757136339064,-0.4674205891246751,-3.0,0.8675039853819227,0.010468647086958827,3.0,-1.0,3.0,0.0,273.0,-218.75,0,0,3.0,3.0,-281.25,1781.25,0.0,0.0,3137.5,-1356.25,-281.25,281.25
1656,2019-06-18,17:21:55,154.9375,155.03125,154.9375,155.0,287,44479.5,154.9808362369338,0.0625,0.0004033071238378483,155.0021095035914,155.18262855355002,-0.18051904995860468,1.0000000000000036,0.005175781249999999,1.128515485938055,-1.032658539398995,0.005175781249999982,-1,1656,0.26168166081216604,0.8675039853819227,0.07194290270763323,-25.091988669432904,0.0,-20.0,-2.034757136339064,-0.4674205891246751,-3.0,0.8484401889385221,-0.019063796443400616,-3.0,-1.0,3.0,0.0,273.0,-156.25,0,0,-3.0,3.0,187.5,1968.75,0.0,6.0,3152.5,-1183.75,172.5,172.5
1657,2019-06-18,17:32:34,155.0,155.0625,155.0,155.03125,286,44337.8125,155.02731643356643,0.03125,0.0002015925820755271,155.00858516946002,155.17797075190234,-0.16938558244231672,1.0000000000000058,0.00341796875,2.000000000000002,-1.1454053224818188,0.00341796874999998,-1,1657,0.2256723665961552,0.8484401889385221,0.05846339666834267,-28.972928720379546,0.0,-20.0,-2.034757136339064,-0.4674205891246751,-3.0,0.8279709488758451,-0.02046924006267703,-3.0,-1.0,-3.0,1.0,274.0,31.25,0,0,-3.0,-3.0,-93.75,1875.0,0.0,0.0,3152.5,-1277.5,-93.75,172.5
1658,2019-06-18,17:44:27,155.03125,155.0625,154.96875,155.03125,287,44491.40625,155.02232142857142,0.0,0.0,155.0136217984689,155.17345626722843,-0.15983446875952723,1.0000000000000242,0.00078125,0.3124999999999976,1.257788237343632,0.0007812499999999812,0,1658,0.18893889995869179,0.8279709488758451,0.027950849718747034,-57.18411796701979,0.0,-20.0,-2.034757136339064,-0.4674205891246751,-3.0,0.8485463893750576,0.02057544049921245,3.0,-1.0,-3.0,0.0,274.0,31.25,0,0,3.0,-3.0,-0.0,1875.0,0.0,6.0,3167.5,-1292.5,-15.0,-15.0
1659,2019-06-18,17:54:57,155.03125,155.09375,155.0,155.03125,286,44341.96875,155.0418487762238,0.0,0.0,155.01753917658695,155.16908068977526,-0.151541513188306,1.000000000000011,0.0016601562499999997,2.664359861591702,1.714392328011769,0.0016601562499999815,0,1659,0.22586786396340852,0.8485463893750576,0.040745015032516325,-37.19265119116269,0.0,-20.0,-2.034757136339064,-0.4674205891246751,-3.0,0.9222456986865597,0.07369930931150215,3.0,-1.0,3.0,1.0,275.0,0.0,0,0,3.0,3.0,0.0,1875.0,0.0,0.0,3167.5,-1292.5,0.0,0.0
1660,2019-06-18,18:06:00,155.03125,155.0625,155.0,155.03125,287,44490.78125,155.020143728223,0.0,0.0,155.0205860262343,155.1648397454745,-0.14425371924019714,1.0000000000000104,0.0017578124999999998,4.999999999999997,2.2360679774997907,0.0017578124999999812,0,1660,0.3787556776636641,0.9222456986865597,0.041926274578120835,-34.40651970434686,0.0,-20.0,-2.034757136339064,-0.4674205891246751,-3.0,0.955427512811024,0.033181814124464304,3.0,-1.0,3.0,0.0,275.0,0.0,0,0,3.0,3.0,0.0,1875.0,0.0,0.0,3167.5,-1292.5,0.0,0.0
1661,2019-06-18,18:13:17,155.03125,155.125,155.03125,155.125,286,44356.09375,155.0912368881119,0.09375,0.0006045340234486218,155.04378913151558,155.1636139071522,-0.11982477563662997,1.0000000000000104,0.0017578124999999998,4.999999999999997,2.2360679774997907,0.0017578124999999812,-1,1661,0.46683311433323593,0.955427512811024,0.041926274578120835,-28.579876662631108,0.0,-20.0,-2.034757136339064,-0.4674205891246751,-3.0,0.9855984433873579,0.03017093057633391,3.0,-1.0,3.0,0.0,275.0,93.75,0,0,3.0,3.0,281.25,2156.25,0.0,0.0,3167.5,-1011.25,281.25,281.25
1662,2019-06-18,18:26:17,155.125,155.15625,155.09375,155.125,287,44520.875,155.125,0.0,0.0,155.0618359911788,155.16242578693218,-0.1005897957533648,1.0000000000000062,0.003125,2.3632812499999987,0.8210562104882035,0.0031249999999999802,0,1662,0.5773497078080742,0.9855984433873579,0.05590169943749457,-17.994049691787524,0.0,-17.994049691787524,-1.8033155799751566,-0.4674205891246751,-2.0,0.9929699883302623,0.007371544942904373,3.0,-1.0,3.0,0.0,275.0,93.75,0,0,3.0,3.0,0.0,2156.25,1.0,0.0,3167.5,-1011.25,0.0,281.25
1663,2019-06-18,18:44:08,155.125,155.15625,155.0625,155.125,286,44361.34375,155.10959353146853,0.0,0.0,155.07587243758354,155.16127422425734,-0.08540178667379905,1.0000000000000062,0.003125,2.3632812499999987,0.8210562104882035,0.0031249999999999802,0,1663,0.6184381352481021,0.9929699883302623,0.05590169943749457,-15.277136032204075,0.0,-15.277136032204075,-1.4898448407918465,-0.4674205891246751,-2.0,0.9971170206654262,0.004147032335163892,2.0,-1.0,3.0,0.0,275.0,93.75,0,0,2.0,3.0,0.0,2156.25,0.0,1.0,3170.0,-1013.75,-2.5,0.0
1664,2019-06-18,18:48:50,155.125,155.15625,155.0625,155.0625,286,44364.84375,155.1218312937063,-0.0625,-0.00040298207275135667,155.0729007847872,155.15823501735713,-0.08533423256992023,1.0000000000000113,0.001953125,-1.750000000000001,-0.883883476483184,0.0019531249999999779,0,1664,0.6514135375375988,0.9971170206654262,0.044194173824158973,-19.308932645613083,0.0,-19.308932645613083,-1.9550235041564594,-0.4674205891246751,-2.0,0.9999962291719519,0.0028792085065256767,2.0,-1.0,2.0,0.0,275.0,31.25,0,0,2.0,2.0,-125.0,2031.25,0.0,0.0,3170.0,-1138.75,-125.0,-2.5
1665,2019-06-18,18:54:08,155.0625,155.09375,155.03125,155.0625,287,44500.34375,155.05346254355402,0.0,0.0,155.07058949927895,155.1552893245154,-0.08469982523644148,1.0000000000000082,0.0026367187499999997,-1.6872427983539058,-0.5184205276797867,0.0026367187499999785,0,1665,0.7090459749832808,0.9999962291719519,0.05134898976610911,-16.49493507510917,0.0,-16.49493507510917,-1.6303514648465527,-0.4674205891246751,-2.0,0.9975825823479517,-0.0024136468240001374,-2.0,-1.0,2.0,0.0,275.0,31.25,0,0,-2.0,2.0,0.0,2031.25,0.0,4.0,3180.0,-1148.75,-10.0,-10.0
1666,2019-06-18,18:59:37,155.0625,155.0625,154.96875,154.96875,286,44330.375,155.0013111888112,-0.09375,-0.000604777762612585,155.0479584994392,155.14954965299185,-0.10159115355264703,1.0000000000000087,0.00263671875,-1.6872427983539093,0.5184205276797864,0.0026367187499999776,0,1666,0.7545349270037823,0.9975825823479517,0.051348989766109104,-19.78445029111328,0.0,-19.78445029111328,-2.009887547150195,-0.4674205891246751,-2.0,0.9785222555020434,-0.019060326845908304,-2.0,-1.0,-2.0,1.0,276.0,-93.75,0,0,-2.0,-2.0,187.5,2218.75,0.0,0.0,3180.0,-961.25,187.5,187.5
1667,2019-06-18,18:59:59,154.96875,155.03125,154.96875,155.0,287,44483.65625,154.99531794425087,0.03125,0.0002016332298397927,155.0373010551194,155.1449481252075,-0.10764707008809182,1.0000000000000064,0.0032226562500000003,-2.231404958677686,-0.5671631517317615,0.003222656249999979,-1,1667,0.8376835647813285,0.9785222555020434,0.05676844413932779,-18.96248377424115,0.0,-18.96248377424115,-1.915051095237571,-0.4674205891246751,-2.0,0.9486174598620924,-0.029904795639950965,-2.0,-1.0,-2.0,0.0,276.0,-62.5,0,0,-2.0,-2.0,-62.5,2156.25,0.0,0.0,3180.0,-1023.75,-62.5,187.5
1668,2019-06-18,19:13:40,155.0,155.03125,154.90625,154.9375,286,44323.59375,154.97760052447552,-0.0625,-0.0004033071238378483,155.01512304287067,155.13856510597037,-0.12344206309970218,1.0000000000000044,0.004589843749999999,-2.3675871435038487,-0.5594072218898559,0.00458984374999998,0,1668,0.8945202518260982,0.9486174598620924,0.0677483855896211,-18.22066489487142,0.0,-18.22066489487142,-1.829461878356893,-0.4674205891246751,-2.0,0.8405364415104867,-0.10808101835160577,-2.0,-1.0,-2.0,0.0,276.0,-125.0,0,0,-2.0,-2.0,125.0,2281.25,0.0,0.0,3180.0,-898.75,125.0,125.0
1669,2019-06-18,19:22:57,154.9375,155.0,154.90625,154.96875,287,44474.0,154.9616724738676,0.03125,0.00020167389399805558,155.00481792223277,155.13334002578668,-0.12852210355390525,1.000000000000008,0.0022460937500000003,3.7240075614366694,-1.7487916903105647,0.0022460937499999825,-1,1669,0.9774276586996156,0.8405364415104867,0.04739297152532201,-27.118388954622958,0.0,-20.0,-2.034757136339064,-0.4674205891246751,-3.0,0.6248166564373561,-0.2157197850731306,2.0,-1.0,-2.0,0.0,276.0,-93.75,0,0,2.0,-2.0,-62.5,2218.75,-1.0,4.0,3190.0,-971.25,-72.5,125.0
1670,2019-06-18,19:33:49,154.96875,155.0625,154.96875,155.03125,287,44492.125,155.02482578397212,0.0625,0.0004032258119153198,155.0106917172922,155.13019879422401,-0.11950707693182494,1.000000000000008,0.00224609375,1.4555765595463157,-1.118079933149378,0.002246093749999982,-1,1670,0.9939009217841654,0.6248166564373561,0.047392971525322,-25.216202547665212,0.0,-20.0,-2.034757136339064,-0.4674205891246751,-3.0,0.06511284352145348,-0.5597038129159025,-3.0,1.0,2.0,1.0,277.0,62.5,0,0,-3.0,2.0,125.0,2343.75,0.0,5.0,3202.5,-858.75,112.5,112.5
1671,2019-06-18,19:39:46,155.03125,155.0625,155.0,155.0625,286,44339.5625,155.0334353146853,0.03125,0.00020155195069726517,155.02220466900505,155.12811575440176,-0.10591108539671268,1.000000000000014,0.00126953125,-0.1775147928994123,-0.4047960089109363,0.0012695312499999825,-1,1671,0.7516479681491649,0.06511284352145348,0.035630482034347814,-29.724853369823713,0.0,-20.0,-2.034757136339064,-0.4674205891246751,-3.0,-0.6638024279026317,-0.7289152714240852,-3.0,1.0,-3.0,1.0,278.0,31.25,0,0,-3.0,-3.0,-93.75,2250.0,0.0,0.0,3202.5,-952.5,-93.75,112.5
1672,2019-06-18,19:55:00,155.0625,155.09375,155.03125,155.0625,287,44505.5,155.07142857142858,0.0,0.0,155.03115918700394,155.12609680811252,-0.09493762110858484,1.000000000000014,0.00126953125,-0.1775147928994123,-0.4047960089109363,0.0012695312499999825,0,1672,0.05947160157325879,-0.6638024279026317,0.035630482034347814,-26.645056616709507,0.0,-20.0,-2.034757136339064,-0.4674205891246751,-3.0,-0.9946092388798738,-0.3308068109772422,-3.0,1.0,-3.0,0.0,278.0,31.25,0,0,-3.0,-3.0,-0.0,2250.0,0.0,0.0,3202.5,-952.5,-0.0,-0.0
1673,2019-06-18,20:01:07,155.0625,155.0625,155.0,155.03125,286,44341.25,155.03933566433565,-0.03125,-0.00020155195069726517,155.03117936766975,155.123178444786,-0.09199907711624178,1.0000000000000273,0.00068359375,-0.612244897959183,-0.5122408325718831,0.0006835937499999814,0,1673,-0.6299721513022941,-0.9946092388798738,0.026145625829189504,-35.187177280542336,0.0,-20.0,-2.034757136339064,-0.4674205891246751,-3.0,-0.9298283543106205,0.06478088456925335,-3.0,1.0,-3.0,0.0,278.0,0.0,0,0,-3.0,-3.0,93.75,2343.75,0.0,0.0,3202.5,-858.75,93.75,93.75
1674,2019-06-18,20:17:58,155.03125,155.09375,155.03125,155.0625,286,44348.84375,155.06588723776224,0.03125,0.00020155195069726517,155.0381395081876,155.12131141571567,-0.08317190752805459,1.000000000000039,0.00048828125,2.0,0.0,0.0004882812499999809,-1,1674,-0.9176986488255432,-0.9298283543106205,0.022097086912079178,-37.639308683077765,0.0,-20.0,-2.034757136339064,-0.4674205891246751,-3.0,-0.6027018822580273,0.32712647205259315,-3.0,1.0,-3.0,0.0,278.0,31.25,0,0,-3.0,-3.0,-93.75,2250.0,0.0,0.0,3202.5,-952.5,-93.75,93.75
1675,2019-06-18,20:52:14,155.0625,155.125,155.03125,155.0625,287,44503.375,155.0640243902439,0.0,0.0,155.0435529508126,155.11950183369368,-0.07594888288107882,1.000000000000039,0.00048828125,2.0,0.0,0.0004882812499999809,0,1675,-0.9904220696400213,-0.6027018822580273,0.022097086912079178,-34.370540869603055,0.0,-20.0,-2.034757136339064,-0.4674205891246751,-3.0,-0.0539628501581705,0.5487390320998569,3.0,1.0,-3.0,0.0,278.0,31.25,0,0,3.0,-3.0,-0.0,2250.0,0.0,6.0,3217.5,-967.5,-15.0,-15.0
1676,2019-06-18,22:45:36,155.0625,155.15625,155.03125,155.0625,286,44356.9375,155.09418706293707,0.0,0.0,155.0477634061876,155.1177479311185,-0.0699845249308737,1.0000000000000617,0.00029296875,-3.3333333333333304,0.6085806194501845,0.00029296874999998194,0,1676,-0.7442339842132397,-0.0539628501581705,0.017116329922035912,-40.88757651298494,0.0,-20.0,-2.034757136339064,-0.4674205891246751,-3.0,0.771785153428942,0.8257480035871125,3.0,-1.0,3.0,1.0,279.0,0.0,0,0,3.0,3.0,0.0,2250.0,0.0,0.0,3217.5,-967.5,0.0,0.0
1677,2019-06-18,23:19:49,155.0625,155.09375,154.9375,155.0625,287,44487.125,155.00740418118468,0.0,0.0,155.05103820481258,155.1160479947764,-0.065009789963824,1.0000000000000056,0.0037109375,4.168975069252075,-1.9439589828981871,0.0037109374999999794,0,1677,0.0960970633504081,0.771785153428942,0.060917464655055854,-10.671781948237813,0.0,-10.671781948237813,-0.9584905433118471,-0.4674205891246751,-1.0,0.9794575673073596,0.2076724138784175,3.0,-1.0,3.0,0.0,279.0,0.0,0,0,3.0,3.0,0.0,2250.0,2.0,0.0,3217.5,-967.5,0.0,0.0
1678,2019-06-19,00:03:42,155.0625,155.09375,154.96875,155.09375,286,44340.0625,155.03518356643357,0.03125,0.00020151133569434876,155.06052971485425,155.11536190262945,-0.05483218777519028,1.0000000000000056,0.00390625,-0.1874999999999988,-0.9374999999999997,0.0039062499999999783,-1,1678,0.8351694355059156,0.9794575673073596,0.062499999999999827,-8.77315004403047,0.0,-8.77315004403047,-0.7394311174263222,-0.4674205891246751,-1.0,0.7443395270255317,-0.2351180402818278,-1.0,-1.0,3.0,0.0,279.0,31.25,0,0,-1.0,3.0,93.75,2343.75,0.0,4.0,3227.5,-883.75,83.75,83.75
1679,2019-06-19,00:26:02,155.09375,155.125,154.9375,154.96875,287,44501.28125,155.05672909407664,-0.125,-0.0008062890983069337,155.04013422266442,155.11085076716395,-0.07071654449953257,1.0000000000000064,0.0036132812500000006,-0.021913805697593602,-0.5901286563843656,0.003613281249999978,0,1679,0.9985344036071021,0.7443395270255317,0.06011057519272277,-11.764409885083552,0.0,-11.764409885083552,-1.0845552365372773,-0.4674205891246751,-2.0,0.2508938128953669,-0.49344571413016486,1.0,-1.0,-1.0,1.0,280.0,-125.0,0,0,1.0,-1.0,125.0,2468.75,-1.0,2.0,3232.5,-763.75,120.0,120.0
1680,2019-06-19,00:31:48,154.96875,154.96875,154.875,154.90625,286,44305.125,154.91302447552448,-0.0625,-0.0004033884685599176,155.01038217318344,155.10455535894354,-0.09417318576009848,1.0000000000000064,0.0036132812500000006,-0.021913805697593602,-0.5901286563843656,0.003613281249999978,0,1680,0.8618984149361877,0.2508938128953669,0.06011057519272277,-15.666658563516702,0.0,-15.666658563516702,-1.5347869814404547,-0.4674205891246751,-2.0,-0.548616140765336,-0.7995099536607029,-2.0,1.0,1.0,1.0,281.0,-62.5,0,0,-2.0,1.0,-62.5,2406.25,0.0,3.0,3240.0,-833.75,-70.0,120.0
1681,2019-06-19,01:11:46,154.90625,154.96875,154.875,154.875,287,44464.03125,154.92693815331012,-0.03125,-0.00020175527154098205,154.98029724580937,155.09749211712992,-0.11719487132054951,1.000000000000003,0.006542968749999999,0.7952773446201853,0.5016571985664501,0.0065429687499999785,0,1681,0.2032636538630294,-0.548616140765336,0.08088861940965478,-14.48842521678164,0.0,-14.48842521678164,-1.3988453489823618,-0.4674205891246751,-2.0,-0.8697610804447194,-0.3211449396793834,-2.0,1.0,-2.0,1.0,282.0,-31.25,0,0,-2.0,-2.0,62.5,2468.75,0.0,0.0,3240.0,-771.25,62.5,62.5
1682,2019-06-19,01:48:45,154.875,154.90625,154.8125,154.875,287,44445.625,154.8628048780488,0.0,0.0,154.95689785785174,155.09064620583362,-0.13374834798187862,1.0000000000000058,0.00361328125,2.6077428780131497,1.517473687845512,0.0036132812499999794,0,1682,-0.9639521064848685,-0.8697610804447194,0.06011057519272278,-22.250385652285477,0.0,-20.0,-2.034757136339064,-0.4674205891246751,-3.0,-0.4879073317384014,0.38185374870631805,2.0,1.0,-2.0,0.0,282.0,-31.25,0,0,2.0,-2.0,-0.0,2468.75,-1.0,4.0,3250.0,-781.25,-10.0,62.5
1683,2019-06-19,03:01:37,154.875,154.96875,154.875,154.96875,287,44465.25,154.93118466898954,0.09375,0.0006051437401008997,154.95953166721802,155.08689555334647,-0.12736388612844962,1.0000000000000036,0.00615234375,1.5041572184429317,0.19604278777442427,0.006152343749999978,-1,1683,-0.96223286227076,-0.4879073317384014,0.07843687748756945,-16.23775578631799,0.0,-16.23775578631799,-1.6006787582901107,-0.4674205891246751,-2.0,-0.16422438879691464,0.32368294294148675,3.0,-1.0,2.0,1.0,283.0,93.75,0,0,3.0,2.0,187.5,2656.25,1.0,1.0,3252.5,-596.25,185.0,185.0
1684,2019-06-19,05:18:41,154.96875,155.0,154.90625,154.9375,286,44316.125,154.95148601398603,-0.03125,-0.00020167389399805558,154.95463574116957,155.08229876708967,-0.12766302592009993,1.000000000000003,0.00654296875,0.7952773446201805,-0.5016571985664497,0.006542968749999979,0,1684,-0.8136305768191796,-0.16422438879691464,0.08088861940965478,-15.782569519892462,0.0,-15.782569519892462,-1.5481604992356888,-0.4674205891246751,-2.0,0.2995699372753295,0.46379432607224413,2.0,-1.0,3.0,0.0,283.0,62.5,0,0,2.0,3.0,-93.75,2562.5,0.0,1.0,3255.0,-692.5,-96.25,185.0
1685,2019-06-19,05:39:52,154.9375,154.9375,154.8125,154.8125,287,44443.9375,154.856925087108,-0.125,-0.0008071025458304959,154.92305002090967,155.07399726656385,-0.15094724565418005,1.000000000000003,0.00654296875,0.7952773446201805,-0.5016571985664497,0.006542968749999979,0,1685,-0.4628045038674824,0.2995699372753295,0.08088861940965478,-18.661122758161845,0.0,-18.661122758161845,-1.8802808108973992,-0.4674205891246751,-2.0,0.5248903756750337,0.22532043839970423,2.0,-1.0,2.0,0.0,283.0,-62.5,0,0,2.0,2.0,-250.0,2312.5,0.0,0.0,3255.0,-942.5,-250.0,-96.25
1686,2019-06-19,06:03:06,154.8125,154.875,154.8125,154.84375,287,44435.5,154.8275261324042,0.03125,0.0002018367147833544,154.90542779404086,155.06691273528497,-0.16148494124411172,1.000000000000005,0.00419921875,1.9307733910221725,-1.446728466511237,0.004199218749999978,-1,1686,-0.23071442053918667,0.5248903756750337,0.06480137922914896,-24.919985217146824,0.0,-20.0,-2.034757136339064,-0.4674205891246751,-3.0,0.6704173032713076,0.14552692759627384,2.0,-1.0,2.0,0.0,283.0,-31.25,0,0,2.0,2.0,62.5,2375.0,-1.0,0.0,3255.0,-880.0,62.5,62.5
1687,2019-06-19,06:15:21,154.84375,154.90625,154.8125,154.84375,287,44441.4375,154.84821428571428,0.0,0.0,154.89172161758734,155.06004618958391,-0.16832457199657824,1.000000000000002,0.01005859375,1.6938448487133577,-0.15428167279290061,0.01005859374999998,0,1687,-0.05060547916650298,0.6704173032713076,0.10029254084925748,-16.78335901865073,0.0,-16.78335901865073,-1.6636291019408433,-0.4674205891246751,-2.0,0.7819664931832305,0.11154918991192297,3.0,-1.0,2.0,0.0,283.0,-31.25,0,0,3.0,2.0,0.0,2375.0,1.0,1.0,3257.5,-882.5,-2.5,62.5
1688,2019-06-19,06:31:00,154.84375,154.875,154.8125,154.875,287,44435.875,154.82883275261324,0.03125,0.0002017959849442974,154.88800570256794,155.05435246067367,-0.16634675810573185,1.0000000000000047,0.003710937499999999,4.16897506925208,1.9439589828981885,0.0037109374999999816,-1,1688,0.11217968151370754,0.7819664931832305,0.060917464655055875,-27.30690764096431,0.0,-20.0,-2.034757136339064,-0.4674205891246751,-3.0,0.9127574994530911,0.13079100626986062,2.0,-1.0,3.0,0.0,283.0,0.0,0,0,2.0,3.0,93.75,2468.75,-1.0,1.0,3260.0,-791.25,91.25,91.25
1689,2019-06-19,06:40:16,154.875,155.03125,154.875,155.03125,286,44322.03125,154.97213723776224,0.15625,0.0010083695520162195,154.91983776866397,155.05364161572987,-0.13380384706590576,1.0000000000000038,0.005078125,2.8180473372781094,1.4926852828590782,0.005078124999999981,-1,1689,0.3565626015228742,0.9127574994530911,0.07126096406869599,-18.77659793332547,0.0,-18.77659793332547,-1.8936040493404689,-0.4674205891246751,-2.0,0.9949347855415549,0.08217728608846375,3.0,-1.0,2.0,0.0,283.0,156.25,0,0,3.0,2.0,312.5,2781.25,1.0,1.0,3262.5,-481.25,310.0,310.0
1690,2019-06-19,07:02:20,155.03125,155.09375,155.03125,155.0625,287,44503.46875,155.06435104529618,0.03125,0.00020155195069726517,154.95154048673865,155.05391418139976,-0.1023736946611109,1.0000000000000029,0.007031249999999999,1.238425925925925,0.9989840732811562,0.00703124999999998,-1,1690,0.6324449939953896,0.9949347855415549,0.08385254915624199,-12.208775486402752,0.0,-12.208775486402752,-1.1358250341702734,-0.4674205891246751,-2.0,0.9674676304620153,-0.027467155079539562,-2.0,-1.0,3.0,0.0,283.0,187.5,0,0,-2.0,3.0,93.75,2875.0,0.0,5.0,3275.0,-400.0,81.25,310.0
1691,2019-06-19,07:19:09,155.0625,155.0625,155.0,155.03125,286,44340.75,155.0375874125874,-0.03125,-0.00020155195069726517,154.96925371190784,155.0532168219721,-0.0839631100642464,1.0000000000000027,0.00849609375,1.5814506539833542,1.4301684243036634,0.008496093749999978,0,1691,0.862997281978384,0.9674676304620153,0.09217425752345379,-9.109171293610034,0.0,-9.109171293610034,-0.7782004132835763,-0.4674205891246751,-1.0,0.8176631611641931,-0.1498044692978222,-2.0,-1.0,-2.0,1.0,284.0,-31.25,0,0,-2.0,-2.0,62.5,2937.5,1.0,0.0,3275.0,-337.5,62.5,81.25
1692,2019-06-19,07:28:34,155.03125,155.03125,154.90625,154.96875,287,44476.6875,154.97103658536585,-0.0625,-0.0004032258119153198,154.96914177592834,155.0506178428345,-0.08147606690616271,1.0000000000000144,0.0016601562499999997,2.664359861591688,1.714392328011769,0.0016601562499999759,0,1692,0.985254368890285,0.8176631611641931,0.040745015032516256,-19.996573038724208,0.0,-19.996573038724208,-2.0343617420723064,-0.4674205891246751,-3.0,0.7062802580940543,-0.11138290307013887,1.0,-1.0,-2.0,0.0,284.0,-93.75,0,0,1.0,-2.0,125.0,3062.5,-2.0,3.0,3282.5,-220.0,117.5,117.5
1693,2019-06-19,07:47:03,155.0,155.0,154.90625,154.90625,286,44311.53125,154.93542395104896,-0.0625,-0.0004033884685599176,154.95516582572205,155.0461757553627,-0.09100992964064858,1.0000000000000533,0.0004882812500000004,2.0000000000001243,1.0467283057891821e-14,0.0004882812499999744,0,1693,0.9999993176566896,0.7062802580940543,0.022097086912079032,-41.186392578697514,0.0,-20.0,-2.034757136339064,-0.4674205891246751,-3.0,0.41112591508871904,-0.2951543430053352,-3.0,1.0,1.0,1.0,285.0,-62.5,0,0,-3.0,1.0,-62.5,3000.0,0.0,4.0,3292.5,-292.5,-72.5,117.5
1694,2019-06-19,08:07:29,154.90625,154.9375,154.8125,154.84375,287,44452.1875,154.8856707317073,-0.0625,-0.00040355125648527945,154.93040675333938,155.0399472705823,-0.10954051724291958,1.0000000000000218,0.001171875,2.916666666666707,1.293233816331645,0.0011718749999999748,0,1694,0.9352933080649907,0.41112591508871904,0.03423265984407251,-31.998833202523365,0.0,-20.0,-2.034757136339064,-0.4674205891246751,-3.0,0.2584216097380967,-0.15270430535062235,-3.0,1.0,-3.0,1.0,286.0,-62.5,0,0,-3.0,-3.0,187.5,3187.5,0.0,0.0,3292.5,-105.0,187.5,187.5
1695,2019-06-19,08:22:30,154.84375,154.84375,154.75,154.75,287,44423.5625,154.78593205574913,-0.09375,-0.0006056323996563862,154.89031636370842,155.03102581610287,-0.14070945239444654,1.0000000000000178,0.0014648437500000002,2.0000000000000013,1.3608276348795443,0.0014648437499999744,0,1695,0.8658196141417858,0.2584216097380967,0.03827327723098682,-36.76441177096936,0.0,-20.0,-2.034757136339064,-0.4674205891246751,-3.0,0.06806804945245575,-0.19035356028564093,-3.0,1.0,-3.0,0.0,286.0,-156.25,0,0,-3.0,-3.0,281.25,3468.75,0.0,0.0,3292.5,176.25,281.25,281.25
1696,2019-06-19,08:32:38,154.75,154.78125,154.71875,154.75,287,44409.34375,154.7363893728223,0.0,0.0,154.85913494955102,155.0223788679151,-0.16324391836408836,1.0000000000000178,0.0014648437500000002,2.0000000000000013,1.3608276348795443,0.0014648437499999744,0,1696,0.7535981541323639,0.06806804945245575,0.03827327723098682,-42.652192384487726,0.0,-20.0,-2.034757136339064,-0.4674205891246751,-3.0,-0.9762210498916573,-1.044289099344113,-3.0,1.0,-3.0,0.0,286.0,-156.25,0,0,-3.0,-3.0,-0.0,3468.75,0.0,0.0,3292.5,176.25,-0.0,281.25
1697,2019-06-19,08:44:38,154.75,154.78125,154.65625,154.65625,287,44401.9375,154.71058362369337,-0.09375,-0.000605999412545799,154.81404940520636,155.01111336428696,-0.1970639590805945,1.0000000000000027,0.00849609375,1.5814506539833555,1.4301684243036634,0.008496093749999977,0,1697,-0.8435773274572249,-0.9762210498916573,0.09217425752345379,-21.379500565052176,0.0,-20.0,-2.034757136339064,-0.4674205891246751,-3.0,-0.6223080836649709,0.35391296622668633,-3.0,1.0,-3.0,0.0,286.0,-250.0,0,0,-3.0,-3.0,281.25,3750.0,0.0,0.0,3292.5,457.5,281.25,281.25
1698,2019-06-19,08:57:05,154.65625,154.71875,154.59375,154.59375,288,44540.8125,154.65559895833334,-0.0625,-0.00040420372417759864,154.7650939818272,154.9982714146166,-0.23317743278940384,1.0000000000000029,0.00712890625,2.0210170763745565,1.338503886932656,0.007128906249999978,0,1698,-0.9935419466053048,-0.6223080836649709,0.08443285053816423,-27.616908739093923,0.0,-20.0,-2.034757136339064,-0.4674205891246751,-3.0,-0.3671866270318057,0.2551214566331652,3.0,1.0,-3.0,0.0,286.0,-312.5,0,0,3.0,-3.0,187.5,3937.5,0.0,6.0,3307.5,630.0,172.5,281.25
1699,2019-06-19,09:16:35,154.59375,154.71875,154.59375,154.71875,287,44383.40625,154.64601480836237,0.125,0.0008082441337142754,154.75479531919893,154.98967075570533,-0.23487543650639964,1.0000000000000027,0.00830078125,-1.5986159169550167,0.6052891240323843,0.00830078124999998,-1,1699,-0.9173536101336497,-0.3671866270318057,0.0911086233569577,-25.779715229169128,0.0,-20.0,-2.034757136339064,-0.4674205891246751,-3.0,-0.12674820838459627,0.24043841864720944,3.0,-1.0,3.0,1.0,287.0,125.0,0,0,3.0,3.0,375.0,4312.5,0.0,0.0,3307.5,1005.0,375.0,375.0
1700,2019-06-19,09:26:00,154.71875,154.78125,154.6875,154.6875,287,44410.0625,154.738893728223,-0.03125,-0.0002019997986870692,154.7398408038214,154.98037319399134,-0.2405323901699319,1.000000000000003,0.00615234375,-1.216931216931216,0.8284388773693415,0.00615234374999998,0,1700,-0.7910284282738602,-0.12674820838459627,0.07843687748756946,-30.66572738161983,0.0,-20.0,-2.034757136339064,-0.4674205891246751,-3.0,0.18050883153769415,0.3072570399222904,3.0,-1.0,3.0,0.0,287.0,93.75,0,0,3.0,3.0,-93.75,4218.75,0.0,0.0,3307.5,911.25,-93.75,375.0
1701,2019-06-19,09:37:00,154.6875,154.75,154.65625,154.75,287,44407.03125,154.7283318815331,0.0625,0.00040395880169619147,154.74209840297223,154.9732847880224,-0.2311863850501652,1.0000000000000038,0.005175781249999999,-1.0074759700961202,1.0162671340117102,0.00517578124999998,-1,1701,-0.5678523764068272,0.18050883153769415,0.07194290270763322,-32.13470354256864,0.0,-20.0,-2.034757136339064,-0.4674205891246751,-3.0,0.40899950946652835,0.2284906779288342,3.0,-1.0,3.0,0.0,287.0,156.25,0,0,3.0,3.0,187.5,4406.25,0.0,0.0,3307.5,1098.75,187.5,187.5
1702,2019-06-19,09:49:10,154.75,154.78125,154.71875,154.71875,287,44414.28125,154.7535932055749,-0.03125,-0.00020195900300912228,154.73690986897842,154.96545294839095,-0.22854307941253182,1.0000000000000129,0.0016601562499999997,2.6643598615916986,1.7143923280117699,0.0016601562499999785,0,1702,-0.3560530790416563,0.40899950946652835,0.04074501503251629,-56.091052912888735,0.0,-20.0,-2.034757136339064,-0.4674205891246751,-3.0,0.7195748558085515,0.31057534634202316,3.0,-1.0,3.0,0.0,287.0,125.0,0,0,3.0,3.0,-93.75,4312.5,0.0,0.0,3307.5,1005.0,-93.75,187.5
1703,2019-06-19,09:57:38,154.71875,154.71875,154.65625,154.6875,287,44393.71875,154.6819468641115,-0.03125,-0.0002019997986870692,154.72592989809434,154.95690054997894,-0.2309706518846042,1.000000000000007,0.0032226562500000003,1.0743801652892546,0.2669003066972995,0.0032226562499999777,0,1703,0.01779078883528479,0.7195748558085515,0.05676844413932777,-40.68645096521035,0.0,-20.0,-2.034757136339064,-0.4674205891246751,-3.0,0.9535937721535686,0.23401891634501704,3.0,-1.0,3.0,0.0,287.0,93.75,0,0,3.0,3.0,-93.75,4218.75,0.0,0.0,3307.5,911.25,-93.75,-93.75
1704,2019-06-19,10:09:15,154.6875,154.71875,154.65625,154.6875,287,44394.375,154.68423344947735,0.0,0.0,154.71738992074003,154.9486113022873,-0.23122138154727168,1.0000000000000102,0.0021484374999999997,0.8677685950413286,-0.5516180692881066,0.0021484374999999776,0,1704,0.4613854626092748,0.9535937721535686,0.04635124054434765,-49.8846155640743,0.0,-20.0,-2.034757136339064,-0.4674205891246751,-3.0,0.9957004434974769,0.04210667134390833,3.0,-1.0,3.0,0.0,287.0,93.75,0,0,3.0,3.0,0.0,4218.75,0.0,0.0,3307.5,911.25,0.0,0.0
1705,2019-06-19,10:28:13,154.6875,154.71875,154.5625,154.59375,287,44379.625,154.63283972125436,-0.09375,-0.0006062443350272062,154.6899143827978,154.93769249298617,-0.2477781101883636,1.0000000000000093,0.00244140625,-1.1999999999999993,0.0,0.002441406249999977,0,1705,0.6385660515875977,0.9957004434974769,0.049410588440130694,-50.146763681753924,0.0,-20.0,-2.034757136339064,-0.4674205891246751,-3.0,0.9987719955839779,0.003071552086501006,3.0,-1.0,3.0,0.0,287.0,0.0,0,0,3.0,3.0,-281.25,3937.5,0.0,0.0,3307.5,630.0,-281.25,0.0
1706,2019-06-19,10:40:57,154.59375,154.625,154.5625,154.625,288,44521.5625,154.58875868055554,0.03125,0.0002021222846702031,154.6754889643983,154.92807118550968,-0.25258222111136774,1.0000000000000036,0.005566406249999999,-1.1172668513388746,0.2057527970555698,0.0055664062499999785,-1,1706,0.7412705850223614,0.9987719955839779,0.07460835241445812,-33.85441615279801,0.0,-20.0,-2.034757136339064,-0.4674205891246751,-3.0,0.9957977772585176,-0.0029742183254602983,-3.0,-1.0,3.0,0.0,287.0,31.25,0,0,-3.0,3.0,93.75,4031.25,0.0,6.0,3322.5,708.75,78.75,78.75
1707,2019-06-19,10:53:31,154.625,154.625,154.53125,154.5625,287,44361.65625,154.57023083623693,-0.0625,-0.0004042854310171151,154.65038030564315,154.91682284134018,-0.26644253569702414,1.0000000000000036,0.005566406249999999,-1.1172668513388746,0.2057527970555698,0.0055664062499999785,0,1707,0.7688917769153464,0.9957977772585176,0.07460835241445812,-35.71215917179148,0.0,-20.0,-2.034757136339064,-0.4674205891246751,-3.0,0.9994522493640257,0.0036544721055080664,3.0,-1.0,-3.0,1.0,288.0,-62.5,0,0,3.0,-3.0,187.5,4218.75,0.0,6.0,3337.5,881.25,172.5,172.5
1708,2019-06-19,11:08:53,154.5625,154.6875,154.5625,154.65625,287,44376.53125,154.62206010452962,0.09375,0.0006063668705245107,154.65168468216692,154.9088052154528,-0.25712053328587103,1.0000000000000058,0.00361328125,-0.021913805697588867,0.5901286563843656,0.0036132812499999794,-1,1708,0.7301203309427811,0.9994522493640257,0.06011057519272278,-42.77459206828535,0.0,-20.0,-2.034757136339064,-0.4674205891246751,-3.0,0.9874930102626788,-0.011959239101346886,-3.0,-1.0,3.0,1.0,289.0,93.75,0,0,-3.0,3.0,281.25,4500.0,0.0,6.0,3352.5,1147.5,266.25,266.25
1709,2019-06-19,11:21:59,154.65625,154.71875,154.65625,154.65625,287,44396.28125,154.69087543554008,0.0,0.0,154.65269919724093,154.90103428574656,-0.2483350885056268,1.0000000000000062,0.00341796875,2.000000000000002,1.1454053224818188,0.003417968749999979,0,1709,0.5867785774797522,0.9874930102626788,0.05846339666834265,-42.47702026524534,0.0,-20.0,-2.034757136339064,-0.4674205891246751,-3.0,0.8838221544366821,-0.10367085582599667,-3.0,-1.0,-3.0,1.0,290.0,0.0,0,0,-3.0,-3.0,-0.0,4500.0,0.0,0.0,3352.5,1147.5,-0.0,266.25
1710,2019-06-19,11:34:38,154.65625,154.65625,154.59375,154.625,288,44532.84375,154.6279296875,-0.03125,-0.00020208143950739554,154.6465438200763,154.8925409231082,-0.24599710303192523,1.0000000000000087,0.0022460937500000003,1.455576559546311,1.1180799331493774,0.0022460937499999803,0,1710,0.2941557928419633,0.8838221544366821,0.047392971525321986,-51.905819600378805,0.0,-20.0,-2.034757136339064,-0.4674205891246751,-3.0,0.9174261046038843,0.03360395016720219,3.0,-1.0,-3.0,0.0,290.0,-31.25,0,0,3.0,-3.0,93.75,4593.75,0.0,6.0,3367.5,1226.25,78.75,78.75
1711,2019-06-19,11:40:21,154.625,154.65625,154.625,154.625,287,44379.875,154.63371080139373,0.0,0.0,154.6417563045038,154.8843088947049,-0.24255259020111453,1.0000000000000298,0.00068359375,-0.612244897959183,-0.5122408325718831,0.0006835937499999796,0,1711,0.3673560487570495,0.9174261046038843,0.02614562582918947,-92.76985442449201,0.0,-20.0,-2.034757136339064,-0.4674205891246751,-3.0,0.8521483934146935,-0.06527771118919079,-3.0,-1.0,3.0,1.0,291.0,0.0,0,0,-3.0,3.0,0.0,4593.75,0.0,6.0,3382.5,1211.25,-15.0,78.75
1712,2019-06-19,11:55:34,154.625,154.65625,154.59375,154.65625,287,44381.5,154.63937282229966,0.03125,0.00020208143950739554,154.64497712572518,154.87729169794477,-0.23231457221959317,1.0000000000000129,0.0016601562499999997,-1.4878892733564004,-0.5413870509510851,0.0016601562499999787,-1,1712,0.23253077654485685,0.8521483934146935,0.04074501503251629,-57.01668585327458,0.0,-20.0,-2.034757136339064,-0.4674205891246751,-3.0,0.863240097596659,0.011091704181965478,3.0,-1.0,-3.0,1.0,292.0,31.25,0,0,3.0,-3.0,-93.75,4500.0,0.0,6.0,3397.5,1102.5,-108.75,-15.0
1713,2019-06-19,12:10:09,154.625,154.71875,154.625,154.6875,287,44391.40625,154.6738893728223,0.03125,0.00020204061084960756,154.65442665334183,154.87145195339264,-0.2170253000508069,1.0000000000000144,0.00146484375,2.0000000000000013,-1.3608276348795436,0.0014648437499999792,-1,1713,0.25345998045044243,0.863240097596659,0.038273277230986884,-56.70413294921566,0.0,-20.0,-2.034757136339064,-0.4674205891246751,-3.0,0.9349827982482588,0.07174270065159982,3.0,-1.0,3.0,1.0,293.0,31.25,0,0,3.0,3.0,93.75,4593.75,0.0,0.0,3397.5,1196.25,93.75,93.75
1714,2019-06-19,12:19:29,154.6875,154.6875,154.625,154.625,287,44389.21875,154.66626742160278,-0.0625,-0.0004041220503570031,154.64788739704366,154.8638688163652,-0.2159814193215368,1.0000000000000049,0.00458984375,-0.7378904481665908,-0.9127170462413431,0.004589843749999978,0,1714,0.41032680880115735,0.9349827982482588,0.06774838558962108,-31.87993594855856,0.0,-20.0,-2.034757136339064,-0.4674205891246751,-3.0,0.9988733110980651,0.06389051284980629,3.0,-1.0,3.0,0.0,293.0,-31.25,0,0,3.0,3.0,-187.5,4406.25,0.0,0.0,3397.5,1008.75,-187.5,93.75
1715,2019-06-19,12:24:04,154.625,154.65625,154.59375,154.625,288,44527.59375,154.60970052083334,0.0,0.0,154.64280130881176,154.8565190066309,-0.21371769781913486,1.0000000000000067,0.0036132812500000006,-0.021913805697593602,-0.5901286563843656,0.0036132812499999768,0,1715,0.6727533609341462,0.9988733110980651,0.06011057519272276,-35.55409295850631,0.0,-20.0,-2.034757136339064,-0.4674205891246751,-3.0,0.9967303135767327,-0.0021429975213324015,-3.0,-1.0,3.0,0.0,293.0,-31.25,0,0,-3.0,3.0,0.0,4406.25,0.0,6.0,3412.5,993.75,-15.0,-15.0
1716,2019-06-19,12:28:15,154.625,154.65625,154.5,154.5,287,44364.25,154.57926829268294,-0.125,-0.0008087343748517384,154.6110676846314,154.84554919104227,-0.23448150641087295,1.0000000000000089,0.0027343750000000003,0.535714285714287,-1.0885117692152513,0.0027343749999999764,0,1716,0.7619291754295024,0.9967303135767327,0.052291251658379494,-44.84144077153641,0.0,-20.0,-2.034757136339064,-0.4674205891246751,-3.0,0.998022194523728,0.001291880946995283,3.0,-1.0,-3.0,1.0,294.0,-125.0,0,0,3.0,-3.0,375.0,4781.25,0.0,6.0,3427.5,1353.75,360.0,360.0
1717,2019-06-19,12:33:18,154.5,154.53125,154.46875,154.46875,288,44496.375,154.50130208333334,-0.03125,-0.0002022858305679165,154.5794415324911,154.83395536977946,-0.2545138372883571,1.0000000000000062,0.00361328125,2.607742878013152,-1.5174736878455117,0.003613281249999978,0,1717,0.6612577315028337,0.998022194523728,0.06011057519272277,-42.340941917849015,0.0,-20.0,-2.034757136339064,-0.4674205891246751,-3.0,0.5764700294459923,-0.42155216507773563,-3.0,-1.0,3.0,1.0,295.0,-31.25,0,0,-3.0,3.0,-93.75,4687.5,0.0,6.0,3442.5,1245.0,-108.75,360.0
1718,2019-06-19,12:35:52,154.46875,154.5,154.40625,154.46875,287,44330.875,154.46297909407664,0.0,0.0,154.55484341415976,154.82271828147856,-0.2678748673187954,1.0000000000000062,0.00361328125,2.607742878013152,-1.5174736878455117,0.003613281249999978,0,1718,-0.17016401921084723,0.5764700294459923,0.06011057519272277,-44.56368392083285,0.0,-20.0,-2.034757136339064,-0.4674205891246751,-3.0,0.1433953394914015,-0.43307468995459086,-3.0,-1.0,-3.0,1.0,296.0,0.0,0,0,-3.0,-3.0,-0.0,4687.5,0.0,0.0,3442.5,1245.0,-0.0,-0.0
1719,2019-06-19,12:40:19,154.46875,154.5,154.4375,154.5,288,44487.65625,154.47102864583334,0.03125,0.0002022858305679165,154.54265598879095,154.81278848820233,-0.27013249941137474,1.0000000000000095,0.0022460937500000003,1.455576559546311,-1.1180799331493774,0.0022460937499999786,-1,1719,-0.598403360180973,0.1433953394914015,0.047392971525321965,-56.998430509267294,0.0,-20.0,-2.034757136339064,-0.4674205891246751,-3.0,0.1389348365039288,-0.00446050298747272,-3.0,-1.0,-3.0,0.0,296.0,31.25,0,0,-3.0,-3.0,-93.75,4593.75,0.0,0.0,3442.5,1151.25,-93.75,-0.0
1720,2019-06-19,12:46:27,154.5,154.53125,154.4375,154.5,287,44338.3125,154.488893728223,0.0,0.0,154.53317688017074,154.80316422702688,-0.2699873468561407,1.0000000000000095,0.0022460937500000003,1.455576559546311,-1.1180799331493774,0.0022460937499999786,0,1720,-0.6020071589933429,0.1389348365039288,0.047392971525321965,-56.96780306588014,0.0,-20.0,-2.034757136339064,-0.4674205891246751,-3.0,0.2112520041593896,0.07231716765546081,3.0,-1.0,-3.0,0.0,296.0,31.25,0,0,3.0,-3.0,-0.0,4593.75,0.0,6.0,3457.5,1136.25,-15.0,-15.0
1721,2019-06-19,12:49:45,154.5,154.5,154.40625,154.40625,288,44475.3125,154.42816840277777,-0.09375,-0.0006069802917769707,154.50497090679949,154.79095148157992,-0.2859805747804387,1.0000000000000058,0.00361328125,-0.021913805697588867,-0.5901286563843656,0.0036132812499999794,0,1721,-0.541770808826968,0.2112520041593896,0.06011057519272278,-47.575750833118065,0.0,-20.0,-2.034757136339064,-0.4674205891246751,-3.0,0.33365171917963793,0.12239971502024832,3.0,-1.0,3.0,1.0,297.0,-93.75,0,0,3.0,3.0,-281.25,4312.5,0.0,0.0,3457.5,855.0,-281.25,-15.0
1722,2019-06-19,12:52:45,154.40625,154.40625,154.34375,154.375,287,44309.125,154.3871951219512,-0.03125,-0.00020240866378173905,154.4760884830663,154.7781529744544,-0.30206449138810854,1.0000000000000044,0.00439453125,-0.9629629629629631,-0.5237828008789241,0.00439453124999998,0,1722,-0.4306596342482332,0.33365171917963793,0.06629126073623869,-45.56626137945547,0.0,-20.0,-2.034757136339064,-0.4674205891246751,-3.0,0.4768350459764698,0.14318332679683188,3.0,-1.0,3.0,0.0,297.0,-125.0,0,0,3.0,3.0,-93.75,4218.75,0.0,0.0,3457.5,761.25,-93.75,-93.75
1723,2019-06-19,12:57:13,154.375,154.46875,154.375,154.4375,288,44470.71875,154.41221788194446,0.0625,0.0004047763665866455,154.46751326460713,154.7676713444712,-0.30015807986407594,1.0000000000000044,0.004589843749999999,-0.7378904481665908,-0.912717046241344,0.00458984374999998,-1,1723,-0.28436847355965966,0.4768350459764698,0.0677483855896211,-44.30483136266194,0.0,-20.0,-2.034757136339064,-0.4674205891246751,-3.0,0.6576706003310789,0.18083555435460913,3.0,-1.0,3.0,0.0,297.0,-62.5,0,0,3.0,3.0,187.5,4406.25,0.0,0.0,3457.5,948.75,187.5,187.5
1724,2019-06-19,13:03:22,154.4375,154.53125,154.40625,154.5,288,44486.1875,154.46592881944446,0.0625,0.0004046125889720642,154.4747325391389,154.75943530310286,-0.28470276396396343,1.0000000000000127,0.0014648437500000002,2.0000000000000013,-1.3608276348795436,0.0014648437499999818,-1,1724,-0.06762418234883122,0.6576706003310789,0.03827327723098692,-74.38682667432032,0.0,-20.0,-2.034757136339064,-0.4674205891246751,-3.0,0.8662951467483553,0.20862454641727635,3.0,-1.0,3.0,0.0,297.0,0.0,0,0,3.0,3.0,187.5,4593.75,0.0,0.0,3457.5,1136.25,187.5,187.5
1725,2019-06-19,13:06:51,154.5,154.5625,154.46875,154.53125,287,44343.34375,154.50642421602788,0.03125,0.00020224491928555466,154.48729197488584,154.75241421685357,-0.26512224196773104,1.0000000000000127,0.0014648437500000002,2.0000000000000013,-1.3608276348795436,0.0014648437499999818,-1,1725,0.2593403544856174,0.8662951467483553,0.03827327723098692,-69.27084931025504,0.0,-20.0,-2.034757136339064,-0.4674205891246751,-3.0,0.9396745861660882,0.07337943941773295,3.0,-1.0,3.0,0.0,297.0,31.25,0,0,3.0,3.0,93.75,4687.5,0.0,0.0,3457.5,1230.0,93.75,187.5
1726,2019-06-19,13:09:22,154.53125,154.5625,154.53125,154.5625,287,44355.78125,154.54976045296166,0.03125,0.0002022040245490686,154.50400486935567,154.74657070248884,-0.24256583313317037,1.000000000000015,0.00126953125,-0.1775147928994123,-0.4047960089109363,0.001269531249999981,-1,1726,0.422570475276033,0.9396745861660882,0.035630482034347793,-68.0781789309886,0.0,-20.0,-2.034757136339064,-0.4674205891246751,-3.0,0.9968191784479858,0.05714459228189761,3.0,-1.0,3.0,0.0,297.0,62.5,0,0,3.0,3.0,93.75,4781.25,0.0,0.0,3457.5,1323.75,93.75,93.75
1727,2019-06-19,13:14:50,154.5625,154.5625,154.53125,154.53125,288,44512.90625,154.55870225694446,-0.03125,-0.0002022040245490686,154.5100593428322,154.73994545010459,-0.22988610727239234,1.000000000000029,0.00068359375,-0.612244897959183,-0.5122408325718831,0.0006835937499999801,0,1727,0.6485036945404692,0.9968191784479858,0.02614562582918948,-87.92526473615447,0.0,-20.0,-2.034757136339064,-0.4674205891246751,-3.0,0.9798942974484993,-0.016924880999486525,-3.0,-1.0,3.0,0.0,297.0,31.25,0,0,-3.0,3.0,-93.75,4687.5,0.0,6.0,3472.5,1215.0,-108.75,93.75
1728,2019-06-19,13:19:46,154.53125,154.5625,154.53125,154.53125,287,44350.5,154.53135888501743,0.0,0.0,154.51476837775837,154.73352405163985,-0.21875567388147488,1.000000000000029,0.00068359375,-0.612244897959183,-0.5122408325718831,0.0006835937499999801,0,1728,0.8339699610987704,0.9798942974484993,0.02614562582918948,-83.6681727607575,0.0,-20.0,-2.034757136339064,-0.4674205891246751,-3.0,0.8810935478431475,-0.09880074960535179,-3.0,-1.0,-3.0,1.0,298.0,0.0,0,0,-3.0,-3.0,-0.0,4687.5,0.0,0.0,3472.5,1215.0,-0.0,-0.0
1729,2019-06-19,13:28:43,154.53125,154.5625,154.46875,154.53125,288,44503.5625,154.52625868055554,0.0,0.0,154.51843096047875,154.72730023466633,-0.2088692741875775,1.0000000000000417,0.00048828125,2.0,0.0,0.00048828124999997967,0,1729,0.9574477362264698,0.8810935478431475,0.02209708691207915,-94.52344330211291,0.0,-20.0,-2.034757136339064,-0.4674205891246751,-3.0,0.810267406845521,-0.07082614099762652,3.0,-1.0,-3.0,0.0,298.0,0.0,0,0,3.0,-3.0,-0.0,4687.5,0.0,6.0,3487.5,1200.0,-15.0,-0.0
1730,2019-06-19,13:34:16,154.53125,154.5625,154.46875,154.5625,287,44350.78125,154.53233885017423,0.03125,0.0002022040245490686,154.52822408037238,154.72222945821508,-0.1940053778427,1.000000000000018,0.001171875,2.9166666666666665,-1.2932338163316421,0.0011718749999999791,-1,1730,0.9873528229469771,0.810267406845521,0.034232659844072574,-56.6725982516057,0.0,-20.0,-2.034757136339064,-0.4674205891246751,-3.0,0.5932705858869852,-0.21699682095853579,-3.0,1.0,3.0,1.0,299.0,31.25,0,0,-3.0,3.0,93.75,4781.25,0.0,6.0,3502.5,1278.75,78.75,78.75
1731,2019-06-19,13:39:39,154.5625,154.5625,154.53125,154.5625,288,44513.53125,154.56087239583334,0.0,0.0,154.53584095140076,154.71731470565464,-0.18147375425388645,1.000000000000017,0.00126953125,-0.17751479289940755,-0.4047960089109363,0.0012695312499999786,0,1731,0.9887288144297126,0.5932705858869852,0.03563048203434776,-50.93216366788019,0.0,-20.0,-2.034757136339064,-0.4674205891246751,-3.0,0.4932306888874765,-0.10003989699950872,-3.0,1.0,-3.0,1.0,300.0,0.0,0,0,-3.0,-3.0,-0.0,4781.25,0.0,0.0,3502.5,1278.75,-0.0,78.75
1732,2019-06-19,13:44:39,154.5625,154.625,154.5,154.5,287,44361.0,154.56794425087108,-0.0625,-0.00040444894383462326,154.52787629553393,154.71062809932684,-0.182751803792911,1.0000000000000135,0.0016601562499999997,-1.4878892733564004,0.5413870509510853,0.0016601562499999776,0,1732,0.9638779285515765,0.4932306888874765,0.04074501503251628,-44.85255525051769,0.0,-20.0,-2.034757136339064,-0.4674205891246751,-3.0,0.3885484821022213,-0.1046822067852552,-3.0,1.0,-3.0,0.0,300.0,-62.5,0,0,-3.0,-3.0,187.5,4968.75,0.0,0.0,3502.5,1466.25,187.5,187.5
1733,2019-06-19,13:49:16,154.5,154.53125,154.4375,154.46875,287,44337.53125,154.48617160278746,-0.03125,-0.0002022858305679165,154.51473711874863,154.70318569627062,-0.18844857752199573,1.0000000000000233,0.0009765625,-2.9999999999999964,9.251858538542974e-16,0.0009765624999999772,0,1733,0.9262934523976821,0.3885484821022213,0.031249999999999636,-60.30354480703934,0.0,-20.0,-2.034757136339064,-0.4674205891246751,-3.0,-0.05979144164239173,-0.44833992374461307,-3.0,1.0,-3.0,0.0,300.0,-93.75,0,0,-3.0,-3.0,93.75,5062.5,0.0,0.0,3502.5,1560.0,93.75,187.5
1734,2019-06-19,13:58:20,154.46875,154.5,154.40625,154.40625,288,44480.375,154.44574652777777,-0.0625,-0.00040469446120905417,154.49062887013784,154.69404921330846,-0.2034203431706203,1.0000000000000233,0.0009765625,-2.9999999999999964,9.251858538542974e-16,0.0009765624999999772,0,1734,0.663562756448962,-0.05979144164239173,0.031249999999999636,-65.09450981459925,0.0,-20.0,-2.034757136339064,-0.4674205891246751,-3.0,-0.9187503471132209,-0.8589589054708292,-3.0,1.0,-3.0,0.0,300.0,-156.25,0,0,-3.0,-3.0,187.5,5250.0,0.0,0.0,3502.5,1747.5,187.5,187.5
1735,2019-06-19,14:01:28,154.40625,154.4375,154.375,154.40625,288,44468.8125,154.40559895833334,0.0,0.0,154.47187801010725,154.68519385289898,-0.21331584279172944,1.000000000000017,0.00126953125,-0.17751479289940755,-0.4047960089109363,0.0012695312499999786,0,1735,-0.37046129873646055,-0.9187503471132209,0.03563048203434776,-59.86891858103214,0.0,-20.0,-2.034757136339064,-0.4674205891246751,-3.0,-0.9882215866326001,-0.06947123951937917,-3.0,1.0,-3.0,0.0,300.0,-156.25,0,0,-3.0,-3.0,-0.0,5250.0,0.0,0.0,3502.5,1747.5,-0.0,187.5
1736,2019-06-19,14:04:47,154.40625,154.4375,154.375,154.40625,287,44314.625,154.40635888501743,0.0,0.0,154.4572940078612,154.67661096511748,-0.2193169572562681,1.000000000000017,0.00126953125,-0.17751479289940755,-0.4047960089109363,0.0012695312499999786,0,1736,-0.806986539136359,-0.9882215866326001,0.03563048203434776,-61.55318276212113,0.0,-20.0,-2.034757136339064,-0.4674205891246751,-3.0,-0.8410471124232247,0.14717447420937535,-3.0,1.0,-3.0,0.0,300.0,-156.25,0,0,-3.0,-3.0,-0.0,5250.0,0.0,0.0,3502.5,1747.5,-0.0,-0.0
1737,2019-06-19,14:12:39,154.40625,154.4375,154.375,154.4375,288,44469.375,154.40755208333334,0.03125,0.00020236770280490646,154.45289533944762,154.66925370465233,-0.2163583652047123,1.0000000000000424,0.00048828125,2.0,0.0,0.0004882812499999794,-1,1737,-0.9772279295963642,-0.8410471124232247,0.022097086912079143,-97.91261900972216,0.0,-20.0,-2.034757136339064,-0.4674205891246751,-3.0,-0.4785422360755571,0.3625048763476676,3.0,1.0,-3.0,0.0,300.0,-125.0,0,0,3.0,-3.0,-93.75,5156.25,0.0,6.0,3517.5,1638.75,-108.75,-0.0
1738,2019-06-19,14:19:30,154.40625,154.46875,154.40625,154.40625,288,44475.5625,154.42903645833334,-0.03125,-0.00020236770280490646,154.44252970845926,154.66116128297074,-0.21863157451147686,1.0000000000000424,0.00048828125,2.0,0.0,0.0004882812499999794,0,1738,-0.9592658474996968,-0.4785422360755571,0.022097086912079143,-98.94135610787872,0.0,-20.0,-2.034757136339064,-0.4674205891246751,-3.0,-0.16363755075098285,0.3149046853245743,3.0,-1.0,3.0,1.0,301.0,-31.25,0,0,3.0,3.0,-93.75,5062.5,0.0,0.0,3517.5,1545.0,-93.75,-93.75
1739,2019-06-19,14:26:38,154.40625,154.4375,154.34375,154.40625,287,44309.8125,154.38959059233449,0.0,0.0,154.4344675510239,154.65331785887935,-0.21885030785546178,1.0000000000000298,0.00068359375,-0.612244897959183,-0.5122408325718831,0.0006835937499999798,0,1739,-0.8132845768563793,-0.16363755075098285,0.026145625829189473,-83.70436771535724,0.0,-20.0,-2.034757136339064,-0.4674205891246751,-3.0,0.1761052662805472,0.3397428170315301,3.0,-1.0,3.0,0.0,301.0,-31.25,0,0,3.0,3.0,0.0,5062.5,0.0,0.0,3517.5,1545.0,0.0,0.0
1740,2019-06-19,14:30:35,154.40625,154.4375,154.375,154.40625,288,44469.09375,154.40657552083334,0.0,0.0,154.4281969841297,154.64571577091385,-0.21751878678415437,1.0000000000000424,0.00048828125,2.0,0.0,0.00048828124999997935,0,1740,-0.5715304217928556,0.1761052662805472,0.022097086912079143,-98.43776586915172,0.0,-20.0,-2.034757136339064,-0.4674205891246751,-3.0,0.5049518834704817,0.32884661718993446,3.0,-1.0,3.0,0.0,301.0,-31.25,0,0,3.0,3.0,0.0,5062.5,0.0,0.0,3517.5,1545.0,0.0,0.0
1741,2019-06-19,14:34:21,154.40625,154.4375,154.375,154.4375,288,44469.875,154.40928819444446,0.03125,0.00020236770280490646,154.43026432098978,154.63930913180883,-0.20904481081905146,1.0000000000000673,0.00029296875,-3.3333333333333304,0.6085806194501845,0.0002929687499999802,-1,1741,-0.25328254477934026,0.5049518834704817,0.017116329922035864,-122.1317956426649,0.0,-20.0,-2.034757136339064,-0.4674205891246751,-3.0,0.8456549890593402,0.3407031055888585,3.0,-1.0,3.0,0.0,301.0,0.0,0,0,3.0,3.0,93.75,5156.25,0.0,0.0,3517.5,1638.75,93.75,93.75
1742,2019-06-19,14:39:14,154.4375,154.46875,154.4375,154.4375,287,44323.78125,154.43826219512195,0.0,0.0,154.43187224965874,154.63309962006088,-0.20122737040213678,1.0000000000000298,0.00068359375,-0.612244897959183,-0.5122408325718831,0.0006835937499999798,0,1742,0.2205643236209049,0.8456549890593402,0.026145625829189473,-76.96406722744526,0.0,-20.0,-2.034757136339064,-0.4674205891246751,-3.0,0.9517407767928984,0.10608578773355815,3.0,-1.0,3.0,0.0,301.0,0.0,0,0,3.0,3.0,0.0,5156.25,0.0,0.0,3517.5,1638.75,0.0,93.75
1743,2019-06-19,14:44:51,154.4375,154.5,154.375,154.46875,288,44478.6875,154.43988715277777,0.03125,0.0002023267584041477,154.44006730529014,154.6280427086744,-0.18797540338425733,1.000000000000008,0.002734375,0.5357142857142883,-1.0885117692152515,0.0027343749999999786,-1,1743,0.45596911591285527,0.9517407767928984,0.052291251658379514,-35.947772796166156,0.0,-20.0,-2.034757136339064,-0.4674205891246751,-3.0,0.9973524520310286,0.045611675238130256,3.0,-1.0,3.0,0.0,301.0,31.25,0,0,3.0,3.0,93.75,5250.0,0.0,0.0,3517.5,1732.5,93.75,93.75
1744,2019-06-19,14:54:51,154.46875,154.5,154.40625,154.4375,287,44329.5,154.45818815331012,-0.03125,-0.0002023267584041477,154.43949679300346,154.62217985609982,-0.18268306309636273,1.000000000000009,0.00244140625,-1.1999999999999993,0.0,0.0024414062499999774,0,1744,0.6538144213311937,0.9973524520310286,0.0494105884401307,-36.972452436528705,0.0,-20.0,-2.034757136339064,-0.4674205891246751,-3.0,0.9939474219543928,-0.00340503007663584,-3.0,-1.0,3.0,0.0,301.0,0.0,0,0,-3.0,3.0,-93.75,5156.25,0.0,6.0,3532.5,1623.75,-108.75,93.75
1745,2019-06-19,14:57:33,154.4375,154.4375,154.34375,154.34375,288,44461.59375,154.38053385416666,-0.09375,-0.0006072260079301728,154.4182197278916,154.61361278360445,-0.1953930557128558,1.000000000000005,0.00419921875,-1.963223363980531,0.23551393640880577,0.004199218749999978,0,1745,0.780507469382758,0.9939474219543928,0.06480137922914896,-30.15260755822989,0.0,-20.0,-2.034757136339064,-0.4674205891246751,-3.0,0.9816622147930855,-0.012285207161307321,-3.0,-1.0,-3.0,1.0,302.0,-93.75,0,0,-3.0,-3.0,281.25,5437.5,0.0,0.0,3532.5,1905.0,281.25,281.25
1746,2019-06-19,14:59:22,154.34375,154.34375,154.28125,154.28125,288,44442.875,154.31553819444446,-0.0625,-0.00040502228176197974,154.38778201058238,154.60338623641664,-0.2156042258342552,1.000000000000005,0.00419921875,-1.963223363980531,0.23551393640880577,0.004199218749999978,0,1746,0.828934845699322,0.9816622147930855,0.06480137922914896,-33.271548908217085,0.0,-20.0,-2.034757136339064,-0.4674205891246751,-3.0,0.9956895552162446,0.014027340423159118,3.0,-1.0,-3.0,0.0,302.0,-156.25,0,0,3.0,-3.0,187.5,5625.0,0.0,6.0,3547.5,2077.5,172.5,281.25
1747,2019-06-19,15:03:03,154.28125,154.375,154.28125,154.34375,288,44444.5625,154.32139756944446,0.0625,0.00040502228176197974,154.37799711934187,154.5953974291423,-0.21740030980043912,1.000000000000003,0.00654296875,-2.412564045444421,-0.36326900585846356,0.00654296874999998,-1,1747,0.7696420264962429,0.9956895552162446,0.08088861940965478,-26.876501464245592,0.0,-20.0,-2.034757136339064,-0.4674205891246751,-3.0,0.8876450951964969,-0.10804446001974766,-3.0,-1.0,3.0,1.0,303.0,62.5,0,0,-3.0,3.0,187.5,5812.5,0.0,6.0,3562.5,2250.0,172.5,172.5
1748,2019-06-19,15:14:15,154.34375,154.375,154.3125,154.375,287,44299.0625,154.35213414634146,0.03125,0.00020244964134352728,154.37733109282146,154.58861596978412,-0.21128487696265097,1.000000000000005,0.00341796875,2.0000000000000013,-1.1454053224818184,0.003417968749999982,-1,1748,0.30201728214248635,0.8876450951964969,0.05846339666834268,-36.1396855131853,0.0,-20.0,-2.034757136339064,-0.4674205891246751,-3.0,0.600141287584793,-0.2875038076117039,-3.0,-1.0,-3.0,1.0,304.0,31.25,0,0,-3.0,-3.0,-93.75,5718.75,0.0,0.0,3562.5,2156.25,-93.75,172.5
1749,2019-06-19,15:24:05,154.375,154.5,154.34375,154.46875,288,44475.3125,154.42816840277777,0.09375,0.0006071031249907932,154.39764640552784,154.58492778609846,-0.18728138057062438,1.0000000000000084,0.0021484375,0.867768595041318,-0.5516180692881069,0.002148437499999982,-1,1749,-0.1412465079846357,0.600141287584793,0.0463512405443477,-40.404825927245305,0.0,-20.0,-2.034757136339064,-0.4674205891246751,-3.0,0.6622431381450212,0.06210185056022821,3.0,-1.0,-3.0,0.0,304.0,125.0,0,0,3.0,-3.0,-281.25,5437.5,0.0,6.0,3577.5,1860.0,-296.25,-93.75
1750,2019-06-19,15:27:09,154.46875,154.5,154.4375,154.5,288,44490.4375,154.48068576388889,0.03125,0.0002022858305679165,154.42039164874387,154.5823146234493,-0.16192297470541916,1.0000000000000089,0.0021484374999999997,0.8677685950413286,0.5516180692881066,0.002148437499999981,-1,1750,-0.06155072884542135,0.6622431381450212,0.04635124054434769,-34.9339031283306,0.0,-20.0,-2.034757136339064,-0.4674205891246751,-3.0,0.9091295848325942,0.24688644668757298,3.0,-1.0,3.0,1.0,305.0,31.25,0,0,3.0,3.0,93.75,5531.25,0.0,0.0,3577.5,1953.75,93.75,93.75
1751,2019-06-19,15:35:49,154.5,154.53125,154.46875,154.46875,287,44340.96875,154.49814895470382,-0.03125,-0.0002022858305679165,154.43113794902303,154.57882032734318,-0.1476823783201553,1.0000000000000089,0.0021484374999999997,0.8677685950413286,0.5516180692881066,0.002148437499999981,0,1751,0.348332257038506,0.9091295848325942,0.04635124054434769,-31.86158052854196,0.0,-20.0,-2.034757136339064,-0.4674205891246751,-3.0,0.9899670240693083,0.08083743923671405,3.0,-1.0,3.0,0.0,305.0,0.0,0,0,3.0,3.0,-93.75,5437.5,0.0,0.0,3577.5,1860.0,-93.75,93.75
1752,2019-06-19,15:45:53,154.46875,154.5,154.4375,154.46875,288,44486.1875,154.46592881944446,0.0,0.0,154.4394961825735,154.57543354804034,-0.13593736546684454,1.0000000000000209,0.0009765625,-3.0,0.0,0.0009765624999999796,0,1752,0.7999255863293858,0.9899670240693083,0.031249999999999674,-43.49995694939071,0.0,-20.0,-2.034757136339064,-0.4674205891246751,-3.0,0.787046649348088,-0.20292037472122026,-3.0,-1.0,3.0,0.0,305.0,0.0,0,0,-3.0,3.0,0.0,5437.5,0.0,6.0,3592.5,1845.0,-15.0,-15.0
1753,2019-06-19,15:54:29,154.46875,154.5,154.4375,154.5,287,44339.375,154.49259581881532,0.03125,0.0002022858305679165,154.45294147533494,154.57311251579296,-0.1201710404580183,1.0000000000000304,0.00068359375,-0.612244897959183,0.5122408325718831,0.0006835937499999792,-1,1753,0.9927355893284854,0.787046649348088,0.026145625829189462,-45.9621969820501,0.0,-20.0,-2.034757136339064,-0.4674205891246751,-3.0,0.49368672722531604,-0.29335992212277195,3.0,-1.0,-3.0,1.0,306.0,31.25,0,0,3.0,-3.0,-93.75,5343.75,0.0,6.0,3607.5,1736.25,-108.75,-15.0
1754,2019-06-19,15:58:38,154.46875,154.5,154.40625,154.46875,288,44484.34375,154.45952690972223,-0.03125,-0.0002022858305679165,154.45645448081606,154.56990136146086,-0.11344688064480124,1.000000000000029,0.00068359375,-0.612244897959183,-0.5122408325718831,0.00068359374999998,0,1754,0.9640174460397798,0.49368672722531604,0.02614562582918948,-43.39038636365206,0.0,-20.0,-2.034757136339064,-0.4674205891246751,-3.0,0.26433644187262645,-0.2293502853526896,-3.0,1.0,3.0,1.0,307.0,-31.25,0,0,-3.0,3.0,-93.75,5250.0,0.0,6.0,3622.5,1627.5,-108.75,-108.75
1755,2019-06-19,16:05:38,154.46875,154.46875,154.40625,154.46875,287,44322.8125,154.43488675958187,0.0,0.0,154.4591868184125,154.5667890118775,-0.10760219346499866,1.000000000000025,0.00078125,0.3125000000000024,-1.2577882373436315,0.0007812499999999804,0,1755,0.8688694576867331,0.26433644187262645,0.02795084971874702,-38.496931058531786,0.0,-20.0,-2.034757136339064,-0.4674205891246751,-3.0,0.003665673696072358,-0.2606707681765541,-3.0,1.0,-3.0,1.0,308.0,0.0,0,0,-3.0,-3.0,-0.0,5250.0,0.0,0.0,3622.5,1627.5,-0.0,-0.0
1756,2019-06-19,16:11:10,154.46875,154.5,154.4375,154.5,288,44495.3125,154.49761284722223,0.03125,0.0002022858305679165,154.46825641432085,154.5647339653582,-0.09647755103733857,1.000000000000025,0.00078125,0.3125000000000024,-1.2577882373436315,0.0007812499999999804,-1,1756,0.7096940531439311,0.003665673696072358,0.02795084971874702,-34.51685798755154,0.0,-20.0,-2.034757136339064,-0.4674205891246751,-3.0,-0.21609535377768727,-0.2197610274737596,-3.0,1.0,-3.0,0.0,308.0,31.25,0,0,-3.0,-3.0,-93.75,5156.25,0.0,0.0,3622.5,1533.75,-93.75,-0.0
1757,2019-06-19,16:23:22,154.5,154.53125,154.46875,154.53125,287,44343.46875,154.50685975609755,0.03125,0.00020224491928555466,154.48225498891622,154.56370368950104,-0.08144870058481501,1.0000000000000657,0.00029296875,-3.333333333333344,-0.6085806194501838,0.00029296874999998074,-1,1757,0.5375969588583017,-0.21609535377768727,0.017116329922035878,-47.58537662910812,0.0,-20.0,-2.034757136339064,-0.4674205891246751,-3.0,-0.3855582966372489,-0.16946294285956162,-3.0,1.0,-3.0,0.0,308.0,62.5,0,0,-3.0,-3.0,-93.75,5062.5,0.0,0.0,3622.5,1440.0,-93.75,-93.75
1758,2019-06-19,16:33:43,154.53125,154.59375,154.5,154.5625,288,44512.25,154.55642361111111,0.03125,0.0002022040245490686,154.50008721360152,154.56366665290102,-0.06357943929950238,1.0000000000000044,0.004589843749999999,4.151199637845177,-2.031531490021056,0.004589843749999979,-1,1758,0.379804857827096,-0.3855582966372489,0.0677483855896211,-9.384642710843078,0.0,-9.384642710843078,-0.8099836201143578,-0.4674205891246751,-1.0,-0.6418817659630327,-0.2563234693257838,-3.0,1.0,-3.0,0.0,308.0,93.75,0,0,-3.0,-3.0,-93.75,4968.75,2.0,0.0,3622.5,1346.25,-93.75,-93.75
1759,2019-06-19,16:39:36,154.5625,154.59375,154.5625,154.5625,287,44359.625,154.56315331010452,0.0,0.0,154.51395672169008,154.56363075588868,-0.04967403419860261,1.000000000000005,0.00419921875,1.9307733910221725,-1.446728466511237,0.004199218749999978,0,1759,0.08833309327969939,-0.6418817659630327,0.06480137922914896,-7.665582860967602,0.0,-7.665582860967602,-0.6116427711366857,-0.4674205891246751,-1.0,-0.8289544727235113,-0.1870727067604786,-1.0,1.0,-3.0,0.0,308.0,93.75,0,0,-1.0,-3.0,-0.0,4968.75,0.0,2.0,3627.5,1341.25,-5.0,-5.0
1760,2019-06-19,16:45:05,154.5625,154.5625,154.40625,154.4375,287,44336.25,154.48170731707316,-0.125,-0.0008090615328066875,154.4969663390923,154.55974980955367,-0.062783470461369,1.000000000000005,0.00419921875,1.9307733910221725,-1.446728466511237,0.004199218749999978,0,1760,-0.19066313292563739,-0.8289544727235113,0.06480137922914896,-9.68860095390188,0.0,-9.68860095390188,-0.8450535660423086,-0.4674205891246751,-1.0,-0.9704673559861718,-0.14151288326266054,-1.0,1.0,-1.0,0.0,308.0,-31.25,0,0,-1.0,-1.0,125.0,5093.75,0.0,0.0,3627.5,1466.25,125.0,125.0
1761,2019-06-19,17:00:00,154.4375,154.46875,154.375,154.40625,288,44473.40625,154.42154947916666,-0.03125,-0.00020236770280490646,154.47680715262734,154.5550267384905,-0.07821958586316669,1.0000000000000067,0.00341796875,1.999999999999999,-1.145405322481819,0.0034179687499999774,0,1761,-0.5156469236037491,-0.9704673559861718,0.05846339666834264,-13.379240742185928,0.0,-13.379240742185928,-1.2708704036189982,-0.4674205891246751,-2.0,-0.9970152220687521,-0.026547866082580307,-1.0,1.0,-1.0,0.0,308.0,-62.5,0,0,-1.0,-1.0,31.25,5125.0,-1.0,0.0,3627.5,1497.5,31.25,125.0
1762,2019-06-19,17:00:20,154.40625,154.4375,154.375,154.4375,288,44470.71875,154.41221788194446,0.03125,0.00020236770280490646,154.46807222982127,154.55141053115236,-0.08333830133108222,1.0000000000000042,0.005175781249999999,0.2741189035243856,-0.6064819993295691,0.005175781249999978,-1,1762,-0.7595885635086458,-0.9970152220687521,0.0719429027076332,-11.583950354318961,0.0,-11.583950354318961,-1.0637342648063899,-0.4674205891246751,-2.0,-0.9349164431185254,0.06209877895022675,-2.0,1.0,-1.0,0.0,308.0,-31.25,0,0,-2.0,-1.0,-31.25,5093.75,0.0,1.0,3630.0,1463.75,-33.75,31.25
1763,2019-06-19,17:02:43,154.4375,154.46875,154.40625,154.40625,287,44321.34375,154.42976916376307,-0.03125,-0.00020236770280490646,154.45433395652768,154.54694405327078,-0.09261009674310117,1.000000000000011,0.0017578124999999998,-2.407407407407407,-0.1656346649999846,0.0017578124999999803,0,1763,-0.912015273157101,-0.9349164431185254,0.04192627457812082,-22.088796983510107,0.0,-20.0,-2.034757136339064,-0.4674205891246751,-3.0,-0.8044899729495626,0.1304264701689628,-2.0,1.0,-2.0,0.0,308.0,-62.5,0,0,-2.0,-2.0,62.5,5156.25,-1.0,0.0,3630.0,1526.25,62.5,62.5
1764,2019-06-19,17:16:24,154.40625,154.46875,154.375,154.46875,288,44480.5625,154.44639756944446,0.0625,0.00040469446120905417,154.45753752174377,154.54453808240095,-0.08700056065717376,1.000000000000016,0.001171875,2.9166666666666714,-1.2932338163316428,0.001171874999999981,-1,1764,-0.988857864918982,-0.8044899729495626,0.03423265984407261,-25.41449044668316,0.0,-20.0,-2.034757136339064,-0.4674205891246751,-3.0,-0.5834033471179669,0.22108662583159566,3.0,1.0,-2.0,0.0,308.0,0.0,0,0,3.0,-2.0,-125.0,5031.25,0.0,5.0,3642.5,1388.75,-137.5,62.5
1765,2019-06-19,17:22:25,154.46875,154.5,154.4375,154.5,287,44333.125,154.470818815331,0.03125,0.0002022858305679165,154.46697362802294,154.54316767986555,-0.07619405184260586,1.0000000000000078,0.00263671875,-1.6872427983539093,-0.5184205276797869,0.00263671874999998,-1,1765,-0.9868282690134159,-0.5834033471179669,0.051348989766109125,-14.838471446013672,0.0,-14.838471446013672,-1.4392328121020102,-0.4674205891246751,-2.0,-0.4392669624135942,0.14413638470437273,3.0,-1.0,3.0,1.0,309.0,31.25,0,0,3.0,3.0,93.75,5125.0,1.0,0.0,3642.5,1482.5,93.75,93.75
1766,2019-06-19,17:29:04,154.5,154.53125,154.4375,154.53125,288,44492.4375,154.48763020833334,0.03125,0.00020224491928555466,154.48125726624008,154.54280098202352,-0.06154371578344353,1.0000000000000084,0.00224609375,1.4555765595463157,-1.118079933149378,0.0022460937499999803,-1,1766,-0.9458426739351047,-0.4392669624135942,0.047392971525321986,-12.98583182330334,0.0,-12.98583182330334,-1.225479861240725,-0.4674205891246751,-2.0,-0.3131264630682778,0.1261404993453164,2.0,-1.0,3.0,0.0,309.0,62.5,0,0,2.0,3.0,93.75,5218.75,0.0,1.0,3645.0,1573.75,91.25,93.75
1767,2019-06-19,17:35:13,154.53125,154.53125,154.46875,154.46875,287,44346.21875,154.51644163763066,-0.0625,-0.00040453074985347115,154.47847787374232,154.54052249026896,-0.0620446165266344,1.000000000000014,0.00146484375,2.0000000000000013,-1.3608276348795436,0.0014648437499999796,0,1767,-0.8929612443743915,-0.3131264630682778,0.03827327723098689,-16.210949522870152,0.0,-16.210949522870152,-1.5975859182993748,-0.4674205891246751,-2.0,0.18823634355799665,0.5013628066262744,2.0,-1.0,2.0,0.0,309.0,0.0,0,0,2.0,2.0,-125.0,5093.75,0.0,0.0,3645.0,1448.75,-125.0,91.25
1768,2019-06-19,17:44:22,154.46875,154.46875,154.40625,154.46875,288,44480.0,154.44444444444446,0.0,0.0,154.47631612402182,154.538314105953,-0.0619979819311709,1.0000000000000002,0.0662109375,4.668467904038427,2.1362410893391908,0.0662109375,0,1768,-0.5613631753074766,0.18823634355799665,0.25731486062798625,-2.4094209630902226,0.0,-2.4094209630902226,-0.005199887100619471,-0.4674205891246751,-0.0,0.31910394053192664,0.13086759697393,2.0,-1.0,2.0,0.0,309.0,0.0,0,0,2.0,2.0,0.0,5093.75,2.0,0.0,3645.0,1448.75,0.0,0.0
1769,2019-06-19,17:57:12,154.46875,154.5,154.4375,154.46875,287,44335.625,154.47952961672473,0.0,0.0,154.47463476312808,154.53617367192368,-0.061538908795597536,1.0000000000000002,0.08808593750000002,3.538355268656493,1.7040547844935054,0.08808593749999999,0,1769,-0.4444984832057906,0.31910394053192664,0.29679275176459413,-2.073464005765481,0.0,-2.073464005765481,0.03356199087621281,-0.4674205891246751,-0.0,0.9386573260937152,0.6195533855617885,0.0,-1.0,2.0,0.0,309.0,0.0,0,0,0.0,2.0,0.0,5093.75,0.0,2.0,3650.0,1443.75,-5.0,0.0
1770,2019-06-19,18:00:12,154.46875,155.03125,154.46875,155.03125,288,44539.71875,154.65180121527777,0.5625,0.0036348989940897525,154.59832703798853,154.55140678971065,0.046920248277871224,1.0,0.0986328125,3.0307812959513782,1.6649632192622588,0.09863281249999999,-1,1770,0.9075776584088597,0.9386573260937152,0.3140586131600278,1.4939965443317782,1.4939965443317782,0.0,0.2727931097101266,-0.30417208787131667,-0.0,0.610282375904667,-0.32837495018904816,-0.0,-1.0,0.0,0.0,309.0,562.5,0,0,-0.0,0.0,0.0,5093.75,0.0,0.0,3650.0,1443.75,0.0,0.0
1771,2019-06-19,18:00:24,155.03125,155.125,154.75,154.8125,286,44321.03125,154.96864073426573,-0.21875,-0.0014120022517438713,154.64592102954666,154.55944042695035,0.08648060259631052,1.0,0.09892578124999998,1.88581997702133,1.362740385034876,0.09892578124999998,0,1771,0.9916934543523612,0.610282375904667,0.31452469100215324,2.749564821787504,2.749564821787504,0.0,0.2727931097101266,-0.16697656336119449,0.0,0.3516329849790509,-0.2586493909256162,0.0,-1.0,-0.0,0.0,309.0,343.75,0,0,0.0,-0.0,0.0,5093.75,0.0,0.0,3650.0,1443.75,0.0,0.0
1772,2019-06-19,18:00:59,154.8125,154.84375,154.625,154.625,287,44406.5,154.72648083623693,-0.1875,-0.0012118765369262263,154.64127191186964,154.56145764458267,0.07981426728696306,1.0000000000000004,0.10126953125000002,2.110875429736211,1.4954400267744405,0.10126953124999999,0,1772,0.9105915541084085,0.3516329849790509,0.31822874045252414,2.5080785341219163,2.5080785341219163,0.0,0.2727931097101266,-0.19336368901032186,0.0,0.0767438027588889,-0.274889182220162,0.0,1.0,0.0,0.0,309.0,156.25,0,0,0.0,0.0,-0.0,5093.75,0.0,0.0,3650.0,1443.75,-0.0,-0.0
1773,2019-06-19,18:01:23,154.625,154.78125,154.625,154.71875,287,44399.5,154.70209059233449,0.09375,0.0006061218490440723,154.6584892647875,154.56629740936475,0.09219185542275454,1.000000000000001,0.01689453125,-1.738447659460726,0.15842937051767417,0.016894531249999983,-1,1773,0.7592874774657665,0.0767438027588889,0.12997896464428382,7.092828880046701,7.092828880046701,0.0,0.2727931097101266,0.3076104433815303,1.0,-0.2567575568467824,-0.3335013596056713,0.0,1.0,0.0,0.0,309.0,250.0,0,0,0.0,0.0,0.0,5093.75,1.0,0.0,3650.0,1443.75,0.0,0.0
1774,2019-06-19,18:01:46,154.71875,154.75,154.625,154.65625,288,44550.15625,154.68804253472223,-0.0625,-0.00040404040953667675,154.6579916503903,154.56906518138433,0.08892646900596901,1.0000000000000007,0.013964843749999999,-0.3144408039512913,-0.7785348172429539,0.01396484374999999,0,1774,0.5018466135659082,-0.2567575568467824,0.11817294000743143,7.5251126865741655,7.5251126865741655,0.0,0.2727931097101266,0.3548459499156295,1.0,-0.5166279945497468,-0.2598704377029644,1.0,1.0,0.0,0.0,309.0,187.5,0,0,1.0,0.0,-0.0,5093.75,0.0,1.0,3652.5,1441.25,-2.5,0.0
1775,2019-06-19,18:02:10,154.65625,154.75,154.625,154.65625,287,44389.65625,154.66779181184668,0.0,0.0,154.65760461697025,154.5717477911879,0.08585682578234355,1.0000000000000007,0.00458984375,-0.7378904481665955,-0.9127170462413433,0.004589843749999996,0,1775,0.24012071865022092,-0.5166279945497468,0.06774838558962122,12.672896193041751,12.672896193041751,0.0,0.2727931097101266,0.9173425268963107,1.0,-0.7203883034476787,-0.20376030889793184,1.0,1.0,1.0,1.0,310.0,0.0,0,0,1.0,1.0,0.0,5093.75,0.0,0.0,3652.5,1441.25,0.0,0.0
1776,2019-06-19,18:02:41,154.65625,154.75,154.65625,154.75,287,44399.90625,154.703506097561,0.09375,0.000605999412545799,154.6781369243102,154.57723247453598,0.10090444977421953,1.0000000000000013,0.00361328125,-0.021913805697585314,-0.5901286563843663,0.003613281249999995,-1,1776,-0.01896271740182942,-0.7203883034476787,0.06011057519272291,16.78647217244316,16.78647217244316,0.0,0.2727931097101266,1.3668315943087483,2.0,-0.7686822604539835,-0.04829395700630479,1.0,1.0,1.0,0.0,310.0,93.75,0,0,1.0,1.0,93.75,5187.5,1.0,0.0,3652.5,1535.0,93.75,93.75
1777,2019-06-19,18:03:05,154.75,154.8125,154.71875,154.8125,287,44419.75,154.7726480836237,0.0625,0.00040379568487303175,154.7079953855746,154.5844714753195,0.12352391025510201,1.0000000000000007,0.00244140625,-1.2000000000000028,0.0,0.0024414062499999983,-1,1777,-0.09125315056310841,-0.7686822604539835,0.04941058844013091,24.99948172136659,20.0,0.0,0.2727931097101266,1.7179727020810263,2.0,-0.8536274873529576,-0.0849452268989741,2.0,1.0,1.0,0.0,310.0,156.25,0,0,2.0,1.0,62.5,5250.0,0.0,1.0,3655.0,1595.0,60.0,93.75
1778,2019-06-19,18:03:39,154.8125,154.875,154.71875,154.84375,287,44427.90625,154.80106707317074,0.03125,0.0002018367147833544,154.73816307766916,154.59244927607892,0.14571380159023306,1.0000000000000004,0.00126953125,-0.1775147928994715,0.40479600891093936,0.0012695312499999996,-1,1778,-0.23528519572930337,-0.8536274873529576,0.03563048203434806,40.89582662669673,20.0,0.0,0.2727931097101266,1.7179727020810263,2.0,-0.8845467102663458,-0.030919222913388222,2.0,1.0,2.0,0.0,310.0,187.5,0,0,2.0,2.0,62.5,5312.5,0.0,0.0,3655.0,1657.5,62.5,62.5
1779,2019-06-19,18:04:09,154.84375,154.96875,154.8125,154.96875,287,44448.46875,154.87271341463415,0.125,0.0008069397250451971,154.7894046159649,154.6040277598919,0.18537685607302024,1.0000000000000009,0.00322265625,1.0743801652892628,-0.2669003066972998,0.003222656249999997,-1,1779,-0.29563787081254245,-0.8845467102663458,0.05676844413932794,32.65491222871039,20.0,0.0,0.2727931097101266,1.7179727020810263,2.0,-0.87657698070427,0.007969729562075756,2.0,1.0,2.0,0.0,310.0,312.5,0,0,2.0,2.0,250.0,5562.5,0.0,0.0,3655.0,1907.5,250.0,250.0
1780,2019-06-19,18:04:24,154.96875,155.0625,154.96875,155.03125,286,44329.4375,154.99803321678323,0.0625,0.0004032258119153198,154.84314803463937,154.61717305958754,0.22597497505182673,1.0000000000000013,0.005566406250000001,-1.1172668513388746,0.20575279705556937,0.005566406249999994,-1,1780,-0.27953013551871403,-0.87657698070427,0.07460835241445822,30.28816047250434,20.0,0.0,0.2727931097101266,1.7179727020810263,2.0,-0.8353533807470477,0.04122359995722236,2.0,1.0,2.0,0.0,310.0,375.0,0,0,2.0,2.0,125.0,5687.5,0.0,0.0,3655.0,2032.5,125.0,250.0
1781,2019-06-19,18:04:41,155.03125,155.0625,154.96875,155.0,287,44494.875,155.03440766550523,-0.03125,-0.0002015925820755271,154.87800402694174,154.62895235006178,0.249051676879958,1.0000000000000009,0.0056640625,-0.9453032104637344,0.6013638196305312,0.005664062499999994,0,1781,-0.20197802709129584,-0.8353533807470477,0.07525996611745181,33.09218562379955,20.0,0.0,0.2727931097101266,1.7179727020810263,2.0,-0.8100644927597123,0.025288887987335418,2.0,1.0,2.0,0.0,310.0,343.75,0,0,2.0,2.0,-62.5,5625.0,0.0,0.0,3655.0,1970.0,-62.5,125.0
1782,2019-06-19,18:05:02,155.0,155.0625,154.9375,154.9375,286,44331.1875,155.0041520979021,-0.0625,-0.0004033071238378483,154.89122535428803,154.63844612390605,0.25277923038197514,1.0000000000000018,0.00419921875,-1.9632233639805285,0.235513936408806,0.004199218749999993,0,1782,-0.15819655001554694,-0.8100644927597123,0.06480137922914907,39.00831022254995,20.0,0.0,0.2727931097101266,1.7179727020810263,2.0,-0.8000315525501814,0.010032940209530827,2.0,1.0,2.0,0.0,310.0,281.25,0,0,2.0,2.0,-125.0,5500.0,0.0,0.0,3655.0,1845.0,-125.0,-62.5
1783,2019-06-19,18:05:25,154.9375,155.0,154.90625,154.9375,287,44471.03125,154.95132839721254,0.0,0.0,154.90150860889068,154.64764778163203,0.25386082725864867,1.0000000000000022,0.00361328125,-0.021913805697588867,0.5901286563843656,0.0036132812499999924,0,1783,-0.1414734169187762,-0.8000315525501814,0.060110575192722886,42.232307118129455,20.0,0.0,0.2727931097101266,1.7179727020810263,2.0,-0.7962396108661299,0.003791941684051503,2.0,1.0,2.0,0.0,310.0,281.25,0,0,2.0,2.0,0.0,5500.0,0.0,0.0,3655.0,1845.0,0.0,0.0
1784,2019-06-19,18:05:54,154.9375,155.0625,154.9375,155.03125,286,44331.0,155.0034965034965,0.09375,0.0006048997059133754,154.9303400291372,154.6594509268126,0.2708891023245883,1.0000000000000018,0.005566406249999999,-1.1172668513388746,0.2057527970555698,0.005566406249999991,-1,1784,-0.13523998502478857,-0.7962396108661299,0.07460835241445819,36.30814695113054,20.0,0.0,0.2727931097101266,1.7179727020810263,2.0,-0.7963548060342404,-0.00011519516811042685,2.0,1.0,2.0,0.0,310.0,375.0,0,0,2.0,2.0,187.5,5687.5,0.0,0.0,3655.0,2032.5,187.5,187.5
1785,2019-06-19,18:06:33,155.03125,155.09375,155.0,155.0625,287,44498.875,155.0483449477352,0.03125,0.00020155195069726517,154.95970891155116,154.67185243675686,0.287856474794296,1.0000000000000013,0.0046875,1.7447916666666667,-0.846307423922913,0.004687499999999993,-1,1785,-0.13542866798098896,-0.7963548060342404,0.06846531968814572,42.044129218334206,20.0,0.0,0.2727931097101266,1.7179727020810263,2.0,-0.7538692093552798,0.04248559667896057,2.0,1.0,2.0,0.0,310.0,406.25,0,0,2.0,2.0,62.5,5750.0,0.0,0.0,3655.0,2095.0,62.5,187.5
1786,2019-06-19,18:07:02,155.0625,155.0625,154.96875,154.96875,286,44332.4375,155.00852272727272,-0.09375,-0.000604777762612585,154.96171804231759,154.68098774639515,0.2807302959224387,1.0000000000000016,0.004687500000000001,2.916666666666662,-1.293233816331642,0.004687499999999994,0,1786,-0.06847953909156274,-0.7538692093552798,0.06846531968814572,41.003284173818756,20.0,0.0,0.2727931097101266,1.7179727020810263,2.0,-0.755593352125651,-0.0017241427703712509,2.0,1.0,2.0,0.0,310.0,312.5,0,0,2.0,2.0,-187.5,5562.5,0.0,0.0,3655.0,1907.5,-187.5,62.5
1787,2019-06-19,18:07:23,154.96875,155.03125,154.9375,155.0,287,44485.6875,155.00239547038328,0.03125,0.0002016332298397927,154.97022514402482,154.69080350804452,0.2794216359802988,1.0000000000000029,0.003125,0.31250000000000117,-1.257788237343631,0.003124999999999991,-1,1787,-0.0711012637927856,-0.755593352125651,0.055901699437494665,49.984461794892006,20.0,0.0,0.2727931097101266,1.7179727020810263,2.0,-0.9019022338811532,-0.14630888175550216,2.0,1.0,2.0,0.0,310.0,343.75,0,0,2.0,2.0,62.5,5625.0,0.0,0.0,3655.0,1970.0,62.5,62.5
1788,2019-06-19,18:07:37,155.0,155.03125,154.96875,155.03125,286,44330.125,155.00043706293707,0.03125,0.0002015925820755271,154.9837862231304,154.7012787847201,0.2825074384103061,1.000000000000004,0.0027343750000000003,-0.6122448979591854,-0.5122408325718829,0.0027343749999999894,-1,1788,-0.33231332129502555,-0.9019022338811532,0.05229125165837962,54.025755638043634,20.0,0.0,0.2727931097101266,1.7179727020810263,2.0,-0.966819114097865,-0.06491688021671183,2.0,1.0,2.0,0.0,310.0,375.0,0,0,2.0,2.0,62.5,5687.5,0.0,0.0,3655.0,2032.5,62.5,62.5
1789,2019-06-19,18:08:01,155.03125,155.09375,154.96875,155.0,287,44494.96875,155.0347343205575,-0.03125,-0.0002015925820755271,154.98738928465698,154.71047020672873,0.2769190779282553,1.0000000000000056,0.0017578124999999998,-2.407407407407407,0.1656346649999846,0.00175781249999999,0,1789,-0.5030054846584344,-0.966819114097865,0.04192627457812094,66.04905413484184,20.0,0.0,0.2727931097101266,1.7179727020810263,2.0,-0.9820481644316017,-0.015229050333736671,2.0,1.0,2.0,0.0,310.0,343.75,0,0,2.0,2.0,-62.5,5625.0,0.0,0.0,3655.0,1970.0,-62.5,62.5
1790,2019-06-19,18:08:19,155.0,155.0625,154.96875,154.96875,287,44485.03125,155.00010888501743,-0.03125,-0.0002016332298397927,154.9832472213999,154.71841727729094,0.26482994410895344,1.0000000000000038,0.00263671875,-1.6872427983539093,0.5184205276797869,0.0026367187499999906,0,1790,-0.5610311285281953,-0.9820481644316017,0.05134898976610923,51.57451885913118,20.0,0.0,0.2727931097101266,1.7179727020810263,2.0,-0.9998624723939021,-0.017814307962300435,2.0,1.0,2.0,0.0,310.0,312.5,0,0,2.0,2.0,-62.5,5562.5,0.0,0.0,3655.0,1907.5,-62.5,-62.5
1791,2019-06-19,18:08:50,154.96875,154.96875,154.875,154.90625,286,44302.28125,154.9030812937063,-0.0625,-0.0004033884685599176,154.9661367277555,154.724196745682,0.24193998207348955,1.0000000000000038,0.00263671875,-1.6872427983539093,0.5184205276797869,0.0026367187499999906,0,1791,-0.7187363477411904,-0.9998624723939021,0.05134898976610923,47.11679493121635,20.0,0.0,0.2727931097101266,1.7179727020810263,2.0,-0.9809849539925293,0.01887751840137286,2.0,1.0,2.0,0.0,310.0,250.0,0,0,2.0,2.0,-125.0,5437.5,0.0,0.0,3655.0,1782.5,-125.0,-62.5
1792,2019-06-19,18:09:13,154.90625,154.96875,154.875,154.96875,287,44468.09375,154.9410932055749,0.0625,0.0004033884685599176,154.96671745492097,154.7317214611995,0.23499599372146918,1.0000000000000022,0.00322265625,-2.2314049586776847,-0.5671631517317617,0.003222656249999993,-1,1792,-0.8308990817907196,-0.9809849539925293,0.056768444139327905,41.395531845951936,20.0,0.0,0.2727931097101266,1.7179727020810263,2.0,-0.9650614792436685,0.0159234747488608,2.0,1.0,2.0,0.0,310.0,312.5,0,0,2.0,2.0,125.0,5562.5,0.0,0.0,3655.0,1907.5,125.0,125.0
1793,2019-06-19,18:09:39,154.96875,155.0,154.9375,155.0,286,44325.28125,154.98350087412587,0.03125,0.0002016332298397927,154.97411357604966,154.7399761854703,0.2341373905793489,1.0000000000000022,0.0026367187499999997,3.2510288065843675,-1.7355817665801567,0.002636718749999994,-1,1793,-0.8676801459796503,-0.9650614792436685,0.051348989766109264,45.597273022473644,20.0,0.0,0.2727931097101266,1.7179727020810263,2.0,-0.9252276233644724,0.03983385587919608,2.0,1.0,2.0,0.0,310.0,343.75,0,0,2.0,2.0,62.5,5625.0,0.0,0.0,3655.0,1970.0,62.5,125.0
1794,2019-06-19,18:10:18,155.0,155.0625,155.0,155.0625,287,44492.65625,155.0266768292683,0.0625,0.0004031445327727923,154.9937550035942,154.74989999514818,0.24385500844601893,1.000000000000014,0.00029296875000000053,-3.3333333333331896,0.6085806194501694,0.00029296874999999636,-1,1794,-0.922519878059301,-0.9252276233644724,0.017116329922036336,142.46921481226474,20.0,0.0,0.2727931097101266,1.7179727020810263,2.0,-0.9286924751042025,-0.0034648517397301015,2.0,1.0,2.0,0.0,310.0,406.25,0,0,2.0,2.0,125.0,5750.0,0.0,0.0,3655.0,2095.0,125.0,125.0
1795,2019-06-19,18:10:25,155.0625,155.125,155.0625,155.09375,286,44355.25,155.08828671328672,0.03125,0.00020151133569434876,155.01597611390662,154.7604799952975,0.25549611860913046,1.000000000000005,0.001171875,2.9166666666666714,-1.2932338163316428,0.0011718749999999943,-1,1795,-0.9189158344565782,-0.9286924751042025,0.034232659844072796,74.63519334252616,20.0,0.0,0.2727931097101266,1.7179727020810263,2.0,-0.9347114142813436,-0.006018939177141136,2.0,1.0,2.0,0.0,310.0,437.5,0,0,2.0,2.0,62.5,5812.5,0.0,0.0,3655.0,2157.5,62.5,125.0
1796,2019-06-19,18:10:53,155.09375,155.125,155.03125,155.125,287,44506.53125,155.07502177700349,0.03125,0.0002014707370570079,155.0402036441496,154.7716959954422,0.2685076487074127,1.000000000000005,0.001171875,2.9166666666666714,-1.2932338163316428,0.0011718749999999943,-1,1796,-0.9122519133589369,-0.9347114142813436,0.034232659844072796,78.4361045651857,20.0,0.0,0.2727931097101266,1.7179727020810263,2.0,-0.9853431880881103,-0.050631773806766645,2.0,1.0,2.0,0.0,310.0,468.75,0,0,2.0,2.0,62.5,5875.0,0.0,0.0,3655.0,2220.0,62.5,62.5
1797,2019-06-19,18:11:31,155.125,155.15625,155.03125,155.09375,286,44354.59375,155.08599213286712,-0.03125,-0.0002014707370570079,155.0521028343386,154.78160534942862,0.27049748490998127,1.0000000000000042,0.001953125,-1.750000000000001,-0.8838834764831844,0.0019531249999999915,0,1797,-0.8173637473048739,-0.9853431880881103,0.044194173824159126,61.20659387960127,20.0,0.0,0.2727931097101266,1.7179727020810263,2.0,-0.996944910604931,-0.011601722516820678,2.0,1.0,2.0,0.0,310.0,437.5,0,0,2.0,2.0,-62.5,5812.5,0.0,0.0,3655.0,2157.5,-62.5,62.5
1798,2019-06-19,18:12:17,155.09375,155.1875,155.09375,155.125,286,44370.53125,155.14171765734267,0.03125,0.0002014707370570079,155.0683022044856,154.79217133867698,0.276130865808625,1.0000000000000056,0.0017578124999999998,-2.407407407407407,0.1656346649999846,0.00175781249999999,-1,1798,-0.6497158756784525,-0.996944910604931,0.04192627457812094,65.86105457428903,20.0,0.0,0.2727931097101266,1.7179727020810263,2.0,-0.7745898925577852,0.22235501804714575,2.0,1.0,2.0,0.0,310.0,468.75,0,0,2.0,2.0,62.5,5875.0,0.0,0.0,3655.0,2220.0,62.5,62.5
1799,2019-06-19,18:13:04,155.125,155.125,155.0625,155.0625,287,44508.6875,155.08253484320556,-0.0625,-0.00040298207275135667,155.06701282571106,154.80048914364076,0.2665236820703001,1.0000000000000038,0.00263671875,-1.6872427983539093,0.5184205276797869,0.0026367187499999906,0,1799,-0.10049830145015437,-0.7745898925577852,0.05134898976610923,51.904367210396025,20.0,0.0,0.2727931097101266,1.7179727020810263,2.0,-0.4485415094785741,0.32604838307921113,2.0,1.0,2.0,0.0,310.0,406.25,0,0,2.0,2.0,-125.0,5750.0,0.0,0.0,3655.0,2095.0,-125.0,62.5
1800,2019-06-19,18:13:49,155.0625,155.0625,154.96875,155.03125,286,44337.96875,155.02786276223776,-0.03125,-0.00020155195069726517,155.05906553110862,154.8075894776826,0.25147605342601764,1.0000000000000036,0.00244140625,-1.2000000000000004,0.0,0.0024414062499999913,0,1800,0.31481842861596476,-0.4485415094785741,0.04941058844013084,50.89517477225003,20.0,0.0,0.2727931097101266,1.7179727020810263,2.0,-0.37109791983537044,0.07744358964320364,2.0,1.0,2.0,0.0,310.0,375.0,0,0,2.0,2.0,-62.5,5687.5,0.0,0.0,3655.0,2032.5,-62.5,-62.5
1801,2019-06-19,18:14:20,155.03125,155.09375,155.0,155.09375,287,44495.375,155.03614982578398,0.0625,0.00040306328639161393,155.06677319086225,154.81639441683086,0.25037877403138964,1.0000000000000044,0.00224609375,1.4555765595463157,1.118079933149378,0.00224609374999999,-1,1801,0.3942090748936471,-0.37109791983537044,0.04739297152532208,52.830359855703946,20.0,0.0,0.2727931097101266,1.7179727020810263,2.0,-0.4505349274777371,-0.07943700764236666,2.0,1.0,2.0,0.0,310.0,437.5,0,0,2.0,2.0,125.0,5812.5,0.0,0.0,3655.0,2157.5,125.0,125.0
1802,2019-06-19,18:14:49,155.09375,155.125,155.03125,155.09375,286,44353.46875,155.08205856643357,0.0,0.0,155.0727680373373,154.82492843477453,0.24783960256277737,1.0000000000000044,0.00224609375,1.4555765595463157,1.118079933149378,0.00224609374999999,0,1802,0.3126995007046598,-0.4505349274777371,0.04739297152532208,52.29459022850183,20.0,0.0,0.2727931097101266,1.7179727020810263,2.0,-0.6025908490506912,-0.15205592157295406,2.0,1.0,2.0,0.0,310.0,437.5,0,0,2.0,2.0,0.0,5812.5,0.0,0.0,3655.0,2157.5,0.0,125.0
1803,2019-06-19,18:15:16,155.09375,155.125,155.0,155.0625,287,44500.1875,155.0529181184669,-0.03125,-0.00020151133569434876,155.07048625126237,154.8322383290892,0.2382479221731728,1.0000000000000044,0.0021484375,0.8677685950413228,0.5516180692881075,0.0021484374999999906,0,1803,0.13821069759143634,-0.6025908490506912,0.04635124054434779,51.400549235618136,20.0,0.0,0.2727931097101266,1.7179727020810263,2.0,-0.7605336464086994,-0.1579427973580082,2.0,1.0,2.0,0.0,310.0,406.25,0,0,2.0,2.0,-62.5,5750.0,0.0,0.0,3655.0,2095.0,-62.5,0.0
1804,2019-06-19,18:15:53,155.0625,155.0625,155.0,155.0,286,44340.40625,155.03638548951048,-0.0625,-0.0004031445327727923,155.05482263987074,154.8374002266557,0.21742241321504707,1.0000000000000138,0.00078125,0.3124999999999976,-1.257788237343632,0.0007812499999999892,0,1804,-0.07865510968164131,-0.7605336464086994,0.02795084971874718,77.78740732494354,20.0,0.0,0.2727931097101266,1.7179727020810263,2.0,-0.9631214136655903,-0.20258776725689098,2.0,1.0,2.0,0.0,310.0,343.75,0,0,2.0,2.0,-125.0,5625.0,0.0,0.0,3655.0,1970.0,-125.0,-62.5
1805,2019-06-19,18:16:14,155.0,155.03125,155.0,155.0,287,44487.03125,155.0070775261324,0.0,0.0,155.04263983101058,154.84240329660474,0.2002365344058319,1.0000000000000044,0.0021484375,0.8677685950413228,0.5516180692881075,0.0021484374999999906,0,1805,-0.490770461462222,-0.9631214136655903,0.04635124054434779,43.19982206608909,20.0,0.0,0.2727931097101266,1.7179727020810263,2.0,-0.9977521236049302,-0.03463070993933981,2.0,1.0,2.0,0.0,310.0,343.75,0,0,2.0,2.0,0.0,5625.0,0.0,0.0,3655.0,1970.0,0.0,0.0
1806,2019-06-19,18:16:58,155.0,155.0,154.9375,155.0,286,44324.59375,154.98109702797203,0.0,0.0,155.03316431300823,154.84725242594,0.18591188706821526,1.0000000000000038,0.0021484375,0.8677685950413228,-0.5516180692881075,0.002148437499999992,0,1806,-0.7529024159579666,-0.9977521236049302,0.046351240544347805,40.10936598133529,20.0,0.0,0.2727931097101266,1.7179727020810263,2.0,-0.8437330549729429,0.15401906863198722,2.0,1.0,2.0,0.0,310.0,343.75,0,0,2.0,2.0,0.0,5625.0,0.0,0.0,3655.0,1970.0,0.0,0.0
1807,2019-06-19,18:17:49,155.0,155.0625,154.96875,155.0625,287,44485.25,155.00087108013938,0.0625,0.0004031445327727923,155.03968335456196,154.8538754282188,0.18580792634315912,1.0000000000000053,0.0009765625,-2.9999999999999964,-9.251858538542974e-16,0.0009765624999999948,-1,1807,-0.9761581309472528,-0.8437330549729429,0.031249999999999917,59.458536429811076,20.0,0.0,0.2727931097101266,1.7179727020810263,2.0,-0.6240194021286518,0.21971365284429112,-2.0,1.0,2.0,0.0,310.0,406.25,0,0,-2.0,2.0,125.0,5750.0,0.0,4.0,3665.0,2085.0,115.0,115.0
1808,2019-06-19,18:18:57,155.0625,155.125,155.03125,155.09375,286,44353.71875,155.08293269230768,0.03125,0.00020151133569434876,155.0516981646593,154.86125618427363,0.19044198038568538,1.0000000000000067,0.0006835937500000001,-0.6122448979591925,-0.5122408325718826,0.0006835937499999955,-1,1808,-0.9937878452477253,-0.6240194021286518,0.026145625829189775,72.83894508008683,20.0,0.0,0.2727931097101266,1.7179727020810263,2.0,-0.267477721497656,0.35654168063099584,-2.0,-1.0,-2.0,1.0,311.0,31.25,0,0,-2.0,-2.0,-62.5,5687.5,0.0,0.0,3665.0,2022.5,-62.5,115.0
1809,2019-06-19,18:20:00,155.09375,155.1875,155.09375,155.15625,287,44526.0625,155.143074912892,0.0625,0.00040290089183248057,155.07493190584614,154.8703329170652,0.20459898878092986,1.0000000000000022,0.0026367187499999997,3.2510288065843675,-1.7355817665801567,0.002636718749999994,-1,1809,-0.8704779808990206,-0.267477721497656,0.051348989766109264,39.84479338597754,20.0,0.0,0.2727931097101266,1.7179727020810263,2.0,0.9204256063434335,1.1879033278410895,-2.0,-1.0,-2.0,0.0,311.0,93.75,0,0,-2.0,-2.0,-125.0,5562.5,0.0,0.0,3665.0,1897.5,-125.0,-62.5
1810,2019-06-19,18:20:52,155.15625,155.21875,155.125,155.1875,286,44376.125,155.1612762237762,0.03125,0.00020138958883908487,155.09994703788036,154.88009190423244,0.21985513364791132,1.000000000000003,0.00224609375,1.4555765595463157,-1.118079933149378,0.002246093749999993,-1,1810,0.3744185815116018,0.9204256063434335,0.04739297152532212,46.389818273041286,20.0,0.0,0.2727931097101266,1.7179727020810263,2.0,0.9257679975014643,0.0053423911580308125,-2.0,-1.0,-2.0,0.0,311.0,125.0,0,0,-2.0,-2.0,-62.5,5500.0,0.0,0.0,3665.0,1835.0,-62.5,-62.5
1811,2019-06-19,18:22:07,155.1875,155.1875,155.09375,155.125,286,44370.15625,155.14040646853147,-0.0625,-0.0004028197436145575,155.10551436279584,154.8876275379484,0.21788682484745436,1.000000000000003,0.003125,-2.32421875,0.052407843222651435,0.0031249999999999906,0,1811,0.9219682967626767,0.9257679975014643,0.05590169943749466,38.97678014083992,20.0,0.0,0.2727931097101266,1.7179727020810263,2.0,0.6637252475788645,-0.2620427499225998,2.0,-1.0,-2.0,0.0,311.0,62.5,0,0,2.0,-2.0,125.0,5625.0,0.0,4.0,3675.0,1950.0,115.0,115.0
1812,2019-06-19,18:24:02,155.125,155.15625,155.03125,155.125,287,44511.375,155.09189895470382,0.0,0.0,155.1098445043968,154.89493130601153,0.21491319838526124,1.000000000000003,0.003125,-2.32421875,0.052407843222651435,0.0031249999999999906,0,1812,0.9982238556469091,0.6637252475788645,0.05590169943749466,38.44484166810743,20.0,0.0,0.2727931097101266,1.7179727020810263,2.0,0.3478249747596494,-0.3159002728192151,-2.0,-1.0,2.0,1.0,312.0,0.0,0,0,-2.0,2.0,0.0,5625.0,0.0,4.0,3685.0,1940.0,-10.0,115.0
1813,2019-06-19,18:25:25,155.09375,155.125,155.0625,155.0625,286,44353.5,155.08216783216784,-0.0625,-0.00040298207275135667,155.09932350341975,154.90008726582656,0.19923623759319753,1.0000000000000036,0.002734375,-0.612244897959183,0.5122408325718831,0.00273437499999999,0,1813,0.9089040675582912,0.3478249747596494,0.052291251658379626,38.101256190005564,20.0,0.0,0.2727931097101266,1.7179727020810263,2.0,-0.010030022768476572,-0.357854997528126,2.0,1.0,-2.0,1.0,313.0,-62.5,0,0,2.0,-2.0,125.0,5750.0,0.0,4.0,3695.0,2055.0,115.0,115.0
1814,2019-06-19,18:27:02,155.0625,155.15625,155.0625,155.125,286,44362.5,155.11363636363637,0.0625,0.00040298207275135667,155.1050293915487,154.9070076576473,0.19802173390138478,1.0000000000000047,0.001953125,2.0,0.0,0.0019531249999999913,-1,1814,0.6999789152261389,-0.010030022768476572,0.04419417382415912,44.80720347647601,20.0,0.0,0.2727931097101266,1.7179727020810263,2.0,-0.37225635897582565,-0.36222633620734906,2.0,1.0,2.0,1.0,314.0,62.5,0,0,2.0,2.0,125.0,5875.0,0.0,0.0,3695.0,2180.0,125.0,125.0
1815,2019-06-19,18:29:05,155.125,155.1875,155.125,155.125,287,44529.46875,155.15494337979095,0.0,0.0,155.1094673045379,154.9137151143351,0.19575219020279633,1.0000000000000038,0.0021484375,0.8677685950413228,-0.5516180692881075,0.002148437499999992,0,1815,0.39306198535860976,-0.37225635897582565,0.046351240544347805,42.23235190771326,20.0,0.0,0.2727931097101266,1.7179727020810263,2.0,-0.6457976979969324,-0.2735413390211068,2.0,1.0,2.0,0.0,314.0,62.5,0,0,2.0,2.0,0.0,5875.0,0.0,0.0,3695.0,2180.0,0.0,125.0
1816,2019-06-19,18:30:35,155.125,155.15625,155.0625,155.125,286,44363.5625,155.1173513986014,0.0,0.0,155.1129190146406,154.92021618774018,0.1927028269004154,1.0000000000000058,0.00126953125,-0.17751479289940755,0.4047960089109363,0.0012695312499999927,0,1816,0.08323415433021317,-0.6457976979969324,0.03563048203434796,54.08369909636612,20.0,0.0,0.2727931097101266,1.7179727020810263,2.0,-0.8792964027706811,-0.23349870477374868,2.0,1.0,2.0,0.0,314.0,62.5,0,0,2.0,2.0,0.0,5875.0,0.0,0.0,3695.0,2180.0,0.0,0.0
1817,2019-06-19,18:31:00,155.125,155.1875,155.0625,155.15625,286,44367.3125,155.13046328671328,0.03125,0.00020143015477547266,155.12254812249827,154.927478766579,0.1950693559192871,1.000000000000012,0.00068359375,-0.612244897959183,-0.5122408325718831,0.0006835937499999919,-1,1817,-0.2849791962219717,-0.8792964027706811,0.026145625829189705,74.60879199973337,20.0,0.0,0.2727931097101266,1.7179727020810263,2.0,-0.9749522803072868,-0.09565587753660565,2.0,1.0,2.0,0.0,314.0,93.75,0,0,2.0,2.0,62.5,5937.5,0.0,0.0,3695.0,2242.5,62.5,62.5
1818,2019-06-19,18:31:42,155.15625,155.1875,155.125,155.125,286,44378.5,155.16958041958043,-0.03125,-0.00020143015477547266,155.12309298416534,154.93355634299195,0.1895366411733903,1.0000000000000095,0.00078125,0.3125000000000024,-1.2577882373436315,0.0007812499999999926,0,1818,-0.5321248198051768,-0.9749522803072868,0.02795084971874724,67.81069022251012,20.0,0.0,0.2727931097101266,1.7179727020810263,2.0,-0.9997715135890266,-0.02481923328173985,2.0,1.0,2.0,0.0,314.0,62.5,0,0,2.0,2.0,-62.5,5875.0,0.0,0.0,3695.0,2180.0,-62.5,62.5
1819,2019-06-19,18:32:10,155.125,155.15625,155.03125,155.15625,287,44512.1875,155.0947299651568,0.03125,0.00020143015477547266,155.13046120990637,154.9404084555153,0.1900527543910755,1.0000000000000087,0.00078125,4.999999999999997,-2.236067977499789,0.0007812499999999932,-1,1819,-0.7220601204005406,-0.9997715135890266,0.02795084971874725,67.99534050072293,20.0,0.0,0.2727931097101266,1.7179727020810263,2.0,-0.9882453100642248,0.011526203524801826,2.0,1.0,2.0,0.0,314.0,93.75,0,0,2.0,2.0,62.5,5937.5,0.0,0.0,3695.0,2242.5,62.5,62.5
1820,2019-06-19,18:33:11,155.15625,155.25,155.125,155.1875,286,44382.46875,155.18345716783216,0.03125,0.00020138958883908487,155.14313649659385,154.9480112722687,0.1951252243251531,1.0000000000000087,0.00078125,4.999999999999997,-2.236067977499789,0.0007812499999999932,-1,1820,-0.8068949304721286,-0.9882453100642248,0.02795084971874725,69.81012251455037,20.0,0.0,0.2727931097101266,1.7179727020810263,2.0,-0.9585818963382814,0.02966341372594339,2.0,1.0,2.0,0.0,314.0,125.0,0,0,2.0,2.0,62.5,6000.0,0.0,0.0,3695.0,2305.0,62.5,62.5
1821,2019-06-19,18:33:39,155.1875,155.21875,155.125,155.21875,286,44380.84375,155.17777534965035,0.03125,0.00020134903923807457,155.1599394973508,154.95634169466044,0.20359780269035355,1.0000000000000309,0.0001953124999999999,4.999999999999986,-2.2360679774997894,0.00019531249999999389,-1,1821,-0.47642369668436124,-0.9585818963382814,0.013975424859373467,145.68272860327272,20.0,0.0,0.2727931097101266,1.7179727020810263,2.0,-0.1695671882415766,0.7890147080967048,2.0,1.0,2.0,0.0,314.0,156.25,0,0,2.0,2.0,62.5,6062.5,0.0,0.0,3695.0,2367.5,62.5,62.5
1822,2019-06-19,18:34:36,155.21875,155.25,155.15625,155.25,286,44389.90625,155.2094624125874,0.03125,0.00020130850596444816,155.17995294238398,154.96537733482472,0.21457560755925442,1.000000000000004,0.001171875,2.916666666666662,1.2932338163316435,0.0011718749999999952,-1,1822,0.5769647970821968,-0.1695671882415766,0.03423265984407281,62.6815469603093,20.0,0.0,0.2727931097101266,1.7179727020810263,2.0,-0.09203222043412344,0.07753496780745316,2.0,1.0,2.0,0.0,314.0,187.5,0,0,2.0,2.0,62.5,6125.0,0.0,0.0,3695.0,2430.0,62.5,62.5
1823,2019-06-19,18:35:54,155.25,155.28125,155.21875,155.25,287,44559.0,155.25783972125436,0.0,0.0,155.19551895518754,154.97413495529167,0.22138399989586333,1.0000000000000013,0.0046875,1.7447916666666667,-0.846307423922913,0.004687499999999993,0,1823,0.6390292337515332,-0.09203222043412344,0.06846531968814572,32.335202830316206,20.0,0.0,0.2727931097101266,1.7179727020810263,2.0,-0.19629031227911506,-0.10425809184499162,2.0,1.0,2.0,0.0,314.0,187.5,0,0,2.0,2.0,0.0,6125.0,0.0,0.0,3695.0,2430.0,0.0,62.5
1824,2019-06-19,18:36:59,155.25,155.34375,155.21875,155.34375,286,44406.59375,155.2678103146853,0.09375,0.0006036824813584474,155.2284591873681,154.9855077258981,0.24295146146999969,1.000000000000001,0.005175781249999999,1.128515485938055,-1.032658539398995,0.005175781249999994,-1,1824,0.5545523906439078,-0.19629031227911506,0.07194290270763332,33.77003878441256,20.0,0.0,0.2727931097101266,1.7179727020810263,2.0,-0.4032356860677121,-0.20694537378859704,2.0,1.0,2.0,0.0,314.0,281.25,0,0,2.0,2.0,187.5,6312.5,0.0,0.0,3695.0,2617.5,187.5,187.5
1825,2019-06-19,18:37:40,155.34375,155.34375,155.25,155.25,286,44415.53125,155.2990603146853,-0.09375,-0.0006036824813584474,155.23324603461964,154.99364594971664,0.2396000849030031,1.0000000000000013,0.00751953125,-2.7036599763872498,-0.009360389222810921,0.0075195312499999915,0,1825,0.3619400119204951,-0.4032356860677121,0.0867152307844475,27.630680646931488,20.0,0.0,0.2727931097101266,1.7179727020810263,2.0,-0.5714810670694234,-0.16824538100171127,2.0,1.0,2.0,0.0,314.0,187.5,0,0,2.0,2.0,-187.5,6125.0,0.0,0.0,3695.0,2430.0,-187.5,187.5
1826,2019-06-19,18:38:51,155.25,155.34375,155.1875,155.3125,286,44404.6875,155.2611451048951,0.0625,0.00040249547735982105,155.25085802692638,155.00345684357154,0.24740118335483885,1.0000000000000013,0.00751953125,-2.7036599763872498,-0.009360389222810921,0.0075195312499999915,-1,1826,0.17616447079970818,-0.5714810670694234,0.0867152307844475,28.53030328314719,20.0,0.0,0.2727931097101266,1.7179727020810263,2.0,-0.7375735673780068,-0.16609250030858347,2.0,1.0,2.0,0.0,314.0,250.0,0,0,2.0,2.0,125.0,6250.0,0.0,0.0,3695.0,2555.0,125.0,125.0
1827,2019-06-19,18:39:50,155.3125,155.3125,155.21875,155.21875,286,44404.875,155.2618006993007,-0.09375,-0.0006038039833242692,155.24372290983163,155.01008124838472,0.23364166144691012,1.0000000000000024,0.00458984375,-0.7378904481665955,0.9127170462413433,0.004589843749999989,0,1827,-0.04405754740089121,-0.7375735673780068,0.06774838558962117,34.48667586887905,20.0,0.0,0.2727931097101266,1.7179727020810263,2.0,-0.8548852223624909,-0.11731165498448404,2.0,1.0,2.0,0.0,314.0,156.25,0,0,2.0,2.0,-187.5,6062.5,0.0,0.0,3695.0,2367.5,-187.5,125.0
1828,2019-06-19,18:40:32,155.21875,155.3125,155.21875,155.21875,286,44403.78125,155.2579763986014,0.0,0.0,155.2381733743135,155.01650182535752,0.22167154895598173,1.0000000000000024,0.0037109375,-0.8171745152354575,0.08099829095409096,0.0037109374999999907,0,1828,-0.2376359982890425,-0.8548852223624909,0.06091746465505595,36.388833680323515,20.0,0.0,0.2727931097101266,1.7179727020810263,2.0,-0.9348600282854265,-0.0799748059229356,2.0,1.0,2.0,0.0,314.0,156.25,0,0,2.0,2.0,0.0,6062.5,0.0,0.0,3695.0,2367.5,0.0,0.0
1829,2019-06-19,18:41:07,155.21875,155.21875,155.125,155.15625,286,44375.4375,155.15887237762237,-0.0625,-0.00040273862807715943,155.21996818002162,155.02080176919267,0.19916641082895126,1.0000000000000067,0.0016601562499999997,-1.4878892733564086,-0.5413870509510866,0.0016601562499999885,0,1829,-0.41001127868628945,-0.9348600282854265,0.040745015032516416,48.88117249926333,20.0,0.0,0.2727931097101266,1.7179727020810263,2.0,-0.9867978864419246,-0.051937858156498096,2.0,1.0,2.0,0.0,314.0,93.75,0,0,2.0,2.0,-125.0,5937.5,0.0,0.0,3695.0,2242.5,-125.0,0.0
1830,2019-06-19,18:42:14,155.15625,155.1875,155.09375,155.15625,286,44370.34375,155.14106206293707,0.0,0.0,155.20580858446127,155.02496940706368,0.18083917739758704,1.0000000000000073,0.00126953125,-0.17751479289940755,-0.4047960089109363,0.001269531249999991,0,1830,-0.5832508866269347,-0.9867978864419246,0.03563048203434793,50.75406423726104,20.0,0.0,0.2727931097101266,1.7179727020810263,2.0,-0.9893583121349414,-0.0025604256930168434,2.0,1.0,2.0,0.0,314.0,93.75,0,0,2.0,2.0,0.0,5937.5,0.0,0.0,3695.0,2242.5,0.0,0.0
1831,2019-06-19,18:43:03,155.15625,155.21875,155.125,155.125,287,44528.34375,155.15102351916377,-0.03125,-0.00020143015477547266,155.18785112124766,155.02804727146173,0.15980384978593065,1.000000000000002,0.00361328125,-0.021913805697588867,0.5901286563843656,0.0036132812499999932,0,1831,-0.8024657171147677,-0.9893583121349414,0.06011057519272289,26.58498097440878,20.0,0.0,0.2727931097101266,1.7179727020810263,2.0,-0.8886343088052123,0.10072400332972908,2.0,1.0,2.0,0.0,314.0,62.5,0,0,2.0,2.0,-62.5,5875.0,0.0,0.0,3695.0,2180.0,-62.5,0.0
1832,2019-06-19,18:44:28,155.125,155.1875,155.125,155.15625,286,44373.25,155.1512237762238,0.03125,0.00020143015477547266,155.1808286498593,155.03199197080139,0.14883667905792208,1.0000000000000024,0.0022460937500000003,1.455576559546311,1.1180799331493774,0.0022460937499999946,-1,1832,-0.9526501606182451,-0.8886343088052123,0.04739297152532213,31.404799966678276,20.0,0.0,0.2727931097101266,1.7179727020810263,2.0,-0.8009693163510546,0.08766499245415771,-2.0,1.0,2.0,0.0,314.0,93.75,0,0,-2.0,2.0,62.5,5937.5,0.0,4.0,3705.0,2232.5,52.5,52.5
1833,2019-06-19,18:45:56,155.15625,155.25,155.15625,155.25,286,44382.03125,155.18192744755245,0.09375,0.0006040471340416076,155.1962000610017,155.03869991016137,0.15750015084032043,1.0000000000000013,0.003125,-2.324218750000005,-0.052407843222650706,0.0031249999999999963,-1,1833,-0.989719482368503,-0.8009693163510546,0.055901699437494706,28.17448349963419,20.0,0.0,0.2727931097101266,1.7179727020810263,2.0,-0.5754398013837738,0.2255295149672808,-2.0,-1.0,-2.0,1.0,315.0,93.75,0,0,-2.0,-2.0,-187.5,5750.0,0.0,0.0,3705.0,2045.0,-187.5,52.5
1834,2019-06-19,18:48:14,155.25,155.28125,155.1875,155.25,286,44398.34375,155.23896416083917,0.0,0.0,155.20815560300133,155.0452014513872,0.1629541516141444,1.0000000000000013,0.0017578124999999994,-2.407407407407393,0.1656346649999839,0.0017578124999999972,0,1834,-0.9852005220553431,-0.5754398013837738,0.04192627457812102,38.86683309067032,20.0,0.0,0.2727931097101266,1.7179727020810263,2.0,-0.21208792311885805,0.3633518782649158,-2.0,-1.0,-2.0,0.0,315.0,93.75,0,0,-2.0,-2.0,-0.0,5750.0,0.0,0.0,3705.0,2045.0,-0.0,-0.0
1835,2019-06-19,18:50:45,155.25,155.34375,155.21875,155.34375,286,44416.0625,155.30091783216784,0.09375,0.0006036824813584474,155.23828769122326,155.0543875605753,0.18390013064797017,1.0000000000000013,0.0022460937500000003,-3.081285444234408,0.3153558785805946,0.002246093749999997,-1,1835,-0.8409893267439379,-0.21208792311885805,0.04739297152532216,38.80324966534583,20.0,0.0,0.2727931097101266,1.7179727020810263,2.0,0.033585616605936945,0.245673539724795,-2.0,-1.0,-2.0,0.0,315.0,187.5,0,0,-2.0,-2.0,-187.5,5562.5,0.0,0.0,3705.0,1857.5,-187.5,-0.0
1836,2019-06-19,18:51:44,155.34375,155.375,155.3125,155.375,286,44425.75,155.3347902097902,0.03125,0.00020114653592884224,155.26866820428478,155.06425255871144,0.20441564557333436,1.0000000000000033,0.0014648437500000002,2.0000000000000058,1.3608276348795423,0.0014648437499999957,-1,1836,-0.682959245431053,0.033585616605936945,0.0382732772309871,53.40949622360371,20.0,0.0,0.2727931097101266,1.7179727020810263,2.0,0.9998711270025559,0.9662855103966189,-2.0,-1.0,-2.0,0.0,315.0,218.75,0,0,-2.0,-2.0,-62.5,5500.0,0.0,0.0,3705.0,1795.0,-62.5,-62.5
1837,2019-06-19,18:52:33,155.375,155.4375,155.34375,155.375,286,44443.6875,155.39750874125875,0.0,0.0,155.2922974922215,155.07381401844341,0.21848347377809318,1.0000000000000022,0.0021484374999999997,0.8677685950413286,0.5516180692881066,0.002148437499999995,0,1837,0.7183675128005077,0.9998711270025559,0.04635124054434784,47.13648895093822,20.0,0.0,0.2727931097101266,1.7179727020810263,2.0,0.7714736968452157,-0.22839743015734015,2.0,-1.0,-2.0,0.0,315.0,218.75,0,0,2.0,-2.0,-0.0,5500.0,0.0,4.0,3715.0,1785.0,-10.0,-10.0
1838,2019-06-19,18:53:55,155.375,155.40625,155.3125,155.40625,286,44434.9375,155.36691433566435,0.03125,0.00020110608413670406,155.31762027172786,155.08404281787594,0.23357745385192175,1.0000000000000047,0.00126953125,-0.1775147928994123,-0.4047960089109363,0.0012695312499999942,-1,1838,0.9954189030360148,0.7714736968452157,0.03563048203434798,65.55551328964671,20.0,0.0,0.2727931097101266,1.7179727020810263,2.0,0.3989746434836595,-0.3724990533615562,-2.0,-1.0,2.0,1.0,316.0,31.25,0,0,-2.0,2.0,62.5,5562.5,0.0,4.0,3725.0,1837.5,52.5,52.5
1839,2019-06-19,18:56:10,155.40625,155.4375,155.375,155.375,286,44446.875,155.40865384615384,-0.03125,-0.00020110608413670406,155.33037132245502,155.0929953465567,0.23737597589831694,1.0000000000000029,0.0016601562499999997,-1.4878892733564004,-0.5413870509510853,0.0016601562499999948,0,1839,0.9305076950750839,0.3989746434836595,0.04074501503251649,58.25890006639571,20.0,0.0,0.2727931097101266,1.7179727020810263,2.0,0.10039669001369582,-0.2985779534699637,2.0,1.0,-2.0,1.0,317.0,-31.25,0,0,2.0,-2.0,62.5,5625.0,0.0,4.0,3735.0,1890.0,52.5,52.5
1840,2019-06-19,18:57:43,155.375,155.46875,155.375,155.4375,285,44298.875,155.43464912280703,0.0625,0.0004021717327482577,155.3541776952428,155.10359548973958,0.2505822055032354,1.0000000000000029,0.0016601562499999997,-1.4878892733564004,-0.5413870509510853,0.0016601562499999948,-1,1840,0.7745252962756114,0.10039669001369582,0.04074501503251649,61.50008910372439,20.0,0.0,0.2727931097101266,1.7179727020810263,2.0,-0.3082165993863635,-0.4086132894000593,2.0,1.0,2.0,1.0,318.0,62.5,0,0,2.0,2.0,125.0,5750.0,0.0,0.0,3735.0,2015.0,125.0,125.0
1841,2019-06-19,18:58:21,155.4375,155.53125,155.4375,155.5,286,44469.71875,155.4885270979021,0.0625,0.0004020100556649808,155.38658265185555,155.11579255159376,0.2707901002617916,1.0000000000000016,0.0060546875,0.3173777315296557,-0.9198156830980229,0.0060546874999999915,-1,1841,0.45474009432545026,-0.3082165993863635,0.07781187248742952,34.80061481691469,20.0,0.0,0.2727931097101266,1.7179727020810263,2.0,-0.5401670860901939,-0.23195048670383045,2.0,1.0,2.0,0.0,318.0,125.0,0,0,2.0,2.0,125.0,5875.0,0.0,0.0,3735.0,2140.0,125.0,125.0
1842,2019-06-19,18:59:30,155.5,155.53125,155.46875,155.5,286,44477.9375,155.51726398601397,0.0,0.0,155.4117865069988,155.12761431923704,0.28417218776175446,1.0000000000000009,0.006640624999999999,2.6643598615916986,-1.7143923280117699,0.006640624999999994,0,1842,0.21311541270378342,-0.5401670860901939,0.08149003006503307,34.87201901078832,20.0,0.0,0.2727931097101266,1.7179727020810263,2.0,-0.7334263533084859,-0.193259267218292,2.0,1.0,2.0,0.0,318.0,125.0,0,0,2.0,2.0,0.0,5875.0,0.0,0.0,3735.0,2140.0,0.0,125.0
1843,2019-06-19,18:59:51,155.5,155.53125,155.34375,155.375,285,44304.875,155.45570175438596,-0.125,-0.0008041817884132385,155.40361172766572,155.13522618633746,0.2683855413282572,1.0000000000000016,0.0060546875,0.3173777315296557,-0.9198156830980229,0.0060546874999999915,0,1843,-0.037941535122712686,-0.7334263533084859,0.07781187248742952,34.49159270285069,20.0,0.0,0.2727931097101266,1.7179727020810263,2.0,-0.9172215116252489,-0.18379515831676296,2.0,1.0,2.0,0.0,318.0,0.0,0,0,2.0,2.0,-250.0,5625.0,0.0,0.0,3735.0,1890.0,-250.0,0.0
1844,2019-06-19,19:00:20,155.375,155.46875,155.34375,155.4375,286,44447.5,155.41083916083917,0.0625,0.0004021717327482577,155.41114245485113,155.14452691906556,0.26661553578557573,1.000000000000002,0.00458984375,1.4350384789497508,-0.4220089568642765,0.00458984374999999,-1,1844,-0.36687806033059545,-0.9172215116252489,0.06774838558962118,39.35378436920574,20.0,0.0,0.2727931097101266,1.7179727020810263,2.0,-0.9762280598428505,-0.05900654821760165,2.0,1.0,2.0,0.0,318.0,62.5,0,0,2.0,2.0,125.0,5750.0,0.0,0.0,3735.0,2015.0,125.0,125.0
1845,2019-06-19,19:02:07,155.4375,155.4375,155.375,155.40625,286,44451.03125,155.4231861888112,-0.03125,-0.00020106564861155363,155.410055242662,155.15257993694047,0.25747530572152755,1.0000000000000024,0.00458984375,1.4350384789497497,0.4220089568642772,0.004589843749999989,0,1845,-0.5370350017128528,-0.9762280598428505,0.06774838558962117,38.00464077198202,20.0,0.0,0.2727931097101266,1.7179727020810263,2.0,-0.9939890384869537,-0.017760978644103198,2.0,1.0,2.0,0.0,318.0,31.25,0,0,2.0,2.0,-62.5,5687.5,0.0,0.0,3735.0,1952.5,-62.5,125.0
1846,2019-06-19,19:04:05,155.40625,155.46875,155.375,155.375,286,44449.5,155.41783216783216,-0.03125,-0.00020110608413670406,155.40226518873712,155.15942363118847,0.242841557548644,1.0000000000000038,0.00224609375,1.4555765595463157,1.118079933149378,0.002246093749999991,0,1846,-0.6254425943610313,-0.9939890384869537,0.0473929715253221,51.23999397651055,20.0,0.0,0.2727931097101266,1.7179727020810263,2.0,-0.9955223567155559,-0.001533318228602143,2.0,1.0,2.0,0.0,318.0,0.0,0,0,2.0,2.0,-62.5,5625.0,0.0,0.0,3735.0,1890.0,-62.5,-62.5
1847,2019-06-19,19:06:45,155.375,155.40625,155.3125,155.3125,286,44433.4375,155.36166958041957,-0.0625,-0.00040233353992746856,155.38231736901776,155.16413367330577,0.2181836957119856,1.0000000000000218,0.0004882812499999999,1.9999999999999691,-2.6168207644729593e-15,0.0004882812499999894,0,1847,-0.7707808564114672,-0.9955223567155559,0.02209708691207937,98.73866930066492,20.0,0.0,0.2727931097101266,1.7179727020810263,2.0,-0.9709651993342958,0.024557157381260075,2.0,1.0,2.0,0.0,318.0,-62.5,0,0,2.0,2.0,-125.0,5500.0,0.0,0.0,3735.0,1765.0,-125.0,-62.5
1848,2019-06-19,19:08:22,155.3125,155.3125,155.28125,155.3125,286,44419.1875,155.3118444055944,0.0,0.0,155.36680239812492,155.16869879105022,0.19810360707469954,1.0000000000000142,0.0006835937499999997,-0.6122448979591795,-0.5122408325718838,0.0006835937499999901,0,1848,-0.8557307126288579,-0.9709651993342958,0.02614562582918967,75.76931161216704,20.0,0.0,0.2727931097101266,1.7179727020810263,2.0,-0.8766208860726719,0.09434431326162396,2.0,1.0,2.0,0.0,318.0,-62.5,0,0,2.0,2.0,0.0,5500.0,0.0,0.0,3735.0,1765.0,0.0,0.0
1849,2019-06-19,19:11:59,155.3125,155.3125,155.25,155.28125,286,44408.125,155.27316433566435,-0.03125,-0.0002012274883540499,155.34779075409716,155.17216190517178,0.17562884892538477,1.0000000000000142,0.0006835937499999997,-0.6122448979591795,-0.5122408325718838,0.0006835937499999901,0,1849,-0.9601114114855394,-0.8766208860726719,0.02614562582918967,67.17331995522864,20.0,0.0,0.2727931097101266,1.7179727020810263,2.0,-0.7883442599148182,0.0882766261578537,-2.0,1.0,2.0,0.0,318.0,-93.75,0,0,-2.0,2.0,-62.5,5437.5,0.0,4.0,3745.0,1692.5,-72.5,0.0
1850,2019-06-19,19:13:50,155.28125,155.34375,155.25,155.28125,286,44413.125,155.29064685314685,0.0,0.0,155.33300391985335,155.17551846193572,0.15748545791763036,1.0000000000000289,0.00029296875,-3.3333333333333304,-0.6085806194501845,0.0002929687499999915,0,1850,-0.9924799658943043,-0.7883442599148182,0.017116329922036193,92.00889363255249,20.0,0.0,0.2727931097101266,1.7179727020810263,2.0,-0.6843772375668045,0.1039670223480137,-2.0,-1.0,-2.0,1.0,319.0,0.0,0,0,-2.0,-2.0,-0.0,5437.5,0.0,0.0,3745.0,1692.5,-0.0,-0.0
1851,2019-06-19,19:15:33,155.28125,155.3125,155.25,155.25,286,44408.5625,155.27469405594405,-0.03125,-0.00020126798900577114,155.3145586043304,155.1778102015685,0.1367484027618957,1.0000000000000022,0.00263671875,3.251028806584363,1.7355817665801556,0.0026367187499999937,0,1851,-0.9994992145238539,-0.6843772375668045,0.051348989766109264,26.63117685173053,20.0,0.0,0.2727931097101266,1.7179727020810263,2.0,-0.4169023136476149,0.2674749239191896,-2.0,-1.0,-2.0,0.0,319.0,-31.25,0,0,-2.0,-2.0,62.5,5500.0,0.0,0.0,3745.0,1755.0,62.5,62.5
1852,2019-06-19,19:18:36,155.25,155.28125,155.21875,155.25,286,44401.625,155.25043706293707,0.0,0.0,155.30021224781254,155.18003142613563,0.12018082167691091,1.000000000000001,0.00341796875,-2.897959183673469,0.3818017741606066,0.0034179687499999965,0,1852,-0.9375200791663627,-0.4169023136476149,0.058463396668342806,20.556592419473176,20.0,0.0,0.2727931097101266,1.7179727020810263,2.0,-0.2794483184864968,0.13745399516111806,-2.0,-1.0,-2.0,0.0,319.0,-31.25,0,0,-2.0,-2.0,-0.0,5500.0,0.0,0.0,3745.0,1755.0,-0.0,62.5
1853,2019-06-19,19:23:04,155.28125,155.375,155.28125,155.34375,286,44423.90625,155.32834353146853,0.09375,0.0006036824813584474,155.30988730385423,155.18506892071608,0.12481838313814819,1.0000000000000007,0.005175781249999999,-2.7162691349234627,0.19669686464742817,0.0051757812499999955,-1,1853,-0.8765359678360306,-0.2794483184864968,0.07194290270763333,17.34964512696881,17.34964512696881,0.0,0.2727931097101266,1.428369314139191,2.0,0.09913750472881558,0.3785858232153124,-2.0,-1.0,-2.0,0.0,319.0,62.5,0,0,-2.0,-2.0,-187.5,5312.5,0.0,0.0,3745.0,1567.5,-187.5,-0.0
1854,2019-06-19,19:27:48,155.375,155.4375,155.34375,155.4375,286,44439.15625,155.3816652097902,0.09375,0.0006033182686770999,155.33824568077554,155.1928360308479,0.14540964992764316,1.0000000000000004,0.00458984375,-0.7378904481665955,-0.9127170462413433,0.004589843749999998,-1,1854,-0.6335225900002501,0.09913750472881558,0.06774838558962124,21.463190401088955,20.0,0.0,0.2727931097101266,1.7179727020810263,2.0,0.48212674949044865,0.3829892447616331,-2.0,-1.0,-2.0,0.0,319.0,156.25,0,0,-2.0,-2.0,-187.5,5125.0,0.0,0.0,3745.0,1380.0,-187.5,-187.5
1855,2019-06-19,19:32:53,155.4375,155.4375,155.34375,155.375,285,44290.53125,155.40537280701756,-0.0625,-0.0004021717327482577,155.34641330726987,155.1984410760526,0.14797223121726688,1.0000000000000007,0.006542968749999999,-3.2145243929605685,-0.5016571985664501,0.006542968749999996,0,1855,-0.2785822012057571,0.48212674949044865,0.08088861940965487,18.293331286552394,18.293331286552394,0.0,0.2727931097101266,1.5314855842470732,2.0,0.7928288082689177,0.310702058778469,-2.0,-1.0,-2.0,0.0,319.0,93.75,0,0,-2.0,-2.0,125.0,5250.0,0.0,0.0,3745.0,1505.0,125.0,125.0
1856,2019-06-19,19:40:16,155.375,155.46875,155.375,155.4375,286,44449.71875,155.41859702797203,0.0625,0.0004021717327482577,155.36665479454325,155.205796735251,0.16085805929225216,1.000000000000001,0.005078125,-2.5073964497041423,0.2276977550124017,0.005078124999999994,-1,1856,0.12967235627956072,0.7928288082689177,0.07126096406869609,22.573096139589666,20.0,0.0,0.2727931097101266,1.7179727020810263,2.0,0.9595583238591063,0.16672951559018867,-2.0,-1.0,-2.0,0.0,319.0,156.25,0,0,-2.0,-2.0,-125.0,5125.0,0.0,0.0,3745.0,1380.0,-125.0,125.0
1857,2019-06-19,19:43:19,155.4375,155.4375,155.375,155.375,286,44448.0625,155.41280594405595,-0.0625,-0.0004021717327482577,155.36850928464477,155.211002989551,0.157506295093782,1.0000000000000018,0.005078125,-0.1775147928994123,0.4047960089109363,0.00507812499999999,0,1857,0.4794526393443147,0.9595583238591063,0.07126096406869606,22.102745472534565,20.0,0.0,0.2727931097101266,1.7179727020810263,2.0,0.9993398147582115,0.03978149089910521,-2.0,-1.0,-2.0,0.0,319.0,93.75,0,0,-2.0,-2.0,125.0,5250.0,0.0,0.0,3745.0,1505.0,125.0,125.0
1858,2019-06-19,19:49:46,155.375,155.40625,155.3125,155.375,286,44428.5,155.3444055944056,0.0,0.0,155.36995166583483,155.21604905141098,0.15390261442385622,1.0000000000000018,0.005078125,-0.17751479289940755,-0.4047960089109363,0.005078124999999991,0,1858,0.7323297888315562,0.9993398147582115,0.07126096406869606,21.59704354764174,20.0,0.0,0.2727931097101266,1.7179727020810263,2.0,0.9531877365336612,-0.046152078224550364,2.0,-1.0,-2.0,0.0,319.0,93.75,0,0,2.0,-2.0,-0.0,5250.0,0.0,4.0,3755.0,1495.0,-10.0,125.0
1859,2019-06-19,19:56:23,155.375,155.375,155.25,155.25,286,44415.625,155.2993881118881,-0.125,-0.0008048290172872896,155.34329574009377,155.21709369598295,0.12620204411081204,1.0000000000000027,0.00390625,-0.1874999999999988,-0.9374999999999997,0.00390624999999999,0,1859,0.8878198463334587,0.9531877365336612,0.06249999999999992,20.192327057729955,20.0,0.0,0.2727931097101266,1.7179727020810263,2.0,0.8591725054875659,-0.09401523104609533,2.0,-1.0,2.0,1.0,320.0,-125.0,0,0,2.0,2.0,-250.0,5000.0,0.0,0.0,3755.0,1245.0,-250.0,-10.0
1860,2019-06-19,19:59:50,155.25,155.3125,155.21875,155.25,286,44404.28125,155.25972465034965,0.0,0.0,155.32256335340628,155.21810619764503,0.1044571557612528,1.0000000000000027,0.00390625,-0.1874999999999988,-0.9374999999999997,0.00390624999999999,0,1860,0.9693433751394742,0.8591725054875659,0.06249999999999992,16.71314492180047,16.71314492180047,0.0,0.2727931097101266,1.3588191502278941,2.0,0.7231606220070564,-0.1360118834805094,-2.0,-1.0,2.0,0.0,320.0,-125.0,0,0,-2.0,2.0,0.0,5000.0,0.0,4.0,3765.0,1235.0,-10.0,-10.0
1861,2019-06-19,20:05:29,155.25,155.3125,155.25,155.28125,286,44410.75,155.28234265734267,0.03125,0.00020126798900577114,155.3133826082049,155.22004908387134,0.09333352433355913,1.0000000000000004,0.01123046875,0.48771266540642816,0.5769467849539455,0.011230468749999993,-1,1861,0.9997362157718949,0.7231606220070564,0.10597390598633229,8.807217537645219,8.807217537645219,0.0,0.2727931097101266,0.49494111692327775,1.0,-0.07852486296770668,-0.8016854849747631,2.0,1.0,-2.0,1.0,321.0,31.25,0,0,2.0,-2.0,-62.5,4937.5,-1.0,4.0,3775.0,1162.5,-72.5,-10.0
1862,2019-06-19,20:15:44,155.28125,155.3125,155.21875,155.21875,286,44402.5,155.2534965034965,-0.0625,-0.0004025764949702193,155.29235313971495,155.22000911205996,0.07234402765499226,1.0000000000000004,0.00634765625,1.9999999999999976,0.9051513929454645,0.0063476562499999965,0,1862,0.6493978823449462,-0.07852486296770668,0.07967217989988724,9.080211906577272,9.080211906577272,0.0,0.2727931097101266,0.5247711200433299,1.0,-0.934797270826159,-0.8562724078584524,1.0,1.0,2.0,1.0,322.0,-62.5,0,0,1.0,2.0,-125.0,4812.5,0.0,1.0,3777.5,1035.0,-127.5,-72.5
1863,2019-06-19,20:31:47,155.21875,155.375,155.21875,155.375,286,44422.75,155.3243006993007,0.15625,0.0010061375232517378,155.3107191086672,155.2247780624581,0.08594104620908638,1.0000000000000007,0.008105468749999999,0.4601538684859925,0.8740356512688569,0.008105468749999995,-1,1863,-0.4098500782742949,-0.934797270826159,0.09003037681804955,9.545783239669465,9.545783239669465,0.0,0.2727931097101266,0.5756439434391986,1.0,-0.8347306388219605,0.10006663200419852,1.0,1.0,1.0,0.0,322.0,93.75,0,0,1.0,1.0,156.25,4968.75,0.0,0.0,3777.5,1191.25,156.25,156.25
1864,2019-06-19,20:48:54,155.375,155.4375,155.34375,155.40625,286,44438.59375,155.3796984265734,0.03125,0.00020110608413670406,155.33194819563005,155.23036181438252,0.10158638124752883,1.0000000000000007,0.00927734375,1.3351800554016637,1.451454820643665,0.009277343749999993,-1,1864,-0.9796180398692628,-0.8347306388219605,0.09631896879639022,10.546871765443571,10.546871765443571,0.0,0.2727931097101266,0.6850325508456854,1.0,-0.5832248925819299,0.25150574624003064,-1.0,1.0,1.0,0.0,322.0,125.0,0,0,-1.0,1.0,31.25,5000.0,0.0,2.0,3782.5,1217.5,26.25,156.25
1865,2019-06-19,22:14:47,155.40625,155.46875,155.28125,155.34375,286,44442.4375,155.3931381118881,-0.0625,-0.0004022526200655463,155.33457081882338,155.2338506816323,0.10072013719107531,1.0000000000000009,0.00849609375,1.5814506539833542,1.4301684243036634,0.008496093749999994,0,1865,-0.986792703246561,-0.5832248925819299,0.09217425752345387,10.927143857431878,10.927143857431878,0.0,0.2727931097101266,0.7265847547788855,1.0,-0.00320908077329657,0.5800158118086333,-1.0,-1.0,-1.0,1.0,323.0,-62.5,0,0,-1.0,-1.0,62.5,5062.5,0.0,0.0,3782.5,1280.0,62.5,62.5
1866,2019-06-19,22:49:16,155.34375,155.4375,155.28125,155.28125,286,44438.875,155.3806818181818,-0.0625,-0.00040241449235267623,155.32272174797376,155.23530912219746,0.08741262577629527,1.0000000000000073,0.0014648437500000002,2.0000000000000013,1.3608276348795436,0.0014648437499999896,0,1866,-0.7093723029900287,-0.00320908077329657,0.03827327723098702,22.83907522440325,20.0,0.0,0.2727931097101266,1.7179727020810263,2.0,0.37608040651099095,0.3792894872842875,-1.0,-1.0,-1.0,0.0,323.0,-125.0,0,0,-1.0,-1.0,62.5,5125.0,1.0,0.0,3782.5,1342.5,62.5,62.5
1867,2019-06-19,23:22:39,155.28125,155.34375,155.25,155.25,286,44408.28125,155.27371066433565,-0.03125,-0.00020126798900577114,155.30656135953515,155.2357611492068,0.07080021032834338,1.0000000000000004,0.02177734375,4.77729292766796,2.1736444073829095,0.021777343749999994,0,1867,-0.38926696795917554,0.37608040651099095,0.1475714869139699,4.797689025768098,4.797689025768098,0.0,0.2727931097101266,0.0568212813855658,0.0,0.9197593405188745,0.5436789340078836,-2.0,-1.0,-1.0,0.0,323.0,-156.25,0,0,-2.0,-1.0,31.25,5156.25,-2.0,1.0,3785.0,1371.25,28.75,62.5
1868,2019-06-19,23:49:45,155.25,155.3125,155.21875,155.21875,286,44404.34375,155.2599431818182,-0.03125,-0.00020130850596444816,155.2870477240829,155.23523772923122,0.051809994851680585,1.0,0.03828125,-2.967383381924194,0.646618053989097,0.03828125,0,1868,0.37284081084640336,0.9197593405188745,0.1956559480312316,2.648015323480501,2.648015323480501,0.0,0.2727931097101266,-0.17807284297746595,0.0,0.9182570321564655,-0.001502308362409055,0.0,-1.0,-2.0,0.0,323.0,-187.5,0,0,0.0,-2.0,62.5,5218.75,0.0,2.0,3790.0,1428.75,57.5,57.5
1869,2019-06-20,00:01:24,155.21875,155.53125,155.21875,155.5,286,44441.21875,155.38887674825176,0.28125,0.0018103193116649763,155.3343704520645,155.24338426063952,0.09098619142497455,1.0,0.03828125,-2.967383381924194,0.646618053989097,0.03828125,-1,1869,0.9293093661577464,0.9182570321564655,0.1956559480312316,4.650315635201178,4.650315635201178,0.0,0.2727931097101266,0.04071784043320659,0.0,0.5620952673096532,-0.3561617648468123,-0.0,-1.0,0.0,0.0,323.0,93.75,0,0,-0.0,0.0,0.0,5218.75,0.0,0.0,3790.0,1428.75,0.0,57.5
1870,2019-06-20,00:03:45,155.5,155.84375,155.5,155.84375,285,44362.0,155.6561403508772,0.34375,0.0022081711271075832,155.4475659071613,155.26185705261986,0.1857088545414456,1.0,0.0349609375,-2.805624044193376,0.5294055801027714,0.034960937500000004,-1,1870,0.982289944286231,0.5620952673096532,0.1869784412706449,9.932099833511735,9.932099833511735,0.0,0.2727931097101266,0.6178566280624154,1.0,0.2364065094070787,-0.3256887579025745,0.0,1.0,-0.0,0.0,323.0,437.5,0,0,0.0,-0.0,-0.0,5218.75,1.0,0.0,3790.0,1428.75,-0.0,-0.0
1871,2019-06-20,00:05:01,155.8125,155.875,155.78125,155.78125,285,44409.6875,155.8234649122807,-0.0625,-0.00040112315018436817,155.52171792779214,155.27783837407773,0.2438795537144074,0.9999999999999998,0.028613281250000004,-2.003867255297095,0.03404805668311156,0.028613281250000008,0,1871,0.8542279480638152,0.2364065094070787,0.1691546075340545,14.4175531053926,14.4175531053926,0.0,0.2727931097101266,1.1079806024816705,1.0,-0.09276665950236186,-0.32917316890944054,1.0,1.0,0.0,0.0,323.0,375.0,0,0,1.0,0.0,-0.0,5218.75,0.0,1.0,3792.5,1426.25,-2.5,-0.0
1872,2019-06-20,00:07:16,155.78125,155.8125,155.6875,155.8125,285,44389.6875,155.75328947368422,0.03125,0.00020058168756520445,155.5863361660606,155.2942895010292,0.29204666503139265,1.0,0.03095703125,0.7719252853546171,1.0992845133946454,0.03095703125,-1,1872,0.638461715230067,-0.09276665950236186,0.1759461032532406,16.598643540917053,16.598643540917053,0.0,0.2727931097101266,1.3463076227470734,2.0,-0.24825023253102468,-0.15548357302866284,1.0,1.0,1.0,1.0,324.0,31.25,0,0,1.0,1.0,31.25,5250.0,1.0,0.0,3792.5,1457.5,31.25,31.25
1873,2019-06-20,00:08:52,155.8125,155.96875,155.8125,155.9375,285,44435.125,155.9127192982456,0.125,0.000801924662060749,155.6643725736027,155.31408059330522,0.3502919802974702,1.0000000000000007,0.009082031249999999,-2.500867152271938,-0.16219348626914942,0.009082031249999994,-1,1873,0.5094320444527675,-0.24825023253102468,0.09529969176235563,36.756884919520715,20.0,0.0,0.2727931097101266,1.7179727020810263,2.0,-0.3948313908605257,-0.14658115832950103,2.0,1.0,1.0,0.0,324.0,156.25,0,0,2.0,1.0,125.0,5375.0,0.0,1.0,3795.0,1580.0,122.5,122.5
1874,2019-06-20,00:13:18,155.9375,155.9375,155.8125,155.84375,285,44420.5625,155.86162280701754,-0.09375,-0.0006013831994415852,155.70423422391323,155.33037811351124,0.37385611040198796,1.0000000000000004,0.007031249999999999,1.238425925925925,-0.9989840732811559,0.007031249999999996,0,1874,0.3704689450797161,-0.3948313908605257,0.08385254915624209,44.584942755333955,20.0,0.0,0.2727931097101266,1.7179727020810263,2.0,-0.4913506491509799,-0.09651925829045421,2.0,1.0,2.0,0.0,324.0,62.5,0,0,2.0,2.0,-187.5,5187.5,0.0,0.0,3795.0,1392.5,-187.5,122.5
1875,2019-06-20,00:15:58,155.84375,155.96875,155.84375,155.9375,285,44433.75,155.9078947368421,0.09375,0.0006013831994415852,155.75607106304366,155.34905878694167,0.40701227610199453,1.0000000000000007,0.00712890625,2.021017076374553,-1.3385038869326553,0.007128906249999996,-1,1875,0.2684256524769469,-0.4913506491509799,0.08443285053816432,48.205440596610174,20.0,0.0,0.2727931097101266,1.7179727020810263,2.0,-0.5621200991533701,-0.07076945000239021,2.0,1.0,2.0,0.0,324.0,156.25,0,0,2.0,2.0,187.5,5375.0,0.0,0.0,3795.0,1580.0,187.5,187.5
1876,2019-06-20,00:21:27,155.9375,155.96875,155.875,155.96875,285,44434.6875,155.91118421052633,0.03125,0.00020038072404471308,155.80333304903397,155.36812620888196,0.4352068401520057,1.000000000000001,0.005078125,2.818047337278107,-1.4926852828590789,0.005078124999999994,-1,1876,0.18733770146734052,-0.5621200991533701,0.07126096406869609,61.07226387401427,20.0,0.0,0.2727931097101266,1.7179727020810263,2.0,-0.612331155444797,-0.05021105629142686,2.0,1.0,2.0,0.0,324.0,187.5,0,0,2.0,2.0,62.5,5437.5,0.0,0.0,3795.0,1642.5,62.5,187.5
1877,2019-06-20,00:27:40,155.96875,156.0625,155.9375,156.03125,285,44459.15625,155.9970394736842,0.0625,0.0004006410310006814,155.85398126035977,155.38853001783946,0.46545124252031655,1.000000000000004,0.0006835937499999995,-0.612244897959202,0.5122408325718871,0.0006835937499999967,-1,1877,0.12605609093351225,-0.612331155444797,0.0261456258291898,178.02260521936796,20.0,0.0,0.2727931097101266,1.7179727020810263,2.0,-0.6575191728306939,-0.04518801738589695,2.0,1.0,2.0,0.0,324.0,250.0,0,0,2.0,2.0,125.0,5562.5,0.0,0.0,3795.0,1767.5,125.0,125.0
1878,2019-06-20,00:31:30,156.03125,156.09375,156.03125,156.0625,284,44322.6875,156.06580105633802,0.03125,0.00020026033910891528,155.90031875805764,155.4092675557521,0.49105120230552757,1.000000000000004,0.0014648437500000002,2.0000000000000013,-1.3608276348795436,0.0014648437499999946,-1,1878,0.06782472057828384,-0.6575191728306939,0.038273277230987085,128.3013208777322,20.0,0.0,0.2727931097101266,1.7179727020810263,2.0,-0.6987647103108305,-0.041245537480136596,2.0,1.0,2.0,0.0,324.0,281.25,0,0,2.0,2.0,62.5,5625.0,0.0,0.0,3795.0,1830.0,62.5,125.0
1879,2019-06-20,00:35:29,156.0625,156.15625,156.0625,156.125,285,44495.75,156.12543859649122,0.0625,0.0004004004057494015,155.95024792293373,155.43129009249822,0.5189578304355109,1.000000000000002,0.0022460937500000003,1.4555765595463086,-1.1180799331493776,0.0022460937499999955,-1,1879,0.011728686363234462,-0.6987647103108305,0.047392971525322146,109.50101116960579,20.0,0.0,0.2727931097101266,1.7179727020810263,2.0,-0.7677469482218963,-0.06898223791106572,2.0,1.0,2.0,0.0,324.0,343.75,0,0,2.0,2.0,125.0,5750.0,0.0,0.0,3795.0,1955.0,125.0,125.0
1880,2019-06-20,00:41:49,156.125,156.15625,156.03125,156.09375,284,44329.625,156.09022887323943,-0.03125,-0.00020018016281397877,155.9821372733929,155.45167347426752,0.5304637991253855,1.0000000000000024,0.0021484375,0.867768595041318,-0.5516180692881069,0.002148437499999995,0,1880,-0.08979816250463356,-0.7677469482218963,0.04635124054434784,114.44435853186056,20.0,0.0,0.2727931097101266,1.7179727020810263,2.0,-0.8159958069557791,-0.04824885873388285,2.0,1.0,2.0,0.0,324.0,312.5,0,0,2.0,2.0,-62.5,5687.5,0.0,0.0,3795.0,1892.5,-62.5,125.0
1881,2019-06-20,00:51:42,156.09375,156.21875,156.03125,156.1875,285,44492.1875,156.11293859649123,0.09375,0.0006004203122440543,156.02777343486116,155.4743142904439,0.5534591444172463,1.000000000000002,0.0022460937500000003,1.4555765595463086,-1.1180799331493776,0.0022460937499999955,-1,1881,-0.16824756422055015,-0.8159958069557791,0.047392971525322146,116.78084884834286,20.0,0.0,0.2727931097101266,1.7179727020810263,2.0,-0.8300596685232408,-0.014063861567461644,2.0,1.0,2.0,0.0,324.0,406.25,0,0,2.0,2.0,187.5,5875.0,0.0,0.0,3795.0,2080.0,187.5,187.5
1882,2019-06-20,00:56:09,156.15625,156.28125,156.125,156.21875,284,44363.21875,156.20851672535213,0.03125,0.00020006001867223233,156.0702126715587,155.49722000458414,0.5729926669745566,1.0000000000000024,0.00244140625,-1.1999999999999993,0.0,0.0024414062499999944,-1,1882,-0.19260533715790568,-0.8300596685232408,0.04941058844013087,115.96556225369233,20.0,0.0,0.2727931097101266,1.7179727020810263,2.0,-0.8373552228020651,-0.007295554278824334,2.0,1.0,2.0,0.0,324.0,437.5,0,0,2.0,2.0,62.5,5937.5,0.0,0.0,3795.0,2142.5,62.5,187.5
1883,2019-06-20,01:03:20,156.21875,156.3125,156.15625,156.28125,284,44377.53125,156.25891285211267,0.0625,0.00040000000533346736,156.11710985565676,155.5213440044431,0.5957658512136561,1.0000000000000029,0.0016601562499999997,-1.4878892733564086,0.5413870509510866,0.001660156249999995,-1,1883,-0.20555316138867133,-0.8373552228020651,0.04074501503251649,146.2180958181525,20.0,0.0,0.2727931097101266,1.7179727020810263,2.0,-0.8414017096948867,-0.00404648689282161,2.0,1.0,2.0,0.0,324.0,500.0,0,0,2.0,2.0,125.0,6062.5,0.0,0.0,3795.0,2267.5,125.0,125.0
1884,2019-06-20,01:10:23,156.28125,156.34375,156.25,156.28125,284,44381.75,156.2737676056338,0.0,0.0,156.15358544328862,155.54472572738334,0.6088597159052824,1.0000000000000002,0.006054687499999999,2.814776274713845,1.671214410135846,0.006054687499999997,0,1884,-0.21283315154712532,-0.8414017096948867,0.07781187248742956,78.24766278483315,20.0,0.0,0.2727931097101266,1.7179727020810263,2.0,-0.8269420969332739,0.014459612761612783,2.0,1.0,2.0,0.0,324.0,500.0,0,0,2.0,2.0,0.0,6062.5,0.0,0.0,3795.0,2267.5,0.0,125.0
1885,2019-06-20,01:20:20,156.28125,156.3125,156.1875,156.28125,285,44533.53125,156.2580043859649,0.0,0.0,156.18195534478005,155.56738801269464,0.6145673320854144,1.0000000000000007,0.007617187499999999,2.0414201183431984,1.4964964675439445,0.0076171874999999955,0,1885,-0.18713935212797675,-0.8269420969332739,0.08727650027355585,70.4161292168155,20.0,0.0,0.2727931097101266,1.7179727020810263,2.0,-0.8027364337283209,0.024205663204952987,2.0,1.0,2.0,0.0,324.0,500.0,0,0,2.0,2.0,0.0,6062.5,0.0,0.0,3795.0,2267.5,0.0,0.0
1886,2019-06-20,01:25:07,156.28125,156.5,156.28125,156.46875,284,44403.0,156.34859154929578,0.1875,0.0011990409110413935,156.2456874903845,155.59512222768865,0.6505652626958636,1.0000000000000009,0.0078125,4.578124999999997,2.099223256647563,0.007812499999999995,-1,1886,-0.14594857334345315,-0.8027364337283209,0.0883883476483184,73.60305741706448,20.0,0.0,0.2727931097101266,1.7179727020810263,2.0,-0.7764763189270635,0.02626011480125745,2.0,1.0,2.0,0.0,324.0,687.5,0,0,2.0,2.0,375.0,6437.5,0.0,0.0,3795.0,2642.5,375.0,375.0
1887,2019-06-20,01:26:23,156.4375,156.53125,156.40625,156.4375,284,44436.25,156.4656690140845,-0.03125,-0.0001997403382256735,156.2883124925213,155.6210415437598,0.6672709487615123,1.0000000000000009,0.0078125,4.578124999999997,2.099223256647563,0.007812499999999995,0,1887,-0.10347085512141704,-0.7764763189270635,0.0883883476483184,75.49309004128749,20.0,0.0,0.2727931097101266,1.7179727020810263,2.0,-0.7153976921697399,0.06107862675732356,2.0,1.0,2.0,0.0,324.0,656.25,0,0,2.0,2.0,-62.5,6375.0,0.0,0.0,3795.0,2580.0,-62.5,375.0
1888,2019-06-20,01:32:58,156.4375,156.53125,156.40625,156.4375,284,44434.90625,156.4609375,0.0,0.0,156.32146527196102,155.64616334241336,0.6753019295476577,1.0000000000000009,0.00849609375,4.43519619500595,2.0770565944246666,0.008496093749999994,0,1888,-0.011794678395355347,-0.7153976921697399,0.09217425752345387,73.26361477615657,20.0,0.0,0.2727931097101266,1.7179727020810263,2.0,-0.6868962688654473,0.028501423304292617,2.0,1.0,2.0,0.0,324.0,656.25,0,0,2.0,2.0,0.0,6375.0,0.0,0.0,3795.0,2580.0,0.0,0.0
1889,2019-06-20,01:41:13,156.4375,156.53125,156.40625,156.4375,283,44280.9375,156.4697438162544,0.0,0.0,156.34725076708082,155.6705121626468,0.6767386044340356,1.0000000000000042,0.00263671875,3.2510288065843675,-1.7355817665801556,0.002636718749999989,0,1889,0.028184712701084608,-0.6868962688654473,0.051348989766109215,131.79199970954227,20.0,0.0,0.2727931097101266,1.7179727020810263,2.0,-0.6369223134452526,0.04997395542019467,2.0,1.0,2.0,0.0,324.0,656.25,0,0,2.0,2.0,0.0,6375.0,0.0,0.0,3795.0,2580.0,0.0,0.0
1890,2019-06-20,01:44:41,156.4375,156.46875,156.375,156.40625,284,44425.28125,156.42704665492957,-0.03125,-0.00019978024239808434,156.36036170772954,155.69315024994998,0.6672114577795583,1.000000000000003,0.00361328125,2.607742878013152,-1.5174736878455117,0.0036132812499999898,0,1890,0.09475632300839074,-0.6369223134452526,0.060110575192722865,110.99735040637783,20.0,0.0,0.2727931097101266,1.7179727020810263,2.0,-0.6614021495518217,-0.02447983610656912,2.0,1.0,2.0,0.0,324.0,625.0,0,0,2.0,2.0,-62.5,6312.5,0.0,0.0,3795.0,2517.5,-62.5,0.0
1891,2019-06-20,01:52:11,156.40625,156.40625,156.28125,156.28125,284,44404.625,156.3543133802817,-0.125,-0.0007995203304176357,156.3427813282341,155.7112456268746,0.6315357013595246,1.0000000000000018,0.005175781250000001,1.1285154859380562,-1.032658539398995,0.00517578124999999,0,1891,0.06267038905941345,-0.6614021495518217,0.0719429027076333,87.78290527503518,20.0,0.0,0.2727931097101266,1.7179727020810263,2.0,-0.6856353175160955,-0.024233167964273772,2.0,1.0,2.0,0.0,324.0,500.0,0,0,2.0,2.0,-250.0,6062.5,0.0,0.0,3795.0,2267.5,-250.0,-62.5
1892,2019-06-20,02:00:08,156.3125,156.34375,156.28125,156.3125,285,44551.09375,156.31962719298247,0.03125,0.00019994001866052713,156.3360521441821,155.72974576143233,0.6063063827497785,1.0000000000000016,0.00751953125,-2.703659976387248,-0.009360389222811008,0.007519531249999988,-1,1892,0.0299176034418401,-0.6856353175160955,0.08671523078444748,69.91924916361066,20.0,0.0,0.2727931097101266,1.7179727020810263,2.0,-0.7101019994832221,-0.024466681967126536,2.0,1.0,2.0,0.0,324.0,531.25,0,0,2.0,2.0,62.5,6125.0,0.0,0.0,3795.0,2330.0,62.5,62.5
1893,2019-06-20,02:14:02,156.3125,156.375,156.28125,156.375,284,44396.84375,156.32691461267606,0.0625,0.0003997601492375935,156.34470722325275,155.74959973800367,0.5951074852490876,1.0000000000000016,0.00751953125,-2.703659976387248,-0.009360389222811008,0.007519531249999988,-1,1893,-0.004244887914715685,-0.7101019994832221,0.08671523078444748,68.62779235730537,20.0,0.0,0.2727931097101266,1.7179727020810263,2.0,-0.7599484117943592,-0.04984641231113718,2.0,1.0,2.0,0.0,324.0,593.75,0,0,2.0,2.0,125.0,6250.0,0.0,0.0,3795.0,2455.0,125.0,125.0
1894,2019-06-20,02:28:25,156.375,156.40625,156.25,156.25,284,44395.625,156.3226232394366,-0.125,-0.0007996801705640877,156.32366117364106,155.76499666914202,0.5586645044990348,1.0000000000000016,0.00634765625,0.5798816568047324,-1.206868523927286,0.006347656249999991,0,1894,-0.07775701035473312,-0.7599484117943592,0.0796721798998872,70.12039901519323,20.0,0.0,0.2727931097101266,1.7179727020810263,2.0,-0.7837926126752155,-0.02384420088085626,2.0,1.0,2.0,0.0,324.0,468.75,0,0,2.0,2.0,-250.0,6000.0,0.0,0.0,3795.0,2205.0,-250.0,125.0
1895,2019-06-20,02:48:37,156.25,156.28125,156.21875,156.21875,284,44374.96875,156.24988996478874,-0.03125,-0.0002000200026675003,156.3003475794986,155.77895831009153,0.5213892694070807,1.0000000000000018,0.00615234375,-0.612244897959183,-0.5122408325718828,0.00615234374999999,0,1895,-0.1150957395404467,-0.7837926126752155,0.07843687748756951,66.47246628216546,20.0,0.0,0.2727931097101266,1.7179727020810263,2.0,-0.8066398280916814,-0.02284721541646595,2.0,1.0,2.0,0.0,324.0,437.5,0,0,2.0,2.0,-62.5,5937.5,0.0,0.0,3795.0,2142.5,-62.5,-62.5
1896,2019-06-20,03:11:26,156.21875,156.3125,156.21875,156.28125,284,44382.71875,156.2771786971831,0.0625,0.00040000000533346736,156.2961036729434,155.7944134390118,0.5016902339315834,1.0000000000000027,0.00439453125,2.0000000000000013,-3.876771502922902e-16,0.004394531249999989,-1,1896,-0.15244976386665235,-0.8066398280916814,0.06629126073623874,75.67969417985887,20.0,0.0,0.2727931097101266,1.7179727020810263,2.0,-0.8276216274058584,-0.020981799314176985,2.0,1.0,2.0,0.0,324.0,500.0,0,0,2.0,2.0,125.0,6062.5,0.0,0.0,3795.0,2267.5,125.0,125.0
1897,2019-06-20,03:25:54,156.28125,156.3125,156.21875,156.25,285,44537.90625,156.2733552631579,-0.03125,-0.00019998000266596705,156.28585841228931,155.80843148704224,0.4774269252470731,1.0000000000000047,0.001953125,-1.750000000000001,0.8838834764831844,0.0019531249999999913,0,1897,-0.18832743338365282,-0.8276216274058584,0.04419417382415912,108.02938123623971,20.0,0.0,0.2727931097101266,1.7179727020810263,2.0,-0.8479186218918747,-0.020296994486016295,2.0,1.0,2.0,0.0,324.0,468.75,0,0,2.0,2.0,-62.5,6000.0,0.0,0.0,3795.0,2205.0,-62.5,125.0
1898,2019-06-20,03:43:16,156.25,156.25,156.1875,156.21875,284,44365.8125,156.21764964788733,-0.03125,-0.0002000200026675003,156.27094543178058,155.82105667205636,0.4498887597242174,1.0000000000000047,0.001953125,-1.750000000000001,0.8838834764831844,0.0019531249999999913,0,1898,-0.22471302799066853,-0.8479186218918747,0.04419417382415912,101.79820568979204,20.0,0.0,0.2727931097101266,1.7179727020810263,2.0,-0.9060444478259202,-0.05812582593404547,2.0,1.0,2.0,0.0,324.0,437.5,0,0,2.0,2.0,-62.5,5937.5,0.0,0.0,3795.0,2142.5,-62.5,-62.5
1899,2019-06-20,04:18:50,156.21875,156.28125,156.1875,156.25,284,44372.21875,156.24020686619718,0.03125,0.0002000200026675003,156.2662908913849,155.8342549283008,0.43203596308410397,1.000000000000013,0.00078125,4.999999999999997,2.236067977499789,0.0007812499999999899,-1,1899,-0.34143493240556666,-0.9060444478259202,0.02795084971874719,154.56988514890438,20.0,0.0,0.2727931097101266,1.7179727020810263,2.0,-0.9510138327955076,-0.044969384969587356,2.0,1.0,2.0,0.0,324.0,468.75,0,0,2.0,2.0,62.5,6000.0,0.0,0.0,3795.0,2205.0,62.5,62.5
1900,2019-06-20,04:58:58,156.25,156.25,156.1875,156.21875,284,44365.09375,156.21511883802816,-0.03125,-0.0002000200026675003,156.25572624885493,155.84608554589155,0.4096407029633724,1.0000000000000078,0.001171875,-3.3333333333333326,0.6085806194501847,0.0011718749999999908,0,1900,-0.4538674497624345,-0.9510138327955076,0.03423265984407275,119.66370852550043,20.0,0.0,0.2727931097101266,1.7179727020810263,2.0,-0.9860567365976898,-0.035042903802182224,2.0,1.0,2.0,0.0,324.0,437.5,0,0,2.0,2.0,-62.5,5937.5,0.0,0.0,3795.0,2142.5,-62.5,62.5
1901,2019-06-20,05:11:01,156.21875,156.21875,156.15625,156.1875,285,44515.375,156.19429824561402,-0.03125,-0.00020006001867223233,156.2405648602205,155.856590606018,0.3839742542025135,1.0000000000000078,0.001171875,-3.3333333333333326,0.6085806194501847,0.0011718749999999908,0,1901,-0.5795781393201016,-0.9860567365976898,0.03423265984407275,112.16605894823482,20.0,0.0,0.2727931097101266,1.7179727020810263,2.0,-0.9999941022533625,-0.013937365655672718,2.0,1.0,2.0,0.0,324.0,406.25,0,0,2.0,2.0,-62.5,5875.0,0.0,0.0,3795.0,2080.0,-62.5,-62.5
1902,2019-06-20,05:30:18,156.1875,156.25,156.1875,156.21875,284,44365.5,156.21654929577466,0.03125,0.00020006001867223233,156.23571711350485,155.86773397198667,0.3679831415181809,1.0000000000000047,0.001953125,-1.750000000000001,0.8838834764831844,0.0019531249999999913,-1,1902,-0.7046740867619494,-0.9999941022533625,0.04419417382415912,83.2650799135473,20.0,0.0,0.2727931097101266,1.7179727020810263,2.0,-0.991488493093378,0.00850560915998444,2.0,1.0,2.0,0.0,324.0,437.5,0,0,2.0,2.0,62.5,5937.5,0.0,0.0,3795.0,2142.5,62.5,62.5
1903,2019-06-20,05:40:52,156.21875,156.21875,156.1875,156.1875,284,44359.125,156.19410211267606,-0.03125,-0.00020006001867223233,156.2250021993927,155.8775729266948,0.3474292726978945,1.0000000000000047,0.001953125,-1.750000000000001,0.8838834764831844,0.0019531249999999913,0,1903,-0.7931495427679438,-0.991488493093378,0.04419417382415912,78.61427030636543,20.0,0.0,0.2727931097101266,1.7179727020810263,2.0,-0.9558833806793032,0.035605112414074824,2.0,1.0,2.0,0.0,324.0,406.25,0,0,2.0,2.0,-62.5,5875.0,0.0,0.0,3795.0,2080.0,-62.5,62.5
1904,2019-06-20,05:49:29,156.1875,156.25,156.1875,156.25,285,44523.40625,156.22247807017544,0.0625,0.00040008002133973264,156.23055726619432,155.88903222125805,0.3415250449362759,1.0000000000000047,0.001953125,-1.750000000000001,0.8838834764831844,0.0019531249999999913,-1,1904,-0.883621709978881,-0.9558833806793032,0.04419417382415912,77.2782960702341,20.0,0.0,0.2727931097101266,1.7179727020810263,2.0,-0.8657303974048884,0.09015298327441479,2.0,1.0,2.0,0.0,324.0,468.75,0,0,2.0,2.0,125.0,6000.0,0.0,0.0,3795.0,2205.0,125.0,125.0
1905,2019-06-20,06:00:26,156.25,156.28125,156.21875,156.21875,284,44375.21875,156.25077024647888,-0.03125,-0.0002000200026675003,156.2279334292623,155.8991773836809,0.32875604558140026,1.000000000000003,0.00263671875,-3.3333333333333326,0.6085806194501845,0.002636718749999992,0,1905,-0.966078286924671,-0.8657303974048884,0.05134898976610924,64.02385851773504,20.0,0.0,0.2727931097101266,1.7179727020810263,2.0,-0.5827424080436816,0.28298798936120684,-2.0,1.0,2.0,0.0,324.0,437.5,0,0,-2.0,2.0,-62.5,5937.5,0.0,4.0,3805.0,2132.5,-72.5,125.0
1906,2019-06-20,06:05:45,156.21875,156.21875,156.125,156.1875,284,44351.71875,156.16802376760563,-0.03125,-0.00020006001867223233,156.21894822275956,155.90804884879842,0.3108993739611492,1.0000000000000033,0.0022460937500000003,-3.081285444234405,-0.3153558785805939,0.002246093749999993,0,1906,-0.9866963343897418,-0.5827424080436816,0.04739297152532212,65.60031244190614,20.0,0.0,0.2727931097101266,1.7179727020810263,2.0,-0.19718108522594252,0.3855613228177391,-2.0,-1.0,-2.0,1.0,325.0,-31.25,0,0,-2.0,-2.0,62.5,6000.0,0.0,0.0,3805.0,2195.0,62.5,62.5
1907,2019-06-20,06:10:47,156.1875,156.28125,156.1875,156.25,285,44525.625,156.23026315789474,0.0625,0.00040008002133973264,156.2258486177019,155.91857042268154,0.30727819502035914,1.0000000000000038,0.00263671875,-1.6872427983539093,0.5184205276797869,0.0026367187499999906,-1,1907,-0.8326522957194636,-0.19718108522594252,0.05134898976610923,59.84113736608804,20.0,0.0,0.2727931097101266,1.7179727020810263,2.0,0.3062636258243027,0.5034447110502452,-2.0,-1.0,-2.0,0.0,325.0,31.25,0,0,-2.0,-2.0,-125.0,5875.0,0.0,0.0,3805.0,2070.0,-125.0,62.5
1908,2019-06-20,06:15:19,156.25,156.3125,156.21875,156.28125,284,44379.125,156.26452464788733,0.03125,0.00019998000266596705,156.2381600359904,155.92972979429138,0.30843024169902833,1.0000000000000027,0.00419921875,-1.963223363980531,0.23551393640880577,0.004199218749999989,-1,1908,-0.45656690693438196,0.3062636258243027,0.06480137922914904,47.59624646388542,20.0,0.0,0.2727931097101266,1.7179727020810263,2.0,0.7263902193379354,0.42012659351363263,-2.0,-1.0,-2.0,0.0,325.0,62.5,0,0,-2.0,-2.0,-62.5,5812.5,0.0,0.0,3805.0,2007.5,-62.5,-62.5
1909,2019-06-20,06:22:50,156.28125,156.28125,156.1875,156.21875,284,44366.5625,156.22029049295776,-0.0625,-0.00040000000533346736,156.2338466946592,155.93862272369782,0.29522397096138775,1.000000000000002,0.004589843749999999,-2.3675871435038487,-0.5594072218898559,0.004589843749999991,0,1909,0.027653326110312647,0.7263902193379354,0.06774838558962118,43.57653225121501,20.0,0.0,0.2727931097101266,1.7179727020810263,2.0,0.8562725142543057,0.12988229491637038,-2.0,-1.0,-2.0,0.0,325.0,0.0,0,0,-2.0,-2.0,125.0,5937.5,0.0,0.0,3805.0,2132.5,125.0,125.0
1910,2019-06-20,06:33:14,156.21875,156.21875,156.125,156.125,285,44509.0,156.1719298245614,-0.09375,-0.0006003001681023079,156.20965854029052,155.94435740912252,0.2653011311680018,1.0000000000000033,0.0032226562500000003,-2.231404958677686,-0.5671631517317615,0.0032226562499999894,0,1910,0.24023824645322756,0.8562725142543057,0.05676844413932788,46.73390916208099,20.0,0.0,0.2727931097101266,1.7179727020810263,2.0,0.9303958520582591,0.07412333780395342,-2.0,-1.0,-2.0,0.0,325.0,-93.75,0,0,-2.0,-2.0,187.5,6125.0,0.0,0.0,3805.0,2320.0,187.5,187.5
1911,2019-06-20,06:41:16,156.125,156.15625,156.125,156.15625,284,44343.40625,156.13875440140845,0.03125,0.00020014009873747796,156.19778997578152,155.95087718114954,0.24691279463198157,1.0000000000000033,0.0032226562500000003,-2.231404958677686,-0.5671631517317615,0.0032226562499999894,-1,1911,0.3986947346852928,0.9303958520582591,0.05676844413932788,43.4947264057438,20.0,0.0,0.2727931097101266,1.7179727020810263,2.0,0.9909798475582317,0.06058399549997251,-2.0,-1.0,-2.0,0.0,325.0,-62.5,0,0,-2.0,-2.0,-62.5,6062.5,0.0,0.0,3805.0,2257.5,-62.5,187.5
1912,2019-06-20,06:51:58,156.15625,156.1875,156.09375,156.15625,285,44503.8125,156.15372807017545,0.0,0.0,156.1885588700523,155.9571963448065,0.2313625252457996,1.0000000000000024,0.00361328125,2.6077428780131497,-1.517473687845512,0.0036132812499999915,0,1912,0.605968500225911,0.9909798475582317,0.06011057519272288,38.489487832052696,20.0,0.0,0.2727931097101266,1.7179727020810263,2.0,0.9966335702270972,0.005653722668865546,-2.0,-1.0,-2.0,0.0,325.0,-62.5,0,0,-2.0,-2.0,-0.0,6062.5,0.0,0.0,3805.0,2257.5,-0.0,-0.0
1913,2019-06-20,07:00:04,156.15625,156.1875,156.125,156.1875,284,44350.3125,156.1630721830986,0.03125,0.00020010005069259762,156.18832356559625,155.96428261112018,0.22404095447606664,1.000000000000001,0.01005859375,4.069186539730417,-1.9693601762387911,0.01005859374999999,-1,1913,0.646754264751179,0.9966335702270972,0.10029254084925752,22.338745491831382,20.0,0.0,0.2727931097101266,1.7179727020810263,2.0,0.9991407781318663,0.0025072079047691043,-2.0,-1.0,-2.0,0.0,325.0,-31.25,0,0,-2.0,-2.0,-62.5,6000.0,0.0,0.0,3805.0,2195.0,-62.5,-0.0
1914,2019-06-20,07:05:14,156.1875,156.28125,156.15625,156.25,284,44367.71875,156.22436179577466,0.0625,0.00040008002133973264,156.20202943990822,155.97307391539343,0.22895552451478807,1.000000000000001,0.009765625,1.0500000000000007,-1.1858541225631423,0.00976562499999999,-1,1914,0.6771930301791667,0.9991407781318663,0.0988211768802618,23.16867009104795,20.0,0.0,0.2727931097101266,1.7179727020810263,2.0,0.9801906779964751,-0.018950100135391224,2.0,-1.0,-2.0,0.0,325.0,31.25,0,0,2.0,-2.0,-125.0,5875.0,0.0,4.0,3815.0,2060.0,-135.0,-62.5
1915,2019-06-20,07:08:31,156.25,156.25,156.0625,156.0625,285,44505.875,156.1609649122807,-0.1875,-0.0012007205765192097,156.17102289770642,155.9758254872275,0.1951974104789258,1.000000000000001,0.01005859375,-1.020831369591851,-0.2994879530685712,0.010058593749999989,0,1915,0.5530526353013514,0.9801906779964751,0.10029254084925752,19.462804394627206,19.462804394627206,0.0,0.2727931097101266,1.6592735184786818,2.0,0.8808361287037791,-0.09935454929269594,2.0,-1.0,2.0,1.0,326.0,-187.5,0,0,2.0,2.0,-375.0,5500.0,0.0,0.0,3815.0,1685.0,-375.0,-135.0
1916,2019-06-20,07:11:08,156.0625,156.0625,155.96875,156.0,284,44313.71875,156.03422095070422,-0.0625,-0.000400560790454918,156.13301780932724,155.97656931838975,0.15644849093749258,1.000000000000001,0.01005859375,-1.020831369591851,-0.2994879530685712,0.010058593749999989,0,1916,0.2880857977837701,0.8808361287037791,0.10029254084925752,15.599215017659091,15.599215017659091,0.0,0.2727931097101266,1.2371004032586952,2.0,0.552969107526962,-0.3278670211768171,2.0,-1.0,2.0,0.0,326.0,-250.0,0,0,2.0,2.0,-125.0,5375.0,0.0,0.0,3815.0,1560.0,-125.0,-125.0
1917,2019-06-20,07:14:00,156.0,156.0,155.90625,155.90625,285,44443.8125,155.94320175438597,-0.09375,-0.0006011421882261558,156.0826249628101,155.9744056470547,0.10821931575537747,1.0000000000000022,0.006152343750000001,1.5041572184429317,-0.19604278777442427,0.006152343749999987,0,1917,-0.1981544060109296,0.552969107526962,0.0784368774875695,13.79699437583142,13.79699437583142,0.0,0.2727931097101266,1.0401723582625637,1.0,0.2334794614134264,-0.31948964611353564,2.0,-1.0,2.0,0.0,326.0,-343.75,0,0,2.0,2.0,-187.5,5187.5,-1.0,0.0,3815.0,1372.5,-187.5,-125.0
1918,2019-06-20,07:19:29,155.90625,155.9375,155.875,155.9375,285,44434.375,155.91008771929825,0.03125,0.0002004208845267641,156.05037497107452,155.97327008868382,0.07710488239069946,1.0000000000000024,0.00341796875,-2.897959183673469,0.381801774160606,0.0034179687499999918,-1,1918,-0.5224686652083731,0.2334794614134264,0.058463396668342764,13.188573840159862,13.188573840159862,0.0,0.2727931097101266,0.9736904504181436,1.0,0.0981391287392209,-0.1353403326742055,1.0,-1.0,2.0,0.0,326.0,-312.5,0,0,1.0,2.0,62.5,5250.0,0.0,1.0,3817.5,1432.5,60.0,60.0
1919,2019-06-20,07:24:27,155.9375,155.96875,155.875,155.875,285,44443.5,155.94210526315788,-0.0625,-0.0004008819456373658,156.0114027552802,155.97024639364741,0.04115636163277259,1.0000000000000024,0.00341796875,-2.897959183673469,0.381801774160606,0.0034179687499999918,0,1919,-0.634298524240468,0.0981391287392209,0.058463396668342764,7.039680206445869,7.039680206445869,0.0,0.2727931097101266,0.3018029056453433,1.0,0.12203489665688376,0.02389576791766286,-1.0,-1.0,1.0,0.0,326.0,-375.0,0,0,-1.0,1.0,-62.5,5187.5,0.0,2.0,3822.5,1365.0,-67.5,60.0
1920,2019-06-20,07:29:51,155.875,155.90625,155.84375,155.90625,285,44427.75,155.88684210526316,0.03125,0.0002004610611106017,155.98803547632903,155.9682772738429,0.019758202486144683,1.0000000000000007,0.004589843749999999,-1.8243549117247622,0.0686991325127893,0.004589843749999996,-1,1920,-0.6155300279578092,0.12203489665688376,0.06774838558962122,2.916409345283581,2.916409345283581,0.0,0.2727931097101266,-0.14874551824505766,0.0,0.1674600574655528,0.04542516080866903,-1.0,-1.0,-1.0,1.0,327.0,31.25,0,0,-1.0,-1.0,-31.25,5156.25,-1.0,0.0,3822.5,1333.75,-31.25,-31.25
1921,2019-06-20,07:34:07,155.90625,155.90625,155.84375,155.84375,285,44419.46875,155.8577850877193,-0.0625,-0.00040096231491482115,155.95597203714482,155.96444566541697,-0.008473628272156475,1.0000000000000009,0.00439453125,-0.9629629629629631,0.5237828008789241,0.004394531249999995,0,1921,-0.5787094860402884,0.1674600574655528,0.0662912607362388,-1.278242135999124,0.0,-1.278242135999124,0.12531271193836546,-0.4674205891246751,-0.0,0.24511653716409393,0.07765647969854114,-0.0,-1.0,-1.0,0.0,327.0,-31.25,0,0,-0.0,-1.0,62.5,5218.75,-0.0,1.0,3825.0,1393.75,60.0,60.0
1922,2019-06-20,07:37:55,155.84375,155.9375,155.84375,155.9375,285,44430.4375,155.89627192982456,0.09375,0.0006013831994415852,155.95186714000153,155.96361656801955,-0.011749428018021035,1.000000000000001,0.0032226562500000003,1.0743801652892546,-0.2669003066972995,0.003222656249999997,-1,1922,-0.5122119488637285,0.24511653716409393,0.05676844413932794,-2.0697111214082557,0.0,-2.0697111214082557,0.03399498933730827,-0.4674205891246751,-0.0,0.36691813677521623,0.1218015996111223,0.0,-1.0,-0.0,0.0,327.0,62.5,0,0,0.0,-0.0,-0.0,5218.75,0.0,0.0,3825.0,1393.75,-0.0,60.0
1923,2019-06-20,07:42:22,155.9375,156.0,155.90625,155.9375,285,44445.03125,155.94747807017544,0.0,0.0,155.94867444222342,155.9628129813113,-0.014138539087866775,1.000000000000001,0.00322265625,1.0743801652892582,0.2669003066972995,0.003222656249999996,0,1923,-0.3983380679125412,0.36691813677521623,0.05676844413932793,-2.4905630764102455,0.0,-2.4905630764102455,-0.014561862278448023,-0.4674205891246751,-0.0,0.4505449983473658,0.08362686157214955,0.0,-1.0,0.0,0.0,327.0,62.5,0,0,0.0,0.0,0.0,5218.75,0.0,0.0,3825.0,1393.75,0.0,0.0
1924,2019-06-20,07:49:53,155.9375,156.0,155.90625,155.96875,284,44297.625,155.9775528169014,0.03125,0.00020038072404471308,155.9531356772849,155.96299565880943,-0.009859981524527939,1.0000000000000009,0.00634765625,1.9999999999999976,-0.9051513929454648,0.006347656249999995,-1,1924,-0.3126887857369815,0.4505449983473658,0.07967217989988723,-1.2375689402395647,0.0,-1.2375689402395647,0.13000548408249435,-0.4674205891246751,-0.0,0.5649065821872732,0.11436158383990741,0.0,-1.0,0.0,0.0,327.0,93.75,0,0,0.0,0.0,0.0,5218.75,0.0,0.0,3825.0,1393.75,0.0,0.0
1925,2019-06-20,07:54:31,155.96875,156.0,155.96875,155.96875,285,44455.21875,155.98322368421051,0.0,0.0,155.95660552677717,155.96317271546147,-0.006567188684300618,1.0000000000000018,0.0037109375,4.168975069252075,-1.9439589828981871,0.003710937499999993,0,1925,-0.18402332649809405,0.5649065821872732,0.060917464655055965,-1.078046947864164,0.0,-1.078046947864164,0.14841073472030009,-0.4674205891246751,-0.0,0.7008584699105322,0.13595188772325906,0.0,-1.0,0.0,0.0,327.0,93.75,0,0,0.0,0.0,0.0,5218.75,0.0,0.0,3825.0,1393.75,0.0,0.0
1926,2019-06-20,08:02:18,155.96875,156.0,155.84375,155.84375,285,44435.8125,155.91513157894738,-0.125,-0.0008017639234862983,155.9315265208267,155.95949817037035,-0.027971649543644617,1.0000000000000018,0.0037109375,4.168975069252075,-1.9439589828981871,0.003710937499999993,0,1926,-0.00879774563545614,0.7008584699105322,0.060917464655055965,-4.5917291046227175,0.0,-4.5917291046227175,-0.25698917154804246,-0.4674205891246751,-1.0,0.8151935286124093,0.1143350587018771,0.0,-1.0,0.0,0.0,327.0,-31.25,0,0,0.0,0.0,-0.0,5218.75,-1.0,0.0,3825.0,1393.75,-0.0,-0.0
1927,2019-06-20,08:17:10,155.84375,155.90625,155.78125,155.84375,285,44418.09375,155.8529605263158,0.0,0.0,155.91202062730966,155.95593668820513,-0.0439160608954694,1.000000000000003,0.003125,0.3124999999999976,-1.257788237343632,0.0031249999999999906,0,1927,0.16688063869398798,0.8151935286124093,0.05590169943749466,-7.855943797303201,0.0,-7.855943797303201,-0.633606142410654,-0.4674205891246751,-1.0,0.8693611436626602,0.054167615050250806,1.0,-1.0,0.0,0.0,327.0,-31.25,0,0,1.0,0.0,0.0,5218.75,0.0,1.0,3827.5,1391.25,-2.5,-0.0
1928,2019-06-20,08:21:23,155.84375,155.90625,155.8125,155.84375,285,44423.09375,155.87050438596492,0.0,0.0,155.8968493767964,155.95248479010652,-0.05563541331011379,1.000000000000003,0.00390625,-2.9999999999999964,9.251858538542974e-16,0.003906249999999988,0,1928,0.26529504143755644,0.8693611436626602,0.0624999999999999,-8.90166612961822,0.0,-8.90166612961822,-0.7542589836722869,-0.4674205891246751,-1.0,0.9297798301014167,0.060418686438756586,1.0,-1.0,1.0,1.0,328.0,0.0,0,0,1.0,1.0,0.0,5218.75,0.0,0.0,3827.5,1391.25,0.0,0.0
1929,2019-06-20,08:29:05,155.84375,155.875,155.78125,155.78125,285,44411.4375,155.8296052631579,-0.0625,-0.00040112315018436817,155.87116062639723,155.947216027334,-0.07605540093678087,1.0000000000000029,0.003125,0.3124999999999976,-1.257788237343632,0.0031249999999999915,0,1929,0.39715622802020617,0.9297798301014167,0.055901699437494665,-13.605203724051476,0.0,-13.605203724051476,-1.2969414503390908,-0.4674205891246751,-2.0,0.9334306121410136,0.0036507820395969004,1.0,-1.0,1.0,0.0,328.0,-62.5,0,0,1.0,1.0,-62.5,5156.25,-1.0,0.0,3827.5,1328.75,-62.5,0.0
1930,2019-06-20,08:34:26,155.78125,155.78125,155.65625,155.65625,285,44388.28125,155.7483552631579,-0.125,-0.0008027293226549048,155.8234027094201,155.93826322649298,-0.11486051707288425,1.0000000000000033,0.002734374999999999,-0.6122448979591795,-0.5122408325718838,0.00273437499999999,0,1930,0.406354911104404,0.9334306121410136,0.052291251658379626,-21.965532174152493,0.0,-20.0,-2.034757136339064,-0.4674205891246751,-3.0,0.9175149489631756,-0.01591566317783799,-2.0,-1.0,1.0,0.0,328.0,-187.5,0,0,-2.0,1.0,-125.0,5031.25,-1.0,3.0,3835.0,1196.25,-132.5,-62.5
1931,2019-06-20,08:36:54,155.65625,155.6875,155.625,155.65625,285,44359.375,155.6469298245614,0.0,0.0,155.78625766288232,155.92958589644707,-0.14332823356474478,1.0000000000000033,0.002734374999999999,-0.6122448979591795,-0.5122408325718838,0.00273437499999999,0,1931,0.36756376110695355,0.9175149489631756,0.052291251658379626,-27.40960084511126,0.0,-20.0,-2.034757136339064,-0.4674205891246751,-3.0,0.8816142286581862,-0.035900720304989475,-3.0,-1.0,-2.0,1.0,329.0,0.0,0,0,-3.0,-2.0,-0.0,5031.25,0.0,1.0,3837.5,1193.75,-2.5,-2.5
1932,2019-06-20,08:44:08,155.65625,155.65625,155.59375,155.59375,286,44513.6875,155.64226398601397,-0.0625,-0.00040160643110098704,155.74347818224183,155.91925248424872,-0.17577430200688582,1.000000000000002,0.00390625,-0.1874999999999988,-0.9374999999999997,0.003906249999999992,0,1932,0.2896617093658324,0.8816142286581862,0.06249999999999994,-28.12388832110176,0.0,-20.0,-2.034757136339064,-0.4674205891246751,-3.0,0.7967812814615627,-0.08483294719662349,-3.0,-1.0,-3.0,0.0,329.0,-62.5,0,0,-3.0,-3.0,187.5,5218.75,0.0,0.0,3837.5,1381.25,187.5,187.5
1933,2019-06-20,08:48:56,155.59375,155.625,155.59375,155.59375,285,44346.15625,155.60054824561402,0.0,0.0,155.7102052528548,155.90923702319495,-0.19903177034015584,1.0000000000000024,0.00146484375,2.0000000000000013,-1.3608276348795436,0.0014648437499999965,0,1933,0.1361275792034129,0.7967812814615627,0.03827327723098711,-52.00280319319354,0.0,-20.0,-2.034757136339064,-0.4674205891246751,-3.0,0.6887505558725745,-0.10803072558898819,-3.0,-1.0,-3.0,0.0,329.0,-62.5,0,0,-3.0,-3.0,-0.0,5218.75,0.0,0.0,3837.5,1381.25,-0.0,187.5
1934,2019-06-20,08:56:01,155.59375,155.6875,155.59375,155.625,286,44508.96875,155.62576486013987,0.03125,0.00020082337651583515,155.6912707522204,155.90049126863514,-0.20922051641474582,1.0000000000000007,0.00224609375,1.4555765595463157,-1.118079933149378,0.002246093749999998,-1,1934,-0.02563109237861965,0.6887505558725745,0.047392971525322174,-44.14589541045317,0.0,-20.0,-2.034757136339064,-0.4674205891246751,-3.0,0.47955812145817117,-0.20919243441440333,-3.0,-1.0,-3.0,0.0,329.0,-31.25,0,0,-3.0,-3.0,-93.75,5125.0,0.0,0.0,3837.5,1287.5,-93.75,-0.0
1935,2019-06-20,09:01:35,155.625,155.71875,155.59375,155.65625,285,44360.4375,155.65065789473684,0.03125,0.0002007830545851519,155.6834883628381,155.89297615267716,-0.20948778983907346,0.9999999999999981,0.0012695312500000003,-0.17751479289942415,0.4047960089109369,0.0012695312500000024,-1,1935,-0.28139455572467026,0.47955812145817117,0.0356304820343481,-58.79454272808473,0.0,-20.0,-2.034757136339064,-0.4674205891246751,-3.0,0.5193356498005738,0.03977752834240261,3.0,-1.0,-3.0,0.0,329.0,0.0,0,0,3.0,-3.0,-93.75,5031.25,0.0,6.0,3852.5,1178.75,-108.75,-93.75
1936,2019-06-20,09:09:51,155.65625,155.71875,155.65625,155.71875,285,44370.0625,155.6844298245614,0.0625,0.0004014452081211317,155.69132428220743,155.88761534797942,-0.1962910657719874,0.9999999999999994,0.0021484375,0.867768595041318,-0.5516180692881069,0.0021484375000000015,-1,1936,-0.23704672969542073,0.5193356498005738,0.04635124054434791,-42.34861105479587,0.0,-20.0,-2.034757136339064,-0.4674205891246751,-3.0,0.6813439351109079,0.16200828531033407,3.0,-1.0,3.0,1.0,330.0,62.5,0,0,3.0,3.0,187.5,5218.75,0.0,0.0,3852.5,1366.25,187.5,187.5
1937,2019-06-20,09:16:49,155.71875,155.8125,155.71875,155.8125,285,44396.8125,155.7782894736842,0.09375,0.0006018658020989776,155.71825221949467,155.88530410650313,-0.16705188700845497,1.0000000000000002,0.003125,-2.3242187499999987,0.052407843222650706,0.0031249999999999997,-1,1937,-0.03579337806408291,0.6813439351109079,0.05590169943749474,-29.883150009641547,0.0,-20.0,-2.034757136339064,-0.4674205891246751,-3.0,0.8834293626825224,0.20208542757161452,3.0,-1.0,3.0,0.0,330.0,156.25,0,0,3.0,3.0,281.25,5500.0,0.0,0.0,3852.5,1647.5,281.25,281.25
1938,2019-06-20,09:29:26,155.8125,155.8125,155.71875,155.78125,286,44555.5,155.78846153846155,-0.03125,-0.00020058168756520445,155.73225172627366,155.88210244168766,-0.1498507154140043,1.0000000000000002,0.004589843749999999,-2.3675871435038487,0.5594072218898559,0.004589843749999998,0,1938,0.2933538554000054,0.8834293626825224,0.06774838558962124,-22.118713842379854,0.0,-20.0,-2.034757136339064,-0.4674205891246751,-3.0,0.9797211656903448,0.09629180300782247,3.0,-1.0,3.0,0.0,330.0,125.0,0,0,3.0,3.0,-93.75,5406.25,0.0,0.0,3852.5,1553.75,-93.75,281.25
1939,2019-06-20,09:39:01,155.78125,155.84375,155.71875,155.75,285,44395.65625,155.77423245614034,-0.03125,-0.00020062192864944706,155.73619578710174,155.87803775117422,-0.1418419640724835,1.0000000000000016,0.00419921875,3.8777717685235253,1.9177563393288484,0.004199218749999994,0,1939,0.5510874928156813,0.9797211656903448,0.06480137922914908,-21.888726098082785,0.0,-20.0,-2.034757136339064,-0.4674205891246751,-3.0,0.9984478297487952,0.01872666405845036,3.0,-1.0,3.0,0.0,330.0,93.75,0,0,3.0,3.0,-93.75,5312.5,0.0,0.0,3852.5,1460.0,-93.75,-93.75
1940,2019-06-20,09:48:57,155.75,155.75,155.6875,155.6875,285,44375.40625,155.7031798245614,-0.0625,-0.00040136464516304926,155.72537450107913,155.8721750511381,-0.14680055005896975,1.0000000000000087,0.0014648437500000002,2.0000000000000404,-1.3608276348795403,0.0014648437499999874,0,1940,0.7453915321132567,0.9984478297487952,0.038273277230986995,-38.35588710446682,0.0,-20.0,-2.034757136339064,-0.4674205891246751,-3.0,0.9615209685451862,-0.036926861203608996,-3.0,-1.0,3.0,0.0,330.0,31.25,0,0,-3.0,3.0,-187.5,5125.0,0.0,6.0,3867.5,1257.5,-202.5,-93.75
1941,2019-06-20,10:03:09,155.6875,155.6875,155.59375,155.625,285,44354.6875,155.63048245614036,-0.0625,-0.0004015258034275604,155.7030690563949,155.86456966494924,-0.16150060855434845,1.0000000000000107,0.0011718749999999989,2.9166666666666075,-1.2932338163316497,0.0011718749999999865,0,1941,0.8741625423170223,0.9615209685451862,0.034232659844072685,-47.1773473898821,0.0,-20.0,-2.034757136339064,-0.4674205891246751,-3.0,0.9015984088680545,-0.05992255967713167,-3.0,-1.0,-3.0,1.0,331.0,-62.5,0,0,-3.0,-3.0,187.5,5312.5,0.0,0.0,3867.5,1445.0,187.5,187.5
1942,2019-06-20,10:12:12,155.625,155.625,155.5,155.5,286,44486.1875,155.54611013986013,-0.125,-0.0008035355996831584,155.65794259941825,155.85335213679696,-0.19540953737870836,1.0000000000000022,0.0046875,2.9166666666666714,1.2932338163316428,0.004687499999999989,0,1942,0.9434023932592953,0.9015984088680545,0.06846531968814569,-28.54138975305803,0.0,-20.0,-2.034757136339064,-0.4674205891246751,-3.0,0.8672713855993119,-0.034327023268742596,3.0,-1.0,-3.0,0.0,331.0,-187.5,0,0,3.0,-3.0,375.0,5687.5,0.0,6.0,3882.5,1805.0,360.0,360.0
1943,2019-06-20,10:17:51,155.5,155.53125,155.4375,155.4375,286,44465.4375,155.47355769230768,-0.0625,-0.0004020100556649808,155.6089553551031,155.840556686434,-0.2316013313309213,1.0000000000000009,0.007031249999999999,-2.407407407407407,0.1656346649999846,0.007031249999999992,0,1943,0.9652764485293298,0.8672713855993119,0.08385254915624207,-27.620070428554246,0.0,-20.0,-2.034757136339064,-0.4674205891246751,-3.0,0.9769493453892512,0.10967795978993922,-3.0,1.0,3.0,1.0,332.0,-62.5,0,0,-3.0,3.0,-187.5,5500.0,0.0,6.0,3897.5,1602.5,-202.5,360.0
1944,2019-06-20,10:25:32,155.4375,155.53125,155.40625,155.5,285,44313.8125,155.48706140350876,0.0625,0.0004020100556649808,155.58474305396908,155.83007801915915,-0.24533496519006803,1.0000000000000009,0.006640624999999999,-1.8122837370242226,-0.16354400497480734,0.006640624999999993,-1,1944,0.8417544787215525,0.9769493453892512,0.08149003006503307,-30.106132614539302,0.0,-20.0,-2.034757136339064,-0.4674205891246751,-3.0,0.004118313620014791,-0.9728310317692364,3.0,1.0,-3.0,1.0,333.0,62.5,0,0,3.0,-3.0,-187.5,5312.5,0.0,6.0,3912.5,1400.0,-202.5,-202.5
1945,2019-06-20,10:32:30,155.5,155.5625,155.46875,155.5625,286,44480.78125,155.52720716783216,0.0625,0.00040184850852220677,155.57980015308706,155.82184484933887,-0.2420446962518099,1.0000000000000013,0.00341796875,-2.897959183673469,0.38180177416060623,0.0034179687499999957,-1,1945,-0.7041886972285745,0.004118313620014791,0.0584633966683428,-41.40106631588754,0.0,-20.0,-2.034757136339064,-0.4674205891246751,-3.0,-0.22327774594047106,-0.22739605956048586,-3.0,-1.0,3.0,1.0,334.0,62.5,0,0,-3.0,3.0,187.5,5500.0,0.0,6.0,3927.5,1572.5,172.5,172.5
1946,2019-06-20,10:45:35,155.5625,155.5625,155.5,155.53125,285,44331.5,155.54912280701754,-0.03125,-0.0002009040689827657,155.56901123017883,155.8129034693592,-0.24389223918038283,1.0,0.0026367187499999997,-3.333333333333331,-0.6085806194501848,0.0026367187499999993,0,1946,-0.8471369837597936,-0.22327774594047106,0.05134898976610932,-47.49698879983679,0.0,-20.0,-2.034757136339064,-0.4674205891246751,-3.0,0.010865029187882383,0.23414277512835344,3.0,-1.0,-3.0,1.0,335.0,-31.25,0,0,3.0,-3.0,93.75,5593.75,0.0,6.0,3942.5,1651.25,78.75,172.5
1947,2019-06-20,10:54:39,155.53125,155.53125,155.4375,155.5,286,44470.59375,155.49158653846155,-0.03125,-0.00020094443953944108,155.55367540125022,155.803275670302,-0.24960026905179689,1.0000000000000013,0.00263671875,-3.3333333333333326,0.6085806194501845,0.0026367187499999967,0,1947,-0.6993823075637499,0.010865029187882383,0.05134898976610929,-48.608603633432125,0.0,-20.0,-2.034757136339064,-0.4674205891246751,-3.0,0.26913248895705216,0.25826745976916976,3.0,-1.0,3.0,1.0,336.0,-31.25,0,0,3.0,3.0,-93.75,5500.0,0.0,0.0,3942.5,1557.5,-93.75,78.75
1948,2019-06-20,11:02:59,155.5,155.59375,155.46875,155.5625,286,44479.21875,155.52174388111888,0.0625,0.00040184850852220677,155.55563642319464,155.79586718813889,-0.24023076494424345,1.0000000000000029,0.0016601562499999997,2.6643598615916986,1.7143923280117699,0.001660156249999995,-1,1948,-0.490711369856681,0.26913248895705216,0.04074501503251649,-58.959547506002316,0.0,-20.0,-2.034757136339064,-0.4674205891246751,-3.0,0.6671889316107117,0.3980564426536595,3.0,-1.0,3.0,0.0,336.0,31.25,0,0,3.0,3.0,187.5,5687.5,0.0,0.0,3942.5,1745.0,187.5,187.5
1949,2019-06-20,11:11:02,155.5625,155.5625,155.5,155.53125,285,44325.125,155.52675438596492,-0.03125,-0.0002009040689827657,155.5502172180403,155.78772512081153,-0.23750790277122746,1.0000000000000029,0.0016601562499999997,2.6643598615916986,1.7143923280117699,0.001660156249999995,0,1949,-0.05494191643389751,0.6671889316107117,0.04074501503251649,-58.291278720031066,0.0,-20.0,-2.034757136339064,-0.4674205891246751,-3.0,0.8731196648589635,0.20593073324825184,3.0,-1.0,3.0,0.0,336.0,0.0,0,0,3.0,3.0,-93.75,5593.75,0.0,0.0,3942.5,1651.25,-93.75,187.5
1950,2019-06-20,11:19:56,155.53125,155.5625,155.53125,155.53125,286,44487.90625,155.55211975524475,0.0,0.0,155.54600228069805,155.77983357863275,-0.23383129793469948,1.0000000000000018,0.0016601562499999997,-1.4878892733564004,0.5413870509510851,0.0016601562499999967,0,1950,0.2726700730208143,0.8731196648589635,0.04074501503251651,-57.38893402004899,0.0,-20.0,-2.034757136339064,-0.4674205891246751,-3.0,0.9998580598370369,0.12673839497807338,3.0,-1.0,3.0,0.0,336.0,0.0,0,0,3.0,3.0,0.0,5593.75,0.0,0.0,3942.5,1651.25,0.0,0.0
1951,2019-06-20,11:27:30,155.53125,155.53125,155.46875,155.5,285,44319.75,155.5078947368421,-0.03125,-0.00020094443953944108,155.53577955165403,155.77122331467484,-0.23544376302081105,1.0000000000000042,0.0009765625,-3.0,0.0,0.0009765624999999959,0,1951,0.6950929727892882,0.9998580598370369,0.031249999999999934,-75.34200416665969,0.0,-20.0,-2.034757136339064,-0.4674205891246751,-3.0,0.9758620744077466,-0.023995985429290267,-3.0,-1.0,3.0,0.0,336.0,-31.25,0,0,-3.0,3.0,-93.75,5500.0,0.0,6.0,3957.5,1542.5,-108.75,0.0
1952,2019-06-20,11:34:01,155.5,155.5625,155.5,155.53125,286,44480.5,155.5262237762238,0.03125,0.00020094443953944108,155.53477298461982,155.76383952037716,-0.22906653575734026,1.0000000000000002,0.0021484374999999997,0.8677685950413286,0.5516180692881066,0.0021484374999999993,-1,1952,0.8444621531267262,0.9758620744077466,0.04635124054434789,-49.41972060880965,0.0,-20.0,-2.034757136339064,-0.4674205891246751,-3.0,0.90215215624524,-0.0737099181625066,-3.0,-1.0,-3.0,1.0,337.0,31.25,0,0,-3.0,-3.0,-93.75,5406.25,0.0,0.0,3957.5,1448.75,-93.75,-93.75
1953,2019-06-20,11:40:32,155.5,155.59375,155.5,155.5625,285,44331.09375,155.54769736842104,0.03125,0.0002009040689827657,155.5409345435932,155.75764445821173,-0.2167099146185194,0.9999999999999998,0.0021484375,0.867768595041318,-0.5516180692881069,0.002148437500000001,-1,1953,0.9429764976024413,0.90215215624524,0.0463512405443479,-46.75385428167254,0.0,-20.0,-2.034757136339064,-0.4674205891246751,-3.0,0.7432559215372253,-0.15889623470801473,3.0,-1.0,-3.0,0.0,337.0,62.5,0,0,3.0,-3.0,-93.75,5312.5,0.0,6.0,3972.5,1340.0,-108.75,-93.75
1954,2019-06-20,11:45:55,155.5625,155.65625,155.53125,155.65625,286,44502.09375,155.6017263986014,0.09375,0.0006024701457461035,155.5665602005725,155.7545246287283,-0.1879644281557944,0.999999999999999,0.0012695312500000003,-0.17751479289942415,0.4047960089109369,0.0012695312500000018,-1,1954,0.99862083082389,0.7432559215372253,0.035630482034348085,-52.75382689871978,0.0,-20.0,-2.034757136339064,-0.4674205891246751,-3.0,0.41975722367482676,-0.32349869786239854,-3.0,1.0,3.0,1.0,338.0,93.75,0,0,-3.0,3.0,281.25,5593.75,0.0,6.0,3987.5,1606.25,266.25,266.25
1955,2019-06-20,11:51:15,155.65625,155.71875,155.625,155.71875,285,44367.28125,155.67467105263157,0.0625,0.0004014452081211317,155.60038015600085,155.75342387092127,-0.1530437149204147,0.9999999999999982,0.00244140625,-1.2000000000000028,0.0,0.0024414062500000043,-1,1955,0.9386090476276611,0.41975722367482676,0.04941058844013097,-30.97387012620832,0.0,-20.0,-2.034757136339064,-0.4674205891246751,-3.0,0.021313661897007487,-0.39844356177781926,-3.0,1.0,-3.0,1.0,339.0,62.5,0,0,-3.0,-3.0,-187.5,5406.25,0.0,0.0,3987.5,1418.75,-187.5,266.25
1956,2019-06-20,11:54:23,155.71875,155.75,155.71875,155.71875,285,44383.625,155.73201754385966,0.0,0.0,155.62668456577848,155.75235698258524,-0.1256724168067649,0.999999999999999,0.004199218749999999,-1.963223363980531,-0.23551393640880577,0.004199218750000002,0,1956,0.7220171883308765,0.021313661897007487,0.06480137922914915,-19.393478703958596,0.0,-19.393478703958596,-1.9647782180433433,-0.4674205891246751,-2.0,-0.17233090560243608,-0.19364456749944356,-3.0,1.0,-3.0,0.0,339.0,62.5,0,0,-3.0,-3.0,-0.0,5406.25,1.0,0.0,3987.5,1418.75,-0.0,-0.0
1957,2019-06-20,12:01:40,155.75,155.84375,155.71875,155.84375,286,44555.84375,155.78966346153845,0.125,0.0008024072647181413,155.6749213289388,155.7551690754288,-0.080247746489988,1.0,0.00390625,-0.1874999999999988,0.9374999999999997,0.00390625,-1,1957,0.5746714863119651,-0.17233090560243608,0.0625,-12.83963943839808,0.0,-12.83963943839808,-1.2086125475527925,-0.4674205891246751,-2.0,-0.25898107905180473,-0.08665017344936865,-2.0,1.0,-3.0,0.0,339.0,187.5,0,0,-2.0,-3.0,-375.0,5031.25,0.0,1.0,3990.0,1041.25,-377.5,-0.0
1958,2019-06-20,12:04:34,155.84375,155.84375,155.8125,155.8125,285,44409.59375,155.82313596491227,-0.03125,-0.00020054146261916372,155.70549436695242,155.75693310387715,-0.051438736924723116,1.0000000000000002,0.00361328125,2.607742878013152,1.5174736878455117,0.0036132812499999993,0,1958,0.4998547140349864,-0.25898107905180473,0.06011057519272295,-8.557352306113076,0.0,-8.557352306113076,-0.7145329112649152,-0.4674205891246751,-1.0,-0.35504280603859045,-0.09606172698678572,-2.0,1.0,-2.0,0.0,339.0,156.25,0,0,-2.0,-2.0,62.5,5093.75,1.0,0.0,3990.0,1103.75,62.5,62.5
1959,2019-06-20,12:09:23,155.8125,155.84375,155.78125,155.8125,285,44404.0,155.8035087719298,0.0,0.0,155.72927339651858,155.7586428545271,-0.029369458008517313,1.0000000000000007,0.005175781250000001,1.1285154859380562,1.032658539398995,0.005175781249999997,0,1959,0.4099856301646504,-0.35504280603859045,0.07194290270763334,-4.082328750046546,0.0,-4.082328750046546,-0.19821582587105302,-0.4674205891246751,-1.0,-0.44004705028604485,-0.0850042442474544,-1.0,1.0,-2.0,0.0,339.0,156.25,0,0,-1.0,-2.0,-0.0,5093.75,0.0,1.0,3992.5,1101.25,-2.5,62.5
1960,2019-06-20,12:12:20,155.8125,155.875,155.78125,155.84375,285,44403.625,155.80219298245615,0.03125,0.00020054146261916372,155.7547126417367,155.76126153592628,-0.006548894189592147,1.0000000000000018,0.00244140625,-1.2000000000000004,0.0,0.0024414062499999957,-1,1960,0.3238037588843973,-0.44004705028604485,0.04941058844013088,-1.3254029948514412,0.0,-1.3254029948514412,0.11987140936593765,-0.4674205891246751,-0.0,-0.5253644348226322,-0.08531738453658733,-1.0,1.0,-1.0,0.0,339.0,187.5,0,0,-1.0,-1.0,-31.25,5062.5,1.0,0.0,3992.5,1070.0,-31.25,-2.5
1961,2019-06-20,12:15:43,155.84375,155.875,155.78125,155.78125,285,44411.40625,155.8294956140351,-0.0625,-0.00040112315018436817,155.76060983246188,155.76187656559011,-0.0012667331282329997,1.0000000000000016,0.00419921875,-1.9632233639805285,-0.235513936408806,0.004199218749999994,0,1961,0.23017236719817363,-0.5253644348226322,0.06480137922914908,-0.19547934678266776,0.0,-0.19547934678266776,0.2502391889718325,-0.4674205891246751,-0.0,-0.5933444919124374,-0.06798005708980526,-0.0,1.0,-1.0,0.0,339.0,125.0,0,0,-0.0,-1.0,62.5,5125.0,0.0,1.0,3995.0,1130.0,60.0,60.0
1962,2019-06-20,12:18:39,155.78125,155.875,155.75,155.84375,285,44409.5625,155.82302631578946,0.0625,0.00040112315018436817,155.77908542524816,155.76439574818735,0.014689677060800932,1.0000000000000016,0.00537109375,-2.628099173553719,0.5814564991516649,0.005371093749999991,-1,1962,0.1496267284261378,-0.5933444919124374,0.07328774624724103,2.004383790333017,2.004383790333017,0.0,0.2727931097101266,-0.24840224470491357,0.0,-0.6713655967895282,-0.0780211048770908,-0.0,1.0,-0.0,0.0,339.0,187.5,0,0,-0.0,-0.0,-0.0,5125.0,0.0,0.0,3995.0,1130.0,-0.0,60.0
1963,2019-06-20,12:20:09,155.84375,155.875,155.71875,155.75,285,44404.28125,155.8044956140351,-0.09375,-0.0006017450788338152,155.77262199741526,155.7639528020893,0.00866919532595034,1.0000000000000024,0.004199218749999999,3.877771768523535,1.917756339328849,0.0041992187499999886,0,1963,0.049328286763831386,-0.6713655967895282,0.06480137922914904,1.33781031037851,1.33781031037851,0.0,0.2727931097101266,-0.3212385052643245,-0.0,-0.7962284634927357,-0.12486286670320745,0.0,1.0,-0.0,0.0,339.0,93.75,0,0,0.0,-0.0,0.0,5125.0,-0.0,0.0,3995.0,1130.0,0.0,0.0
1964,2019-06-20,12:21:51,155.75,155.75,155.65625,155.65625,285,44374.125,155.69868421052632,-0.09375,-0.0006021073940054578,155.7467615535452,155.76063886971735,-0.013877316172141718,1.0000000000000024,0.004199218749999999,3.877771768523535,1.917756339328849,0.0041992187499999886,0,1964,-0.1352217285276566,-0.7962284634927357,0.06480137922914904,-2.1415155568015143,0.0,-2.1415155568015143,0.02571037220935135,-0.4674205891246751,-0.0,-0.8827417384856836,-0.08651327499294792,-0.0,1.0,0.0,0.0,339.0,0.0,0,0,-0.0,0.0,-0.0,5125.0,0.0,0.0,3995.0,1130.0,-0.0,-0.0
1965,2019-06-20,12:23:43,155.65625,155.6875,155.59375,155.59375,286,44514.125,155.6437937062937,-0.0625,-0.00040160643110098704,155.71275898609073,155.75550382757223,-0.04274484148149327,1.0000000000000047,0.00263671875,3.251028806584363,1.7355817665801565,0.002636718749999988,0,1965,-0.29195252790436155,-0.8827417384856836,0.05134898976610921,-8.324378274274297,0.0,-8.324378274274297,-0.6876529470402829,-0.4674205891246751,-1.0,-0.9760192582950394,-0.09327751980935584,-0.0,1.0,-0.0,0.0,339.0,-62.5,0,0,-0.0,-0.0,0.0,5125.0,-1.0,0.0,3995.0,1130.0,0.0,0.0
1966,2019-06-20,12:26:30,155.59375,155.625,155.53125,155.53125,285,44336.8125,155.56776315789475,-0.0625,-0.0004017677836278821,155.67242365584838,155.7486037098008,-0.07618005395241312,1.0000000000000018,0.00458984375,-2.367587143503846,0.5594072218898565,0.004589843749999992,0,1966,-0.536223867804189,-0.9760192582950394,0.0677483855896212,-11.24455635206806,0.0,-11.24455635206806,-1.0245758291363054,-0.4674205891246751,-1.0,-0.9976740542368469,-0.021654795941807414,-1.0,1.0,-0.0,0.0,339.0,-125.0,0,0,-1.0,-0.0,0.0,5125.0,0.0,1.0,3997.5,1127.5,-2.5,0.0
1967,2019-06-20,12:29:57,155.53125,155.59375,155.53125,155.5625,286,44484.75,155.54108391608392,0.03125,0.0002009040689827657,155.64799617677096,155.74287744180694,-0.09488126503597982,1.0000000000000016,0.0037109375,-2.479224376731304,0.7559840489048504,0.0037109374999999933,-1,1967,-0.7536620969583862,-0.9976740542368469,0.06091746465505597,-15.575379831259106,0.0,-15.575379831259106,-1.5242554683864509,-0.4674205891246751,-2.0,-0.9354570535110642,0.06221700072578262,-1.0,1.0,-1.0,1.0,340.0,31.25,0,0,-1.0,-1.0,-31.25,5093.75,-1.0,0.0,3997.5,1096.25,-31.25,-2.5
1968,2019-06-20,12:30:43,155.5625,155.71875,155.5625,155.625,285,44359.71875,155.64813596491229,0.0625,0.0004016870911609516,155.6428859152663,155.7392504435975,-0.09636452833120757,1.0000000000000016,0.0037109375,-2.479224376731304,0.7559840489048504,0.0037109374999999933,-1,1968,-0.9113881143110877,-0.9354570535110642,0.06091746465505597,-15.818867196274491,0.0,-15.818867196274491,-1.5523484348390069,-0.4674205891246751,-2.0,-0.7878297653912256,0.1476272881198386,-2.0,1.0,-1.0,0.0,340.0,93.75,0,0,-2.0,-1.0,-62.5,5031.25,0.0,1.0,4000.0,1031.25,-65.0,-31.25
1969,2019-06-20,12:32:34,155.59375,155.625,155.5625,155.5625,285,44341.125,155.5828947368421,-0.0625,-0.0004016870911609516,155.62502237854048,155.7338119684099,-0.10878958986941711,1.0000000000000018,0.00322265625,-2.2314049586776847,0.5671631517317617,0.003222656249999994,0,1969,-0.9925819284003182,-0.7878297653912256,0.05676844413932792,-19.163743435069783,0.0,-19.163743435069783,-1.9382719342308155,-0.4674205891246751,-2.0,-0.5611638611376348,0.2266659042535908,2.0,1.0,-2.0,0.0,340.0,31.25,0,0,2.0,-2.0,125.0,5156.25,0.0,4.0,4010.0,1146.25,115.0,115.0
1970,2019-06-20,12:34:17,155.5625,155.59375,155.46875,155.5,286,44481.1875,155.52862762237763,-0.0625,-0.00040184850852220677,155.5972396277537,155.7266177539973,-0.12937812624358003,1.000000000000001,0.0041015625,-3.163265306122449,0.4414786044290983,0.004101562499999995,0,1970,-0.9820783993500477,-0.5611638611376348,0.06404344228724745,-20.201619654248695,0.0,-20.0,-2.034757136339064,-0.4674205891246751,-3.0,-0.283318602745963,0.27784525839167185,2.0,-1.0,2.0,1.0,341.0,-62.5,0,0,2.0,2.0,-125.0,5031.25,-1.0,0.0,4010.0,1021.25,-125.0,115.0
1971,2019-06-20,12:35:06,155.5,155.53125,155.46875,155.46875,286,44472.53125,155.49836101398603,-0.03125,-0.000200984826322248,155.5686863771418,155.7186833615666,-0.1499969844248028,1.0000000000000029,0.0026367187499999997,3.2510288065843675,1.7355817665801567,0.0026367187499999924,0,1971,-0.8784701828186038,-0.283318602745963,0.05134898976610925,-29.21128246301002,0.0,-20.0,-2.034757136339064,-0.4674205891246751,-3.0,0.020930565934905537,0.30424916868086854,3.0,-1.0,2.0,0.0,341.0,-93.75,0,0,3.0,2.0,-62.5,4968.75,0.0,1.0,4012.5,956.25,-65.0,-65.0
1972,2019-06-20,12:37:01,155.46875,155.53125,155.4375,155.53125,285,44319.21875,155.50603070175438,0.0625,0.0004019292658616891,155.5603671822214,155.71291618121074,-0.15254899898934582,1.0000000000000022,0.00263671875,-1.6872427983539093,0.5184205276797869,0.002636718749999995,-1,1972,-0.6921517314060522,0.020930565934905537,0.05134898976610927,-29.708276576461362,0.0,-20.0,-2.034757136339064,-0.4674205891246751,-3.0,0.31516633021467255,0.294235764279767,3.0,-1.0,3.0,0.0,341.0,-31.25,0,0,3.0,3.0,187.5,5156.25,0.0,0.0,4012.5,1143.75,187.5,187.5
1973,2019-06-20,12:41:00,155.53125,155.5625,155.5,155.5,286,44478.5,155.51923076923077,-0.03125,-0.00020094443953944108,155.54695225283888,155.70636491409658,-0.15941266125770426,1.0000000000000013,0.0017578124999999998,-2.407407407407407,-0.1656346649999846,0.0017578124999999977,0,1973,-0.4482138604159974,0.31516633021467255,0.04192627457812103,-38.022138351613236,0.0,-20.0,-2.034757136339064,-0.4674205891246751,-3.0,0.5618234108023799,0.2466570805877073,3.0,-1.0,3.0,0.0,341.0,-62.5,0,0,3.0,3.0,-93.75,5062.5,0.0,0.0,4012.5,1050.0,-93.75,187.5
1974,2019-06-20,12:47:05,155.53125,155.5625,155.46875,155.53125,286,44475.0625,155.50721153846155,0.03125,0.00020094443953944108,155.54346286331915,155.70097676289362,-0.15751389957446804,0.9999999999999994,0.0021484375,0.867768595041318,-0.5516180692881069,0.0021484375000000015,-1,1974,-0.18769002380244398,0.5618234108023799,0.04635124054434791,-33.98267181732968,0.0,-20.0,-2.034757136339064,-0.4674205891246751,-3.0,0.7464412478525919,0.18461783705021206,3.0,-1.0,3.0,0.0,341.0,-31.25,0,0,3.0,3.0,93.75,5156.25,0.0,0.0,4012.5,1143.75,93.75,93.75
1975,2019-06-20,12:52:43,155.53125,155.59375,155.53125,155.5625,285,44335.21875,155.56217105263158,0.03125,0.0002009040689827657,155.54769333813712,155.69671593942,-0.1490226012828657,0.9999999999999998,0.001953125,2.0000000000000013,-6.542051911182396e-16,0.0019531250000000004,-1,1975,0.057268524953206563,0.7464412478525919,0.04419417382415922,-33.7199654134955,0.0,-20.0,-2.034757136339064,-0.4674205891246751,-3.0,0.8873859047971988,0.1409446569446069,3.0,-1.0,3.0,0.0,341.0,0.0,0,0,3.0,3.0,93.75,5250.0,0.0,0.0,4012.5,1237.5,93.75,93.75
1976,2019-06-20,12:58:35,155.5625,155.65625,155.53125,155.65625,286,44497.90625,155.5870847902098,0.09375,0.0006024701457461035,155.5718170407733,155.6954708335917,-0.12365379281840205,0.9999999999999989,0.001171875,2.916666666666662,1.2932338163316435,0.0011718750000000013,-1,1976,0.3014809957743049,0.8873859047971988,0.0342326598440729,-36.12158487877818,0.0,-20.0,-2.034757136339064,-0.4674205891246751,-3.0,0.9406050367250636,0.05321913192786476,3.0,-1.0,3.0,0.0,341.0,93.75,0,0,3.0,3.0,281.25,5531.25,0.0,0.0,4012.5,1518.75,281.25,281.25
1977,2019-06-20,13:03:01,155.65625,155.75,155.65625,155.6875,285,44373.0,155.69473684210527,0.03125,0.0002007427488424085,155.59752436504593,155.69522557717352,-0.09770121212758909,0.9999999999999989,0.001171875,2.916666666666662,1.2932338163316435,0.0011718750000000013,-1,1977,0.42504345352895134,0.9406050367250636,0.0342326598440729,-28.54035081486817,0.0,-20.0,-2.034757136339064,-0.4674205891246751,-3.0,0.9949127330697207,0.05430769634465715,3.0,-1.0,3.0,0.0,341.0,125.0,0,0,3.0,3.0,93.75,5625.0,0.0,0.0,4012.5,1612.5,93.75,281.25
1978,2019-06-20,13:10:09,155.6875,155.71875,155.65625,155.6875,285,44369.71875,155.68322368421053,0.0,0.0,155.6175189505913,155.69498786710668,-0.0774689165153859,1.0,0.0014648437500000002,2.0000000000000058,1.3608276348795423,0.0014648437500000004,0,1978,0.632275231178133,0.9949127330697207,0.03827327723098716,-20.240993748156168,0.0,-20.0,-2.034757136339064,-0.4674205891246751,-3.0,0.9891866296186554,-0.005726103451065279,-3.0,-1.0,3.0,0.0,341.0,125.0,0,0,-3.0,3.0,0.0,5625.0,0.0,6.0,4027.5,1597.5,-15.0,93.75
1979,2019-06-20,13:15:43,155.6875,155.78125,155.6875,155.71875,285,44377.125,155.7092105263158,0.03125,0.0002007024592787232,155.6400147393488,155.69571900965727,-0.055704270308467585,1.0000000000000073,0.00029296875,-3.3333333333333304,0.6085806194501845,0.0002929687499999979,-1,1979,0.8031664360417564,0.9891866296186554,0.017116329922036377,-32.54451775713394,0.0,-20.0,-2.034757136339064,-0.4674205891246751,-3.0,0.9204104124300092,-0.06877621718864624,-3.0,-1.0,-3.0,1.0,342.0,31.25,0,0,-3.0,-3.0,-93.75,5531.25,0.0,0.0,4027.5,1503.75,-93.75,-15.0
1980,2019-06-20,13:19:25,155.71875,155.75,155.65625,155.71875,286,44533.34375,155.71099213286712,0.0,0.0,155.65751146393796,155.696427655514,-0.03891619157602122,1.0000000000000038,0.001171875,2.9166666666666665,-1.2932338163316421,0.0011718749999999954,0,1980,0.9272743454033169,0.9204104124300092,0.03423265984407282,-11.368147188469004,0.0,-11.368147188469004,-1.0388354323836266,-0.4674205891246751,-2.0,0.8594516416786679,-0.06095877075134126,3.0,-1.0,-3.0,0.0,342.0,31.25,0,0,3.0,-3.0,-0.0,5531.25,1.0,6.0,4042.5,1488.75,-15.0,-15.0
1981,2019-06-20,13:20:56,155.71875,155.75,155.6875,155.71875,285,44377.4375,155.71030701754387,0.0,0.0,155.67112002750733,155.6971144968828,-0.025994469375461904,1.0000000000000038,0.001171875,2.9166666666666665,-1.2932338163316421,0.0011718749999999954,0,1981,0.9692091290010453,0.8594516416786679,0.03423265984407282,-7.593470531902794,0.0,-7.593470531902794,-0.6033226300028519,-0.4674205891246751,-1.0,0.7021827388665693,-0.1572689028120986,-2.0,1.0,3.0,1.0,343.0,0.0,0,0,-2.0,3.0,0.0,5531.25,1.0,5.0,4055.0,1476.25,-12.5,-12.5
1982,2019-06-20,13:25:29,155.71875,155.71875,155.65625,155.65625,285,44374.1875,155.69890350877193,-0.0625,-0.0004014452081211317,155.66781557695018,155.69585712774793,-0.02804155079775228,1.000000000000007,0.00078125,5.000000000000004,-2.236067977499789,0.0007812499999999945,0,1982,0.999975920905751,0.7021827388665693,0.027950849718747273,-10.032450204526045,0.0,-10.032450204526045,-0.8847260371863898,-0.4674205891246751,-1.0,0.6149032089616732,-0.08727952990489618,-1.0,1.0,-2.0,1.0,344.0,-62.5,0,0,-1.0,-2.0,125.0,5656.25,0.0,1.0,4057.5,1598.75,122.5,122.5
1983,2019-06-20,13:32:52,155.65625,155.6875,155.59375,155.65625,285,44358.46875,155.64375,0.0,0.0,155.66524544873906,155.69463844689417,-0.02939299815511731,1.0000000000000009,0.003125,2.3632812499999987,0.8210562104882035,0.0031249999999999976,0,1983,0.9924284672769597,0.6149032089616732,0.05590169943749472,-5.257979354989459,0.0,-5.257979354989459,-0.3338594680062479,-0.4674205891246751,-1.0,0.36847057549827755,-0.2464326334633956,-1.0,1.0,-1.0,0.0,344.0,-62.5,0,0,-1.0,-1.0,-0.0,5656.25,0.0,0.0,4057.5,1598.75,-0.0,122.5
1984,2019-06-20,13:35:57,155.65625,155.71875,155.65625,155.65625,286,44519.1875,155.66149475524475,0.0,0.0,155.6632464601304,155.69345726391282,-0.030210803782409812,1.000000000000001,0.00341796875,2.000000000000002,1.1454053224818188,0.0034179687499999965,0,1984,0.9179023743719338,0.36847057549827755,0.058463396668342806,-5.167473240358028,0.0,-5.167473240358028,-0.3234170976519122,-0.4674205891246751,-1.0,0.058843503602158,-0.30962707189611954,-1.0,1.0,-1.0,0.0,344.0,-62.5,0,0,-1.0,-1.0,-0.0,5656.25,0.0,0.0,4057.5,1598.75,-0.0,-0.0
1985,2019-06-20,13:40:22,155.65625,155.78125,155.65625,155.75,285,44373.4375,155.69627192982455,0.09375,0.0006021073940054578,155.6825250245459,155.6951970404078,-0.012672015861909358,1.0000000000000007,0.0022460937500000003,1.455576559546311,1.1180799331493774,0.002246093749999999,-1,1985,0.7474901609673122,0.058843503602158,0.04739297152532218,-2.673817541729509,0.0,-2.673817541729509,-0.03570530660530191,-0.4674205891246751,-1.0,-0.4610331107906706,-0.5198766143928286,-1.0,1.0,-1.0,0.0,344.0,31.25,0,0,-1.0,-1.0,-93.75,5562.5,0.0,0.0,4057.5,1505.0,-93.75,-0.0
1986,2019-06-20,13:45:10,155.75,155.78125,155.71875,155.71875,285,44389.875,155.75394736842105,-0.03125,-0.00020066218588432605,155.69057501909126,155.6959217468568,-0.00534672776555567,1.0000000000000007,0.002734375,0.5357142857142883,1.0885117692152515,0.002734374999999998,0,1986,0.3014748508303556,-0.4610331107906706,0.0522912516583797,-1.0224899186743515,0.0,-1.0224899186743515,0.15482076653913568,-0.4674205891246751,-0.0,-0.6571812699446054,-0.19614815915393474,-1.0,1.0,-1.0,0.0,344.0,0.0,0,0,-1.0,-1.0,31.25,5593.75,1.0,0.0,4057.5,1536.25,31.25,31.25
1987,2019-06-20,13:52:49,155.71875,155.8125,155.71875,155.75,285,44393.375,155.76622807017543,0.03125,0.00020066218588432605,155.70378057040432,155.69758569310738,0.0061948772969344645,1.0000000000000007,0.005078125,-0.17751479289940994,0.4047960089109366,0.005078124999999996,-1,1987,0.06827207494652537,-0.6571812699446054,0.0712609640686961,0.8693226899039082,0.8693226899039082,0.0,0.2727931097101266,-0.3724299904042303,-0.0,-0.8327087580703788,-0.17552748812577346,-0.0,1.0,-1.0,0.0,344.0,31.25,0,0,-0.0,-1.0,-31.25,5562.5,0.0,1.0,4060.0,1502.5,-33.75,31.25
1988,2019-06-20,14:00:38,155.75,155.78125,155.6875,155.71875,286,44540.15625,155.73481206293707,-0.03125,-0.00020066218588432605,155.7071071103145,155.69823690255026,0.008870207764232418,1.0000000000000022,0.0027343750000000003,-0.6122448979591854,-0.5122408325718829,0.002734374999999994,0,1988,-0.19728104530683252,-0.8327087580703788,0.05229125165837967,1.6963081744881063,1.6963081744881063,0.0,0.2727931097101266,-0.28206556390749027,-0.0,-0.9283967152215605,-0.09568795715118172,-0.0,1.0,-0.0,0.0,344.0,0.0,0,0,-0.0,-0.0,0.0,5562.5,0.0,0.0,4060.0,1502.5,0.0,0.0
1989,2019-06-20,14:02:42,155.71875,155.71875,155.625,155.625,285,44365.53125,155.66853070175438,-0.09375,-0.0006022282627062836,155.6888610858002,155.69598345939488,-0.00712237359468304,1.0000000000000024,0.003125,-2.3242187499999987,-0.052407843222650706,0.0031249999999999932,0,1989,-0.39372141303057345,-0.9283967152215605,0.05590169943749468,-1.2740889215088667,0.0,-1.2740889215088667,0.1257918994943099,-0.4674205891246751,-0.0,-0.9869921848800577,-0.05859546965849716,-0.0,1.0,-0.0,0.0,344.0,-93.75,0,0,-0.0,-0.0,0.0,5562.5,0.0,0.0,4060.0,1502.5,0.0,0.0
1990,2019-06-20,14:05:18,155.625,155.65625,155.5625,155.65625,285,44348.0,155.60701754385966,0.03125,0.0002007830545851519,155.6816141778446,155.69476089141352,-0.013146713568914947,1.000000000000003,0.00244140625,-1.1999999999999993,0.0,0.002441406249999992,-1,1990,-0.5842285542187996,-0.9869921848800577,0.04941058844013085,-2.660707751911188,0.0,-2.660707751911188,-0.034192731669255905,-0.4674205891246751,-1.0,-0.997383648590317,-0.010391463710259341,-0.0,1.0,-0.0,0.0,344.0,-62.5,0,0,-0.0,-0.0,-0.0,5562.5,-1.0,0.0,4060.0,1502.5,-0.0,-0.0
1991,2019-06-20,14:08:20,155.65625,155.65625,155.5625,155.59375,286,44504.75,155.61101398601397,-0.0625,-0.00040160643110098704,155.66208880499028,155.69165286398544,-0.029564058995163123,1.0000000000000004,0.00947265625,0.7620363481772768,0.9334509605008138,0.009472656249999998,0,1991,-0.7563735562316163,-0.997383648590317,0.09732757188998396,-3.0375831248088065,0.0,-3.0375831248088065,-0.07767567464224495,-0.4674205891246751,-1.0,-0.9540537033717352,0.0433299452185818,-1.0,1.0,-0.0,0.0,344.0,-125.0,0,0,-1.0,-0.0,0.0,5562.5,0.0,1.0,4062.5,1500.0,-2.5,-0.0
1992,2019-06-20,14:14:17,155.59375,155.625,155.59375,155.59375,285,44345.3125,155.59758771929825,0.0,0.0,155.64690240388134,155.68864046817052,-0.041738064289177146,0.9999999999999999,0.006542968749999999,2.3991980396524872,1.228195210283377,0.00654296875,0,1992,-0.8864922531015382,-0.9540537033717352,0.0808886194096549,-5.159942720470672,0.0,-5.159942720470672,-0.3225482450009648,-0.4674205891246751,-1.0,-0.871329827025491,0.08272387634624423,-1.0,1.0,-1.0,1.0,345.0,0.0,0,0,-1.0,-1.0,-0.0,5562.5,0.0,0.0,4062.5,1500.0,-0.0,-0.0
1993,2019-06-20,14:17:54,155.59375,155.75,155.59375,155.75,286,44520.28125,155.66531905594405,0.15625,0.0010037138251064448,155.66981298079662,155.6905284537653,-0.02071547296867493,1.0000000000000004,0.00712890625,3.372114843310191,1.703550401550653,0.007128906249999998,-1,1993,-0.9630989723938096,-0.871329827025491,0.08443285053816434,-2.453484969018234,0.0,-2.453484969018234,-0.010283882486674278,-0.4674205891246751,-0.0,-0.7540328384727671,0.11729698855272386,1.0,1.0,-1.0,0.0,345.0,156.25,0,0,1.0,-1.0,-156.25,5406.25,1.0,2.0,4067.5,1338.75,-161.25,-0.0
1994,2019-06-20,14:21:08,155.75,155.78125,155.71875,155.75,285,44386.6875,155.74276315789473,0.0,0.0,155.68763231839736,155.69235834749563,-0.004726029098264917,0.9999999999999996,0.00615234375,-1.2169312169312185,0.828438877369342,0.006152343750000002,0,1994,-0.9976354331154513,-0.7540328384727671,0.0784368774875696,-0.6025264199245924,0.0,-0.6025264199245924,0.20327511028272005,-0.4674205891246751,-0.0,-0.5666418190463786,0.18739101942638858,0.0,-1.0,1.0,1.0,346.0,0.0,0,0,0.0,1.0,0.0,5406.25,0.0,1.0,4070.0,1336.25,-2.5,-2.5
1995,2019-06-20,14:27:35,155.71875,155.78125,155.6875,155.71875,285,44382.625,155.72850877192982,-0.03125,-0.00020066218588432605,155.6945473587535,155.69317039834195,0.0013769604115623224,0.9999999999999992,0.005859375000000001,-1.750000000000001,-0.17010345435994328,0.005859375000000005,0,1995,-0.9833069657758143,-0.5666418190463786,0.07654655446197435,0.17988535489815524,0.17988535489815524,0.0,0.2727931097101266,-0.44776457673564574,-0.0,-0.5425714024722225,0.024070416574156095,0.0,-1.0,0.0,0.0,346.0,-31.25,0,0,0.0,0.0,-0.0,5406.25,0.0,0.0,4070.0,1336.25,-0.0,-0.0
1996,2019-06-20,14:32:16,155.71875,155.8125,155.71875,155.8125,285,44387.96875,155.74725877192984,0.09375,0.0006018658020989776,155.7207590568083,155.696842078393,0.023916978415314816,0.9999999999999998,0.00341796875,-2.897959183673469,0.3818017741606066,0.003417968750000001,-1,1996,-0.9776324634706752,-0.5425714024722225,0.05846339666834284,4.090932066604599,4.090932066604599,0.0,0.2727931097101266,-0.020405814467876815,0.0,0.9816592326165631,1.5242306350887855,0.0,-1.0,0.0,0.0,346.0,62.5,0,0,0.0,0.0,0.0,5406.25,0.0,0.0,4070.0,1336.25,0.0,0.0
1997,2019-06-20,14:34:40,155.8125,155.90625,155.78125,155.90625,285,44423.28125,155.87116228070175,0.09375,0.0006015037775339849,155.76197926640648,155.70328539905785,0.05869386734863724,0.9999999999999993,0.003125,-2.324218750000005,-0.052407843222650706,0.003125000000000002,-1,1997,0.559332204808486,0.9816592326165631,0.05590169943749476,10.499478180312654,10.499478180312654,0.0,0.2727931097101266,0.6798538696961207,1.0,0.6119646978659047,-0.3696945347506584,0.0,-1.0,0.0,0.0,346.0,156.25,0,0,0.0,0.0,0.0,5406.25,1.0,0.0,4070.0,1336.25,0.0,0.0
1998,2019-06-20,14:37:49,155.90625,155.9375,155.875,155.90625,285,44435.90625,155.9154605263158,0.0,0.0,155.7940394294273,155.70953046370224,0.08450896572506394,0.9999999999999993,0.003125,-2.324218750000005,-0.052407843222650706,0.003125000000000002,0,1998,0.9919645903782616,0.6119646978659047,0.05590169943749476,15.117423365555418,15.117423365555418,0.0,0.2727931097101266,1.184455191045381,1.0,0.41305970994056346,-0.19890498792534123,-1.0,-1.0,0.0,0.0,346.0,156.25,0,0,-1.0,0.0,0.0,5406.25,0.0,1.0,4072.5,1333.75,-2.5,0.0
1999,2019-06-20,14:40:52,155.90625,155.96875,155.90625,155.9375,285,44442.8125,155.93969298245614,0.03125,0.0002004208845267641,155.82591955622124,155.71654491097294,0.10937464524829466,0.9999999999999998,0.0021484374999999997,0.8677685950413286,0.5516180692881066,0.0021484375,-1,1999,0.9360422573239688,0.41305970994056346,0.046351240544347895,23.596918650677168,20.0,0.0,0.2727931097101266,1.7179727020810263,2.0,0.24144531153601542,-0.17161439840454804,1.0,1.0,-1.0,1.0,347.0,31.25,0,0,1.0,-1.0,-31.25,5375.0,1.0,2.0,4077.5,1297.5,-36.25,-2.5
2000,2019-06-20,14:43:46,155.9375,155.96875,155.90625,155.90625,285,44437.6875,155.9217105263158,-0.03125,-0.0002004208845267641,155.84377076594987,155.7223819906353,0.12138877531455705,1.0000000000000036,0.00068359375,-0.612244897959183,-0.5122408325718831,0.0006835937499999976,0,2000,0.8569142394785845,0.24144531153601542,0.026145625829189813,46.42794787456751,20.0,0.0,0.2727931097101266,1.7179727020810263,2.0,0.025988061594213203,-0.2154572499418022,2.0,1.0,1.0,1.0,348.0,-31.25,0,0,2.0,1.0,-31.25,5343.75,0.0,1.0,4080.0,1263.75,-33.75,-33.75
2001,2019-06-20,14:49:14,155.90625,155.9375,155.875,155.9375,285,44438.21875,155.9235745614035,0.03125,0.0002004208845267641,155.8645994846277,155.7290010063081,0.1355984783195936,1.0000000000000036,0.00068359375,-0.612244897959183,-0.5122408325718831,0.0006835937499999976,-1,2001,0.7252442927813586,0.025988061594213203,0.026145625829189813,51.86277781433218,20.0,0.0,0.2727931097101266,1.7179727020810263,2.0,-0.1562320237868283,-0.1822200853810415,2.0,1.0,2.0,0.0,348.0,0.0,0,0,2.0,2.0,62.5,5406.25,0.0,0.0,4080.0,1326.25,62.5,62.5
2002,2019-06-20,14:53:29,155.9375,155.96875,155.90625,155.9375,284,44285.59375,155.9351892605634,0.0,0.0,155.88079959915487,155.73541635996017,0.1453832391947003,1.0000000000000036,0.00068359375,-0.612244897959183,-0.5122408325718831,0.0006835937499999976,0,2002,0.5879510571877526,-0.1562320237868283,0.026145625829189813,55.605186177027676,20.0,0.0,0.2727931097101266,1.7179727020810263,2.0,-0.35149547031641654,-0.19526344652958824,2.0,1.0,2.0,0.0,348.0,0.0,0,0,2.0,2.0,0.0,5406.25,0.0,0.0,4080.0,1326.25,0.0,62.5
2003,2019-06-20,14:56:39,155.9375,155.96875,155.90625,155.9375,285,44445.71875,155.94989035087718,0.0,0.0,155.89339968823157,155.74163431811525,0.15176537011632263,1.0000000000000022,0.00029296875,-3.333333333333344,-0.6085806194501838,0.00029296874999999934,0,2003,0.4134411716318372,-0.35149547031641654,0.017116329922036422,88.66700443821912,20.0,0.0,0.2727931097101266,1.7179727020810263,2.0,-0.5429835045514314,-0.19148803423501487,2.0,1.0,2.0,0.0,348.0,0.0,0,0,2.0,2.0,0.0,5406.25,0.0,0.0,4080.0,1326.25,0.0,0.0
2004,2019-06-20,14:58:03,155.9375,155.96875,155.9375,155.96875,285,44445.25,155.9482456140351,0.03125,0.00020038072404471308,155.9101442019579,155.7486224929425,0.1615217090154033,1.0000000000000053,0.00029296875,-3.3333333333333304,0.6085806194501845,0.00029296874999999847,-1,2004,0.20984090748562462,-0.5429835045514314,0.017116329922036395,94.36702245815698,20.0,0.0,0.2727931097101266,1.7179727020810263,2.0,-0.754838441647638,-0.21185493709620662,2.0,1.0,2.0,0.0,348.0,31.25,0,0,2.0,2.0,62.5,5468.75,0.0,0.0,4080.0,1388.75,62.5,62.5
2005,2019-06-20,15:01:26,155.96875,156.0,155.9375,156.0,285,44456.40625,155.9873903508772,0.03125,0.00020034057965467866,155.93011215707838,155.75635718546738,0.17375497161100384,1.0000000000000053,0.00029296875,-3.3333333333333304,0.6085806194501845,0.00029296874999999847,-1,2005,-0.06995243350130331,-0.754838441647638,0.017116329922036395,101.51415192535127,20.0,0.0,0.2727931097101266,1.7179727020810263,2.0,-0.8600611926665739,-0.10522275101893586,2.0,1.0,2.0,0.0,348.0,62.5,0,0,2.0,2.0,62.5,5531.25,0.0,0.0,4080.0,1451.25,62.5,62.5
2006,2019-06-20,15:03:11,156.0,156.0,155.9375,156.0,284,44300.59375,155.98800616197184,0.0,0.0,155.94564278883874,155.76385388745302,0.18178890138571546,1.0000000000000036,0.00068359375,-0.612244897959183,-0.5122408325718831,0.0006835937499999976,0,2006,-0.2473956631147741,-0.8600611926665739,0.026145625829189813,69.52937465461642,20.0,0.0,0.2727931097101266,1.7179727020810263,2.0,-0.9216064993938876,-0.06154530672731373,2.0,1.0,2.0,0.0,348.0,62.5,0,0,2.0,2.0,0.0,5531.25,0.0,0.0,4080.0,1451.25,0.0,62.5
2007,2019-06-20,15:07:25,156.0,156.03125,155.96875,156.0,285,44460.21875,156.00076754385964,0.0,0.0,155.9577221690968,155.77111992168525,0.18660224741154252,1.000000000000001,0.00126953125,-0.17751479289940755,0.4047960089109363,0.0012695312499999985,0,2007,-0.3772279808158175,-0.9216064993938876,0.03563048203434804,52.37151920416249,20.0,0.0,0.2727931097101266,1.7179727020810263,2.0,-0.9618102521210106,-0.040203752727122954,2.0,1.0,2.0,0.0,348.0,62.5,0,0,2.0,2.0,0.0,5531.25,0.0,0.0,4080.0,1451.25,0.0,0.0
2008,2019-06-20,15:11:43,155.96875,156.0,155.9375,155.96875,285,44453.1875,155.97609649122808,-0.03125,-0.00020034057965467866,155.96017279818642,155.77720084717188,0.18297195101453667,1.0000000000000002,0.0017578124999999998,-2.4074074074074083,0.1656346649999846,0.0017578124999999994,0,2008,-0.4865553493463138,-0.9618102521210106,0.04192627457812105,43.64135684738834,20.0,0.0,0.2727931097101266,1.7179727020810263,2.0,-0.9680859719204792,-0.006275719799468615,2.0,1.0,2.0,0.0,348.0,31.25,0,0,2.0,2.0,-62.5,5468.75,0.0,0.0,4080.0,1388.75,-62.5,0.0
2009,2019-06-20,15:16:43,155.96875,156.0625,155.9375,156.03125,285,44459.53125,155.9983552631579,0.0625,0.0004006410310006814,155.97596773192276,155.785017744182,0.19094998774076544,0.9999999999999999,0.0016601562499999997,-1.4878892733564004,-0.5413870509510853,0.0016601562500000002,-1,2009,-0.5073262297505596,-0.9680859719204792,0.040745015032516554,46.86462566976054,20.0,0.0,0.2727931097101266,1.7179727020810263,2.0,-0.9758997116855047,-0.00781373976502553,2.0,1.0,2.0,0.0,348.0,93.75,0,0,2.0,2.0,125.0,5593.75,0.0,0.0,4080.0,1513.75,125.0,125.0
2010,2019-06-20,15:21:19,156.03125,156.125,156.0,156.09375,284,44326.40625,156.07889524647888,0.0625,0.000400480582044338,156.00214156927328,155.7945171982072,0.207624371066089,1.0000000000000002,0.0022460937500000003,-3.081285444234405,-0.3153558785805939,0.0022460937499999994,-1,2010,-0.535760811519161,-0.9758997116855047,0.04739297152532219,43.8091059462593,20.0,0.0,0.2727931097101266,1.7179727020810263,2.0,-0.9674397201991412,0.00845999148636356,2.0,1.0,2.0,0.0,348.0,156.25,0,0,2.0,2.0,125.0,5718.75,0.0,0.0,4080.0,1638.75,125.0,125.0
2011,2019-06-20,15:27:17,156.09375,156.125,156.0625,156.125,285,44487.53125,156.09660087719297,0.03125,0.00020018016281397877,156.02944344276813,155.80468589980083,0.22475754296729633,0.9999999999999999,0.0016601562499999997,-1.4878892733564004,-0.5413870509510853,0.0016601562500000002,-1,2011,-0.5051133737508666,-0.9674397201991412,0.040745015032516554,55.16197325928794,20.0,0.0,0.2727931097101266,1.7179727020810263,2.0,-0.9456586356995708,0.02178108449957039,2.0,1.0,2.0,0.0,348.0,187.5,0,0,2.0,2.0,62.5,5781.25,0.0,0.0,4080.0,1701.25,62.5,125.0
2012,2019-06-20,15:30:48,156.125,156.15625,156.09375,156.09375,284,44338.9375,156.12301936619718,-0.03125,-0.00020018016281397877,156.04373378881968,155.81358017980696,0.2301536090127172,1.0000000000000013,0.00244140625,-1.2000000000000004,0.0,0.0024414062499999965,0,2012,-0.43875801109958873,-0.9456586356995708,0.049410588440130895,46.57981543603481,20.0,0.0,0.2727931097101266,1.7179727020810263,2.0,-0.932417621641052,0.01324101405851874,2.0,1.0,2.0,0.0,348.0,156.25,0,0,2.0,2.0,-62.5,5718.75,0.0,0.0,4080.0,1638.75,-62.5,62.5
2013,2019-06-20,15:36:01,156.09375,156.09375,156.03125,156.09375,285,44479.78125,156.06940789473686,0.0,0.0,156.05484850241533,155.82220078965906,0.23264771275626117,1.0000000000000042,0.00126953125,-0.17751479289940755,-0.4047960089109363,0.0012695312499999948,0,2013,-0.4037827407244478,-0.932417621641052,0.03563048203434799,65.2945734868216,20.0,0.0,0.2727931097101266,1.7179727020810263,2.0,-0.931040170274756,0.0013774513662959675,2.0,1.0,2.0,0.0,348.0,156.25,0,0,2.0,2.0,0.0,5718.75,0.0,0.0,4080.0,1638.75,0.0,0.0
2014,2019-06-20,15:43:04,156.09375,156.125,156.0,156.03125,284,44315.71875,156.04126320422534,-0.0625,-0.000400480582044338,156.04960439076748,155.8286330730542,0.2209713177132926,1.000000000000008,0.0009765625,-2.9999999999999964,9.251858538542974e-16,0.0009765624999999922,0,2014,-0.4003097415300227,-0.931040170274756,0.031249999999999875,70.71082166825391,20.0,0.0,0.2727931097101266,1.7179727020810263,2.0,-0.9374605598702331,-0.006420389595477083,2.0,1.0,2.0,0.0,348.0,93.75,0,0,2.0,2.0,-125.0,5593.75,0.0,0.0,4080.0,1513.75,-125.0,0.0
2015,2019-06-20,15:46:32,156.03125,156.0625,156.0,156.03125,285,44463.1875,156.01118421052632,0.0,0.0,156.0455256372636,155.83486744003716,0.21065819722645074,1.000000000000008,0.0009765625,-2.9999999999999964,9.251858538542974e-16,0.0009765624999999922,0,2015,-0.41674685244114645,-0.9374605598702331,0.031249999999999875,67.4106231124645,20.0,0.0,0.2727931097101266,1.7179727020810263,2.0,-0.9607466955927711,-0.023286135722538015,2.0,1.0,2.0,0.0,348.0,93.75,0,0,2.0,2.0,0.0,5593.75,0.0,0.0,4080.0,1513.75,0.0,0.0
2016,2019-06-20,15:50:05,156.03125,156.0625,155.96875,155.96875,285,44461.6875,156.00592105263158,-0.0625,-0.0004006410310006814,156.02846438453838,155.83898690342065,0.18947748111773421,1.000000000000008,0.0009765625,-2.9999999999999964,9.251858538542974e-16,0.0009765624999999922,0,2016,-0.48317993111218255,-0.9607466955927711,0.031249999999999875,60.63279395767519,20.0,0.0,0.2727931097101266,1.7179727020810263,2.0,-0.9720478679136544,-0.011301172320883235,2.0,1.0,2.0,0.0,348.0,31.25,0,0,2.0,2.0,-125.0,5468.75,0.0,0.0,4080.0,1388.75,-125.0,0.0
2017,2019-06-20,15:55:08,155.96875,156.0,155.875,155.9375,285,44443.3125,155.94144736842105,-0.03125,-0.00020038072404471308,156.0082500768632,155.84201807562312,0.16623200124007553,1.0000000000000078,0.00078125,0.3124999999999976,-1.257788237343632,0.000781249999999994,0,2017,-0.5213251602122376,-0.9720478679136544,0.027950849718747263,59.47296876938235,20.0,0.0,0.2727931097101266,1.7179727020810263,2.0,-0.9848274689573018,-0.012779601043647393,2.0,1.0,2.0,0.0,348.0,0.0,0,0,2.0,2.0,-62.5,5406.25,0.0,0.0,4080.0,1326.25,-62.5,-62.5
2018,2019-06-20,15:58:10,155.9375,155.96875,155.90625,155.9375,285,44443.0,155.94035087719297,0.0,0.0,155.9925278375603,155.84495598098857,0.1475718565717159,1.000000000000008,0.0009765625,-2.9999999999999964,9.251858538542974e-16,0.0009765624999999922,0,2018,-0.5736694688125726,-0.9848274689573018,0.031249999999999875,47.22299410294927,20.0,0.0,0.2727931097101266,1.7179727020810263,2.0,-0.9878509935736502,-0.003023524616348472,2.0,1.0,2.0,0.0,348.0,0.0,0,0,2.0,2.0,0.0,5406.25,0.0,0.0,4080.0,1326.25,0.0,0.0
2019,2019-06-20,16:02:41,155.9375,155.96875,155.90625,155.9375,284,44287.0625,155.94036091549296,0.0,0.0,155.98029942921357,155.84780348926586,0.13249593994771658,1.0000000000000042,0.00126953125,-0.17751479289940755,-0.4047960089109363,0.0012695312499999948,0,2019,-0.5886288884726304,-0.9878509935736502,0.03563048203434799,37.186120530165645,20.0,0.0,0.2727931097101266,1.7179727020810263,2.0,-0.9891435493098906,-0.0012925557362403195,2.0,1.0,2.0,0.0,348.0,0.0,0,0,2.0,2.0,0.0,5406.25,0.0,0.0,4080.0,1326.25,0.0,0.0
2020,2019-06-20,16:08:45,155.9375,156.0,155.875,155.875,285,44442.0625,155.93706140350878,-0.0625,-0.0004008819456373658,155.95689955605502,155.84864030498076,0.1082592510742586,1.0000000000000024,0.00146484375,2.0000000000000013,-1.3608276348795436,0.0014648437499999965,0,2020,-0.5955189981664621,-0.9891435493098906,0.03827327723098711,28.28585867389712,20.0,0.0,0.2727931097101266,1.7179727020810263,2.0,-0.996503937332466,-0.007360388022575437,2.0,1.0,2.0,0.0,348.0,-62.5,0,0,2.0,2.0,-125.0,5281.25,0.0,0.0,4080.0,1201.25,-125.0,0.0
2021,2019-06-20,16:10:32,155.875,155.90625,155.84375,155.90625,285,44426.15625,155.88125,0.03125,0.0002004610611106017,155.9456440991539,155.8504129109814,0.0952311881725052,1.0000000000000024,0.00146484375,2.0000000000000013,-1.3608276348795436,0.0014648437499999965,-1,2021,-0.6455588806080265,-0.996503937332466,0.03827327723098711,24.881900652971357,20.0,0.0,0.2727931097101266,1.7179727020810263,2.0,-0.9998324608963822,-0.003328523563916219,2.0,1.0,2.0,0.0,348.0,-31.25,0,0,2.0,2.0,62.5,5343.75,0.0,0.0,4080.0,1263.75,62.5,62.5
2022,2019-06-20,16:13:58,155.90625,155.96875,155.875,155.9375,285,44436.78125,155.91853070175438,0.03125,0.0002004208845267641,155.94383429934192,155.85309251372044,0.09074178562147495,1.0000000000000022,0.00224609375,-3.081285444234402,-0.31535587858059355,0.0022460937499999946,-1,2022,-0.6940451655832263,-0.9998324608963822,0.04739297152532213,19.14667569915752,19.14667569915752,0.0,0.2727931097101266,1.6247302419668286,2.0,-0.9856427774957945,0.014189683400587683,2.0,1.0,2.0,0.0,348.0,0.0,0,0,2.0,2.0,62.5,5406.25,0.0,0.0,4080.0,1326.25,62.5,62.5
2023,2019-06-20,16:16:30,155.9375,155.96875,155.90625,155.9375,285,44438.625,155.925,0.0,0.0,155.94242667726596,155.85568966714445,0.08673701012151014,1.0000000000000022,0.0032226562500000003,-2.231404958677686,-0.5671631517317615,0.0032226562499999938,0,2023,-0.816345468595994,-0.9856427774957945,0.05676844413932791,15.279088838268983,15.279088838268983,0.0,0.2727931097101266,1.2021203230197721,1.0,-0.9399722059146641,0.045670571581130415,2.0,1.0,2.0,0.0,348.0,0.0,0,0,2.0,2.0,0.0,5406.25,-1.0,0.0,4080.0,1326.25,0.0,62.5
2024,2019-06-20,16:21:52,155.9375,155.9375,155.84375,155.875,285,44429.4375,155.89276315789473,-0.0625,-0.0004008819456373658,155.92744297120686,155.85628383123233,0.07115913997452594,1.0000000000000036,0.00263671875,-1.6872427983539093,0.5184205276797864,0.002636718749999991,0,2024,-0.9059616244789581,-0.9399722059146641,0.051348989766109236,13.857943515276627,13.857943515276627,0.0,0.2727931097101266,1.0468322502849796,1.0,-0.8336798022590377,0.10629240365562642,1.0,1.0,2.0,0.0,348.0,-62.5,0,0,1.0,2.0,-125.0,5281.25,0.0,1.0,4082.5,1198.75,-127.5,0.0
2025,2019-06-20,16:24:42,155.875,155.90625,155.78125,155.78125,285,44411.1875,155.82872807017543,-0.09375,-0.0006016244039885876,155.89495564427202,155.85397509796366,0.040980546308361454,1.0000000000000098,0.001171875,2.916666666666707,1.293233816331645,0.0011718749999999882,0,2025,-0.97999903287296,-0.8336798022590377,0.03423265984407271,11.97118380371986,11.97118380371986,0.0,0.2727931097101266,0.8406666494973114,1.0,-0.6356037900201895,0.1980760122388482,-1.0,1.0,1.0,0.0,348.0,-156.25,0,0,-1.0,1.0,-93.75,5187.5,0.0,2.0,4087.5,1100.0,-98.75,-98.75
2026,2019-06-20,16:27:12,155.78125,155.78125,155.6875,155.71875,285,44386.40625,155.74177631578948,-0.0625,-0.0004012841145337731,155.8557988344338,155.84981432571863,0.005984508715187076,1.0000000000000049,0.00224609375,3.724007561436686,1.7487916903105667,0.0022460937499999894,0,2026,-0.9953370948677532,-0.6356037900201895,0.047392971525322077,1.2627418206916086,1.2627418206916086,0.0,0.2727931097101266,-0.3294412139514593,-0.0,-0.28900341653640993,0.3466003734837796,-1.0,-1.0,-1.0,1.0,349.0,-62.5,0,0,-1.0,-1.0,62.5,5250.0,-1.0,0.0,4087.5,1162.5,62.5,62.5
2027,2019-06-20,16:34:10,155.71875,155.71875,155.625,155.65625,285,44366.5625,155.672149122807,-0.0625,-0.0004014452081211317,155.8114546490041,155.8438585003119,-0.0324038513078051,1.0000000000000044,0.0022460937500000003,1.4555765595463086,1.1180799331493776,0.0022460937499999903,0,2027,-0.8812894426414974,-0.28900341653640993,0.04739297152532209,-6.837269380859924,0.0,-6.837269380859924,-0.5160740223952691,-0.4674205891246751,-1.0,-0.037020173493775135,0.2519832430426348,0.0,-1.0,-1.0,0.0,349.0,-125.0,0,0,0.0,-1.0,62.5,5312.5,-1.0,1.0,4090.0,1222.5,60.0,62.5
2028,2019-06-20,16:38:38,155.65625,155.6875,155.625,155.6875,286,44521.96875,155.6712194055944,0.03125,0.0002007427488424085,155.78390917144768,155.83904746953309,-0.05513829808541004,1.000000000000001,0.00322265625,-2.2314049586776847,0.5671631517317617,0.0032226562499999955,-1,2028,-0.7327992882415368,-0.037020173493775135,0.05676844413932793,-9.71284292204363,0.0,-9.71284292204363,-0.8478505440198192,-0.4674205891246751,-1.0,0.18598364361905462,0.22300381711282974,1.0,-1.0,0.0,0.0,349.0,-93.75,0,0,1.0,0.0,0.0,5312.5,0.0,1.0,4092.5,1220.0,-2.5,60.0
2029,2019-06-20,16:42:11,155.6875,155.71875,155.65625,155.65625,285,44371.8125,155.6905701754386,-0.03125,-0.0002007427488424085,155.75554046668154,155.83342293200903,-0.07788246532749099,1.0000000000000009,0.00263671875,-1.6872427983539093,-0.5184205276797869,0.0026367187499999984,0,2029,-0.5632594807742124,0.18598364361905462,0.051348989766109306,-15.167282877859842,0.0,-15.167282877859842,-1.477170257125031,-0.4674205891246751,-2.0,0.31005843919133175,0.12407479557227713,1.0,-1.0,1.0,1.0,350.0,-31.25,0,0,1.0,1.0,-31.25,5281.25,-1.0,0.0,4092.5,1188.75,-31.25,-2.5
2030,2019-06-20,16:48:31,155.65625,155.71875,155.625,155.71875,285,44365.65625,155.66896929824563,0.0625,0.0004014452081211317,155.747364807419,155.82989453410107,-0.08252972668208258,1.0000000000000009,0.00263671875,-1.6872427983539093,-0.5184205276797869,0.0026367187499999984,-1,2030,-0.4530143661330306,0.31005843919133175,0.051348989766109306,-16.072317499915602,0.0,-16.072317499915602,-1.5815909003654214,-0.4674205891246751,-2.0,0.36334493057834893,0.05328649138701719,2.0,-1.0,1.0,0.0,350.0,31.25,0,0,2.0,1.0,62.5,5343.75,0.0,1.0,4095.0,1248.75,60.0,60.0
2031,2019-06-20,16:56:40,155.71875,155.78125,155.71875,155.75,285,44386.78125,155.74309210526314,0.03125,0.00020066218588432605,155.74795040577033,155.82743624074413,-0.07948583497380923,1.0000000000000016,0.00263671875,-1.6872427983539093,0.5184205276797869,0.0026367187499999963,-1,2031,-0.4018556847106597,0.36334493057834893,0.051348989766109285,-15.479532379480322,0.0,-15.479532379480322,-1.5131968278396848,-0.4674205891246751,-2.0,0.34603785804086973,-0.017307072537479207,-2.0,-1.0,2.0,0.0,350.0,62.5,0,0,-2.0,2.0,62.5,5406.25,0.0,4.0,4105.0,1301.25,52.5,60.0
2032,2019-06-20,17:01:47,155.78125,155.8125,155.6875,155.6875,286,44544.625,155.75043706293707,-0.0625,-0.00040136464516304926,155.73451698226583,155.82313051025972,-0.08861352799388555,1.0000000000000009,0.00263671875,-1.6872427983539093,-0.5184205276797869,0.0026367187499999984,0,2032,-0.41873639732133516,0.34603785804086973,0.051348989766109306,-17.257112242619254,0.0,-17.257112242619254,-1.7182895703676013,-0.4674205891246751,-2.0,0.39124690784571703,0.0452090498048473,2.0,-1.0,-2.0,1.0,351.0,-62.5,0,0,2.0,-2.0,125.0,5531.25,0.0,4.0,4115.0,1416.25,115.0,115.0
2033,2019-06-20,17:07:33,155.6875,155.6875,155.59375,155.65625,285,44359.3125,155.6467105263158,-0.03125,-0.0002007427488424085,155.7171243195401,155.81799572532867,-0.10087140578858111,1.0000000000000024,0.0022460937500000003,-3.081285444234405,0.3153558785805939,0.002246093749999994,0,2033,-0.37408695104963485,0.39124690784571703,0.04739297152532213,-21.284043296311435,0.0,-20.0,-2.034757136339064,-0.4674205891246751,-3.0,0.496206706063197,0.10495979821747997,2.0,-1.0,2.0,1.0,352.0,-31.25,0,0,2.0,2.0,-62.5,5468.75,-1.0,0.0,4115.0,1353.75,-62.5,115.0
2034,2019-06-20,17:16:49,155.65625,155.6875,155.625,155.6875,285,44363.40625,155.6610745614035,0.03125,0.0002007427488424085,155.71054113742008,155.81398047224164,-0.10343933482155876,1.0000000000000053,0.0016601562499999997,2.664359861591688,1.714392328011769,0.0016601562499999908,-1,2034,-0.2630421020181619,0.496206706063197,0.04074501503251644,-25.386991448894864,0.0,-20.0,-2.034757136339064,-0.4674205891246751,-3.0,0.583969506302454,0.08776280023925703,3.0,-1.0,2.0,0.0,352.0,0.0,0,0,3.0,2.0,62.5,5531.25,0.0,1.0,4117.5,1413.75,60.0,60.0
2035,2019-06-20,17:25:35,155.6875,155.71875,155.5625,155.625,286,44513.03125,155.6399694055944,-0.0625,-0.0004015258034275604,155.6915319957712,155.80816568848036,-0.11663369270917201,1.000000000000004,0.0016601562499999997,-1.4878892733564004,0.5413870509510853,0.001660156249999993,0,2035,-0.16108322970912556,0.583969506302454,0.04074501503251647,-28.62526682493374,0.0,-20.0,-2.034757136339064,-0.4674205891246751,-3.0,0.6913923189284923,0.10742281262603826,3.0,-1.0,3.0,0.0,352.0,-62.5,0,0,3.0,3.0,-187.5,5343.75,0.0,0.0,4117.5,1226.25,-187.5,60.0
2036,2019-06-20,17:30:43,155.625,155.625,155.5625,155.5625,285,44345.09375,155.5968201754386,-0.0625,-0.0004016870911609516,155.66285821893317,155.80060674421946,-0.13774852528629822,1.0000000000000013,0.003125,-2.32421875,0.052407843222651435,0.003124999999999996,0,2036,-0.021981972891446513,0.6913923189284923,0.055901699437494706,-24.641205307240934,0.0,-20.0,-2.034757136339064,-0.4674205891246751,-3.0,0.7433679477014979,0.051975628773005655,3.0,-1.0,3.0,0.0,352.0,-125.0,0,0,3.0,3.0,-187.5,5156.25,0.0,0.0,4117.5,1038.75,-187.5,-187.5
2037,2019-06-20,17:32:27,155.5625,155.5625,155.53125,155.5625,286,44486.65625,155.54774912587413,0.0,0.0,155.6405563925036,155.79328038285888,-0.15272399035526973,0.9999999999999999,0.006640624999999999,-1.4878892733564004,0.5413870509510851,0.006640624999999999,0,2037,0.05266900896349147,0.7433679477014979,0.08149003006503311,-18.741432569528857,0.0,-18.741432569528857,-1.8895467571464049,-0.4674205891246751,-2.0,0.7885256576752789,0.04515770997378099,3.0,-1.0,3.0,0.0,352.0,-125.0,0,0,3.0,3.0,0.0,5156.25,1.0,0.0,4117.5,1038.75,0.0,0.0
2038,2019-06-20,17:36:30,155.5625,155.625,155.53125,155.625,285,44342.0,155.5859649122807,0.0625,0.0004016870911609516,155.6370994163917,155.78810252492477,-0.1510031085330752,0.9999999999999999,0.0056640625,-0.9453032104637344,0.6013638196305312,0.0056640625,-1,2038,0.12269985438738161,0.7885256576752789,0.07525996611745185,-20.064200972056966,0.0,-20.0,-2.034757136339064,-0.4674205891246751,-3.0,0.8472407062759539,0.058715048600675,2.0,-1.0,3.0,0.0,352.0,-62.5,0,0,2.0,3.0,187.5,5343.75,-1.0,1.0,4120.0,1223.75,185.0,185.0
2039,2019-06-20,17:41:31,155.625,155.75,155.625,155.75,285,44364.5625,155.66513157894738,0.125,0.0008028904485906097,155.6621884349713,155.78693013954248,-0.12474170457116429,0.9999999999999996,0.00390625,-0.1874999999999988,0.9374999999999997,0.003906250000000002,-1,2039,0.22346804014858834,0.8472407062759539,0.06250000000000001,-19.958672731386283,0.0,-19.958672731386283,-2.029988898896158,-0.4674205891246751,-2.0,0.8847214596975282,0.03748075342157431,3.0,-1.0,2.0,0.0,352.0,62.5,0,0,3.0,2.0,250.0,5593.75,1.0,1.0,4122.5,1471.25,247.5,247.5
2040,2019-06-20,17:51:57,155.75,155.78125,155.71875,155.71875,286,44541.65625,155.7400568181818,-0.03125,-0.00020066218588432605,155.67475767164436,155.78483228909502,-0.11007461745066394,1.0,0.00712890625,-0.6811784574967147,0.18252325730899852,0.007128906249999999,0,2040,0.29599586678648093,0.8847214596975282,0.08443285053816435,-13.036941989884529,0.0,-13.036941989884529,-1.2313768251142267,-0.4674205891246751,-2.0,0.9241685733215224,0.03944711362399411,2.0,-1.0,3.0,0.0,352.0,31.25,0,0,2.0,3.0,-93.75,5500.0,0.0,1.0,4125.0,1375.0,-96.25,247.5
2041,2019-06-20,17:58:22,155.71875,155.75,155.71875,155.71875,285,44379.90625,155.7189692982456,0.0,0.0,155.68453374461228,155.7827989878921,-0.09826524327982611,1.0000000000000007,0.008105468749999999,1.331107562781246,1.2169587297571165,0.008105468749999994,0,2041,0.3833817666256507,0.9241685733215224,0.09003037681804955,-10.91467644064393,0.0,-10.91467644064393,-0.9865151055976336,-0.4674205891246751,-1.0,0.960349579121006,0.03618100579948369,2.0,-1.0,2.0,0.0,352.0,31.25,0,0,2.0,2.0,0.0,5500.0,1.0,0.0,4125.0,1375.0,0.0,0.0
2042,2019-06-20,18:10:17,155.71875,155.75,155.59375,155.625,285,44361.21875,155.65339912280703,-0.09375,-0.0006022282627062836,155.67130402358734,155.7779436344185,-0.10663961083116646,1.000000000000003,0.003125,-2.324218750000005,0.052407843222650706,0.0031249999999999906,0,2042,0.4819292854297543,0.960349579121006,0.05590169943749466,-19.076273513008914,0.0,-19.076273513008914,-1.9281798722221422,-0.4674205891246751,-2.0,0.9873767399220406,0.02702716080103451,1.0,-1.0,2.0,0.0,352.0,-62.5,0,0,1.0,2.0,-187.5,5312.5,-1.0,1.0,4127.5,1185.0,-190.0,0.0
2043,2019-06-20,18:19:00,155.625,155.625,155.53125,155.53125,286,44500.96875,155.59779283216784,-0.09375,-0.0006025911601437173,155.64018090723462,155.77035306105182,-0.13017215381719893,1.0000000000000004,0.006640624999999999,-1.8122837370242202,0.16354400497480706,0.006640624999999995,0,2043,0.5861826333532336,0.9873767399220406,0.08149003006503308,-15.973997520103394,0.0,-15.973997520103394,-1.5702469856850605,-0.4674205891246751,-2.0,0.9947005970966487,0.0073238571746081504,2.0,-1.0,1.0,0.0,352.0,-156.25,0,0,2.0,1.0,-93.75,5218.75,0.0,1.0,4130.0,1088.75,-96.25,-96.25
2044,2019-06-20,18:26:52,155.53125,155.59375,155.5,155.5625,285,44327.3125,155.5344298245614,0.03125,0.0002009040689827657,155.62291848340473,155.76395758225024,-0.14103909884551058,1.0000000000000009,0.007031249999999999,-1.53935185185185,0.812645075156174,0.007031249999999992,-1,2044,0.6306590486846769,0.9947005970966487,0.08385254915624207,-16.81989400020661,0.0,-16.81989400020661,-1.6678444172247768,-0.4674205891246751,-2.0,0.998942363556206,0.004241766459557317,2.0,-1.0,2.0,0.0,352.0,-125.0,0,0,2.0,2.0,62.5,5281.25,0.0,0.0,4130.0,1151.25,62.5,62.5
2045,2019-06-20,18:34:37,155.5625,155.65625,155.53125,155.65625,286,44497.90625,155.5870847902098,0.09375,0.0006024701457461035,155.6303254870926,155.76064350279643,-0.1303180157038355,1.0000000000000004,0.00654296875,-2.412564045444421,-0.36326900585846356,0.006542968749999998,-1,2045,0.6738461964466526,0.998942363556206,0.08088861940965489,-16.11079737235331,0.0,-16.11079737235331,-1.5860306123210002,-0.4674205891246751,-2.0,0.9982199645565292,-0.0007223989996768543,-2.0,-1.0,2.0,0.0,352.0,-31.25,0,0,-2.0,2.0,187.5,5468.75,0.0,4.0,4140.0,1328.75,177.5,177.5
2046,2019-06-20,18:39:27,155.65625,155.6875,155.5625,155.59375,285,44352.90625,155.62423245614036,-0.0625,-0.00040160643110098704,155.62219760107203,155.75550831809502,-0.13331071702299369,0.9999999999999997,0.0036132812500000006,2.607742878013145,-1.5174736878455115,0.0036132812500000023,0,2046,0.6636764191016776,0.9982199645565292,0.06011057519272297,-22.177581331667643,0.0,-20.0,-2.034757136339064,-0.4674205891246751,-3.0,0.9988261827105931,0.00060621815406392,2.0,-1.0,-2.0,1.0,353.0,-62.5,0,0,2.0,-2.0,125.0,5593.75,-1.0,4.0,4150.0,1443.75,115.0,177.5
2047,2019-06-20,18:46:46,155.59375,155.71875,155.59375,155.65625,286,44517.3125,155.6549388111888,0.0625,0.00040160643110098704,155.6297648008338,155.75245421599982,-0.12268941516600762,1.0,0.00458984375,-2.367587143503846,-0.5594072218898565,0.00458984375,-1,2047,0.6720258054889553,0.9988261827105931,0.06774838558962125,-18.109570301672708,0.0,-18.109570301672708,-1.816644060563372,-0.4674205891246751,-2.0,0.9981576852498212,-0.0006684974607719107,-3.0,-1.0,2.0,1.0,354.0,62.5,0,0,-3.0,2.0,125.0,5718.75,1.0,5.0,4162.5,1556.25,112.5,115.0
2048,2019-06-20,18:55:20,155.65625,155.71875,155.625,155.71875,285,44363.65625,155.66195175438597,0.0625,0.0004014452081211317,155.64953928953742,155.75141716319985,-0.10187787366243128,1.0000000000000004,0.00322265625,-2.2314049586776847,-0.5671631517317617,0.003222656249999998,-1,2048,0.7487064884755787,0.9981576852498212,0.05676844413932795,-17.94621557927329,0.0,-17.94621557927329,-1.7977965990700682,-0.4674205891246751,-2.0,0.9942493593893478,-0.003908325860473405,-2.0,-1.0,-3.0,1.0,355.0,62.5,0,0,-2.0,-3.0,-187.5,5531.25,0.0,1.0,4165.0,1366.25,-190.0,112.5
2049,2019-06-20,18:59:19,155.71875,155.71875,155.65625,155.6875,285,44372.09375,155.69155701754386,-0.03125,-0.0002007024592787232,155.65797500297356,155.74945048125525,-0.09147547828169422,0.9999999999999984,0.0022460937500000003,1.4555765595463086,-1.1180799331493776,0.0022460937500000033,0,2049,0.7787643420665302,0.9942493593893478,0.04739297152532223,-19.301486135516647,0.0,-19.301486135516647,-1.9541643443461973,-0.4674205891246751,-2.0,0.9881887435743648,-0.006060615814982961,-2.0,-1.0,-2.0,0.0,355.0,31.25,0,0,-2.0,-2.0,62.5,5593.75,0.0,0.0,4165.0,1428.75,62.5,62.5
2050,2019-06-20,19:00:28,155.6875,155.75,155.6875,155.71875,285,44378.6875,155.71469298245614,0.03125,0.0002007024592787232,155.67148055786834,155.7485058510628,-0.07702529319445262,1.0000000000000002,0.003125,-2.3242187499999987,0.052407843222650706,0.003125,-1,2050,0.8071131802657746,0.9881887435743648,0.05590169943749474,-13.77870332557184,0.0,-13.77870332557184,-1.3169594027479783,-0.4674205891246751,-2.0,0.9579501284040064,-0.03023861517035842,-2.0,-1.0,-2.0,0.0,355.0,62.5,0,0,-2.0,-2.0,-62.5,5531.25,0.0,0.0,4165.0,1366.25,-62.5,62.5
2051,2019-06-20,19:08:19,155.71875,155.8125,155.6875,155.8125,286,44541.1875,155.73841783216784,0.09375,0.0006018658020989776,155.70281821167538,155.75047490179932,-0.04765669012394369,1.0000000000000007,0.005078125,-0.17751479289940994,0.4047960089109366,0.005078124999999996,-1,2051,0.8802665402194748,0.9579501284040064,0.0712609640686961,-6.687629159493589,0.0,-6.687629159493589,-0.4988089059136321,-0.4674205891246751,-1.0,0.8329127542352314,-0.12503737416877503,-2.0,-1.0,-2.0,0.0,355.0,156.25,0,0,-2.0,-2.0,-187.5,5343.75,1.0,0.0,4165.0,1178.75,-187.5,-62.5
2052,2019-06-20,19:15:38,155.8125,155.84375,155.78125,155.78125,285,44403.65625,155.80230263157895,-0.03125,-0.00020058168756520445,155.72024749796975,155.75142182789781,-0.03117432992806357,1.0000000000000007,0.005078125,-0.17751479289940994,0.4047960089109366,0.005078124999999996,0,2052,0.9802742056237479,0.8329127542352314,0.0712609640686961,-4.374671369589006,0.0,-4.374671369589006,-0.2319455900538464,-0.4674205891246751,-1.0,0.5783428234503498,-0.25456993078488155,1.0,-1.0,-2.0,0.0,355.0,125.0,0,0,1.0,-2.0,62.5,5406.25,0.0,3.0,4172.5,1233.75,55.0,55.0
2053,2019-06-20,19:33:10,155.78125,155.8125,155.65625,155.6875,285,44383.15625,155.73037280701755,-0.09375,-0.0006019865738124963,155.71297027619872,155.74945500242404,-0.03648472622532495,1.0000000000000009,0.0046875,1.7447916666666667,0.846307423922913,0.004687499999999995,0,2053,0.9858034839379605,0.5783428234503498,0.06846531968814573,-5.3289353488028794,0.0,-5.3289353488028794,-0.34204619405538905,-0.4674205891246751,-1.0,0.23065521874024736,-0.34768760471010246,-1.0,1.0,1.0,1.0,356.0,-93.75,0,0,-1.0,1.0,-93.75,5312.5,0.0,2.0,4177.5,1135.0,-98.75,55.0
2054,2019-06-20,19:45:02,155.6875,155.75,155.65625,155.65625,285,44368.625,155.67938596491229,-0.03125,-0.0002007427488424085,155.7003657703768,155.74658715619563,-0.046221385818824956,1.0000000000000033,0.0021484374999999997,0.8677685950413286,-0.5516180692881066,0.0021484374999999924,0,2054,0.8511379008508261,0.23065521874024736,0.04635124054434781,-9.971984627811933,0.0,-9.971984627811933,-0.8777496693651821,-0.4674205891246751,-1.0,-0.1985474369444477,-0.42920265568469507,-1.0,1.0,-1.0,1.0,357.0,-31.25,0,0,-1.0,-1.0,31.25,5343.75,0.0,0.0,4177.5,1166.25,31.25,31.25
2055,2019-06-20,19:49:50,155.65625,155.6875,155.625,155.65625,285,44366.125,155.6706140350877,0.0,0.0,155.69056226584865,155.74380755138964,-0.05324528554098151,1.0000000000000036,0.00244140625,-1.1999999999999993,0.0,0.0024414062499999913,0,2055,0.5526349505520871,-0.1985474369444477,0.04941058844013084,-10.776088126434084,0.0,-10.776088126434084,-0.97052513066991,-0.4674205891246751,-1.0,-0.5525290582836236,-0.35398162133917593,-1.0,1.0,-1.0,0.0,357.0,-31.25,0,0,-1.0,-1.0,-0.0,5343.75,0.0,0.0,4177.5,1166.25,-0.0,31.25
2056,2019-06-20,19:55:31,155.65625,155.75,155.65625,155.6875,286,44530.375,155.7006118881119,0.03125,0.0002007427488424085,155.68988176232673,155.74207501134688,-0.052193249020149324,1.0000000000000029,0.0036132812500000006,-0.021913805697593602,-0.5901286563843656,0.00361328124999999,-1,2056,0.1986719575400683,-0.5525290582836236,0.06011057519272287,-8.682872997440217,0.0,-8.682872997440217,-0.7290151763727257,-0.4674205891246751,-1.0,-0.689779396677935,-0.13725033839431133,-1.0,1.0,-1.0,0.0,357.0,0.0,0,0,-1.0,-1.0,-31.25,5312.5,0.0,0.0,4177.5,1135.0,-31.25,-0.0
2057,2019-06-20,20:05:33,155.6875,155.6875,155.59375,155.625,285,44358.84375,155.64506578947368,-0.0625,-0.0004015258034275604,155.6754635929208,155.73847270330543,-0.06300911038462687,1.0000000000000018,0.00458984375,-0.7378904481665908,-0.9127170462413431,0.004589843749999992,0,2057,0.024211481293532303,-0.689779396677935,0.0677483855896212,-9.300459315192839,0.0,-9.300459315192839,-0.8002707493470596,-0.4674205891246751,-1.0,-0.9366079207858902,-0.2468285241079552,-1.0,1.0,-1.0,0.0,357.0,-62.5,0,0,-1.0,-1.0,62.5,5375.0,0.0,0.0,4177.5,1197.5,62.5,62.5
2058,2019-06-20,20:15:34,155.625,155.625,155.5,155.5,286,44492.875,155.569493006993,-0.125,-0.0008035355996831584,155.63647168338287,155.7311350816653,-0.09466339828242099,1.0000000000000022,0.005175781250000001,-2.7162691349234627,0.19669686464742725,0.005175781249999989,0,2058,-0.4145262846940483,-0.9366079207858902,0.07194290270763329,-13.15812883824286,0.0,-13.15812883824286,-1.2453590622015864,-0.4674205891246751,-2.0,-0.9203110835286737,0.016296837257216423,-1.0,1.0,-1.0,0.0,357.0,-187.5,0,0,-1.0,-1.0,125.0,5500.0,-1.0,0.0,4177.5,1322.5,125.0,125.0
2059,2019-06-20,20:24:37,155.5,155.53125,155.5,155.53125,285,44318.375,155.5030701754386,0.03125,0.00020094443953944108,155.6130890870756,155.7249847714602,-0.11189568438462061,1.0000000000000022,0.005175781250000001,-2.7162691349234627,0.19669686464742725,0.005175781249999989,-1,2059,-0.9273694057982264,-0.9203110835286737,0.07194290270763329,-15.553401402130005,0.0,-15.553401402130005,-1.521719651909219,-0.4674205891246751,-2.0,-0.5486833195614828,0.371627763967191,2.0,1.0,-1.0,0.0,357.0,-156.25,0,0,2.0,-1.0,-31.25,5468.75,0.0,3.0,4185.0,1283.75,-38.75,125.0
2060,2019-06-20,20:25:27,155.53125,155.53125,155.4375,155.4375,286,44471.1875,155.4936625874126,-0.09375,-0.0006029544952044219,155.5740692899477,155.71613908618454,-0.14206979623685356,1.000000000000002,0.006542968749999999,-3.214524392960571,0.5016571985664496,0.006542968749999987,0,2060,-0.9791403702283291,-0.5486833195614828,0.08088861940965482,-17.56363222338496,0.0,-17.56363222338496,-1.7536550832193463,-0.4674205891246751,-2.0,-0.22361184785357913,0.3250714717079036,2.0,-1.0,2.0,1.0,358.0,-93.75,0,0,2.0,2.0,-187.5,5281.25,0.0,0.0,4185.0,1096.25,-187.5,-38.75
2061,2019-06-20,20:27:09,155.4375,155.5,155.40625,155.46875,286,44460.6875,155.4569493006993,0.03125,0.00020102522934273281,155.55066500329266,155.70852711430194,-0.15786211100927972,1.0000000000000009,0.00712890625,-2.707825107900167,-0.5779903148118288,0.007128906249999994,-1,2061,-0.8473190723307105,-0.22361184785357913,0.08443285053816431,-18.696764352155185,0.0,-18.696764352155185,-1.884393049346845,-0.4674205891246751,-2.0,0.06469530601272395,0.28830715386630307,2.0,-1.0,2.0,0.0,358.0,-62.5,0,0,2.0,2.0,62.5,5343.75,0.0,0.0,4185.0,1158.75,62.5,62.5
2062,2019-06-20,20:28:20,155.46875,155.46875,155.34375,155.34375,285,44283.4375,155.38048245614036,-0.125,-0.0008043434980198327,155.50468389144987,155.69730320309267,-0.192619311642801,1.0000000000000009,0.00712890625,-2.707825107900167,-0.5779903148118288,0.007128906249999994,0,2062,-0.6598789483630129,0.06469530601272395,0.08443285053816431,-22.813313824544576,0.0,-20.0,-2.034757136339064,-0.4674205891246751,-3.0,0.4323175798976626,0.3676222738849387,2.0,-1.0,2.0,0.0,358.0,-187.5,0,0,2.0,2.0,-250.0,5093.75,-1.0,0.0,4185.0,908.75,-250.0,62.5
2063,2019-06-20,20:30:25,155.34375,155.40625,155.28125,155.40625,286,44422.375,155.32298951048952,0.0625,0.0004022526200655463,155.48280969334994,155.68834771992059,-0.20553802657065035,1.0000000000000007,0.00537109375,3.3223140495867725,-1.7443694974549941,0.0053710937499999965,-1,2063,-0.3319186348538167,0.4323175798976626,0.07328774624724106,-28.045346882035943,0.0,-20.0,-2.034757136339064,-0.4674205891246751,-3.0,0.6080955363672512,0.1757779564695886,3.0,-1.0,2.0,0.0,358.0,-125.0,0,0,3.0,2.0,125.0,5218.75,0.0,1.0,4187.5,1031.25,122.5,122.5
2064,2019-06-20,20:31:51,155.40625,155.4375,155.28125,155.4375,286,44437.1875,155.37478146853147,0.03125,0.00020106564861155363,155.4727408726055,155.68062932853843,-0.20788845593293104,1.0000000000000007,0.00537109375,3.3223140495867725,-1.7443694974549941,0.0053710937499999965,-1,2064,-0.13135803711102853,0.6080955363672512,0.07328774624724106,-28.366059345256108,0.0,-20.0,-2.034757136339064,-0.4674205891246751,-3.0,0.7515424097802575,0.14344687341300633,3.0,-1.0,3.0,0.0,358.0,-93.75,0,0,3.0,3.0,93.75,5312.5,0.0,0.0,4187.5,1125.0,93.75,122.5
2065,2019-06-20,20:37:34,155.4375,155.4375,155.375,155.4375,286,44450.1875,155.42023601398603,0.0,0.0,155.46490956758205,155.67314842612188,-0.20823885853982915,1.0000000000000007,0.00361328125,2.6077428780131497,-1.517473687845512,0.0036132812499999976,0,2065,0.0649531543480047,0.7515424097802575,0.060110575192722934,-34.64263282661764,0.0,-20.0,-2.034757136339064,-0.4674205891246751,-3.0,0.8640378905575195,0.1124954807772619,3.0,-1.0,3.0,0.0,358.0,-93.75,0,0,3.0,3.0,0.0,5312.5,0.0,0.0,4187.5,1125.0,0.0,93.75
2066,2019-06-20,20:44:34,155.4375,155.46875,155.375,155.46875,286,44454.0,155.43356643356643,0.03125,0.00020102522934273281,155.46576299700828,155.66685924377967,-0.20109624677138527,1.0000000000000018,0.00263671875,3.251028806584363,-1.7355817665801556,0.0026367187499999954,-1,2066,0.2549905610426413,0.8640378905575195,0.05134898976610928,-39.16264909735582,0.0,-20.0,-2.034757136339064,-0.4674205891246751,-3.0,0.899429025646213,0.035391135088693515,3.0,-1.0,3.0,0.0,358.0,-62.5,0,0,3.0,3.0,93.75,5406.25,0.0,0.0,4187.5,1218.75,93.75,93.75
2067,2019-06-20,20:50:22,155.46875,155.46875,155.34375,155.375,286,44447.84375,155.41204108391608,-0.09375,-0.0006031969620909905,155.44559344211757,155.6578789593557,-0.21228551723814348,1.0,0.008105468749999999,1.853679779358398,0.6649362131662596,0.008105468749999999,0,2067,0.3269394326302789,0.899429025646213,0.09003037681804958,-23.579321195908157,0.0,-20.0,-2.034757136339064,-0.4674205891246751,-3.0,0.9428848577308068,0.043455832084593804,3.0,-1.0,3.0,0.0,358.0,-156.25,0,0,3.0,3.0,-281.25,5125.0,0.0,0.0,4187.5,937.5,-281.25,93.75
2068,2019-06-20,20:58:09,155.375,155.4375,155.34375,155.375,285,44290.34375,155.4047149122807,0.0,0.0,155.4299060105359,155.64917499137556,-0.21926898083967217,1.0000000000000004,0.00947265625,0.7620363481772768,0.9334509605008138,0.009472656249999998,0,2068,0.4311697035877823,0.9428848577308068,0.09732757188998396,-22.52896857300899,0.0,-20.0,-2.034757136339064,-0.4674205891246751,-3.0,0.9669909393033536,0.02410608157254679,3.0,-1.0,3.0,0.0,358.0,-156.25,0,0,3.0,3.0,0.0,5125.0,0.0,0.0,4187.5,937.5,0.0,0.0
2069,2019-06-20,22:16:50,155.375,155.5625,155.34375,155.53125,286,44470.40625,155.49093094405595,0.15625,0.0010051262279526796,155.45242689708348,155.64554653010248,-0.19311963301899482,1.0000000000000002,0.01103515625,-1.9132273474821844,0.3790921809400754,0.011035156249999999,-1,2069,0.5035874343599056,0.9669909393033536,0.10504835196232257,-18.383880319061127,0.0,-18.383880319061127,-1.8482932679692923,-0.4674205891246751,-2.0,0.992073247120111,0.025082307816757465,3.0,-1.0,3.0,0.0,358.0,0.0,0,0,3.0,3.0,468.75,5593.75,1.0,0.0,4187.5,1406.25,468.75,468.75
2070,2019-06-20,22:51:55,155.53125,155.5625,155.4375,155.46875,286,44472.625,155.4986888111888,-0.0625,-0.0004019292658616891,155.4560542532872,155.64010663686855,-0.1840523835813599,0.9999999999999997,0.00751953125,-1.0844999156687447,0.47737985036336106,0.007519531250000002,0,2070,0.6126460162419927,0.992073247120111,0.08671523078444757,-21.224919995758093,0.0,-20.0,-2.034757136339064,-0.4674205891246751,-3.0,0.9998753220397396,0.007802074919628588,2.0,-1.0,3.0,0.0,358.0,-62.5,0,0,2.0,3.0,-187.5,5406.25,-1.0,1.0,4190.0,1216.25,-190.0,468.75
2071,2019-06-20,23:35:39,155.46875,155.5625,155.46875,155.5625,285,44318.90625,155.50493421052633,0.09375,0.0006028333348444548,155.4797088636678,155.63771874034956,-0.1580098766817457,0.9999999999999992,0.00712890625,-0.6811784574967122,-0.18252325730899907,0.007128906250000004,-1,2071,0.6958530400526293,0.9998753220397396,0.08443285053816438,-18.714265321449012,0.0,-18.714265321449012,-1.8864122676468487,-0.4674205891246751,-2.0,0.9945544225826854,-0.005320899457054162,-3.0,-1.0,2.0,0.0,358.0,31.25,0,0,-3.0,2.0,187.5,5593.75,1.0,5.0,4202.5,1391.25,175.0,175.0
2072,2019-06-21,00:00:18,155.5625,155.5625,155.53125,155.5625,286,44489.4375,155.5574737762238,0.0,0.0,155.49810689396386,155.6354043175696,-0.13729742360573027,0.9999999999999996,0.00390625,-0.1875,-0.9375000000000006,0.003906250000000002,0,2072,0.7769498007546751,0.9945544225826854,0.06250000000000001,-21.96758777691684,0.0,-20.0,-2.034757136339064,-0.4674205891246751,-3.0,0.9462424527354122,-0.04831196984727326,-2.0,-1.0,-3.0,1.0,359.0,0.0,0,0,-2.0,-3.0,-0.0,5593.75,-1.0,1.0,4205.0,1388.75,-2.5,175.0
2073,2019-06-21,00:10:47,155.5625,155.65625,155.5625,155.625,285,44346.78125,155.6027412280702,0.0625,0.0004016870911609516,155.5263053619719,155.6350841847213,-0.1087788227494002,0.9999999999999996,0.00390625,-0.1875,-0.9375000000000006,0.003906250000000002,-1,2073,0.8978139563757377,0.9462424527354122,0.06250000000000001,-17.40461163990403,0.0,-17.40461163990403,-1.7353076838924308,-0.4674205891246751,-2.0,0.8826063673003461,-0.06363608543506605,-3.0,-1.0,-2.0,0.0,359.0,62.5,0,0,-3.0,-2.0,-125.0,5468.75,1.0,1.0,4207.5,1261.25,-127.5,-2.5
2074,2019-06-21,00:20:00,155.625,155.71875,155.625,155.6875,286,44514.3125,155.6444493006993,0.0625,0.0004015258034275604,155.5621263926448,155.6366969790376,-0.07457058639278102,0.9999999999999994,0.006640625000000001,0.26384083044982276,0.11842841739555011,0.006640625000000004,-1,2074,0.9565168629055387,0.8826063673003461,0.08149003006503314,-9.150884633772984,0.0,-9.150884633772984,-0.7830131947014036,-0.4674205891246751,-1.0,0.7188331444530399,-0.16377322284730622,2.0,-1.0,-3.0,0.0,359.0,125.0,0,0,2.0,-3.0,-187.5,5281.25,1.0,5.0,4220.0,1061.25,-200.0,-127.5
2075,2019-06-21,00:40:00,155.6875,155.6875,155.59375,155.625,285,44358.625,155.64429824561404,-0.0625,-0.0004015258034275604,155.57609830539042,155.6363370719903,-0.06023876659989469,0.9999999999999996,0.0087890625,-1.5185185185185155,0.1851851851851854,0.008789062500000002,0,2075,0.9998601536948893,0.7188331444530399,0.09375000000000001,-6.425468437322099,0.0,-6.425468437322099,-0.4685614539660693,-0.4674205891246751,-1.0,0.61314164758393,-0.10569149686910995,-1.0,1.0,2.0,1.0,360.0,-62.5,0,0,-1.0,2.0,-125.0,5156.25,0.0,3.0,4227.5,928.75,-132.5,-132.5
2076,2019-06-21,00:50:36,155.625,155.78125,155.625,155.78125,285,44387.9375,155.74714912280703,0.15625,0.0010035123772400567,155.62168757085922,155.6407959313137,-0.0191083604544815,0.9999999999999996,0.0087890625,-1.5185185185185155,0.1851851851851854,0.008789062500000002,-1,2076,0.9921518728106136,0.61314164758393,0.09375000000000001,-2.0382251151446926,0.0,-2.0382251151446926,0.03762776641233778,-0.4674205891246751,-0.0,0.6176435023318403,0.004501854747910317,-1.0,1.0,-1.0,1.0,361.0,156.25,0,0,-1.0,-1.0,-156.25,5000.0,1.0,0.0,4227.5,772.5,-156.25,-132.5
2077,2019-06-21,01:03:00,155.78125,155.8125,155.6875,155.71875,285,44386.1875,155.7410087719298,-0.0625,-0.0004012841145337731,155.6432569995572,155.64319451804252,6.248151467502794e-05,0.9999999999999998,0.00849609375,-0.7966706302021388,0.5182899194342977,0.008496093750000001,0,2077,0.9928498368487768,0.6176435023318403,0.09217425752345391,0.006778629560333523,0.006778629560333523,0.0,0.2727931097101266,-0.466679890546439,-0.0,0.5211251615271442,-0.09651834080469612,-0.0,1.0,-1.0,0.0,361.0,93.75,0,0,-0.0,-1.0,62.5,5062.5,0.0,1.0,4230.0,832.5,60.0,60.0
2078,2019-06-21,01:17:39,155.71875,155.8125,155.71875,155.78125,286,44550.5625,155.77119755244755,0.0625,0.0004012841145337731,155.6739221107667,155.64744237902585,0.0264797317408636,0.9999999999999991,0.006152343749999999,1.5041572184429388,-0.1960427877744244,0.006152343750000005,-1,2078,0.9719928199114255,0.5211251615271442,0.07843687748756961,3.37592884737922,3.37592884737922,0.0,0.2727931097101266,-0.09853397639215788,0.0,0.42377757943576394,-0.09734758209138022,-0.0,1.0,-0.0,0.0,361.0,156.25,0,0,-0.0,-0.0,-0.0,5062.5,0.0,0.0,4230.0,832.5,-0.0,60.0
2079,2019-06-21,01:31:27,155.78125,155.8125,155.75,155.8125,285,44402.90625,155.79967105263157,0.03125,0.00020058168756520445,155.70471719726302,155.65252107505583,0.052196122207192275,0.9999999999999994,0.0029296875,3.6666666666666643,-1.924500897298752,0.002929687500000002,-1,2079,0.9401294824762353,0.42377757943576394,0.05412658773652743,9.643342466232657,9.643342466232657,0.0,0.2727931097101266,0.5863042074005194,1.0,0.2161005954270805,-0.20767698400868345,0.0,1.0,-0.0,0.0,361.0,187.5,0,0,0.0,-0.0,-0.0,5062.5,1.0,0.0,4230.0,832.5,-0.0,-0.0
2080,2019-06-21,01:49:30,155.8125,155.875,155.75,155.875,285,44402.96875,155.7998903508772,0.0625,0.0004010427164233832,155.74255782009348,155.65936658043876,0.08319123965472386,0.9999999999999999,0.006640624999999999,4.4160899653979255,-2.092235373988048,0.006640625000000001,-1,2080,0.8432048250125446,0.2161005954270805,0.08149003006503311,10.208762911037471,10.208762911037471,0.0,0.2727931097101266,0.6480875097398686,1.0,0.1369478429522616,-0.0791527524748189,1.0,1.0,0.0,0.0,361.0,250.0,0,0,1.0,0.0,0.0,5062.5,0.0,1.0,4232.5,830.0,-2.5,-0.0
2081,2019-06-21,02:02:38,155.875,155.96875,155.875,155.9375,285,44432.15625,155.90230263157895,0.0625,0.0004008819456373658,155.78587830451715,155.6679245318099,0.11795377270726704,1.0,0.00615234375,4.225245653817081,-2.017343525807786,0.00615234375,-1,2081,0.797281353050475,0.1369478429522616,0.07843687748756958,15.03805052998954,15.03805052998954,0.0,0.2727931097101266,1.1757821479278991,1.0,0.05628433144965177,-0.08066351150260982,1.0,1.0,1.0,1.0,362.0,62.5,0,0,1.0,1.0,62.5,5125.0,0.0,0.0,4232.5,892.5,62.5,62.5
2082,2019-06-21,02:21:24,155.9375,155.9375,155.78125,155.8125,285,44420.625,155.86184210526315,-0.125,-0.000801924662060749,155.7917942368467,155.67237300775423,0.11942122909246677,0.9999999999999999,0.006640624999999999,4.4160899653979255,-2.092235373988048,0.006640625000000001,0,2082,0.7457848942108317,0.05628433144965177,0.08149003006503311,14.654704262246888,14.654704262246888,0.0,0.2727931097101266,1.1338940298412221,1.0,-0.01928196003695449,-0.07556629148660626,1.0,1.0,1.0,0.0,362.0,-62.5,0,0,1.0,1.0,-125.0,5000.0,0.0,0.0,4232.5,767.5,-125.0,62.5
2083,2019-06-21,02:50:02,155.8125,155.875,155.78125,155.84375,285,44409.21875,155.8218201754386,0.03125,0.00020054146261916372,155.8033399619919,155.67764614597718,0.12569381601471719,1.0000000000000002,0.0060546875,2.814776274713838,-1.6712144101358444,0.0060546874999999984,-1,2083,0.6933409152463434,-0.01928196003695449,0.07781187248742957,16.15355240744565,16.15355240744565,0.0,0.2727931097101266,1.2976726638938962,2.0,-0.08328650724420962,-0.06400454720725512,1.0,1.0,1.0,0.0,362.0,-31.25,0,0,1.0,1.0,31.25,5031.25,1.0,0.0,4232.5,798.75,31.25,31.25
2084,2019-06-21,03:08:52,155.84375,155.9375,155.84375,155.90625,285,44427.8125,155.88706140350877,0.0625,0.00040096231491482115,155.82620885932704,155.68468011071636,0.141528748610682,1.0000000000000007,0.005078125,2.8180473372781023,-1.4926852828590786,0.005078124999999996,-1,2084,0.6457575859345891,-0.08328650724420962,0.0712609640686961,19.86062782903796,19.86062782903796,0.0,0.2727931097101266,1.7027435517109653,2.0,-0.047730326618961344,0.035556180625248276,2.0,1.0,1.0,0.0,362.0,31.25,0,0,2.0,1.0,62.5,5093.75,0.0,1.0,4235.0,858.75,60.0,60.0
2085,2019-06-21,03:33:53,155.90625,155.9375,155.875,155.90625,284,44276.25,155.90228873239437,0.0,0.0,155.84399577947661,155.69149764577128,0.15249813370533616,1.000000000000001,0.0021484375,0.8677685950413228,-0.5516180692881075,0.002148437499999998,0,2085,0.6725504245907821,-0.047730326618961344,0.046351240544347874,32.90055064641241,20.0,0.0,0.2727931097101266,1.7179727020810263,2.0,-0.01251018909003315,0.03522013752892819,2.0,1.0,2.0,0.0,362.0,31.25,0,0,2.0,2.0,0.0,5093.75,0.0,0.0,4235.0,858.75,0.0,60.0
2086,2019-06-21,03:55:27,155.90625,155.9375,155.84375,155.90625,285,44430.0,155.89473684210526,0.0,0.0,155.85783005070405,155.6981054105168,0.15972464018724963,1.0000000000000016,0.001953125,2.0,0.0,0.001953124999999997,0,2086,0.698205406668258,-0.01251018909003315,0.04419417382415919,36.141560383675404,20.0,0.0,0.2727931097101266,1.7179727020810263,2.0,-0.07827353585665729,-0.06576334676662414,2.0,1.0,2.0,0.0,362.0,31.25,0,0,2.0,2.0,0.0,5093.75,0.0,0.0,4235.0,858.75,0.0,0.0
2087,2019-06-21,04:54:09,155.90625,155.90625,155.8125,155.84375,285,44421.71875,155.8656798245614,-0.0625,-0.00040096231491482115,155.8547011505476,155.7025867825009,0.15211436804671052,1.0000000000000062,0.001171875,-3.3333333333333304,-0.6085806194501845,0.0011718749999999928,0,2087,0.6495895731881771,-0.07827353585665729,0.034232659844072776,44.43545103990756,20.0,0.0,0.2727931097101266,1.7179727020810263,2.0,-0.14276028981093253,-0.06448675395427524,2.0,1.0,2.0,0.0,362.0,-31.25,0,0,2.0,2.0,-125.0,4968.75,0.0,0.0,4235.0,733.75,-125.0,0.0
2088,2019-06-21,05:35:57,155.84375,155.9375,155.8125,155.84375,285,44429.25,155.8921052631579,0.0,0.0,155.85226756153705,155.70693026611627,0.14533729542077367,1.0000000000000062,0.001171875,-3.3333333333333304,-0.6085806194501845,0.0011718749999999928,0,2088,0.5989173248162907,-0.14276028981093253,0.034232659844072776,42.45574141266681,20.0,0.0,0.2727931097101266,1.7179727020810263,2.0,-0.2068995757699557,-0.06413928595902318,2.0,1.0,2.0,0.0,362.0,-31.25,0,0,2.0,2.0,0.0,4968.75,0.0,0.0,4235.0,733.75,0.0,0.0
2089,2019-06-21,06:00:58,155.84375,155.875,155.75,155.78125,285,44405.65625,155.8093201754386,-0.0625,-0.00040112315018436817,155.8364858811955,155.70921702715887,0.1272688540366289,1.000000000000003,0.0017578124999999998,-2.4074074074074083,-0.1656346649999846,0.001757812499999994,0,2089,0.5455064426020954,-0.2068995757699557,0.04192627457812099,30.355392964736126,20.0,0.0,0.2727931097101266,1.7179727020810263,2.0,-0.18605201783076283,0.02084755793919288,2.0,1.0,2.0,0.0,362.0,-93.75,0,0,2.0,2.0,-125.0,4843.75,0.0,0.0,4235.0,608.75,-125.0,0.0
2090,2019-06-21,06:10:28,155.78125,155.8125,155.75,155.78125,285,44393.5,155.76666666666668,0.0,0.0,155.82421124092986,155.71143342632323,0.1127778146066305,1.0000000000000038,0.00126953125,-0.17751479289940755,-0.4047960089109363,0.001269531249999995,0,2090,0.5632019795810336,-0.18605201783076283,0.035630482034347995,31.652059744213403,20.0,0.0,0.2727931097101266,1.7179727020810263,2.0,-0.33621955093045036,-0.15016753309968753,2.0,1.0,2.0,0.0,362.0,-93.75,0,0,2.0,2.0,0.0,4843.75,0.0,0.0,4235.0,608.75,0.0,0.0
2091,2019-06-21,06:23:52,155.78125,155.84375,155.78125,155.8125,286,44556.6875,155.79261363636363,0.03125,0.00020058168756520445,155.82160874294547,155.71454316705177,0.10706557589369936,1.0000000000000038,0.00126953125,-0.17751479289940755,-0.4047960089109363,0.001269531249999995,-1,2091,0.4281984696948207,-0.33621955093045036,0.035630482034347995,30.048871017374257,20.0,0.0,0.2727931097101266,1.7179727020810263,2.0,-0.549276137578254,-0.21305658664780364,2.0,1.0,2.0,0.0,362.0,-62.5,0,0,2.0,2.0,62.5,4906.25,0.0,0.0,4235.0,671.25,62.5,62.5
2092,2019-06-21,06:28:46,155.8125,155.8125,155.78125,155.78125,285,44405.28125,155.80800438596492,-0.03125,-0.00020058168756520445,155.81264013340203,155.71659568498868,0.0960444484133518,1.0000000000000038,0.00126953125,-0.17751479289940755,-0.4047960089109363,0.001269531249999995,0,2092,0.20249047002751347,-0.549276137578254,0.035630482034347995,26.955697181072203,20.0,0.0,0.2727931097101266,1.7179727020810263,2.0,-0.723339852672074,-0.17406371509382002,2.0,1.0,2.0,0.0,362.0,-93.75,0,0,2.0,2.0,-62.5,4843.75,0.0,0.0,4235.0,608.75,-62.5,62.5
2093,2019-06-21,06:31:14,155.78125,155.78125,155.71875,155.78125,285,44396.03125,155.77554824561403,0.0,0.0,155.80566454820158,155.7185850485275,0.08707949967407558,1.0000000000000042,0.0016601562499999997,-1.4878892733564004,0.5413870509510853,0.0016601562499999928,0,2093,-0.023226808562068713,-0.723339852672074,0.040745015032516464,21.37181679883588,20.0,0.0,0.2727931097101266,1.7179727020810263,2.0,-0.7636507926585993,-0.04031093998652524,2.0,1.0,2.0,0.0,362.0,-93.75,0,0,2.0,2.0,0.0,4843.75,0.0,0.0,4235.0,608.75,0.0,0.0
2094,2019-06-21,06:36:40,155.78125,155.8125,155.6875,155.71875,285,44393.9375,155.76820175438596,-0.0625,-0.0004012841145337731,155.7863502041568,155.71859012395743,0.06776008019937763,1.0000000000000138,0.0006835937500000001,-0.6122448979591925,0.5122408325718826,0.0006835937499999906,0,2094,-0.08345364781967632,-0.7636507926585993,0.02614562582918968,25.916411656028693,20.0,0.0,0.2727931097101266,1.7179727020810263,2.0,-0.8038030907543379,-0.040152298095738614,2.0,1.0,2.0,0.0,362.0,-156.25,0,0,2.0,2.0,-125.0,4718.75,0.0,0.0,4235.0,483.75,-125.0,0.0
2095,2019-06-21,06:41:44,155.71875,155.75,155.65625,155.65625,285,44372.75,155.6938596491228,-0.0625,-0.0004014452081211317,155.7574390476775,155.7166719662972,0.04076708138029517,1.000000000000004,0.0016601562499999997,-1.4878892733564004,0.5413870509510853,0.001660156249999993,0,2095,-0.1477200124720133,-0.8038030907543379,0.04074501503251647,10.005415717176957,10.005415717176957,0.0,0.2727931097101266,0.625867830077455,1.0,-0.8865769985451938,-0.08277390779085592,2.0,1.0,2.0,0.0,362.0,-218.75,0,0,2.0,2.0,-125.0,4593.75,-1.0,0.0,4235.0,358.75,-125.0,-125.0
2096,2019-06-21,06:45:24,155.65625,155.65625,155.59375,155.625,286,44508.96875,155.62576486013987,-0.03125,-0.0002007830545851519,155.72800814819362,155.71385129041116,0.014156857782467114,1.000000000000004,0.0016601562499999997,-1.4878892733564004,0.5413870509510853,0.001660156249999993,0,2096,-0.2998104120693316,-0.8865769985451938,0.04074501503251647,3.474500566797991,3.474500566797991,0.0,0.2727931097101266,-0.08776307767613833,0.0,-0.9460416657428424,-0.059464667197648646,1.0,1.0,2.0,0.0,362.0,-250.0,0,0,1.0,2.0,-62.5,4531.25,-1.0,1.0,4237.5,293.75,-65.0,-65.0
2097,2019-06-21,06:54:44,155.625,155.6875,155.59375,155.65625,285,44357.0625,155.63881578947368,0.03125,0.0002007830545851519,155.7120618930395,155.7120789430139,-1.7049974388783085e-05,1.0000000000000038,0.00126953125,-0.17751479289940755,-0.4047960089109363,0.0012695312499999953,-1,2097,-0.4398180551449181,-0.9460416657428424,0.035630482034347995,-0.004785221365331743,0.0,-0.004785221365331743,0.2722410027731781,-0.4674205891246751,-0.0,-0.9985774068607117,-0.052535741117869295,0.0,1.0,1.0,0.0,362.0,-218.75,0,0,0.0,1.0,31.25,4562.5,-0.0,1.0,4240.0,322.5,28.75,28.75
2098,2019-06-21,07:00:26,155.65625,155.6875,155.625,155.65625,285,44362.3125,155.65723684210528,0.0,0.0,155.69965925014185,155.7103611293827,-0.010701879240855305,1.0000000000000004,0.00126953125,-0.17751479289940755,0.4047960089109363,0.0012695312499999998,0,2098,-0.6683969933480122,-0.9985774068607117,0.03563048203434806,-3.003574083151222,0.0,-3.003574083151222,-0.07375179602000209,-0.4674205891246751,-1.0,-0.9968953443442531,0.0016820625164586378,-0.0,1.0,0.0,0.0,362.0,-218.75,0,0,-0.0,0.0,0.0,4562.5,-1.0,0.0,4240.0,322.5,0.0,28.75
2099,2019-06-21,07:06:04,155.65625,155.6875,155.625,155.65625,286,44512.34375,155.63756555944056,0.0,0.0,155.69001275011033,155.70869617155554,-0.01868342144521762,1.0000000000000007,0.00712890625,3.372114843310191,-1.703550401550653,0.0071289062499999955,0,2099,-0.7605876308717119,-0.9968953443442531,0.08443285053816432,-2.212814245418916,0.0,-2.212814245418916,0.017484106886247908,-0.4674205891246751,-0.0,-0.9798677263789328,0.017027617965320263,-1.0,1.0,-0.0,0.0,362.0,-218.75,0,0,-1.0,-0.0,-0.0,4562.5,1.0,1.0,4242.5,320.0,-2.5,0.0
2100,2019-06-21,07:13:43,155.65625,155.75,155.65625,155.71875,285,44375.875,155.7048245614035,0.0625,0.0004014452081211317,155.69639880564137,155.7090055201231,-0.012606714481734116,1.0000000000000013,0.0068359375,0.6734693877551029,-0.8099238707340588,0.006835937499999992,-1,2100,-0.834043417931089,-0.9798677263789328,0.0826797284707684,-1.524764862549258,0.0,-1.524764862549258,0.0968695330229915,-0.4674205891246751,-0.0,-0.9650957008200702,0.01477202555886259,-0.0,1.0,-1.0,1.0,363.0,62.5,0,0,-0.0,-1.0,-62.5,4500.0,0.0,1.0,4245.0,255.0,-65.0,-2.5
2101,2019-06-21,07:16:53,155.71875,155.71875,155.53125,155.5625,285,44348.5625,155.60899122807018,-0.15625,-0.0010039153538672352,155.66664351549886,155.70449765796548,-0.037854142466613894,1.0000000000000009,0.00751953125,0.12987012987012747,-0.9266785330582887,0.007519531249999993,0,2101,-0.867615196235739,-0.9650957008200702,0.08671523078444751,-4.36533952849758,0.0,-4.36533952849758,-0.2308689054435158,-0.4674205891246751,-1.0,-0.9448496313501242,0.020246069469946004,-0.0,1.0,-0.0,0.0,363.0,-93.75,0,0,-0.0,-0.0,0.0,4500.0,-1.0,0.0,4245.0,255.0,0.0,0.0
2102,2019-06-21,07:18:27,155.5625,155.5625,155.5,155.5,286,44482.4375,155.53299825174824,-0.0625,-0.00040184850852220677,155.6296116231658,155.69820542233577,-0.06859379916997455,1.0000000000000009,0.00732421875,-0.13333333333333167,-0.6085806194501847,0.007324218749999992,0,2102,-0.8996902091058722,-0.9448496313501242,0.08558164961018216,-8.0150125035465,0.0,-8.0150125035465,-0.6519590940221766,-0.4674205891246751,-1.0,-0.9191582700803405,0.025691361269783775,-1.0,1.0,-0.0,0.0,363.0,-156.25,0,0,-1.0,-0.0,0.0,4500.0,0.0,1.0,4247.5,252.5,-2.5,0.0
2103,2019-06-21,07:20:22,155.5,155.5625,155.46875,155.53125,286,44478.6875,155.51988636363637,0.03125,0.00020094443953944108,155.6077534846845,155.69306833241777,-0.08531484773325815,1.0000000000000018,0.005175781250000001,1.128515485938049,-1.0326585393989962,0.00517578124999999,-1,2103,-0.9284642070208063,-0.9191582700803405,0.0719429027076333,-11.858688560283245,0.0,-11.858688560283245,-1.0954328755449896,-0.4674205891246751,-2.0,-0.8866702713485238,0.032487998731816625,1.0,1.0,-1.0,1.0,364.0,31.25,0,0,1.0,-1.0,-31.25,4468.75,-1.0,2.0,4252.5,216.25,-36.25,-2.5
2104,2019-06-21,07:21:49,155.53125,155.53125,155.46875,155.5,285,44317.78125,155.50098684210528,-0.03125,-0.00020094443953944108,155.58380826586574,155.6871277683434,-0.10331950247766031,1.000000000000003,0.00244140625,-1.1999999999999993,0.0,0.002441406249999992,0,2104,-0.9539383198250986,-0.8866702713485238,0.04941058844013085,-20.910397090868305,0.0,-20.0,-2.034757136339064,-0.4674205891246751,-3.0,-0.8097898630562025,0.07688040829232134,2.0,-1.0,1.0,1.0,365.0,-31.25,0,0,2.0,1.0,-31.25,4437.5,-1.0,1.0,4255.0,182.5,-33.75,-33.75
2105,2019-06-21,07:25:27,155.5,155.5625,155.5,155.5,286,44474.9375,155.50677447552448,0.0,0.0,155.5651842067845,155.68136999085593,-0.11618578407143332,1.000000000000003,0.0021484374999999997,0.8677685950413286,-0.5516180692881066,0.0021484374999999932,0,2105,-0.987481605785811,-0.8097898630562025,0.04635124054434782,-25.066380685166216,0.0,-20.0,-2.034757136339064,-0.4674205891246751,-3.0,-0.7136369334245661,0.09615292963163635,3.0,-1.0,2.0,0.0,365.0,-31.25,0,0,3.0,2.0,0.0,4437.5,0.0,1.0,4257.5,180.0,-2.5,-2.5
2106,2019-06-21,07:30:12,155.5,155.53125,155.40625,155.40625,285,44312.25,155.48157894736843,-0.09375,-0.0006030757042765345,155.52986549416573,155.67290476036808,-0.14303926620235075,1.0000000000000053,0.0014648437500000002,2.0000000000000058,-1.3608276348795423,0.0014648437499999922,0,2106,-0.999956957762768,-0.7136369334245661,0.03827327723098706,-37.37314297364177,0.0,-20.0,-2.034757136339064,-0.4674205891246751,-3.0,-0.6636584096624369,0.04997852376212919,3.0,-1.0,3.0,0.0,365.0,-125.0,0,0,3.0,3.0,-281.25,4156.25,0.0,0.0,4257.5,-101.25,-281.25,-2.5
2107,2019-06-21,07:31:40,155.40625,155.4375,155.375,155.375,286,44444.0625,155.39881993006992,-0.03125,-0.00020110608413670406,155.4954509399067,155.66373846004907,-0.16828752014237125,1.0000000000000053,0.0016601562499999997,-1.4878892733564086,-0.5413870509510866,0.001660156249999991,0,2107,-0.9982185283862695,-0.6636584096624369,0.04074501503251644,-41.302603522926645,0.0,-20.0,-2.034757136339064,-0.4674205891246751,-3.0,-0.5443518439383923,0.11930656572404463,3.0,-1.0,3.0,0.0,365.0,-156.25,0,0,3.0,3.0,-93.75,4062.5,0.0,0.0,4257.5,-195.0,-93.75,-93.75
2108,2019-06-21,07:33:40,155.375,155.40625,155.375,155.375,286,44439.3125,155.38221153846155,0.0,0.0,155.4686840643719,155.65485419973987,-0.18617013536797344,1.000000000000002,0.00361328125,-0.021913805697585314,0.5901286563843663,0.0036132812499999932,0,2108,-0.9780763548430511,-0.5443518439383923,0.06011057519272289,-30.97127831019517,0.0,-20.0,-2.034757136339064,-0.4674205891246751,-3.0,-0.4172540012520555,0.12709784268633684,3.0,-1.0,3.0,0.0,365.0,-156.25,0,0,3.0,3.0,0.0,4062.5,0.0,0.0,4257.5,-195.0,0.0,0.0
2109,2019-06-21,07:35:29,155.375,155.375,155.3125,155.3125,286,44429.75,155.3487762237762,-0.0625,-0.00040233353992746856,155.43397649451148,155.64432022436327,-0.21034372985178607,1.0000000000000022,0.0027343750000000003,0.5357142857142847,1.088511769215251,0.002734374999999994,0,2109,-0.9376546409887847,-0.4172540012520555,0.05229125165837967,-40.22541499407359,0.0,-20.0,-2.034757136339064,-0.4674205891246751,-3.0,-0.27793754137920385,0.13931645987285163,3.0,-1.0,3.0,0.0,365.0,-218.75,0,0,3.0,3.0,-187.5,3875.0,0.0,0.0,4257.5,-382.5,-187.5,0.0
2110,2019-06-21,07:38:19,155.3125,155.40625,155.3125,155.375,286,44427.03125,155.3392701048951,0.0625,0.00040233353992746856,155.42087060684227,155.63603344822903,-0.215162841386757,1.0000000000000024,0.003125,0.3125000000000024,1.2577882373436315,0.0031249999999999932,-1,2110,-0.8757776917913519,-0.27793754137920385,0.05590169943749468,-38.489499165823545,0.0,-20.0,-2.034757136339064,-0.4674205891246751,-3.0,0.03065115238252866,0.3085886937617325,3.0,-1.0,3.0,0.0,365.0,-156.25,0,0,3.0,3.0,187.5,4062.5,0.0,0.0,4257.5,-195.0,187.5,187.5
2111,2019-06-21,07:40:10,155.375,155.375,155.3125,155.3125,286,44425.40625,155.33358828671328,-0.0625,-0.00040233353992746856,155.39678824976622,155.6260785728989,-0.2292903231326875,1.0000000000000024,0.003125,0.3125000000000024,1.2577882373436315,0.0031249999999999932,0,2111,-0.6851009044473415,0.03065115238252866,0.05590169943749468,-41.016699928606585,0.0,-20.0,-2.034757136339064,-0.4674205891246751,-3.0,0.2946180526893953,0.26396690030686665,3.0,-1.0,3.0,0.0,365.0,-218.75,0,0,3.0,3.0,-187.5,3875.0,0.0,0.0,4257.5,-382.5,-187.5,187.5
2112,2019-06-21,07:44:46,155.3125,155.3125,155.21875,155.25,286,44406.5625,155.26770104895104,-0.0625,-0.00040249547735982105,155.36416863870707,155.61450692450205,-0.25033828579498163,1.0000000000000024,0.003125,0.3125000000000024,1.2577882373436315,0.0031249999999999932,0,2112,-0.4673954884601815,0.2946180526893953,0.05590169943749468,-44.781873952667965,0.0,-20.0,-2.034757136339064,-0.4674205891246751,-3.0,0.4408418039411505,0.14622375125175524,3.0,-1.0,3.0,0.0,365.0,-281.25,0,0,3.0,3.0,-187.5,3687.5,0.0,0.0,4257.5,-570.0,-187.5,-187.5
2113,2019-06-21,07:49:05,155.25,155.3125,155.25,155.25,286,44410.375,155.28103146853147,0.0,0.0,155.3387978301055,155.6032913268251,-0.2644934967195809,1.000000000000013,0.0007812500000000005,0.31249999999999406,1.2577882373436315,0.0007812499999999903,0,2113,-0.3229660818679298,0.4408418039411505,0.027950849718747197,-94.62807012345667,0.0,-20.0,-2.034757136339064,-0.4674205891246751,-3.0,0.5809092125152588,0.14006740857410832,3.0,-1.0,3.0,0.0,365.0,-281.25,0,0,3.0,3.0,0.0,3687.5,0.0,0.0,4257.5,-570.0,0.0,0.0
2114,2019-06-21,07:50:15,155.25,155.25,155.15625,155.1875,286,44389.5,155.20804195804195,-0.0625,-0.0004026575452025227,155.30517609008209,155.59049774753817,-0.2853216574560804,1.000000000000013,0.0007812500000000005,0.31249999999999406,1.2577882373436315,0.0007812499999999903,0,2114,-0.1647977017509649,0.5809092125152588,0.027950849718747197,-102.07977944395351,0.0,-20.0,-2.034757136339064,-0.4674205891246751,-3.0,0.6429808435240418,0.06207163100878299,3.0,-1.0,3.0,0.0,365.0,-343.75,0,0,3.0,3.0,-187.5,3500.0,0.0,0.0,4257.5,-757.5,-187.5,0.0
2115,2019-06-21,07:54:22,155.1875,155.25,155.15625,155.15625,286,44385.59375,155.19438374125875,-0.03125,-0.00020138958883908487,155.27208140339718,155.57713627838316,-0.30505487498598427,1.000000000000013,0.0007812500000000005,0.31249999999999406,1.2577882373436315,0.0007812499999999903,0,2115,-0.08690442439749517,0.6429808435240418,0.027950849718747197,-109.13974997381844,0.0,-20.0,-2.034757136339064,-0.4674205891246751,-3.0,0.6680351050150578,0.025054261491015972,3.0,-1.0,3.0,0.0,365.0,-375.0,0,0,3.0,3.0,-93.75,3406.25,0.0,0.0,4257.5,-851.25,-93.75,-93.75
2116,2019-06-21,07:56:02,155.15625,155.15625,155.0625,155.09375,287,44512.21875,155.09483885017423,-0.0625,-0.00040290089183248057,155.23245220264226,155.56226285443293,-0.32981065179066604,1.0000000000000004,0.011914062500000003,4.677506046761619,2.1542838971316844,0.011914062499999996,0,2116,-0.05380704595793422,0.6680351050150578,0.10915155747858112,-30.215844776689057,0.0,-20.0,-2.034757136339064,-0.4674205891246751,-3.0,0.6622549946183393,-0.005780110396718552,-3.0,-1.0,3.0,0.0,365.0,-437.5,0,0,-3.0,3.0,-187.5,3218.75,0.0,6.0,4272.5,-1053.75,-202.5,-93.75
2117,2019-06-21,07:59:52,155.09375,155.125,155.0,155.03125,286,44348.59375,155.0650131118881,-0.0625,-0.00040306328639161393,155.1877406020551,155.54592399737348,-0.3581833953183775,1.0,0.011035156249999999,2.3157647427363166,1.5953462614561515,0.011035156249999999,0,2117,-0.0615349350979641,0.6622549946183393,0.10504835196232257,-34.09700282083876,0.0,-20.0,-2.034757136339064,-0.4674205891246751,-3.0,0.671526124918172,0.00927113029983273,3.0,-1.0,-3.0,1.0,366.0,-62.5,0,0,3.0,-3.0,187.5,3406.25,0.0,6.0,4287.5,-881.25,172.5,172.5
2118,2019-06-21,08:02:41,155.03125,155.21875,155.03125,155.21875,287,44516.3125,155.10910278745644,0.1875,0.001208702806301254,155.1946315793762,155.53585710514662,-0.341225525770426,0.9999999999999999,0.011425781250000001,-1.1417926802542222,0.5297330486982627,0.011425781250000003,-1,2118,-0.0491119278396609,0.671526124918172,0.1068914461030442,-31.92262226871567,0.0,-20.0,-2.034757136339064,-0.4674205891246751,-3.0,0.6877150486296041,0.0161889237114321,3.0,-1.0,3.0,1.0,367.0,187.5,0,0,3.0,3.0,562.5,3968.75,0.0,0.0,4287.5,-318.75,562.5,562.5
2119,2019-06-21,08:08:59,155.21875,155.3125,155.21875,155.25,286,44404.375,155.26005244755245,0.03125,0.00020130850596444816,155.20693567284818,155.52706150191136,-0.320125829063187,0.9999999999999994,0.009082031249999999,-0.003468609087756628,0.5429955844662835,0.009082031250000004,-1,2119,-0.027057918672004227,0.6877150486296041,0.09529969176235568,-33.59148630422327,0.0,-20.0,-2.034757136339064,-0.4674205891246751,-3.0,0.7092878029832342,0.021572754353630152,3.0,-1.0,3.0,0.0,367.0,218.75,0,0,3.0,3.0,93.75,4062.5,0.0,0.0,4287.5,-225.0,93.75,562.5
2120,2019-06-21,08:12:46,155.25,155.34375,155.25,155.34375,286,44416.59375,155.30277534965035,0.09375,0.0006036824813584474,155.2373388566597,155.5214211480064,-0.2840822913466923,0.9999999999999983,0.005175781250000001,1.1285154859380633,1.0326585393989955,0.0051757812500000085,-1,2120,0.003089202201209713,0.7092878029832342,0.07194290270763343,-39.487187846890976,0.0,-20.0,-2.034757136339064,-0.4674205891246751,-3.0,0.7409696592554674,0.03168185627223319,3.0,-1.0,3.0,0.0,367.0,312.5,0,0,3.0,3.0,281.25,4343.75,0.0,0.0,4287.5,56.25,281.25,281.25
2121,2019-06-21,08:22:45,155.34375,155.34375,155.25,155.34375,286,44418.5625,155.3096590909091,0.0,0.0,155.26098577740203,155.51595434345236,-0.25496856605033713,0.9999999999999984,0.0016601562499999997,-1.4878892733564086,0.5413870509510866,0.0016601562500000023,0,2121,0.04909523980737808,0.7409696592554674,0.04074501503251658,-62.57662829351255,0.0,-20.0,-2.034757136339064,-0.4674205891246751,-3.0,0.7771055368052207,0.036135877549753226,3.0,-1.0,3.0,0.0,367.0,312.5,0,0,3.0,3.0,0.0,4343.75,0.0,0.0,4287.5,56.25,0.0,281.25
2122,2019-06-21,08:27:02,155.34375,155.4375,155.34375,155.40625,285,44289.84375,155.40296052631578,0.0625,0.0004022526200655463,155.29326671575714,155.51257882519232,-0.21931210943517954,0.9999999999999999,0.0026367187499999997,-1.6872427983539058,0.5184205276797867,0.00263671875,-1,2122,0.10446458206637961,0.7771055368052207,0.051348989766109326,-42.710111812156235,0.0,-20.0,-2.034757136339064,-0.4674205891246751,-3.0,0.8236528393177843,0.04654730251256367,3.0,-1.0,3.0,0.0,367.0,375.0,0,0,3.0,3.0,187.5,4531.25,0.0,0.0,4287.5,243.75,187.5,187.5
2123,2019-06-21,08:32:54,155.40625,155.46875,155.40625,155.40625,286,44451.65625,155.4253715034965,0.0,0.0,155.31837411225558,155.50930716903258,-0.19093305677699846,1.0000000000000029,0.001171875,2.9166666666666665,1.2932338163316421,0.0011718749999999967,0,2123,0.18141424851408072,0.8236528393177843,0.03423265984407283,-55.775115824094314,0.0,-20.0,-2.034757136339064,-0.4674205891246751,-3.0,0.8617884042641117,0.038135564946327416,3.0,-1.0,3.0,0.0,367.0,375.0,0,0,3.0,3.0,0.0,4531.25,0.0,0.0,4287.5,243.75,0.0,187.5
2124,2019-06-21,08:37:52,155.40625,155.40625,155.375,155.375,286,44443.0625,155.3953234265734,-0.03125,-0.00020110608413670406,155.33095764286549,155.50517464075466,-0.17421699788917522,1.0000000000000018,0.00126953125,-0.17751479289940755,0.4047960089109363,0.0012695312499999979,0,2124,0.2506838359732719,0.8617884042641117,0.03563048203434803,-48.89549283145506,0.0,-20.0,-2.034757136339064,-0.4674205891246751,-3.0,0.8988466559816147,0.03705825171750299,3.0,-1.0,3.0,0.0,367.0,343.75,0,0,3.0,3.0,-93.75,4437.5,0.0,0.0,4287.5,150.0,-93.75,0.0
2125,2019-06-21,08:47:43,155.375,155.4375,155.34375,155.375,286,44441.0,155.3881118881119,0.0,0.0,155.3407448333398,155.501169267193,-0.16042443385319416,1.0000000000000027,0.00361328125,2.607742878013152,-1.5174736878455117,0.0036132812499999906,0,2125,0.3256816394020332,0.8988466559816147,0.06011057519272287,-26.688221388474673,0.0,-20.0,-2.034757136339064,-0.4674205891246751,-3.0,0.9224205914145212,0.023573935432906423,3.0,-1.0,3.0,0.0,367.0,343.75,0,0,3.0,3.0,0.0,4437.5,0.0,0.0,4287.5,150.0,0.0,0.0
2126,2019-06-21,09:05:16,155.375,155.46875,155.375,155.40625,286,44450.59375,155.42165646853147,0.03125,0.00020110608413670406,155.3553015370421,155.49824867435632,-0.14294713731422348,1.0000000000000018,0.00419921875,1.9307733910221725,-1.446728466511237,0.004199218749999992,-1,2126,0.3791745428497494,0.9224205914145212,0.06480137922914907,-22.05927389426964,0.0,-20.0,-2.034757136339064,-0.4674205891246751,-3.0,0.9569667524760515,0.0345461610615303,3.0,-1.0,3.0,0.0,367.0,375.0,0,0,3.0,3.0,93.75,4531.25,0.0,0.0,4287.5,243.75,93.75,93.75
2127,2019-06-21,09:28:28,155.40625,155.4375,155.28125,155.28125,285,44285.65625,155.38826754385966,-0.125,-0.0008046671124182225,155.33884563992163,155.49157179206844,-0.15272615214681196,1.0000000000000018,0.00537109375,-2.6280991735537214,-0.5814564991516646,0.00537109374999999,0,2127,0.47147700429719225,0.9569667524760515,0.07328774624724102,-20.839248028119222,0.0,-20.0,-2.034757136339064,-0.4674205891246751,-3.0,0.9846359329594185,0.027669180483367084,3.0,-1.0,3.0,0.0,367.0,250.0,0,0,3.0,3.0,-375.0,4156.25,0.0,0.0,4287.5,-131.25,-375.0,93.75
2128,2019-06-21,09:44:58,155.28125,155.34375,155.25,155.3125,286,44411.75,155.28583916083917,0.03125,0.0002012274883540499,155.3329910532724,155.48606189077404,-0.15307083750164452,1.0000000000000013,0.006054687499999999,-2.80437044745057,-0.6995781251731448,0.006054687499999991,-1,2128,0.5727678904170636,0.9846359329594185,0.07781187248742952,-19.671912859618313,0.0,-19.671912859618313,-1.9969032582633972,-0.4674205891246751,-2.0,0.9982758973787877,0.01363996441936921,3.0,-1.0,3.0,0.0,367.0,281.25,0,0,3.0,3.0,93.75,4250.0,1.0,0.0,4287.5,-37.5,93.75,93.75
2129,2019-06-21,09:59:06,155.3125,155.3125,155.21875,155.21875,287,44564.1875,155.27591463414635,-0.09375,-0.0006038039833242692,155.30760415254522,155.47783690951948,-0.17023275697425788,1.0000000000000018,0.00537109375,-2.6280991735537214,-0.5814564991516646,0.00537109374999999,0,2129,0.6643832428351527,0.9982758973787877,0.07328774624724102,-23.227997269825504,0.0,-20.0,-2.034757136339064,-0.4674205891246751,-3.0,0.98992231548061,-0.008353581898177698,-2.0,-1.0,3.0,0.0,367.0,187.5,0,0,-2.0,3.0,-281.25,3968.75,-1.0,5.0,4300.0,-331.25,-293.75,93.75
2130,2019-06-21,10:08:57,155.25,155.28125,155.21875,155.25,286,44401.15625,155.24879807692307,0.03125,0.00020130850596444816,155.29480322975743,155.47082654307275,-0.17602331331531218,1.0000000000000007,0.0046875,1.7447916666666667,-0.846307423922913,0.004687499999999997,-1,2130,0.8001152150469435,0.98992231548061,0.06846531968814575,-25.70985049322559,0.0,-20.0,-2.034757136339064,-0.4674205891246751,-3.0,0.9123692448354829,-0.07755307064512718,-3.0,-1.0,-2.0,1.0,368.0,31.25,0,0,-3.0,-2.0,-62.5,3906.25,0.0,1.0,4302.5,-396.25,-65.0,-65.0
2131,2019-06-21,10:27:14,155.25,155.3125,155.21875,155.25,286,44406.96875,155.2691215034965,0.0,0.0,155.28484695647802,155.46403188020898,-0.17918492373095773,1.0000000000000007,0.0046875,1.7447916666666667,-0.846307423922913,0.004687499999999997,0,2131,0.934609542930043,0.9123692448354829,0.06846531968814575,-26.171633251276887,0.0,-20.0,-2.034757136339064,-0.4674205891246751,-3.0,0.7821496723787918,-0.13021957245669102,3.0,-1.0,-3.0,0.0,368.0,31.25,0,0,3.0,-3.0,-0.0,3906.25,0.0,6.0,4317.5,-411.25,-15.0,-15.0
2132,2019-06-21,10:33:30,155.28125,155.34375,155.28125,155.34375,286,44423.03125,155.3252840909091,0.09375,0.0006036824813584474,155.29793652170514,155.46033089927948,-0.16239437757434416,0.9999999999999989,0.001171875,2.916666666666662,1.2932338163316435,0.0011718750000000015,-1,2132,0.993654922498424,0.7821496723787918,0.0342326598440729,-47.43843403172231,0.0,-20.0,-2.034757136339064,-0.4674205891246751,-3.0,0.32727240269430974,-0.4548772696844821,-3.0,1.0,3.0,1.0,369.0,93.75,0,0,-3.0,3.0,281.25,4187.5,0.0,6.0,4332.5,-145.0,266.25,266.25
2133,2019-06-21,10:37:13,155.34375,155.40625,155.34375,155.375,285,44286.125,155.38991228070176,0.03125,0.00020114653592884224,155.315061739104,155.45770533314783,-0.1426435940438182,1.0000000000000007,0.0032226562500000003,1.0743801652892546,-0.2669003066972995,0.003222656249999998,-1,2133,0.8995829720039469,0.32727240269430974,0.05676844413932795,-25.127268539142122,0.0,-20.0,-2.034757136339064,-0.4674205891246751,-3.0,-0.20563309684704842,-0.5329054995413581,-3.0,1.0,-3.0,1.0,370.0,31.25,0,0,-3.0,-3.0,-93.75,4093.75,0.0,0.0,4332.5,-238.75,-93.75,266.25
2134,2019-06-21,10:47:18,155.375,155.4375,155.34375,155.40625,286,44446.78125,155.40832604895104,0.03125,0.00020110608413670406,155.3353257970809,155.4561220921279,-0.12079629504700051,1.0000000000000009,0.005859375,-1.75,-0.17010345435994295,0.005859374999999995,-1,2134,0.5465907568860884,-0.20563309684704842,0.07654655446197428,-15.780761903138043,0.0,-15.780761903138043,-1.5479519409113676,-0.4674205891246751,-2.0,-0.8043970172927746,-0.5987639204457261,-3.0,1.0,-3.0,0.0,370.0,62.5,0,0,-3.0,-3.0,-93.75,4000.0,1.0,0.0,4332.5,-332.5,-93.75,-93.75
2135,2019-06-21,10:55:06,155.40625,155.4375,155.34375,155.34375,286,44444.15625,155.39914772727272,-0.0625,-0.0004022526200655463,155.33719784217405,155.45266448929323,-0.11546664711917742,1.0000000000000018,0.0037109375,-2.479224376731304,-0.7559840489048504,0.003710937499999993,0,2135,-0.14870802403642563,-0.8043970172927746,0.060917464655055965,-18.954604853141085,0.0,-18.954604853141085,-1.914142044921418,-0.4674205891246751,-2.0,-0.9910108582707272,-0.18661384097795264,-2.0,1.0,-3.0,0.0,370.0,0.0,0,0,-2.0,-3.0,187.5,4187.5,0.0,1.0,4335.0,-147.5,185.0,185.0
2136,2019-06-21,11:00:02,155.34375,155.34375,155.25,155.25,286,44414.9375,155.29698426573427,-0.09375,-0.0006036824813584474,155.31782054391317,155.44642865885345,-0.12860811494027757,1.0000000000000009,0.005859375,-1.75,-0.17010345435994295,0.005859374999999995,0,2136,-0.6061527212109558,-0.9910108582707272,0.07654655446197428,-16.80129378052747,0.0,-16.80129378052747,-1.6656983701499184,-0.4674205891246751,-2.0,-0.9501358093010621,0.040875048969665095,-2.0,1.0,-2.0,0.0,370.0,-93.75,0,0,-2.0,-2.0,187.5,4375.0,0.0,0.0,4335.0,40.0,187.5,187.5
2137,2019-06-21,11:10:39,155.25,155.28125,155.21875,155.28125,286,44403.0625,155.25546328671328,0.03125,0.00020126798900577114,155.30969375637693,155.44134623858108,-0.13165248220414583,1.0000000000000009,0.00654296875,-2.412564045444421,-0.36326900585846356,0.006542968749999996,-1,2137,-0.8923491108553528,-0.9501358093010621,0.08088861940965487,-16.275773176125167,0.0,-16.275773176125167,-1.6050651101502957,-0.4674205891246751,-2.0,-0.738320788149298,0.2118150211517641,-2.0,1.0,-2.0,0.0,370.0,-62.5,0,0,-2.0,-2.0,-62.5,4312.5,0.0,0.0,4335.0,-22.5,-62.5,187.5
2138,2019-06-21,11:17:49,155.28125,155.375,155.28125,155.375,286,44419.5625,155.3131555944056,0.09375,0.0006035610282815185,155.32420625495985,155.43930481585554,-0.1150985608956887,1.0000000000000004,0.005078125,2.818047337278107,-1.4926852828590789,0.005078124999999999,-1,2138,-0.998979600795162,-0.738320788149298,0.07126096406869611,-16.15169853508196,0.0,-16.15169853508196,-1.5907496867269098,-0.4674205891246751,-2.0,-0.11048770697556744,0.6278330811737306,2.0,1.0,-2.0,0.0,370.0,31.25,0,0,2.0,-2.0,-187.5,4125.0,0.0,4.0,4345.0,-220.0,-197.5,-62.5
2139,2019-06-21,11:29:48,155.375,155.4375,155.375,155.4375,286,44446.25,155.40646853146853,0.0625,0.0004021717327482577,155.34938264274658,155.43924928306,-0.08986664031343139,0.9999999999999984,0.0012695312500000003,-0.17751479289942415,0.4047960089109369,0.001269531250000002,-1,2139,-0.7809041202138186,-0.11048770697556744,0.03563048203434809,-25.221842417624096,0.0,-20.0,-2.034757136339064,-0.4674205891246751,-3.0,0.9546009815934425,1.06508868856901,2.0,-1.0,2.0,1.0,371.0,62.5,0,0,2.0,2.0,125.0,4250.0,-1.0,0.0,4345.0,-95.0,125.0,125.0
2140,2019-06-21,11:38:19,155.4375,155.5,155.4375,155.46875,286,44457.96875,155.4474431818182,0.03125,0.00020102522934273281,155.37590872213624,155.4401569974274,-0.06424827529116328,0.9999999999999994,0.0016601562499999997,-1.4878892733564086,0.5413870509510866,0.0016601562500000008,-1,2140,0.46436655223297724,0.9546009815934425,0.04074501503251656,-15.768376877487944,0.0,-15.768376877487944,-1.5465229874620567,-0.4674205891246751,-2.0,0.7245069904538793,-0.2300939911395632,-3.0,-1.0,2.0,0.0,371.0,93.75,0,0,-3.0,2.0,62.5,4312.5,1.0,5.0,4357.5,-45.0,50.0,125.0
2141,2019-06-21,11:44:03,155.46875,155.5,155.4375,155.46875,285,44308.96875,155.4700657894737,0.0,0.0,155.39654011721709,155.44103678212196,-0.044496664904869476,1.0000000000000036,0.00078125,0.3124999999999976,1.257788237343632,0.0007812499999999973,0,2141,0.9996894955309495,0.7245069904538793,0.027950849718747322,-15.919610799890807,0.0,-15.919610799890807,-1.5639719812046424,-0.4674205891246751,-2.0,0.3669356623791508,-0.3575713280747285,2.0,-1.0,-3.0,1.0,372.0,0.0,0,0,2.0,-3.0,-0.0,4312.5,0.0,5.0,4370.0,-57.5,-12.5,50.0
2142,2019-06-21,11:58:30,155.5,155.5,155.4375,155.46875,286,44462.65625,155.46383304195805,0.0,0.0,155.41258675783553,155.4418894965182,-0.029302738682673635,1.0000000000000038,0.00224609375,3.724007561436674,-1.7487916903105656,0.002246093749999992,0,2142,0.9172461776178664,0.3669356623791508,0.047392971525322104,-6.182929185399813,0.0,-6.182929185399813,-0.44057787844357643,-0.4674205891246751,-1.0,0.09950766233972724,-0.2674280000394236,-2.0,1.0,2.0,1.0,373.0,0.0,0,0,-2.0,2.0,0.0,4312.5,1.0,4.0,4380.0,-67.5,-10.0,-10.0
2143,2019-06-21,12:03:29,155.46875,155.46875,155.40625,155.46875,286,44461.96875,155.4614291958042,0.0,0.0,155.42506747831655,155.44271597354845,-0.017648495231895822,1.0000000000000024,0.003125,2.3632812499999987,-0.8210562104882035,0.0031249999999999932,0,2143,0.7739598087104126,0.09950766233972724,0.05590169943749468,-3.1570588031280016,0.0,-3.1570588031280016,-0.09146048118736255,-0.4674205891246751,-1.0,-0.18183316728191487,-0.2813408296216421,-1.0,1.0,-2.0,1.0,374.0,0.0,0,0,-1.0,-2.0,-0.0,4312.5,0.0,1.0,4382.5,-70.0,-2.5,-2.5
2144,2019-06-21,12:13:02,155.46875,155.5,155.375,155.375,286,44450.25,155.42045454545453,-0.09375,-0.0006031969620909905,155.413941372024,155.4406324051316,-0.02669103310759624,1.000000000000001,0.0041015625,0.9183673469387786,-1.0223715049937014,0.004101562499999996,0,2144,0.5667434177886603,-0.18183316728191487,0.06404344228724745,-4.167644985083984,0.0,-4.167644985083984,-0.20805940082868457,-0.4674205891246751,-1.0,-0.4385391219060342,-0.2567059546241194,-1.0,1.0,-1.0,0.0,374.0,-93.75,0,0,-1.0,-1.0,93.75,4406.25,0.0,0.0,4382.5,23.75,93.75,93.75
2145,2019-06-21,12:20:09,155.375,155.46875,155.34375,155.4375,285,44291.21875,155.4077850877193,0.0625,0.0004021717327482577,155.41917662268534,155.44053602343527,-0.02135940074992959,1.0000000000000007,0.00419921875,1.9307733910221774,-1.4467284665112368,0.004199218749999997,-1,2145,0.3253914332784898,-0.4385391219060342,0.06480137922914911,-3.296133663204757,0.0,-3.296133663204757,-0.10750659256683126,-0.4674205891246751,-1.0,-0.6416897055916588,-0.2031505836856246,-1.0,1.0,-1.0,0.0,374.0,-31.25,0,0,-1.0,-1.0,-62.5,4343.75,0.0,0.0,4382.5,-38.75,-62.5,93.75
2146,2019-06-21,12:23:37,155.4375,155.53125,155.4375,155.5,286,44473.875,155.50305944055944,0.0625,0.0004020100556649808,155.43713737319973,155.44236568425268,-0.005228311052945855,1.0000000000000007,0.004589843749999999,-0.7378904481665908,-0.912717046241344,0.004589843749999996,-1,2146,0.08858255405998189,-0.6416897055916588,0.06774838558962122,-0.7717248178599863,0.0,-0.7717248178599863,0.1837534200433727,-0.4674205891246751,-0.0,-0.7484334063946679,-0.1067437008030091,-1.0,1.0,-1.0,0.0,374.0,31.25,0,0,-1.0,-1.0,-62.5,4281.25,1.0,0.0,4382.5,-101.25,-62.5,-62.5
2147,2019-06-21,12:27:19,155.5,155.5625,155.5,155.53125,286,44480.5625,155.52644230769232,0.03125,0.00020094443953944108,155.45805129026647,155.4451005862757,0.01295070399078213,1.0000000000000009,0.00322265625,-2.2314049586776847,-0.5671631517317617,0.003222656249999997,-1,2147,-0.06026208477859497,-0.7484334063946679,0.05676844413932794,2.2813209322765577,2.2813209322765577,0.0,0.2727931097101266,-0.2181414161004589,0.0,-0.8326463040378309,-0.08421289764316298,-0.0,1.0,-1.0,0.0,374.0,62.5,0,0,-0.0,-1.0,-31.25,4250.0,0.0,1.0,4385.0,-135.0,-33.75,-33.75
2148,2019-06-21,12:30:15,155.53125,155.53125,155.46875,155.5,285,44321.96875,155.5156798245614,-0.03125,-0.00020094443953944108,155.46737322576283,155.44678979900567,0.020583426757156076,1.0000000000000022,0.00322265625,-2.2314049586776847,0.5671631517317617,0.0032226562499999925,0,2148,-0.19717047842365543,-0.8326463040378309,0.056768444139327905,3.6258571234818007,3.6258571234818007,0.0,0.2727931097101266,-0.07122439749829867,0.0,-0.8555778557834176,-0.022931551745586698,0.0,1.0,-0.0,0.0,374.0,31.25,0,0,0.0,-0.0,0.0,4250.0,0.0,0.0,4385.0,-135.0,0.0,0.0
2149,2019-06-21,12:32:21,155.5,155.5,155.40625,155.4375,286,44456.1875,155.44121503496504,-0.0625,-0.0004020100556649808,155.4607347311489,155.44650395903628,0.0142307721126258,1.0000000000000075,0.0014648437500000002,2.0000000000000013,1.3608276348795436,0.0014648437499999894,0,2149,-0.2389339968883399,-0.8555778557834176,0.038273277230987016,3.7182005676546055,3.7182005676546055,0.0,0.2727931097101266,-0.061134060329194884,0.0,-0.898372257142579,-0.04279440135916135,0.0,1.0,0.0,0.0,374.0,-31.25,0,0,0.0,0.0,-0.0,4250.0,0.0,0.0,4385.0,-135.0,-0.0,-0.0
2150,2019-06-21,12:35:19,155.4375,155.4375,155.3125,155.375,286,44432.15625,155.3571896853147,-0.0625,-0.0004021717327482577,155.44168256867138,155.4443038372198,-0.0026212685484097165,1.0000000000000453,0.00029296875000000053,-3.3333333333331896,-0.6085806194501694,0.00029296874999998725,0,2150,-0.3246591466049805,-0.898372257142579,0.01711632992203607,-1.531443107459046,0.0,-1.531443107459046,0.09609901373875362,-0.4674205891246751,-0.0,-0.9658267352274729,-0.06745447808489391,0.0,1.0,0.0,0.0,374.0,-93.75,0,0,0.0,0.0,-0.0,4250.0,-0.0,0.0,4385.0,-135.0,-0.0,-0.0
2151,2019-06-21,12:37:12,155.375,155.375,155.3125,155.34375,286,44426.25,155.33653846153845,-0.03125,-0.00020114653592884224,155.41991977563333,155.44120987299766,-0.02129009736432863,1.0000000000000036,0.0026367187499999997,3.2510288065843675,1.7355817665801567,0.00263671874999999,0,2151,-0.49966863479292395,-0.9658267352274729,0.05134898976610923,-4.146157005484123,0.0,-4.146157005484123,-0.20558017119804656,-0.4674205891246751,-1.0,-0.9990431753269566,-0.03321644009948377,-0.0,1.0,0.0,0.0,374.0,-125.0,0,0,-0.0,0.0,-0.0,4250.0,-1.0,0.0,4385.0,-135.0,-0.0,-0.0
2152,2019-06-21,12:39:38,155.34375,155.34375,155.3125,155.3125,286,44425.125,155.3326048951049,-0.03125,-0.00020118700399862632,155.3960487143815,155.43724956921312,-0.041200854831629385,1.000000000000004,0.0022460937500000003,3.7240075614366694,1.7487916903105647,0.002246093749999991,0,2152,-0.7373553865309683,-0.9990431753269566,0.0473929715253221,-8.6934525322211,0.0,-8.6934525322211,-0.7302358167770613,-0.4674205891246751,-1.0,-0.9243312548184435,0.07471192050851316,-1.0,1.0,-0.0,0.0,374.0,-156.25,0,0,-1.0,-0.0,0.0,4250.0,0.0,1.0,4387.5,-137.5,-2.5,-0.0
2153,2019-06-21,12:43:04,155.3125,155.375,155.3125,155.375,286,44431.78125,155.3558784965035,0.0625,0.00040233353992746856,155.39137122229673,155.43533419785274,-0.04396297555601336,1.000000000000004,0.0022460937500000003,3.7240075614366694,1.7487916903105647,0.002246093749999991,-1,2153,-0.923426519224057,-0.9243312548184435,0.0473929715253221,-9.276264842883698,0.0,-9.276264842883698,-0.7974792513205601,-0.4674205891246751,-1.0,-0.7439581558618834,0.18037309895656006,-1.0,1.0,-1.0,1.0,375.0,62.5,0,0,-1.0,-1.0,-62.5,4187.5,0.0,0.0,4387.5,-200.0,-62.5,-2.5
2154,2019-06-21,12:48:05,155.375,155.375,155.3125,155.34375,286,44430.9375,155.35292832167832,-0.03125,-0.00020114653592884224,155.38078872845304,155.43251622253422,-0.05172749408117738,1.0,0.01044921875,0.905755961219325,1.2942629988487457,0.01044921875,0,2154,-0.9985651385271467,-0.7439581558618834,0.10222142021122578,-5.060338036224698,0.0,-5.060338036224698,-0.31105610431899233,-0.4674205891246751,-1.0,-0.6253357076697217,0.11862244819216172,1.0,1.0,-1.0,0.0,375.0,31.25,0,0,1.0,-1.0,31.25,4218.75,0.0,2.0,4392.5,-173.75,26.25,26.25
2155,2019-06-21,12:55:01,155.34375,155.34375,155.28125,155.28125,285,44266.96875,155.32269736842105,-0.0625,-0.00040241449235267623,155.35866901101906,155.42786187722547,-0.06919286620640719,1.0000000000000002,0.0115234375,0.5472565354783114,1.2433904445285986,0.011523437499999999,0,2155,-0.9939740327229922,-0.6253357076697217,0.10734727523323542,-6.445703075003121,0.0,-6.445703075003121,-0.4708960761240472,-0.4674205891246751,-1.0,-0.5130976615384731,0.11223804613124855,1.0,-1.0,1.0,1.0,376.0,-62.5,0,0,1.0,1.0,-62.5,4156.25,0.0,0.0,4392.5,-236.25,-62.5,26.25
2156,2019-06-21,13:00:43,155.28125,155.5,155.28125,155.46875,286,44444.28125,155.3995847902098,0.1875,0.001206757990372509,155.38313145301484,155.42911997331086,-0.04598852029602085,1.0000000000000002,0.01123046875,4.570888468809076,2.1154715448311334,0.011230468749999997,-1,2156,-0.9697459644833359,-0.5130976615384731,0.1059739059863323,-4.3396079315932825,0.0,-4.3396079315932825,-0.2279000578051283,-0.4674205891246751,-1.0,-0.4051427472833592,0.10795491425511394,1.0,-1.0,1.0,0.0,376.0,125.0,0,0,1.0,1.0,187.5,4343.75,0.0,0.0,4392.5,-48.75,187.5,187.5
2157,2019-06-21,13:04:09,155.46875,155.46875,155.40625,155.40625,286,44459.1875,155.45170454545453,-0.0625,-0.00040209087795428644,155.38826890790045,155.42841628182438,-0.04014737392392931,1.0000000000000004,0.014453125,3.6349525200876562,1.7756549750136719,0.014453124999999994,0,2157,-0.9329539917849395,-0.4051427472833592,0.12022115038544588,-3.3394601361916094,0.0,-3.3394601361916094,-0.11250549323689402,-0.4674205891246751,-1.0,-0.2920518005338885,0.11309094674947068,1.0,-1.0,1.0,0.0,376.0,62.5,0,0,1.0,1.0,-62.5,4281.25,0.0,0.0,4392.5,-111.25,-62.5,187.5
2158,2019-06-21,13:13:16,155.40625,155.4375,155.375,155.375,286,44446.71875,155.4081075174825,-0.03125,-0.00020110608413670406,155.38532026170034,155.4267727039221,-0.04145244222175393,1.0000000000000002,0.01416015625,1.3341260404280615,1.0866739271149457,0.014160156249999997,0,2158,-0.8827905033132734,-0.2920518005338885,0.11899645477912356,-3.483502285735847,0.0,-3.483502285735847,-0.12912471811800702,-0.4674205891246751,-1.0,-0.010247179905460218,0.2818046206284283,1.0,-1.0,1.0,0.0,376.0,31.25,0,0,1.0,1.0,-31.25,4250.0,0.0,0.0,4392.5,-142.5,-31.25,-31.25
2159,2019-06-21,13:18:04,155.375,155.375,155.25,155.25,286,44421.59375,155.32025786713288,-0.125,-0.0008048290172872896,155.3552490924336,155.42133354380144,-0.06608445136782848,1.0000000000000029,0.0036132812500000006,-0.021913805697593602,-0.5901286563843656,0.0036132812499999906,0,2159,-0.7143155058448128,-0.010247179905460218,0.06011057519272287,-10.993814508670482,0.0,-10.993814508670482,-0.9956458590149599,-0.4674205891246751,-1.0,0.47704052233002203,0.48728770223548223,1.0,-1.0,1.0,0.0,376.0,-93.75,0,0,1.0,1.0,-125.0,4125.0,0.0,0.0,4392.5,-267.5,-125.0,-31.25
2160,2019-06-21,13:25:42,155.25,155.375,155.25,155.28125,286,44416.875,155.30375874125875,0.03125,0.00020126798900577114,155.3388048496706,155.41702328091526,-0.07821843124466454,1.0000000000000024,0.00341796875,1.999999999999999,-1.145405322481819,0.0034179687499999918,-1,2160,-0.2841443390751683,0.47704052233002203,0.058463396668342764,-13.379043247930015,0.0,-13.379043247930015,-1.270847617223057,-0.4674205891246751,-2.0,0.7110617017835954,0.23402117945357337,1.0,-1.0,1.0,0.0,376.0,-62.5,0,0,1.0,1.0,31.25,4156.25,-1.0,0.0,4392.5,-236.25,31.25,31.25
2161,2019-06-21,13:31:37,155.28125,155.3125,155.25,155.28125,286,44413.4375,155.29173951048952,0.0,0.0,155.32601488307714,155.4128456415025,-0.08683075842537846,1.0000000000000029,0.0036132812500000006,-0.021913805697593602,-0.5901286563843656,0.0036132812499999906,0,2161,0.005608831968187922,0.7110617017835954,0.06011057519272287,-14.445171776677725,0.0,-14.445171776677725,-1.3938548746646489,-0.4674205891246751,-2.0,0.7450242025710819,0.03396250078748653,2.0,-1.0,1.0,0.0,376.0,-62.5,0,0,2.0,1.0,0.0,4156.25,0.0,1.0,4395.0,-238.75,-2.5,31.25
2162,2019-06-21,13:40:10,155.28125,155.3125,155.21875,155.25,286,44406.90625,155.26890297202797,-0.03125,-0.00020126798900577114,155.30912268683778,155.40783500637937,-0.09871231954159043,1.0000000000000009,0.00361328125,-0.021913805697588867,0.5901286563843656,0.003613281249999997,0,2162,0.05514497330967516,0.7450242025710819,0.06011057519272293,-16.421789215143075,0.0,-16.421789215143075,-1.6219120774884408,-0.4674205891246751,-2.0,0.7625708755254258,0.017546672954343867,2.0,-1.0,2.0,0.0,376.0,-93.75,0,0,2.0,2.0,-62.5,4093.75,0.0,0.0,4395.0,-301.25,-62.5,-2.5
2163,2019-06-21,13:44:17,155.25,155.28125,155.1875,155.1875,286,44394.375,155.2250874125874,-0.0625,-0.0004026575452025227,155.28209542309605,155.40105546772156,-0.11896004462550991,1.0000000000000009,0.00361328125,-0.021913805697588867,0.5901286563843656,0.003613281249999997,0,2163,0.08178835405505339,0.7625708755254258,0.06011057519272293,-19.79020234694267,0.0,-19.79020234694267,-2.0105512050424146,-0.4674205891246751,-2.0,0.7961820146284201,0.03361113910299429,2.0,-1.0,2.0,0.0,376.0,-156.25,0,0,2.0,2.0,-125.0,3968.75,0.0,0.0,4395.0,-426.25,-125.0,-62.5
2164,2019-06-21,13:46:55,155.1875,155.3125,155.15625,155.28125,286,44401.5,155.25,0.09375,0.0006039255342082939,155.28190755129694,155.39736914563784,-0.11546159434089986,1.0000000000000009,0.00712890625,-0.6811784574967147,0.18252325730899832,0.007128906249999993,-1,2164,0.13514566164469557,0.7961820146284201,0.08443285053816431,-13.674961061359681,0.0,-13.674961061359681,-1.304989878382555,-0.4674205891246751,-2.0,0.8497154775438819,0.053533462915461794,2.0,-1.0,2.0,0.0,376.0,-62.5,0,0,2.0,2.0,187.5,4156.25,0.0,0.0,4395.0,-238.75,187.5,187.5
2165,2019-06-21,13:49:18,155.28125,155.34375,155.25,155.3125,286,44418.75,155.3103146853147,0.03125,0.0002012274883540499,155.28870587323098,155.39475778731054,-0.10605191407955772,1.000000000000001,0.00830078125,-1.5986159169550167,0.6052891240323842,0.008300781249999991,-1,2165,0.22802353097987627,0.8497154775438819,0.09110862335695777,-11.640162058431404,0.0,-11.640162058431404,-1.0702198313891653,-0.4674205891246751,-2.0,0.8134747539174341,-0.03624072362644781,-2.0,-1.0,2.0,0.0,376.0,-31.25,0,0,-2.0,2.0,62.5,4218.75,0.0,4.0,4405.0,-186.25,52.5,187.5
2166,2019-06-21,13:54:18,155.3125,155.375,155.1875,155.1875,286,44413.4375,155.29173951048952,-0.125,-0.0008051530225623438,155.26621567917965,155.3883806246241,-0.1221649454444389,1.000000000000001,0.01005859375,-2.03883495145631,0.7532575789300444,0.010058593749999989,0,2166,0.1639600499467599,0.8134747539174341,0.10029254084925752,-12.18086055153954,0.0,-12.18086055153954,-1.1326042784296706,-0.4674205891246751,-2.0,0.6842006972789846,-0.12927405663844949,-2.0,-1.0,-2.0,1.0,377.0,-125.0,0,0,-2.0,-2.0,250.0,4468.75,0.0,0.0,4405.0,63.75,250.0,250.0
2167,2019-06-21,13:56:22,155.1875,155.1875,155.0625,155.09375,286,44367.4375,155.13090034965035,-0.09375,-0.0006042904806715654,155.2278899726953,155.37931506694338,-0.15142509424808281,1.0000000000000036,0.004199218749999998,3.877771768523509,1.9177563393288473,0.0041992187499999825,0,2167,-0.03188561890279626,0.6842006972789846,0.064801379229149,-23.367572735237196,0.0,-20.0,-2.034757136339064,-0.4674205891246751,-3.0,0.4616336049034503,-0.2225670923755343,-2.0,-1.0,-2.0,0.0,377.0,-218.75,0,0,-2.0,-2.0,187.5,4656.25,-1.0,0.0,4405.0,251.25,187.5,250.0
2168,2019-06-21,13:58:11,155.09375,155.09375,154.96875,154.96875,287,44494.5625,155.033318815331,-0.125,-0.0008062890983069337,155.17030331209637,155.36668229565282,-0.1963789835564569,1.0000000000000029,0.006152343750000001,4.225245653817083,2.0173435258077865,0.006152343749999983,0,2168,-0.3008294501384282,0.4616336049034503,0.07843687748756947,-25.03656313799318,0.0,-20.0,-2.034757136339064,-0.4674205891246751,-3.0,0.4033320844073995,-0.05830152049605081,-3.0,-1.0,-2.0,0.0,377.0,-343.75,0,0,-3.0,-2.0,250.0,4906.25,0.0,1.0,4407.5,498.75,247.5,247.5
2169,2019-06-21,14:00:00,154.96875,154.96875,154.8125,154.875,287,44460.09375,154.91321864111498,-0.09375,-0.0006051437401008997,155.10468035385273,155.35155360963276,-0.24687325578003083,1.000000000000002,0.006152343749999999,-1.216931216931215,0.8284388773693421,0.006152343749999988,0,2169,-0.3618418073890156,0.4033320844073995,0.0784368774875695,-31.474131006700865,0.0,-20.0,-2.034757136339064,-0.4674205891246751,-3.0,0.45955151774907554,0.05621943334167606,3.0,-1.0,-3.0,0.0,377.0,-437.5,0,0,3.0,-3.0,281.25,5187.5,0.0,6.0,4422.5,765.0,266.25,266.25
2170,2019-06-21,14:01:13,154.875,154.96875,154.84375,154.9375,286,44309.1875,154.927229020979,0.0625,0.0004034698461028441,155.0675291641077,155.33881349856716,-0.271284334459466,1.000000000000002,0.006152343749999999,-1.216931216931215,0.8284388773693421,0.006152343749999988,-1,2170,-0.3030656814145032,0.45955151774907554,0.0784368774875695,-34.58632509975407,0.0,-20.0,-2.034757136339064,-0.4674205891246751,-3.0,0.5022447359845637,0.042693218235488106,3.0,-1.0,3.0,1.0,378.0,62.5,0,0,3.0,3.0,187.5,5375.0,0.0,0.0,4422.5,952.5,187.5,266.25
2171,2019-06-21,14:04:15,154.9375,155.0,154.90625,154.9375,287,44466.21875,154.93456010452962,0.0,0.0,155.038633794306,155.32646539091894,-0.2878315966129321,1.0000000000000009,0.00615234375,-3.030990173847316,-0.19604278777442416,0.006152343749999994,0,2171,-0.25631262052383763,0.5022447359845637,0.07843687748756954,-36.69595295383181,0.0,-20.0,-2.034757136339064,-0.4674205891246751,-3.0,0.522747110205344,0.020502374220780384,3.0,-1.0,3.0,0.0,378.0,62.5,0,0,3.0,3.0,0.0,5375.0,0.0,0.0,4422.5,952.5,0.0,187.5
2172,2019-06-21,14:06:17,154.9375,154.96875,154.8125,154.84375,287,44451.9375,154.88479965156793,-0.09375,-0.0006052658310471415,154.99532628446025,155.31161260965993,-0.3162863251996839,1.0000000000000009,0.00615234375,-3.030990173847316,-0.19604278777442416,0.006152343749999994,0,2172,-0.23316188177794103,0.522747110205344,0.07843687748756954,-40.32367622612311,0.0,-20.0,-2.034757136339064,-0.4674205891246751,-3.0,0.6090803080014966,0.08633319779615256,3.0,-1.0,3.0,0.0,378.0,-31.25,0,0,3.0,3.0,-281.25,5093.75,0.0,0.0,4422.5,671.25,-281.25,0.0
2173,2019-06-21,14:08:16,154.84375,154.9375,154.84375,154.90625,287,44450.1875,154.87870209059233,0.0625,0.00040355125648527945,154.97553155458021,155.2991399139781,-0.3236083593978947,1.000000000000001,0.005175781249999999,-2.7162691349234627,-0.19669686464742817,0.005175781249999993,-1,2173,-0.13012762066507969,0.6090803080014966,0.07194290270763332,-44.98127643153312,0.0,-20.0,-2.034757136339064,-0.4674205891246751,-3.0,0.66707447613538,0.05799416813388336,3.0,-1.0,3.0,0.0,378.0,31.25,0,0,3.0,3.0,187.5,5281.25,0.0,0.0,4422.5,858.75,187.5,187.5
2174,2019-06-21,14:10:56,154.90625,154.9375,154.8125,154.8125,286,44294.09375,154.87445367132867,-0.09375,-0.0006053879712686339,154.93930232022907,155.2841663781634,-0.3448640579343305,1.000000000000001,0.005175781249999999,-2.7162691349234627,-0.19669686464742817,0.005175781249999993,0,2174,-0.05509532764215307,0.66707447613538,0.07194290270763332,-47.93579977385867,0.0,-20.0,-2.034757136339064,-0.4674205891246751,-3.0,0.711706141435097,0.04463166529971707,3.0,-1.0,3.0,0.0,378.0,-62.5,0,0,3.0,3.0,-281.25,5000.0,0.0,0.0,4422.5,577.5,-281.25,187.5
2175,2019-06-21,14:12:38,154.8125,154.90625,154.8125,154.84375,287,44440.65625,154.84549216027875,0.03125,0.0002018367147833544,154.9180684712893,155.27061510498916,-0.35254663369985906,1.0000000000000016,0.00419921875,-1.9632233639805285,-0.235513936408806,0.004199218749999994,-1,2175,0.006525770710116309,0.711706141435097,0.06480137922914908,-54.40418674627158,0.0,-20.0,-2.034757136339064,-0.4674205891246751,-3.0,0.7505445235157744,0.03883838208067736,3.0,-1.0,3.0,0.0,378.0,-31.25,0,0,3.0,3.0,93.75,5093.75,0.0,0.0,4422.5,671.25,93.75,93.75
2176,2019-06-21,14:15:48,154.875,154.875,154.8125,154.84375,287,44443.71875,154.85616289198606,0.0,0.0,154.90155325544725,155.25748079406645,-0.35592753861919846,1.0000000000000029,0.0026367187499999997,-1.6872427983539058,-0.5184205276797867,0.0026367187499999915,0,2176,0.06344490150621439,0.7505445235157744,0.05134898976610924,-69.31539261832052,0.0,-20.0,-2.034757136339064,-0.4674205891246751,-3.0,0.7870193071184307,0.036474783602656324,3.0,-1.0,3.0,0.0,378.0,-31.25,0,0,3.0,3.0,0.0,5093.75,0.0,0.0,4422.5,671.25,0.0,93.75
2177,2019-06-21,14:18:13,154.84375,154.84375,154.78125,154.78125,287,44433.78125,154.82153745644598,-0.0625,-0.00040371417585038927,154.87481919868122,155.24282753886442,-0.36800834018319506,1.0000000000000013,0.0021484375,0.8677685950413228,-0.5516180692881075,0.0021484374999999967,0,2177,0.12027245705376124,0.7870193071184307,0.04635124054434786,-79.39557514778761,0.0,-20.0,-2.034757136339064,-0.4674205891246751,-3.0,0.8145079632586629,0.027488656140232215,3.0,-1.0,3.0,0.0,378.0,-93.75,0,0,3.0,3.0,-187.5,4906.25,0.0,0.0,4422.5,483.75,-187.5,0.0
2178,2019-06-21,14:21:41,154.78125,154.8125,154.75,154.78125,287,44424.9375,154.79072299651568,0.0,0.0,154.85402604341874,155.22862515305323,-0.37459910963448806,1.0000000000000024,0.001953125,2.0,0.0,0.0019531249999999957,0,2178,0.16571442592866015,0.8145079632586629,0.04419417382415917,-84.76210260767672,0.0,-20.0,-2.034757136339064,-0.4674205891246751,-3.0,0.8590573431235995,0.04454937986493657,3.0,-1.0,3.0,0.0,378.0,-93.75,0,0,3.0,3.0,0.0,4906.25,0.0,0.0,4422.5,483.75,0.0,0.0
2179,2019-06-21,14:26:27,154.78125,154.84375,154.75,154.84375,287,44428.03125,154.80150261324042,0.0625,0.00040371417585038927,154.8517424782146,155.2167828406516,-0.3650403624370142,1.0000000000000027,0.0021484375,0.8677685950413228,0.5516180692881075,0.0021484374999999945,-1,2179,0.24549190474227592,0.8590573431235995,0.04635124054434783,-78.75525188754155,0.0,-20.0,-2.034757136339064,-0.4674205891246751,-3.0,0.8837864963308767,0.0247291532072772,3.0,-1.0,3.0,0.0,378.0,-31.25,0,0,3.0,3.0,187.5,5093.75,0.0,0.0,4422.5,671.25,187.5,187.5
2180,2019-06-21,14:33:17,154.84375,154.90625,154.8125,154.84375,287,44443.03125,154.85376742160278,0.0,0.0,154.84996637194467,155.2053049070931,-0.3553385351484337,1.0000000000000018,0.00126953125,-0.17751479289940755,0.4047960089109363,0.0012695312499999974,0,2180,0.29408294810226987,0.8837864963308767,0.03563048203434803,-99.72880378263896,0.0,-20.0,-2.034757136339064,-0.4674205891246751,-3.0,0.9056654191494665,0.02187892281858983,3.0,-1.0,3.0,0.0,378.0,-31.25,0,0,3.0,3.0,0.0,5093.75,0.0,0.0,4422.5,671.25,0.0,187.5
2181,2019-06-21,14:35:39,154.84375,154.84375,154.8125,154.8125,286,44281.1875,154.82932692307693,-0.03125,-0.0002018367147833544,154.84164051151254,155.1932186022595,-0.3515780907469548,1.0000000000000018,0.00244140625,-1.2000000000000004,0.0,0.0024414062499999957,0,2181,0.3405937634229177,0.9056654191494665,0.04941058844013088,-71.15440269911983,0.0,-20.0,-2.034757136339064,-0.4674205891246751,-3.0,0.9253923763731727,0.01972695722370621,3.0,-1.0,3.0,0.0,378.0,-62.5,0,0,3.0,3.0,-93.75,5000.0,0.0,0.0,4422.5,577.5,-93.75,0.0
2182,2019-06-21,14:40:16,154.8125,154.875,154.78125,154.84375,287,44438.25,154.8371080139373,0.03125,0.0002018367147833544,154.84210928673198,155.18246572219,-0.34035643545800554,1.0000000000000018,0.00244140625,-1.2000000000000004,0.0,0.0024414062499999957,-1,2182,0.3863503386320632,0.9253923763731727,0.04941058844013088,-68.88329934997714,0.0,-20.0,-2.034757136339064,-0.4674205891246751,-3.0,0.9387408094730759,0.01334843309990319,3.0,-1.0,3.0,0.0,378.0,-31.25,0,0,3.0,3.0,93.75,5093.75,0.0,0.0,4422.5,671.25,93.75,93.75
2183,2019-06-21,14:44:17,154.84375,154.875,154.78125,154.78125,287,44437.8125,154.83558362369337,-0.0625,-0.00040371417585038927,154.82858500079155,155.17012062304568,-0.3415356222541277,1.0000000000000018,0.00419921875,-1.963223363980531,0.23551393640880577,0.004199218749999992,0,2183,0.42010403376811173,0.9387408094730759,0.06480137922914907,-52.70499275121872,0.0,-20.0,-2.034757136339064,-0.4674205891246751,-3.0,0.9515294555455344,0.012788646072458443,3.0,-1.0,3.0,0.0,378.0,-93.75,0,0,3.0,3.0,-187.5,4906.25,0.0,0.0,4422.5,483.75,-187.5,93.75
2184,2019-06-21,14:46:30,154.78125,154.84375,154.78125,154.84375,287,44431.4375,154.81337108013938,0.0625,0.00040371417585038927,154.83195500061566,155.16007845002892,-0.3281234494132548,1.0000000000000018,0.00419921875,-1.9632233639805285,-0.235513936408806,0.004199218749999993,-1,2184,0.45535684535938237,0.9515294555455344,0.06480137922914907,-50.63525704490835,0.0,-20.0,-2.034757136339064,-0.4674205891246751,-3.0,0.9591733412032116,0.007643885657677263,3.0,-1.0,3.0,0.0,378.0,-31.25,0,0,3.0,3.0,187.5,5093.75,0.0,0.0,4422.5,671.25,187.5,187.5
2185,2019-06-21,14:50:30,154.84375,154.84375,154.71875,154.75,287,44420.15625,154.77406358885017,-0.09375,-0.0006056323996563862,154.81374277825665,155.14746065156652,-0.33371787330986535,1.0000000000000027,0.00361328125,-0.021913805697585314,0.5901286563843663,0.0036132812499999906,0,2185,0.4782548477036283,0.9591733412032116,0.06011057519272287,-55.51733155770335,0.0,-20.0,-2.034757136339064,-0.4674205891246751,-3.0,0.9519494227220915,-0.00722391848112014,-3.0,-1.0,3.0,0.0,378.0,-125.0,0,0,-3.0,3.0,-281.25,4812.5,0.0,6.0,4437.5,375.0,-296.25,187.5
2186,2019-06-21,14:55:48,154.75,154.8125,154.71875,154.75,287,44418.46875,154.76818379790942,0.0,0.0,154.79957771642185,155.1352310930568,-0.33565337663495143,1.0000000000000018,0.00361328125,-0.021913805697588867,-0.5901286563843656,0.0036132812499999937,0,2186,0.4565747068321201,0.9519494227220915,0.0601105751927229,-55.83932204255238,0.0,-20.0,-2.034757136339064,-0.4674205891246751,-3.0,0.9537655982620445,0.0018161755399530577,3.0,-1.0,-3.0,1.0,379.0,0.0,0,0,3.0,-3.0,-0.0,4812.5,0.0,6.0,4452.5,360.0,-15.0,-15.0
2187,2019-06-21,14:56:55,154.75,154.75,154.71875,154.71875,287,44410.96875,154.74205139372822,-0.03125,-0.00020195900300912228,154.78161600166146,155.12241629019354,-0.3408002885320798,1.0000000000000018,0.00361328125,-0.021913805697588867,-0.5901286563843656,0.0036132812499999937,0,2187,0.4618921426574843,0.9537655982620445,0.0601105751927229,-56.69556270912838,0.0,-20.0,-2.034757136339064,-0.4674205891246751,-3.0,0.9567304789836404,0.0029648807215958417,3.0,-1.0,3.0,1.0,380.0,-31.25,0,0,3.0,3.0,-93.75,4718.75,0.0,0.0,4452.5,266.25,-93.75,-15.0
2188,2019-06-21,15:01:06,154.71875,154.8125,154.71875,154.75,287,44414.4375,154.75413763066203,0.03125,0.00020195900300912228,154.77459022351448,155.11095732741836,-0.336367103903882,1.0000000000000016,0.005175781250000001,1.1285154859380562,-1.032658539398995,0.005175781249999993,-1,2188,0.4707598007300583,0.9567304789836404,0.07194290270763332,-46.754730660623274,0.0,-20.0,-2.034757136339064,-0.4674205891246751,-3.0,0.9630458816618359,0.006315402678195525,3.0,-1.0,3.0,0.0,380.0,0.0,0,0,3.0,3.0,93.75,4812.5,0.0,0.0,4452.5,360.0,93.75,93.75
2189,2019-06-21,15:05:29,154.75,154.8125,154.71875,154.8125,287,44414.9375,154.75587979094075,0.0625,0.00040379568487303175,154.78301461828906,155.1017740250363,-0.31875940674723324,1.0000000000000007,0.00751953125,0.12987012987013222,-0.9266785330582891,0.007519531249999996,-1,2189,0.4905259784079051,0.9630458816618359,0.08671523078444753,-36.75933326402484,0.0,-20.0,-2.034757136339064,-0.4674205891246751,-3.0,0.9829043706918766,0.019858489030040727,3.0,-1.0,3.0,0.0,380.0,62.5,0,0,3.0,3.0,187.5,5000.0,0.0,0.0,4452.5,547.5,187.5,187.5
2190,2019-06-21,15:08:30,154.8125,154.8125,154.6875,154.6875,287,44414.96875,154.75598867595818,-0.125,-0.0008077544865692232,154.76178914755818,155.08902713195826,-0.3272379844000852,1.0000000000000004,0.00712890625,2.0210170763745565,-1.338503886932656,0.007128906249999997,0,2190,0.5648281040606856,0.9829043706918766,0.08443285053816434,-38.75718779057104,0.0,-20.0,-2.034757136339064,-0.4674205891246751,-3.0,0.995958598161496,0.013054227469619373,3.0,-1.0,3.0,0.0,380.0,-62.5,0,0,3.0,3.0,-375.0,4625.0,0.0,0.0,4452.5,172.5,-375.0,187.5
2191,2019-06-21,15:12:44,154.6875,154.78125,154.6875,154.78125,287,44407.34375,154.7294207317073,0.09375,0.0006058770255021884,154.76611378143414,155.07955706635957,-0.3134432849254267,1.0000000000000007,0.00732421875,-0.13333333333333405,-0.6085806194501847,0.007324218749999995,-1,2191,0.6407413201638644,0.995958598161496,0.08558164961018218,-36.625057632464056,0.0,-20.0,-2.034757136339064,-0.4674205891246751,-3.0,0.9999066621163819,0.003948063954885894,3.0,-1.0,3.0,0.0,380.0,31.25,0,0,3.0,3.0,281.25,4906.25,0.0,0.0,4452.5,453.75,281.25,281.25
2192,2019-06-21,15:15:00,154.78125,154.8125,154.75,154.78125,287,44421.6875,154.77939895470382,0.0,0.0,154.7694773855599,155.07037838739467,-0.30090100183477375,1.0000000000000009,0.00615234375,1.5041572184429317,-0.19604278777442416,0.006152343749999993,0,2192,0.6973798534490959,0.9999066621163819,0.07843687748756954,-38.36218517016562,0.0,-20.0,-2.034757136339064,-0.4674205891246751,-3.0,0.994770691825966,-0.005135970290415903,-3.0,-1.0,3.0,0.0,380.0,31.25,0,0,-3.0,3.0,0.0,4906.25,0.0,6.0,4467.5,438.75,-15.0,281.25
2193,2019-06-21,15:20:07,154.8125,154.84375,154.71875,154.75,287,44423.90625,154.78712979094075,-0.03125,-0.0002019182238059969,154.7651490776577,155.06052059085945,-0.2953715132017578,1.0,0.00341796875,-2.897959183673469,0.3818017741606066,0.00341796875,0,2193,0.6311897461858555,0.994770691825966,0.05846339666834283,-50.52246876406646,0.0,-20.0,-2.034757136339064,-0.4674205891246751,-3.0,0.9200212996358292,-0.07474939219013677,-3.0,-1.0,-3.0,1.0,381.0,-31.25,0,0,-3.0,-3.0,93.75,5000.0,0.0,0.0,4467.5,532.5,93.75,93.75
2194,2019-06-21,15:23:18,154.75,154.8125,154.71875,154.75,287,44419.3125,154.7711236933798,0.0,0.0,154.76178261595598,155.05096611114072,-0.2891834951847443,1.000000000000001,0.00224609375,3.724007561436674,1.7487916903105656,0.002246093749999997,0,2194,0.37346052814498454,0.9200212996358292,0.04739297152532216,-61.01822398501284,0.0,-20.0,-2.034757136339064,-0.4674205891246751,-3.0,0.9131735502045255,-0.006847749431303729,-3.0,-1.0,-3.0,0.0,381.0,-31.25,0,0,-3.0,-3.0,-0.0,5000.0,0.0,0.0,4467.5,532.5,-0.0,93.75
2195,2019-06-21,15:25:49,154.75,154.84375,154.75,154.84375,287,44426.25,154.7952961672474,0.09375,0.0006056323996563862,154.779997590188,155.04459023079795,-0.2645926406099477,1.0000000000000007,0.0022460937500000003,1.455576559546311,1.1180799331493774,0.002246093749999998,-1,2195,0.3575150376665757,0.9131735502045255,0.047392971525322174,-55.82951059917718,0.0,-20.0,-2.034757136339064,-0.4674205891246751,-3.0,0.9468471148545298,0.03367356465000426,3.0,-1.0,-3.0,0.0,381.0,62.5,0,0,3.0,-3.0,-281.25,4718.75,0.0,6.0,4482.5,236.25,-296.25,-0.0
2196,2019-06-21,15:28:39,154.84375,154.875,154.84375,154.84375,287,44440.25,154.84407665505228,0.0,0.0,154.79416479236846,155.03841053138882,-0.24424573902035718,1.0000000000000004,0.0016601562499999997,2.664359861591702,1.714392328011769,0.001660156249999999,0,2196,0.4420571380512281,0.9468471148545298,0.04074501503251654,-59.94493776120514,0.0,-20.0,-2.034757136339064,-0.4674205891246751,-3.0,0.9997722547931286,0.05292513993859882,3.0,-1.0,3.0,1.0,382.0,0.0,0,0,3.0,3.0,0.0,4718.75,0.0,0.0,4482.5,236.25,0.0,0.0
2197,2019-06-21,15:32:09,154.84375,154.90625,154.8125,154.875,287,44444.03125,154.8572517421603,0.03125,0.0002017959849442974,154.81212817184215,155.0333825150384,-0.22125434319625015,1.0,0.0014648437500000002,2.0000000000000058,1.3608276348795423,0.0014648437500000002,-1,2197,0.6918553708011257,0.9997722547931286,0.03827327723098716,-57.80909271524733,0.0,-20.0,-2.034757136339064,-0.4674205891246751,-3.0,0.9167131287813027,-0.08305912601182586,-3.0,-1.0,3.0,0.0,382.0,31.25,0,0,-3.0,3.0,93.75,4812.5,0.0,6.0,4497.5,315.0,78.75,78.75
2198,2019-06-21,15:36:12,154.875,154.875,154.84375,154.875,286,44289.75,154.85926573426573,0.0,0.0,154.8260996892106,155.0285092068834,-0.20240951767280535,1.0000000000000102,0.00029296875,-3.3333333333333304,0.6085806194501845,0.000292968749999997,0,2198,0.9307357853187429,0.9167131287813027,0.017116329922036353,-118.25520926201241,0.0,-20.0,-2.034757136339064,-0.4674205891246751,-3.0,0.7136320630162722,-0.2030810657650305,3.0,-1.0,-3.0,1.0,383.0,0.0,0,0,3.0,-3.0,-0.0,4812.5,0.0,6.0,4512.5,300.0,-15.0,78.75
2199,2019-06-21,15:44:59,154.875,154.90625,154.84375,154.90625,287,44448.90625,154.87423780487805,0.03125,0.00020175527154098205,154.843910869386,155.02474738513317,-0.18083651574715986,1.0000000000000058,0.00068359375,-0.612244897959183,-0.5122408325718831,0.0006835937499999959,-1,2199,0.9999570222451278,0.7136320630162722,0.026145625829189785,-69.16511271467382,0.0,-20.0,-2.034757136339064,-0.4674205891246751,-3.0,0.3591745281200656,-0.3544575348962066,-3.0,1.0,3.0,1.0,384.0,31.25,0,0,-3.0,3.0,93.75,4906.25,0.0,6.0,4527.5,378.75,78.75,78.75
2200,2019-06-21,15:51:08,154.90625,154.9375,154.875,154.90625,287,44458.46875,154.90755662020905,0.0,0.0,154.85776400952247,155.02110131174447,-0.16333730222200415,1.0000000000000058,0.00126953125,-0.17751479289940755,-0.4047960089109363,0.0012695312499999927,0,2200,0.9138965801186305,0.3591745281200656,0.03563048203434796,-45.8420130450512,0.0,-20.0,-2.034757136339064,-0.4674205891246751,-3.0,0.08642113867542398,-0.27275338944464167,-3.0,1.0,-3.0,1.0,385.0,0.0,0,0,-3.0,-3.0,-0.0,4906.25,0.0,0.0,4527.5,378.75,-0.0,78.75
2201,2019-06-21,15:55:23,154.90625,154.9375,154.875,154.875,287,44453.375,154.88980836236934,-0.03125,-0.00020175527154098205,154.8615942296286,155.01660588676774,-0.15501165713914133,1.0000000000000056,0.0016601562499999997,-1.4878892733564004,0.5413870509510853,0.0016601562499999906,0,2201,0.7655702520424476,0.08642113867542398,0.040745015032516436,-38.04432444445897,0.0,-20.0,-2.034757136339064,-0.4674205891246751,-3.0,-0.20087005614181686,-0.28729119481724086,-3.0,1.0,-3.0,0.0,385.0,-31.25,0,0,-3.0,-3.0,93.75,5000.0,0.0,0.0,4527.5,472.5,93.75,93.75
2202,2019-06-21,15:58:50,154.875,154.875,154.78125,154.8125,287,44439.9375,154.84298780487805,-0.0625,-0.0004036326997276518,154.85068440082225,155.01032570563643,-0.15964130481418692,1.0000000000000018,0.00419921875,1.9307733910221774,1.4467284665112368,0.004199218749999993,0,2202,0.5506578778141874,-0.20087005614181686,0.06480137922914907,-24.63547947793938,0.0,-20.0,-2.034757136339064,-0.4674205891246751,-3.0,-0.4927487121146925,-0.29187865597287566,-3.0,1.0,-3.0,0.0,385.0,-93.75,0,0,-3.0,-3.0,187.5,5187.5,0.0,0.0,4527.5,660.0,187.5,187.5
2203,2019-06-21,16:01:29,154.8125,154.8125,154.71875,154.75,287,44417.28125,154.7640461672474,-0.0625,-0.00040379568487303175,154.82831008952843,155.00231568392454,-0.17400559439610674,1.0000000000000018,0.00419921875,3.8777717685235253,1.9177563393288484,0.004199218749999992,0,2203,0.26687832129165195,-0.4927487121146925,0.06480137922914907,-26.852143652805967,0.0,-20.0,-2.034757136339064,-0.4674205891246751,-3.0,-0.7445151602006326,-0.25176644808594006,-3.0,1.0,-3.0,0.0,385.0,-156.25,0,0,-3.0,-3.0,187.5,5375.0,0.0,0.0,4527.5,847.5,187.5,187.5
2204,2019-06-21,16:11:03,154.75,154.84375,154.75,154.84375,286,44274.75,154.8068181818182,0.09375,0.0006056323996563862,154.83174118074433,154.9974367398038,-0.16569555905945776,1.0000000000000018,0.00537109375,3.3223140495867725,1.7443694974549941,0.00537109374999999,-1,2204,-0.0543833038181789,-0.7445151602006326,0.07328774624724102,-22.608903608588662,0.0,-20.0,-2.034757136339064,-0.4674205891246751,-3.0,-0.9053044557276322,-0.1607892955269996,-3.0,1.0,-3.0,0.0,385.0,-62.5,0,0,-3.0,-3.0,-281.25,5093.75,0.0,0.0,4527.5,566.25,-281.25,187.5
2205,2019-06-21,16:16:45,154.84375,154.84375,154.78125,154.8125,287,44429.875,154.8079268292683,-0.03125,-0.0002018367147833544,154.82746536280115,154.99174637857908,-0.16428101577793086,1.0000000000000013,0.0056640625,-0.9453032104637332,0.601363819630531,0.005664062499999993,0,2205,-0.339793925325354,-0.9053044557276322,0.0752599661174518,-21.828473257820967,0.0,-20.0,-2.034757136339064,-0.4674205891246751,-3.0,-0.9921944964337907,-0.08689004070615847,-3.0,1.0,-3.0,0.0,385.0,-93.75,0,0,-3.0,-3.0,93.75,5187.5,0.0,0.0,4527.5,660.0,93.75,93.75
2206,2019-06-21,16:23:42,154.8125,154.8125,154.6875,154.71875,287,44418.0625,154.76676829268294,-0.09375,-0.000605754687882154,154.8033063932898,154.98334649000742,-0.18004009671761878,1.0000000000000013,0.0056640625,-0.9453032104637332,0.601363819630531,0.005664062499999993,0,2206,-0.6134112658885564,-0.9921944964337907,0.0752599661174518,-23.922425959725466,0.0,-20.0,-2.034757136339064,-0.4674205891246751,-3.0,-0.984535484509187,0.007659011924603609,-3.0,1.0,-3.0,0.0,385.0,-187.5,0,0,-3.0,-3.0,281.25,5468.75,0.0,0.0,4527.5,941.25,281.25,281.25
2207,2019-06-21,16:30:33,154.71875,154.78125,154.71875,154.75,287,44410.90625,154.74183362369337,0.03125,0.00020195900300912228,154.7914605281143,154.9761665980072,-0.18470606989291127,1.000000000000004,0.00244140625,-1.1999999999999993,0.0,0.00244140624999999,-1,2207,-0.8200464116474661,-0.984535484509187,0.049410588440130826,-37.38188022527064,0.0,-20.0,-2.034757136339064,-0.4674205891246751,-3.0,-0.7985610972847358,0.18597438722445125,-3.0,1.0,-3.0,0.0,385.0,-156.25,0,0,-3.0,-3.0,-93.75,5375.0,0.0,0.0,4527.5,847.5,-93.75,281.25
2208,2019-06-21,16:40:04,154.75,154.78125,154.6875,154.6875,287,44412.40625,154.74706010452962,-0.0625,-0.00040395880169619147,154.76835818853337,154.96728454883777,-0.19892636030439803,1.0000000000000042,0.00263671875,-1.6872427983539093,0.5184205276797864,0.002636718749999989,0,2208,-0.9902852681301776,-0.7985610972847358,0.051348989766109215,-38.74007282528685,0.0,-20.0,-2.034757136339064,-0.4674205891246751,-3.0,-0.5532846117497549,0.24527648553498094,3.0,1.0,-3.0,0.0,385.0,-218.75,0,0,3.0,-3.0,187.5,5562.5,0.0,6.0,4542.5,1020.0,172.5,172.5
2209,2019-06-21,16:45:59,154.71875,154.71875,154.65625,154.6875,287,44396.4375,154.69141986062718,0.0,0.0,154.75038970219265,154.95867579348894,-0.20828609129628717,1.0000000000000047,0.0017578124999999998,-2.4074074074074083,-0.1656346649999846,0.001757812499999992,0,2209,-0.980245790699602,-0.5532846117497549,0.04192627457812096,-49.67913161666416,0.0,-20.0,-2.034757136339064,-0.4674205891246751,-3.0,-0.2730928768453009,0.2801917349044539,3.0,-1.0,3.0,1.0,386.0,0.0,0,0,3.0,3.0,0.0,5562.5,0.0,0.0,4542.5,1020.0,0.0,172.5
2210,2019-06-21,16:53:56,154.6875,154.6875,154.625,154.625,288,44541.875,154.65928819444446,-0.0625,-0.0004041220503570031,154.7225253239276,154.94840884599697,-0.2258835220693527,1.0000000000000047,0.0017578124999999998,-2.4074074074074083,-0.1656346649999846,0.001757812499999992,0,2210,-0.873333831229723,-0.2730928768453009,0.04192627457812096,-53.876363770042424,0.0,-20.0,-2.034757136339064,-0.4674205891246751,-3.0,-0.006764762226480252,0.26632811461882067,3.0,-1.0,3.0,0.0,386.0,-62.5,0,0,3.0,3.0,-187.5,5375.0,0.0,0.0,4542.5,832.5,-187.5,0.0
2211,2019-06-21,16:56:06,154.625,154.6875,154.625,154.625,287,44385.21875,154.65233013937282,0.0,0.0,154.7008530297215,154.9384578045817,-0.23760477486021614,1.0000000000000053,0.00126953125,-0.17751479289940755,-0.4047960089109363,0.001269531249999993,0,2211,-0.7118740109318206,-0.006764762226480252,0.03563048203434797,-66.68581542937419,0.0,-20.0,-2.034757136339064,-0.4674205891246751,-3.0,0.24571430378810516,0.2524790660145854,3.0,-1.0,3.0,0.0,386.0,-62.5,0,0,3.0,3.0,0.0,5375.0,0.0,0.0,4542.5,832.5,0.0,0.0
2212,2019-06-21,17:01:40,154.625,154.6875,154.625,154.65625,287,44387.28125,154.65951655052265,0.03125,0.00020208143950739554,154.69094124533896,154.92977448751765,-0.23883324217868562,1.0000000000000053,0.00126953125,-0.17751479289940755,-0.4047960089109363,0.001269531249999993,-1,2212,-0.5116822581972705,0.24571430378810516,0.03563048203434797,-67.03059530557267,0.0,-20.0,-2.034757136339064,-0.4674205891246751,-3.0,0.46035327670183457,0.2146389729137294,3.0,-1.0,3.0,0.0,386.0,-31.25,0,0,3.0,3.0,93.75,5468.75,0.0,0.0,4542.5,926.25,93.75,93.75
2213,2019-06-21,17:03:43,154.65625,154.65625,154.625,154.625,287,44382.96875,154.64449041811847,-0.03125,-0.00020208143950739554,154.67628763526363,154.92039681097867,-0.24410917571503887,1.0000000000000018,0.00126953125,-0.17751479289940755,0.4047960089109363,0.0012695312499999974,0,2213,-0.3022050843786411,0.46035327670183457,0.03563048203434803,-68.5113312471372,0.0,-20.0,-2.034757136339064,-0.4674205891246751,-3.0,0.6185305592278085,0.15817728252597396,3.0,-1.0,3.0,0.0,386.0,-62.5,0,0,3.0,3.0,-93.75,5375.0,0.0,0.0,4542.5,832.5,-93.75,93.75
2214,2019-06-21,17:06:13,154.625,154.625,154.59375,154.625,288,44531.875,154.62456597222223,0.0,0.0,154.66489038298283,154.9113076783332,-0.24641729535036916,1.0000000000000002,0.0016601562499999997,-1.4878892733564004,-0.5413870509510853,0.0016601562499999995,0,2214,-0.11824959789192696,0.6185305592278085,0.04074501503251655,-60.47790021766243,0.0,-20.0,-2.034757136339064,-0.4674205891246751,-3.0,0.6791279368578494,0.060597377630040916,3.0,-1.0,3.0,0.0,386.0,-62.5,0,0,3.0,3.0,0.0,5375.0,0.0,0.0,4542.5,832.5,0.0,0.0
2215,2019-06-21,17:14:29,154.625,154.6875,154.59375,154.6875,287,44379.84375,154.6336019163763,0.0625,0.0004041220503570031,154.66991474232,154.90442128823065,-0.2345065459106479,1.000000000000001,0.003125,-2.32421875,-0.052407843222651435,0.0031249999999999967,-1,2215,-0.03881449467938051,0.6791279368578494,0.05590169943749471,-41.94980622599075,0.0,-20.0,-2.034757136339064,-0.4674205891246751,-3.0,0.7506580220233492,0.07153008516549975,3.0,-1.0,3.0,0.0,386.0,0.0,0,0,3.0,3.0,187.5,5562.5,0.0,0.0,4542.5,1020.0,187.5,187.5
2216,2019-06-21,17:24:47,154.6875,154.78125,154.6875,154.75,287,44411.6875,154.74455574912892,0.0625,0.00040395880169619147,154.6877114662489,154.89966986397744,-0.2119583977285231,1.0000000000000007,0.002734375,-0.612244897959183,-0.5122408325718831,0.0027343749999999977,-1,2216,0.06361632534123597,0.7506580220233492,0.0522912516583797,-40.534198552609446,0.0,-20.0,-2.034757136339064,-0.4674205891246751,-3.0,0.8669484745069301,0.11629045248358094,3.0,-1.0,3.0,0.0,386.0,62.5,0,0,3.0,3.0,187.5,5750.0,0.0,0.0,4542.5,1207.5,187.5,187.5
2217,2019-06-21,17:34:01,154.75,154.78125,154.6875,154.6875,287,44411.25,154.74303135888502,-0.0625,-0.00040395880169619147,154.68766447374918,154.89314156047044,-0.20547708672125964,1.000000000000001,0.003125,-2.32421875,-0.052407843222651435,0.0031249999999999967,0,2217,0.2606046985307988,0.8669484745069301,0.05590169943749471,-36.756858698188495,0.0,-20.0,-2.034757136339064,-0.4674205891246751,-3.0,0.9089741058333408,0.042025631326410684,3.0,-1.0,3.0,0.0,386.0,0.0,0,0,3.0,3.0,-187.5,5562.5,0.0,0.0,4542.5,1020.0,-187.5,187.5
2218,2019-06-21,17:40:31,154.6875,154.71875,154.65625,154.6875,287,44401.71875,154.70982142857142,0.0,0.0,154.68762792402714,154.8868141278406,-0.1991862038134684,1.000000000000003,0.0027343750000000003,0.5357142857142847,1.088511769215251,0.0027343749999999925,0,2218,0.3479824668363006,0.9089741058333408,0.052291251658379646,-38.09168790121109,0.0,-20.0,-2.034757136339064,-0.4674205891246751,-3.0,0.9360512366017999,0.02707713076845908,3.0,-1.0,3.0,0.0,386.0,0.0,0,0,3.0,3.0,0.0,5562.5,0.0,0.0,4542.5,1020.0,0.0,0.0
2219,2019-06-21,17:50:25,154.6875,154.71875,154.625,154.65625,287,44391.71875,154.67497822299651,-0.03125,-0.00020204061084960756,154.68065505202114,154.879719846984,-0.199064794962851,1.0000000000000049,0.0016601562499999997,-1.4878892733564004,0.5413870509510853,0.0016601562499999915,0,2219,0.41308294944562934,0.9360512366017999,0.04074501503251645,-48.856233039548,0.0,-20.0,-2.034757136339064,-0.4674205891246751,-3.0,0.9728400561361833,0.0367888195343834,3.0,-1.0,3.0,0.0,386.0,-31.25,0,0,3.0,3.0,-93.75,5468.75,0.0,0.0,4542.5,926.25,-93.75,0.0
2220,2019-06-21,17:54:41,154.65625,154.65625,154.59375,154.59375,287,44378.4375,154.62870209059233,-0.0625,-0.00040420372417759864,154.66134281823867,154.8709207747691,-0.20957795653043831,1.0000000000000049,0.00126953125,-0.17751479289940755,-0.4047960089109363,0.0012695312499999938,0,2220,0.5242218917703119,0.9728400561361833,0.035630482034347974,-58.819848782400435,0.0,-20.0,-2.034757136339064,-0.4674205891246751,-3.0,0.9915488004616188,0.018708744325435456,3.0,-1.0,3.0,0.0,386.0,-93.75,0,0,3.0,3.0,-187.5,5281.25,0.0,0.0,4542.5,738.75,-187.5,-93.75
2221,2019-06-21,18:02:08,154.59375,154.625,154.5625,154.625,288,44523.0625,154.59396701388889,0.03125,0.0002021222846702031,154.65326663640786,154.86335398169928,-0.21008734529141293,1.0000000000000029,0.0016601562499999997,-1.4878892733564004,-0.5413870509510851,0.0016601562499999948,-1,2221,0.6093949109033322,0.9915488004616188,0.04074501503251649,-51.561484300288775,0.0,-20.0,-2.034757136339064,-0.4674205891246751,-3.0,0.9984268851885887,0.006878084726969935,3.0,-1.0,3.0,0.0,386.0,-62.5,0,0,3.0,3.0,93.75,5375.0,0.0,0.0,4542.5,832.5,93.75,93.75
2222,2019-06-21,18:08:56,154.625,154.625,154.59375,154.625,287,44374.0625,154.61345818815332,0.0,0.0,154.64698516165058,154.8560200130316,-0.20903485138103406,1.0000000000000027,0.00146484375,2.0000000000000013,-1.3608276348795436,0.0014648437499999959,0,2222,0.6663475111145301,0.9984268851885887,0.038273277230987106,-54.61639726315197,0.0,-20.0,-2.034757136339064,-0.4674205891246751,-3.0,0.9989890488961605,0.0005621637075717834,3.0,-1.0,3.0,0.0,386.0,-62.5,0,0,3.0,3.0,0.0,5375.0,0.0,0.0,4542.5,832.5,0.0,93.75
2223,2019-06-21,18:19:26,154.625,154.6875,154.59375,154.65625,287,44379.9375,154.63392857142858,0.03125,0.00020208143950739554,154.64904401461715,154.84987324339988,-0.20082922878273735,1.0000000000000073,0.00029296875,-3.3333333333333304,0.6085806194501845,0.0002929687499999979,-1,2223,0.6746045104514098,0.9989890488961605,0.017116329922036377,-117.33194539804953,0.0,-20.0,-2.034757136339064,-0.4674205891246751,-3.0,0.9987094186865692,-0.00027963020959131946,-3.0,-1.0,3.0,0.0,386.0,-31.25,0,0,-3.0,3.0,93.75,5468.75,0.0,6.0,4557.5,911.25,78.75,78.75
2224,2019-06-21,18:27:06,154.65625,154.6875,154.625,154.65625,287,44386.28125,154.65603222996515,0.0,0.0,154.65064534470224,154.84391560514146,-0.19327026043922046,1.0000000000000013,0.00078125,0.3124999999999976,1.257788237343632,0.000781249999999999,0,2224,0.7421072712262125,0.9987094186865692,0.027950849718747353,-69.14647045938969,0.0,-20.0,-2.034757136339064,-0.4674205891246751,-3.0,0.9939923653977736,-0.00471705328879557,-3.0,-1.0,-3.0,1.0,387.0,0.0,0,0,-3.0,-3.0,-0.0,5468.75,0.0,0.0,4557.5,911.25,-0.0,78.75
2225,2019-06-21,18:36:11,154.65625,154.65625,154.625,154.65625,288,44538.90625,154.64898003472223,0.0,0.0,154.6518908236573,154.83814127882943,-0.18625045517211447,1.0000000000000013,0.00341796875,2.000000000000002,-1.1454053224818188,0.0034179687499999957,0,2225,0.780251175536041,0.9939923653977736,0.0584633966683428,-31.857617891874348,0.0,-20.0,-2.034757136339064,-0.4674205891246751,-3.0,0.9580624778540325,-0.035929887543741046,-3.0,-1.0,-3.0,0.0,387.0,0.0,0,0,-3.0,-3.0,-0.0,5468.75,0.0,0.0,4557.5,911.25,-0.0,-0.0
2226,2019-06-21,18:45:39,154.65625,154.71875,154.625,154.71875,287,44394.09375,154.68325348432055,0.0625,0.00040404040953667675,154.66674841840015,154.83446770101932,-0.16771928261917424,1.000000000000002,0.00322265625,1.0743801652892582,-0.2669003066972995,0.0032226562499999938,-1,2226,0.8800805683629682,0.9580624778540325,0.05676844413932791,-29.544456460271746,0.0,-20.0,-2.034757136339064,-0.4674205891246751,-3.0,0.9469925022581784,-0.011069975595854098,-3.0,-1.0,-3.0,0.0,387.0,62.5,0,0,-3.0,-3.0,-187.5,5281.25,0.0,0.0,4557.5,723.75,-187.5,-0.0
2227,2019-06-21,18:54:09,154.71875,154.75,154.625,154.625,287,44395.3125,154.6875,-0.09375,-0.0006061218490440723,154.657470992089,154.82802254098797,-0.1705515488989704,1.0000000000000013,0.00361328125,-0.021913805697588867,-0.5901286563843656,0.003613281249999995,0,2227,0.8967868775042181,0.9469925022581784,0.06011057519272291,-28.372969041164264,0.0,-20.0,-2.034757136339064,-0.4674205891246751,-3.0,0.954594566216099,0.007602063957920513,3.0,-1.0,-3.0,0.0,387.0,-31.25,0,0,3.0,-3.0,281.25,5562.5,0.0,6.0,4572.5,990.0,266.25,266.25
2228,2019-06-21,18:59:19,154.625,154.625,154.59375,154.59375,287,44376.53125,154.62206010452962,-0.03125,-0.0002021222846702031,154.64331077162478,154.82081415511144,-0.17750338348665196,1.0000000000000013,0.00361328125,-0.021913805697588867,-0.5901286563843656,0.003613281249999995,0,2228,0.46434747935942794,0.954594566216099,0.06011057519272291,-29.529476787994675,0.0,-20.0,-2.034757136339064,-0.4674205891246751,-3.0,0.1337440537068116,-0.8208505125092873,-3.0,-1.0,3.0,1.0,388.0,-31.25,0,0,-3.0,3.0,-93.75,5468.75,0.0,6.0,4587.5,881.25,-108.75,266.25
2229,2019-06-21,19:00:44,154.59375,154.625,154.5625,154.625,287,44370.25,154.60017421602788,0.03125,0.0002021222846702031,154.63924171126374,154.81478910418494,-0.17554739292120303,1.0000000000000038,0.00244140625,-1.1999999999999993,0.0,0.002441406249999991,-1,2229,-0.6061827408449915,0.1337440537068116,0.04941058844013083,-35.52829433187341,0.0,-20.0,-2.034757136339064,-0.4674205891246751,-3.0,0.4110865314057801,0.27734247769896847,3.0,-1.0,-3.0,1.0,389.0,31.25,0,0,3.0,-3.0,-93.75,5375.0,0.0,6.0,4602.5,772.5,-108.75,-108.75
2230,2019-06-21,19:07:27,154.625,154.65625,154.59375,154.625,288,44534.21875,154.63270399305554,0.0,0.0,154.6360768865385,154.8089494394408,-0.1728725529023052,1.0000000000000016,0.00244140625,-1.2000000000000004,0.0,0.002441406249999996,0,2230,-0.3539138706301051,0.4110865314057801,0.04941058844013089,-34.98694477435113,0.0,-20.0,-2.034757136339064,-0.4674205891246751,-3.0,0.4919543609210118,0.08086782951523169,3.0,-1.0,3.0,1.0,390.0,0.0,0,0,3.0,3.0,0.0,5375.0,0.0,0.0,4602.5,772.5,0.0,0.0
2231,2019-06-21,19:18:10,154.625,154.625,154.5625,154.5625,287,44374.28125,154.61422038327527,-0.0625,-0.0004042854310171151,154.61972646730774,154.8013663797657,-0.1816399124579675,1.0000000000000013,0.0021484375,0.8677685950413228,-0.5516180692881075,0.002148437499999997,0,2231,-0.2677577406388084,0.4919543609210118,0.04635124054434786,-39.18771327903907,0.0,-20.0,-2.034757136339064,-0.4674205891246751,-3.0,0.836301177848914,0.3443468169279022,3.0,-1.0,3.0,0.0,390.0,-62.5,0,0,3.0,3.0,-187.5,5187.5,0.0,0.0,4602.5,585.0,-187.5,0.0
2232,2019-06-21,19:25:44,154.5625,154.625,154.5625,154.625,287,44373.75,154.6123693379791,0.0625,0.0004042854310171151,154.6208983634616,154.79593972192677,-0.17504135846516533,1.0000000000000013,0.0021484375,0.8677685950413228,-0.5516180692881075,0.002148437499999997,-1,2232,0.2036685752679022,0.836301177848914,0.04635124054434786,-37.76411513682995,0.0,-20.0,-2.034757136339064,-0.4674205891246751,-3.0,0.8864376323050553,0.050136454456141344,3.0,-1.0,3.0,0.0,390.0,0.0,0,0,3.0,3.0,187.5,5375.0,0.0,0.0,4602.5,772.5,187.5,187.5
2233,2019-06-21,19:39:06,154.625,154.65625,154.59375,154.625,287,44378.3125,154.62826655052265,0.0,0.0,154.62180983824794,154.7906800381752,-0.16887019992725527,1.0000000000000007,0.00224609375,1.4555765595463157,-1.118079933149378,0.002246093749999998,0,2233,0.2995230610123011,0.8864376323050553,0.047392971525322174,-35.63190795855194,0.0,-20.0,-2.034757136339064,-0.4674205891246751,-3.0,0.6325913720560434,-0.2538462602490119,-3.0,-1.0,3.0,0.0,390.0,0.0,0,0,-3.0,3.0,0.0,5375.0,0.0,6.0,4617.5,757.5,-15.0,187.5
2234,2019-06-21,19:55:39,154.625,154.65625,154.59375,154.65625,288,44538.71875,154.64832899305554,0.03125,0.00020208143950739554,154.6294632075262,154.7865437293083,-0.15708052178212029,0.9999999999999967,0.0006835937500000001,-0.6122448979591925,-0.5122408325718826,0.0006835937500000023,-1,2234,-0.10033446729144323,0.6325913720560434,0.026145625829189906,-60.07908275301255,0.0,-20.0,-2.034757136339064,-0.4674205891246751,-3.0,0.6934174078374165,0.06082603578137302,3.0,-1.0,-3.0,1.0,391.0,31.25,0,0,3.0,-3.0,-93.75,5281.25,0.0,6.0,4632.5,648.75,-108.75,-15.0
2235,2019-06-21,20:10:16,154.65625,154.71875,154.65625,154.6875,287,44393.0625,154.67966027874564,0.03125,0.00020204061084960756,154.64236027252036,154.78349622994497,-0.14113595742460916,1.0000000000000007,0.00126953125,-0.1775147928994123,-0.4047960089109363,0.0012695312499999992,-1,2235,-0.01917582442489789,0.6934174078374165,0.03563048203434805,-39.61101544698526,0.0,-20.0,-2.034757136339064,-0.4674205891246751,-3.0,0.9807861374861756,0.28736872964875915,3.0,-1.0,3.0,1.0,392.0,31.25,0,0,3.0,3.0,93.75,5375.0,0.0,0.0,4632.5,742.5,93.75,93.75
2236,2019-06-21,20:21:03,154.6875,154.75,154.6875,154.75,287,44404.59375,154.71983885017423,0.0625,0.00040395880169619147,154.6662802119603,154.7824655767159,-0.11618536475560859,0.9999999999999997,0.001171875,2.9166666666666714,-1.2932338163316428,0.0011718750000000002,-1,2236,0.5555738859186325,0.9807861374861756,0.03423265984407289,-33.93991740192668,0.0,-20.0,-2.034757136339064,-0.4674205891246751,-3.0,0.8518919844289087,-0.12889415305726692,-3.0,-1.0,3.0,0.0,392.0,93.75,0,0,-3.0,3.0,187.5,5562.5,0.0,6.0,4647.5,915.0,172.5,172.5
2237,2019-06-21,20:34:28,154.75,154.75,154.65625,154.71875,287,44402.78125,154.71352351916377,-0.03125,-0.00020195900300912228,154.67794016485803,154.78050509743235,-0.10256493257432453,0.9999999999999997,0.001171875,2.9166666666666714,-1.2932338163316428,0.0011718750000000002,0,2237,0.9727028129716688,0.8518919844289087,0.03423265984407289,-29.96113449597544,0.0,-20.0,-2.034757136339064,-0.4674205891246751,-3.0,0.4203128907234643,-0.4315790937054444,3.0,-1.0,-3.0,1.0,393.0,-31.25,0,0,3.0,-3.0,93.75,5656.25,0.0,6.0,4662.5,993.75,78.75,172.5
2238,2019-06-21,20:59:20,154.71875,154.78125,154.6875,154.75,287,44407.09375,154.72854965156793,0.03125,0.00020195900300912228,154.69395346155625,154.77956647904983,-0.08561301749358563,1.0000000000000009,0.00390625,-0.1875000000000012,-0.9375000000000003,0.0039062499999999965,-1,2238,0.9388201045630118,0.4203128907234643,0.06249999999999997,-13.698082798973708,0.0,-13.698082798973708,-1.3076576069485717,-0.4674205891246751,-2.0,0.08288633970341346,-0.3374265510200508,-3.0,1.0,3.0,1.0,394.0,31.25,0,0,-3.0,3.0,93.75,5750.0,1.0,6.0,4677.5,1072.5,78.75,78.75
2239,2019-06-23,22:30:47,154.75,154.90625,154.75,154.78125,287,44430.8125,154.81119337979095,0.03125,0.0002019182238059969,154.71335269232154,154.7796182796945,-0.0662655873729534,1.0000000000000024,0.0027343750000000003,-0.6122448979591854,-0.5122408325718829,0.0027343749999999938,-1,2239,0.7632831246656885,0.08288633970341346,0.05229125165837966,-12.672404134800313,0.0,-12.672404134800313,-1.1893173542545354,-0.4674205891246751,-2.0,-0.41516777033901314,-0.4980541100424266,-2.0,1.0,-3.0,1.0,395.0,31.25,0,0,-2.0,-3.0,-93.75,5656.25,0.0,1.0,4680.0,976.25,-96.25,78.75
2240,2019-06-23,23:12:00,154.78125,154.8125,154.6875,154.6875,287,44414.375,154.75391986062718,-0.09375,-0.0006058770255021884,154.70760764958342,154.77678387108853,-0.06917622150510283,1.0000000000000009,0.00390625,-0.1875000000000012,-0.9375000000000003,0.0039062499999999965,0,2240,0.3497188186504726,-0.41516777033901314,0.06249999999999997,-11.068195440816456,0.0,-11.068195440816456,-1.0042277459287006,-0.4674205891246751,-1.0,-0.7293828539763443,-0.31421508363733114,-2.0,1.0,-2.0,0.0,395.0,-62.5,0,0,-2.0,-2.0,187.5,5843.75,1.0,0.0,4680.0,1163.75,187.5,187.5
2241,2019-06-24,00:00:44,154.6875,154.78125,154.625,154.65625,287,44398.125,154.69729965156793,-0.03125,-0.00020204061084960756,154.69619483856488,154.7730751365935,-0.07688029802861251,1.0000000000000009,0.00390625,-0.1875000000000012,-0.9375000000000003,0.0039062499999999965,0,2241,-0.03201576010091546,-0.7293828539763443,0.06249999999999997,-12.300847684578006,0.0,-12.300847684578006,-1.146448095347953,-0.4674205891246751,-2.0,-0.9104230707135478,-0.1810402167372035,-1.0,1.0,-2.0,0.0,395.0,-93.75,0,0,-1.0,-2.0,62.5,5906.25,-1.0,1.0,4682.5,1223.75,60.0,187.5
2242,2019-06-24,00:09:26,154.65625,154.71875,154.53125,154.71875,287,44376.0625,154.6204268292683,0.0625,0.00040404040953667675,154.7012070966616,154.77140359392908,-0.07019649726748867,1.0000000000000016,0.00634765625,-2.2603550295857993,0.0,0.006347656249999991,-1,2242,-0.3512515134830235,-0.9104230707135478,0.0796721798998872,-8.810666076376311,0.0,-8.810666076376311,-0.7437596239098441,-0.4674205891246751,-1.0,-0.9886926648120037,-0.07826959409845591,-2.0,1.0,-1.0,0.0,395.0,-31.25,0,0,-2.0,-1.0,-62.5,5843.75,1.0,1.0,4685.0,1158.75,-65.0,60.0
2243,2019-06-24,00:23:43,154.71875,154.8125,154.71875,154.75,287,44410.90625,154.74183362369337,0.03125,0.00020195900300912228,154.71204996407013,154.7707450218082,-0.058695057738077594,1.0000000000000004,0.00634765625,0.5798816568047324,-1.206868523927286,0.0063476562499999965,-1,2243,-0.5930763535853707,-0.9886926648120037,0.07967217989988724,-7.367070640194779,0.0,-7.367070640194779,-0.5772011737120349,-0.4674205891246751,-1.0,-0.9838002348843375,0.004892429927666142,-1.0,1.0,-2.0,0.0,395.0,0.0,0,0,-1.0,-2.0,-62.5,5781.25,0.0,1.0,4687.5,1093.75,-65.0,-65.0
2244,2019-06-24,00:51:59,154.75,154.75,154.5625,154.625,287,44383.53125,154.64645034843207,-0.125,-0.0008080808520531946,154.69270552761012,154.76626055959875,-0.07355503198863289,1.0000000000000002,0.00615234375,4.225245653817081,-2.017343525807786,0.006152343749999998,0,2244,-0.8224135976247132,-0.9838002348843375,0.07843687748756957,-9.377608383287525,0.0,-9.377608383287525,-0.8091720169002774,-0.4674205891246751,-1.0,-0.8789164194660816,0.10488381541825598,-1.0,1.0,-1.0,0.0,395.0,-125.0,0,0,-1.0,-1.0,125.0,5906.25,0.0,0.0,4687.5,1218.75,125.0,125.0
2245,2019-06-24,01:21:57,154.625,154.75,154.625,154.6875,288,44552.75,154.69704861111111,0.0625,0.0004041220503570031,154.69154874369676,154.76383715776495,-0.07228841406819697,1.0000000000000009,0.00712890625,-2.707825107900167,-0.5779903148118288,0.007128906249999993,-1,2245,-0.9587605931770508,-0.8789164194660816,0.08443285053816431,-8.561645568927233,0.0,-8.561645568927233,-0.7150282572480733,-0.4674205891246751,-1.0,-0.6535180142168004,0.22539840524928112,1.0,1.0,-1.0,0.0,395.0,-62.5,0,0,1.0,-1.0,-62.5,5843.75,0.0,2.0,4692.5,1151.25,-67.5,125.0
2246,2019-06-24,02:09:55,154.6875,154.75,154.6875,154.71875,287,44403.5625,154.7162456445993,0.03125,0.0002019997986870692,154.6975934673197,154.76244986060297,-0.06485639328326442,1.0000000000000002,0.013378906250000001,-1.6212904257019563,0.08282633405930129,0.013378906249999996,-1,2246,-0.9973238937911056,-0.6535180142168004,0.11566722202076091,-5.607154053688906,0.0,-5.607154053688906,-0.374146376101151,-0.4674205891246751,-1.0,-0.2554186851222657,0.39809932909453477,1.0,-1.0,1.0,1.0,396.0,31.25,0,0,1.0,1.0,31.25,5875.0,0.0,0.0,4692.5,1182.5,31.25,31.25
2247,2019-06-24,02:49:42,154.71875,154.75,154.625,154.625,287,44397.125,154.69381533101046,-0.09375,-0.0006061218490440723,154.6814615856931,154.7582206341229,-0.07675904842977843,1.0000000000000004,0.01005859375,-1.0208313695918545,0.29948795306857195,0.010058593749999997,0,2247,-0.8642607161934772,-0.2554186851222657,0.10029254084925757,-7.653515184658586,0.0,-7.653515184658586,-0.6102504326648802,-0.4674205891246751,-1.0,0.3909881063149854,0.6464067914372511,1.0,-1.0,1.0,0.0,396.0,-62.5,0,0,1.0,1.0,-93.75,5781.25,0.0,0.0,4692.5,1088.75,-93.75,31.25
2248,2019-06-24,03:13:20,154.625,154.8125,154.625,154.78125,287,44401.75,154.70993031358884,0.15625,0.0010099990758591915,154.70363678887244,154.75892922999606,-0.05529244112361198,1.0000000000000004,0.01005859375,-1.0208313695918545,0.29948795306857195,0.010058593749999997,-1,2248,-0.3743477210721586,0.3909881063149854,0.10029254084925757,-5.5131159960059275,0.0,-5.5131159960059275,-0.3632964989439337,-0.4674205891246751,-1.0,0.627588084774419,0.2365999784594336,1.0,-1.0,1.0,0.0,396.0,93.75,0,0,1.0,1.0,156.25,5937.5,0.0,0.0,4692.5,1245.0,156.25,156.25
2249,2019-06-24,03:55:10,154.78125,154.78125,154.71875,154.71875,287,44410.3125,154.73976480836237,-0.0625,-0.00040387722681511917,154.70699528023414,154.7576929459962,-0.050697665762072575,1.0,0.01123046875,-2.2344045368620016,-0.19231559498464837,0.01123046875,0,2249,-0.10674305751510574,0.627588084774419,0.10597390598633231,-4.783976327966165,0.0,-4.783976327966165,-0.2791701779244648,-0.4674205891246751,-1.0,0.999682905103744,0.37209482032932506,1.0,-1.0,1.0,0.0,396.0,31.25,0,0,1.0,1.0,-62.5,5875.0,0.0,0.0,4692.5,1182.5,-62.5,156.25
2250,2019-06-24,04:41:55,154.71875,154.8125,154.6875,154.78125,287,44416.53125,154.76143292682926,0.0625,0.00040387722681511917,154.723496329071,154.75841777842712,-0.03492144935611918,0.9999999999999992,0.006542968749999999,0.7952773446201841,-0.5016571985664496,0.0065429687500000045,-1,2250,0.7246883081071135,0.999682905103744,0.08088861940965493,-4.317226528402206,0.0,-4.317226528402206,-0.2253177471831036,-0.4674205891246751,-1.0,0.6406253041889828,-0.35905760091476124,-1.0,-1.0,1.0,0.0,396.0,93.75,0,0,-1.0,1.0,62.5,5937.5,0.0,2.0,4697.5,1240.0,57.5,57.5
2251,2019-06-24,05:39:13,154.78125,154.875,154.78125,154.875,287,44433.09375,154.8191419860627,0.09375,0.0006055101607946867,154.75716381149968,154.7620049237063,-0.004841112206605658,0.9999999999999999,0.0036132812500000006,2.607742878013145,-1.5174736878455115,0.0036132812500000015,-1,2251,0.9959450158965816,0.6406253041889828,0.06011057519272296,-0.8053678060947465,0.0,-0.8053678060947465,0.17987177575442514,-0.4674205891246751,-0.0,0.2722839159229042,-0.3683413882660786,1.0,-1.0,-1.0,1.0,397.0,93.75,0,0,1.0,-1.0,-93.75,5843.75,1.0,2.0,4702.5,1141.25,-98.75,57.5
2252,2019-06-24,06:01:34,154.875,154.90625,154.84375,154.90625,287,44449.75,154.87717770034843,0.03125,0.00020175527154098205,154.7902940756109,154.76644323374612,0.023850841864771155,0.9999999999999893,0.0004882812500000004,2.0000000000001243,-1.0467283057891821e-14,0.0004882812500000056,-1,2252,0.8729239374455232,0.2722839159229042,0.022097086912079737,10.793658892536055,10.793658892536055,0.0,0.2727931097101266,0.7119988974408775,1.0,-0.03322352351927251,-0.3055074394421767,-0.0,1.0,1.0,1.0,398.0,31.25,0,0,-0.0,1.0,31.25,5875.0,1.0,1.0,4705.0,1170.0,28.75,28.75
2253,2019-06-24,06:10:03,154.90625,154.96875,154.90625,154.96875,286,44310.125,154.930506993007,0.0625,0.0004033884685599176,154.82995094769737,154.7726680573232,0.057282890374182216,0.999999999999999,0.0022460937500000003,1.4555765595463086,-1.1180799331493776,0.0022460937500000024,-1,2253,0.683223841539353,-0.03322352351927251,0.047392971525322215,12.08679019917031,12.08679019917031,0.0,0.2727931097101266,0.8532989215492057,1.0,-0.24102679062257576,-0.20780326710330324,1.0,1.0,-0.0,0.0,398.0,93.75,0,0,1.0,-0.0,-0.0,5875.0,0.0,1.0,4707.5,1167.5,-2.5,28.75
2254,2019-06-24,06:13:56,154.96875,155.03125,154.96875,155.03125,287,44484.15625,154.99706010452962,0.0625,0.0004032258119153198,154.8746840704313,154.7806244247902,0.09405964564109581,1.0000000000000007,0.0022460937500000003,-3.081285444234405,-0.3153558785805939,0.002246093749999999,-1,2254,0.5158285080578516,-0.24102679062257576,0.04739297152532218,19.84674997448504,19.84674997448504,0.0,0.2727931097101266,1.7012271231991514,2.0,-0.4017502080291779,-0.16072341740660212,1.0,1.0,1.0,1.0,399.0,62.5,0,0,1.0,1.0,62.5,5937.5,1.0,0.0,4707.5,1230.0,62.5,62.5
2255,2019-06-24,06:17:31,155.03125,155.0625,155.0,155.0,286,44342.28125,155.04294143356643,-0.03125,-0.0002015925820755271,154.90253205477993,154.78737444248898,0.11515761229094323,0.9999999999999998,0.00341796875,-2.897959183673469,-0.381801774160606,0.003417968750000001,0,2255,0.3634522395561147,-0.4017502080291779,0.05846339666834284,19.69738654499005,19.69738654499005,0.0,0.2727931097101266,1.68490623136066,2.0,-0.5621568816045799,-0.160406673575402,2.0,1.0,1.0,0.0,399.0,31.25,0,0,2.0,1.0,-31.25,5906.25,0.0,1.0,4710.0,1196.25,-33.75,62.5
2256,2019-06-24,06:27:29,155.0,155.0625,154.96875,154.96875,287,44492.875,155.02743902439025,-0.03125,-0.0002016332298397927,154.91724715371774,154.79295522887395,0.12429192484378859,1.0000000000000007,0.005859375,-1.75,0.17010345435994295,0.0058593749999999965,0,2256,0.18729401403275425,-0.5621568816045799,0.0765465544619743,16.23742906750069,16.23742906750069,0.0,0.2727931097101266,1.3068378384025474,2.0,-0.6997467278949832,-0.13758984629040327,2.0,1.0,2.0,0.0,399.0,0.0,0,0,2.0,2.0,-62.5,5843.75,0.0,0.0,4710.0,1133.75,-62.5,-33.75
2257,2019-06-24,06:37:56,154.96875,155.09375,154.90625,155.0625,286,44330.3125,155.00109265734267,0.09375,0.000604777762612585,154.9495255640027,154.80124891413936,0.1482766498633339,1.0000000000000016,0.004687500000000001,2.916666666666662,1.293233816331642,0.004687499999999994,-1,2257,0.01035507198947095,-0.6997467278949832,0.06846531968814572,21.657190901718224,20.0,0.0,0.2727931097101266,1.7179727020810263,2.0,-0.7633796874459178,-0.06363295955093462,2.0,1.0,2.0,0.0,399.0,93.75,0,0,2.0,2.0,187.5,6031.25,0.0,0.0,4710.0,1321.25,187.5,187.5
2258,2019-06-24,06:48:54,155.0625,155.0625,154.96875,154.96875,287,44490.0625,155.0176393728223,-0.09375,-0.000604777762612585,154.953797660891,154.80640279370434,0.1473948671866765,1.0000000000000013,0.007031249999999999,1.238425925925925,0.9989840732811559,0.007031249999999991,0,2258,-0.08303530077724475,-0.7633796874459178,0.08385254915624206,17.57786360341131,17.57786360341131,0.0,0.2727931097101266,1.4533066705065223,2.0,-0.8218661743334459,-0.05848648688752811,2.0,1.0,2.0,0.0,399.0,0.0,0,0,2.0,2.0,-187.5,5843.75,0.0,0.0,4710.0,1133.75,-187.5,187.5
2259,2019-06-24,07:01:23,154.96875,154.96875,154.90625,154.9375,287,44463.0625,154.92356271777004,-0.03125,-0.00020167389399805558,154.9501759584708,154.81043655389806,0.1397394045727367,1.0000000000000013,0.007031249999999999,1.238425925925925,0.9989840732811559,0.007031249999999991,0,2259,-0.17832212633373895,-0.8218661743334459,0.08385254915624206,16.664896413865836,16.664896413865836,0.0,0.2727931097101266,1.3535470519503423,2.0,-0.8916738728277838,-0.06980769849433788,2.0,1.0,2.0,0.0,399.0,-31.25,0,0,2.0,2.0,-62.5,5781.25,0.0,0.0,4710.0,1071.25,-62.5,-62.5
2260,2019-06-24,07:06:33,154.9375,154.9375,154.8125,154.8125,286,44291.375,154.86494755244755,-0.125,-0.0008071025458304959,154.91958130103285,154.81050004454738,0.10908125648546729,1.0000000000000022,0.005175781250000001,0.2741189035243809,0.6064819993295679,0.005175781249999989,0,2260,-0.3104166986387821,-0.8916738728277838,0.07194290270763329,15.162198407361947,15.162198407361947,0.0,0.2727931097101266,1.189347744844253,1.0,-0.9532764788495174,-0.06160260602173362,2.0,1.0,2.0,0.0,399.0,-156.25,0,0,2.0,2.0,-250.0,5531.25,-1.0,0.0,4710.0,821.25,-250.0,-62.5
2261,2019-06-24,07:11:09,154.8125,154.8125,154.75,154.78125,287,44423.21875,154.7847343205575,-0.03125,-0.00020187746106703486,154.88884101191445,154.80960004317672,0.07924096873773578,1.0000000000000009,0.00615234375,-0.612244897959183,-0.5122408325718828,0.006152343749999994,0,2261,-0.46045183658900296,-0.9532764788495174,0.07843687748756954,10.102514439116177,10.102514439116177,0.0,0.2727931097101266,0.636477774852986,1.0,-0.9983098353967965,-0.045033356547279135,1.0,1.0,2.0,0.0,399.0,-187.5,0,0,1.0,2.0,-62.5,5468.75,0.0,1.0,4712.5,756.25,-65.0,-65.0
2262,2019-06-24,07:17:07,154.78125,154.84375,154.75,154.84375,287,44426.59375,154.796493902439,0.0625,0.00040371417585038927,154.8788207870446,154.81065081107897,0.06816997596561691,1.0000000000000009,0.0060546875,0.3173777315296557,-0.9198156830980229,0.006054687499999995,-1,2262,-0.6648174178161412,-0.9983098353967965,0.07781187248742955,8.76087077542437,8.76087077542437,0.0,0.2727931097101266,0.48987682176195035,1.0,-0.9971069178409832,0.0012029175558133653,1.0,1.0,1.0,0.0,399.0,-125.0,0,0,1.0,1.0,62.5,5531.25,0.0,0.0,4712.5,818.75,62.5,62.5
2263,2019-06-24,07:34:57,154.84375,154.9375,154.8125,154.90625,287,44452.71875,154.88752177700349,0.0625,0.00040355125648527945,154.88491616770136,154.81359232458425,0.07132384311711348,0.9999999999999994,0.0037109375,-0.8171745152354669,0.0809982909540922,0.0037109375000000024,-1,2263,-0.7588095254474504,-0.9971069178409832,0.06091746465505604,11.70827504410818,11.70827504410818,0.0,0.2727931097101266,0.8119386975245826,1.0,-0.9522801562308311,0.04482676161015209,1.0,1.0,1.0,0.0,399.0,-62.5,0,0,1.0,1.0,62.5,5593.75,0.0,0.0,4712.5,881.25,62.5,62.5
2264,2019-06-24,07:50:07,154.90625,155.0,154.90625,154.90625,287,44472.59375,154.95677264808361,0.0,0.0,154.8896570193233,154.8164433299817,0.07321368934159977,0.9999999999999994,0.0037109375,-0.8171745152354669,0.0809982909540922,0.0037109375000000024,0,2264,-0.8891906589812547,-0.9522801562308311,0.06091746465505604,12.018505654523029,12.018505654523029,0.0,0.2727931097101266,0.8458374922609455,1.0,-0.9281893794444835,0.024090776786347523,1.0,1.0,1.0,0.0,399.0,-62.5,0,0,1.0,1.0,0.0,5593.75,0.0,0.0,4712.5,881.25,0.0,62.5
2265,2019-06-24,07:59:28,154.90625,155.03125,154.90625,155.03125,286,44320.625,154.96722027972027,0.125,0.0008066142804752374,154.92112212614035,154.82305276598228,0.098069360158064,1.0,0.00390625,-0.1874999999999988,0.9374999999999997,0.003906250000000001,-1,2265,-0.919449201190929,-0.9281893794444835,0.0625,15.69109762529024,15.69109762529024,0.0,0.2727931097101266,1.247140384973475,2.0,-0.8352020826747185,0.09298729676976503,1.0,1.0,1.0,0.0,399.0,62.5,0,0,1.0,1.0,125.0,5718.75,1.0,0.0,4712.5,1006.25,125.0,125.0
2266,2019-06-24,08:07:19,155.03125,155.03125,155.0,155.0,287,44488.96875,155.01382839721254,-0.03125,-0.0002015925820755271,154.93865054255363,154.82849729625977,0.11015324629386214,1.0000000000000002,0.00361328125,2.607742878013152,1.5174736878455117,0.0036132812499999997,0,2266,-0.9794455952225881,-0.8352020826747185,0.06011057519272295,18.325102686290286,18.325102686290286,0.0,0.2727931097101266,1.5349572344390432,2.0,-0.6941002639102387,0.1411018187644798,-2.0,1.0,1.0,0.0,399.0,31.25,0,0,-2.0,1.0,-31.25,5687.5,0.0,3.0,4720.0,967.5,-38.75,125.0
2267,2019-06-24,08:15:42,155.0,155.03125,154.96875,155.0,286,44330.6875,155.00240384615384,0.0,0.0,154.95228375531948,154.8337743025287,0.11850945279078928,1.0000000000000004,0.00830078125,0.8927335640138416,0.0,0.008300781249999995,0,2267,-0.999833858903662,-0.6941002639102387,0.0911086233569578,13.00749022696532,13.00749022696532,0.0,0.2727931097101266,0.9539035047470117,1.0,-0.42374229824649784,0.2703579656637409,-2.0,-1.0,-2.0,1.0,400.0,0.0,0,0,-2.0,-2.0,-0.0,5687.5,-1.0,0.0,4720.0,967.5,-0.0,-0.0
2268,2019-06-24,08:21:02,155.0,155.0625,155.0,155.03125,287,44494.125,155.0317944250871,0.03125,0.0002015925820755271,154.96983180969295,154.8398504778355,0.12998133185743654,1.0000000000000016,0.005175781250000001,1.1285154859380562,-1.032658539398995,0.005175781249999993,-1,2268,-0.9401162064438762,-0.42374229824649784,0.07194290270763332,18.067290443598573,18.067290443598573,0.0,0.2727931097101266,1.5067861771605848,2.0,0.2642887854472771,0.6880310836937749,-1.0,-1.0,-2.0,0.0,400.0,31.25,0,0,-1.0,-2.0,-62.5,5625.0,1.0,1.0,4722.5,902.5,-65.0,-0.0
2269,2019-06-24,08:28:59,155.03125,155.03125,154.90625,154.90625,287,44471.90625,154.95437717770034,-0.125,-0.0008066142804752374,154.95570251865007,154.841893540056,0.11380897859407924,1.0000000000000009,0.0060546875,2.814776274713838,-1.6712144101358444,0.006054687499999996,0,2269,-0.49508421003099956,0.2642887854472771,0.07781187248742955,14.626171425506435,14.626171425506435,0.0,0.2727931097101266,1.1307762563416395,1.0,0.9187909876374937,0.6545022021902166,-2.0,-1.0,-1.0,0.0,400.0,-93.75,0,0,-2.0,-1.0,125.0,5750.0,-1.0,1.0,4725.0,1025.0,122.5,122.5
2270,2019-06-24,08:38:06,154.90625,155.0,154.90625,154.96875,286,44308.875,154.92613636363637,0.0625,0.0004033884685599176,154.95860195895008,154.84579681574658,0.11280514320350221,1.0000000000000002,0.00751953125,3.772980266486762,-1.8814382337850113,0.007519531249999999,-1,2270,0.9288097617495096,0.9187909876374937,0.08671523078444754,13.008688575586877,13.008688575586877,0.0,0.2727931097101266,0.9540344478989154,1.0,0.6656864546053938,-0.2531045330320999,-1.0,-1.0,-2.0,0.0,400.0,-31.25,0,0,-1.0,-2.0,-125.0,5625.0,0.0,1.0,4727.5,897.5,-127.5,122.5
2271,2019-06-24,08:51:59,154.96875,155.03125,154.9375,155.03125,287,44487.15625,155.00751306620208,0.0625,0.0004032258119153198,154.97474596807228,154.85150306756978,0.12324290050250397,1.0000000000000002,0.00751953125,3.772980266486762,-1.8814382337850113,0.007519531249999999,-1,2271,0.99837680403532,0.6656864546053938,0.08671523078444754,14.212370697467797,14.212370697467797,0.0,0.2727931097101266,1.0855603895940558,1.0,0.2349617886298519,-0.4307246659755419,1.0,1.0,-1.0,0.0,400.0,31.25,0,0,1.0,-1.0,-62.5,5562.5,0.0,2.0,4732.5,830.0,-67.5,-67.5
2272,2019-06-24,08:58:47,155.03125,155.125,155.03125,155.125,286,44350.75,155.07255244755245,0.09375,0.0006045340234486218,155.00813575294512,154.85991835779842,0.14821739514670185,0.9999999999999927,0.0006835937499999995,-0.612244897959202,0.5122408325718871,0.0006835937500000045,-1,2272,0.8534541236887523,0.2349617886298519,0.026145625829189948,56.68917474571461,20.0,0.0,0.2727931097101266,1.7179727020810263,2.0,-0.046160145413868786,-0.28112193404372066,1.0,1.0,1.0,1.0,401.0,93.75,0,0,1.0,1.0,93.75,5656.25,1.0,0.0,4732.5,923.75,93.75,93.75
2273,2019-06-24,09:20:39,155.125,155.15625,155.0625,155.15625,286,44364.3125,155.1199737762238,0.03125,0.00020143015477547266,155.04105003006845,154.86903625448156,0.17201377558689046,0.9999999999999951,0.0007812499999999996,0.31250000000000827,1.2577882373436324,0.0007812500000000035,-1,2273,0.6737128905431029,-0.046160145413868786,0.027950849718747433,61.5415192445888,20.0,0.0,0.2727931097101266,1.7179727020810263,2.0,-0.4549095501685923,-0.40874940475472354,2.0,1.0,1.0,0.0,401.0,125.0,0,0,2.0,1.0,31.25,5687.5,0.0,1.0,4735.0,952.5,28.75,93.75
2274,2019-06-24,09:30:42,155.15625,155.21875,155.125,155.1875,287,44535.625,155.176393728223,0.03125,0.00020138958883908487,155.07359446783104,154.87883513895906,0.19475932887198155,0.9999999999999996,0.001953125,2.0000000000000013,-6.542051911182396e-16,0.001953125000000001,-1,2274,0.3080355815200049,-0.4549095501685923,0.04419417382415923,44.069005486310104,20.0,0.0,0.2727931097101266,1.7179727020810263,2.0,-0.7220376968595195,-0.26712814669092716,2.0,1.0,2.0,0.0,401.0,156.25,0,0,2.0,2.0,62.5,5750.0,0.0,0.0,4735.0,1015.0,62.5,62.5
2275,2019-06-24,09:51:11,155.1875,155.25,155.1875,155.21875,286,44389.15625,155.20684003496504,0.03125,0.00020134903923807457,155.10585125275747,154.88929405776034,0.21655719499713655,1.0000000000000027,0.001171875,-3.3333333333333326,-0.6085806194501847,0.0011718749999999971,-1,2275,-0.021343297563897107,-0.7220376968595195,0.03423265984407284,63.260405701320934,20.0,0.0,0.2727931097101266,1.7179727020810263,2.0,-0.747476076202067,-0.025438379342547557,2.0,1.0,2.0,0.0,401.0,187.5,0,0,2.0,2.0,62.5,5812.5,0.0,0.0,4735.0,1077.5,62.5,62.5
2276,2019-06-24,10:04:19,155.21875,155.25,155.1875,155.1875,286,44391.75,155.2159090909091,-0.03125,-0.00020134903923807457,155.12399541881138,154.8984696252139,0.22552579359748393,1.0000000000000027,0.001171875,-3.3333333333333326,-0.6085806194501847,0.0011718749999999971,0,2276,-0.05882233729999953,-0.747476076202067,0.03423265984407284,65.88030104138467,20.0,0.0,0.2727931097101266,1.7179727020810263,2.0,-0.7386602586315414,0.00881581757052563,2.0,1.0,2.0,0.0,401.0,156.25,0,0,2.0,2.0,-62.5,5750.0,0.0,0.0,4735.0,1015.0,-62.5,62.5
2277,2019-06-24,10:23:00,155.1875,155.1875,155.125,155.15625,286,44377.1875,155.16499125874125,-0.03125,-0.00020138958883908487,155.13116310351998,154.90640132905347,0.2247617744665149,1.000000000000004,0.0009765625,-3.0,0.0,0.0009765624999999962,0,2277,-0.04566662003567786,-0.7386602586315414,0.031249999999999938,71.92376782928491,20.0,0.0,0.2727931097101266,1.7179727020810263,2.0,-0.7319456379227516,0.006714620708789809,2.0,1.0,2.0,0.0,401.0,125.0,0,0,2.0,2.0,-62.5,5687.5,0.0,0.0,4735.0,952.5,-62.5,-62.5
2278,2019-06-24,10:33:08,155.15625,155.21875,155.15625,155.1875,287,44539.625,155.19033101045295,0.03125,0.00020138958883908487,155.1436824138489,154.91505051892878,0.22863189492011315,1.0000000000000002,0.00419921875,1.9307733910221725,1.446728466511237,0.004199218749999999,-1,2278,-0.03576730275019972,-0.7319456379227516,0.06480137922914912,35.28194887822223,20.0,0.0,0.2727931097101266,1.7179727020810263,2.0,-0.7861277449502622,-0.054182107027510584,2.0,1.0,2.0,0.0,401.0,156.25,0,0,2.0,2.0,62.5,5750.0,0.0,0.0,4735.0,1015.0,62.5,62.5
2279,2019-06-24,10:55:31,155.1875,155.25,155.15625,155.1875,286,44388.8125,155.2056381118881,0.0,0.0,155.15341965521583,154.92343357988483,0.22998607533099857,1.0,0.00361328125,2.607742878013152,1.5174736878455117,0.00361328125,0,2279,-0.11883897910450941,-0.7861277449502622,0.060110575192722955,38.2605015163523,20.0,0.0,0.2727931097101266,1.7179727020810263,2.0,-0.7842939324681821,0.0018338124820800328,2.0,1.0,2.0,0.0,401.0,156.25,0,0,2.0,2.0,0.0,5750.0,0.0,0.0,4735.0,1015.0,0.0,62.5
2280,2019-06-24,11:09:02,155.1875,155.3125,155.15625,155.3125,286,44398.4375,155.23929195804195,0.125,0.0008051530225623438,155.18877084294564,154.9354048543499,0.253365988595732,1.0,0.00361328125,2.607742878013152,1.5174736878455117,0.00361328125,-1,2280,-0.11589799505675387,-0.7842939324681821,0.060110575192722955,42.149985719385484,20.0,0.0,0.2727931097101266,1.7179727020810263,2.0,-0.7831891522443818,0.001104780223800339,2.0,1.0,2.0,0.0,401.0,281.25,0,0,2.0,2.0,250.0,6000.0,0.0,0.0,4735.0,1265.0,250.0,250.0
2281,2019-06-24,11:11:59,155.3125,155.34375,155.28125,155.3125,286,44419.65625,155.3134833916084,0.0,0.0,155.21626621117997,154.9470077819084,0.2692584292715594,1.0000000000000007,0.00419921875,3.877771768523528,1.9177563393288488,0.004199218749999998,0,2281,-0.1141310136341343,-0.7831891522443818,0.06480137922914911,41.55134234402853,20.0,0.0,0.2727931097101266,1.7179727020810263,2.0,-0.7972104124526007,-0.014021260208218922,2.0,1.0,2.0,0.0,401.0,281.25,0,0,2.0,2.0,0.0,6000.0,0.0,0.0,4735.0,1265.0,0.0,250.0
2282,2019-06-24,11:26:43,155.3125,155.3125,155.25,155.28125,286,44407.0625,155.2694493006993,-0.03125,-0.0002012274883540499,155.23070705313998,154.9572921578497,0.27341489529027285,1.0000000000000002,0.004589843749999999,4.151199637845177,2.031531490021056,0.004589843749999998,0,2282,-0.13683143073120266,-0.7972104124526007,0.06774838558962124,40.35740378323625,20.0,0.0,0.2727931097101266,1.7179727020810263,2.0,-0.8351416319886787,-0.03793121953607803,2.0,1.0,2.0,0.0,401.0,250.0,0,0,2.0,2.0,-62.5,5937.5,0.0,0.0,4735.0,1202.5,-62.5,0.0
2283,2019-06-24,11:41:56,155.28125,155.3125,155.25,155.25,286,44405.9375,155.26551573426573,-0.03125,-0.00020126798900577114,155.23499437466444,154.9662985529928,0.26869582167162775,1.0000000000000386,0.0001953124999999999,4.999999999999986,2.2360679774997894,0.00019531249999999237,0,2283,-0.20160086286211285,-0.8351416319886787,0.013975424859373413,192.26307920893842,20.0,0.0,0.2727931097101266,1.7179727020810263,2.0,-0.8632158850190857,-0.028074253030407004,2.0,1.0,2.0,0.0,401.0,218.75,0,0,2.0,2.0,-62.5,5875.0,0.0,0.0,4735.0,1140.0,-62.5,-62.5
2284,2019-06-24,11:55:36,155.25,155.28125,155.15625,155.21875,286,44394.03125,155.22388548951048,-0.03125,-0.00020130850596444816,155.23138451362792,154.9740662898238,0.25731822380410563,1.000000000000003,0.0017578124999999998,5.000000000000003,2.2360679774997907,0.0017578124999999944,0,2284,-0.2534135830204732,-0.8632158850190857,0.04192627457812099,61.37397762938513,20.0,0.0,0.2727931097101266,1.7179727020810263,2.0,-0.8967118346773362,-0.033495949658250423,2.0,1.0,2.0,0.0,401.0,187.5,0,0,2.0,2.0,-62.5,5812.5,0.0,0.0,4735.0,1077.5,-62.5,-62.5
2285,2019-06-24,12:03:54,155.21875,155.21875,155.1875,155.1875,286,44385.21875,155.19307255244755,-0.03125,-0.00020134903923807457,155.22163239948839,154.9806334809062,0.2409989185821928,1.000000000000003,0.0017578124999999998,5.000000000000003,2.2360679774997907,0.0017578124999999944,0,2285,-0.3210950730702431,-0.8967118346773362,0.04192627457812099,57.48159620839693,20.0,0.0,0.2727931097101266,1.7179727020810263,2.0,-0.9223203804518703,-0.025608545774534086,2.0,1.0,2.0,0.0,401.0,156.25,0,0,2.0,2.0,-62.5,5750.0,0.0,0.0,4735.0,1015.0,-62.5,-62.5
2286,2019-06-24,12:10:48,155.1875,155.28125,155.1875,155.25,286,44400.3125,155.2458479020979,0.0625,0.0004026575452025227,155.2279363107132,154.9889216814937,0.239014629219497,1.0,0.005175781249999999,-1.0074759700961202,1.0162671340117102,0.00517578125,-1,2286,-0.37893449339223284,-0.9223203804518703,0.07194290270763336,33.22282257512204,20.0,0.0,0.2727931097101266,1.7179727020810263,2.0,-0.9444925951483356,-0.022172214696465353,2.0,1.0,2.0,0.0,401.0,218.75,0,0,2.0,2.0,125.0,5875.0,0.0,0.0,4735.0,1140.0,125.0,125.0
2287,2019-06-24,12:19:59,155.25,155.28125,155.21875,155.21875,286,44404.65625,155.26103583916083,-0.03125,-0.00020130850596444816,155.2258949083325,154.99599332206313,0.22990158626936363,0.9999999999999997,0.00458984375,-0.7378904481665908,0.9127170462413431,0.004589843750000001,0,2287,-0.4355494158489442,-0.9444925951483356,0.06774838558962126,33.93462209741327,20.0,0.0,0.2727931097101266,1.7179727020810263,2.0,-0.9522334489788282,-0.007740853830492611,2.0,1.0,2.0,0.0,401.0,187.5,0,0,2.0,2.0,-62.5,5812.5,0.0,0.0,4735.0,1077.5,-62.5,125.0
2288,2019-06-24,12:22:42,155.21875,155.34375,155.21875,155.34375,286,44420.71875,155.3171984265734,0.125,0.0008049909873228955,155.25208492870306,155.00669352753815,0.24539140116490898,0.9999999999999999,0.0056640625,-0.9453032104637344,0.6013638196305312,0.0056640625,-1,2288,-0.4574008114265963,-0.9522334489788282,0.07525996611745185,32.605834658754354,20.0,0.0,0.2727931097101266,1.7179727020810263,2.0,-0.9376725023542029,0.01456094662462537,2.0,1.0,2.0,0.0,401.0,312.5,0,0,2.0,2.0,250.0,6062.5,0.0,0.0,4735.0,1327.5,250.0,250.0
2289,2019-06-24,12:27:47,155.34375,155.34375,155.3125,155.34375,286,44425.25,155.33304195804195,0.0,0.0,155.27245494454684,155.0170644959216,0.25539044862523497,1.0000000000000009,0.0060546875,2.814776274713838,1.6712144101358444,0.006054687499999996,0,2289,-0.41730070619908644,-0.9376725023542029,0.07781187248742955,32.82152716045911,20.0,0.0,0.2727931097101266,1.7179727020810263,2.0,-0.9338121865313496,0.0038603158228532886,2.0,1.0,2.0,0.0,401.0,312.5,0,0,2.0,2.0,0.0,6062.5,0.0,0.0,4735.0,1327.5,0.0,250.0
2290,2019-06-24,12:33:35,155.34375,155.34375,155.25,155.28125,286,44418.40625,155.30911276223776,-0.0625,-0.00040241449235267623,155.27440940131422,155.0251932806625,0.24921612065170962,1.0000000000000004,0.0060546875,0.3173777315296557,0.9198156830980229,0.006054687499999998,0,2290,-0.4073278551086932,-0.9338121865313496,0.07781187248742956,32.02803282904807,20.0,0.0,0.2727931097101266,1.7179727020810263,2.0,-0.9349136818798947,-0.0011014953485450896,2.0,1.0,2.0,0.0,401.0,250.0,0,0,2.0,2.0,-125.0,5937.5,0.0,0.0,4735.0,1202.5,-125.0,0.0
2291,2019-06-24,12:45:41,155.28125,155.3125,155.1875,155.21875,286,44399.96875,155.244645979021,-0.0625,-0.0004025764949702193,155.2620406454666,155.03114887202673,0.230891773439879,1.000000000000004,0.001953125,-1.7499999999999953,0.8838834764831853,0.0019531249999999922,0,2291,-0.41014914402715874,-0.9349136818798947,0.04419417382415913,52.24484439024856,20.0,0.0,0.2727931097101266,1.7179727020810263,2.0,-0.9442569713692566,-0.009343289489361917,2.0,1.0,2.0,0.0,401.0,187.5,0,0,2.0,2.0,-125.0,5812.5,0.0,0.0,4735.0,1077.5,-125.0,-125.0
2292,2019-06-24,12:53:42,155.21875,155.28125,155.21875,155.25,287,44551.5,155.23170731707316,0.03125,0.00020130850596444816,155.25936494647405,155.03788275288747,0.2214821935865814,1.000000000000004,0.001953125,-1.7499999999999953,0.8838834764831853,0.0019531249999999922,-1,2292,-0.43490436971235236,-0.9442569713692566,0.04419417382415913,50.11569951908598,20.0,0.0,0.2727931097101266,1.7179727020810263,2.0,-0.9609950134251734,-0.01673804205591678,2.0,1.0,2.0,0.0,401.0,218.75,0,0,2.0,2.0,62.5,5875.0,0.0,0.0,4735.0,1140.0,62.5,62.5
2293,2019-06-24,13:01:50,155.25,155.25,155.125,155.1875,286,44382.90625,155.1849868881119,-0.0625,-0.0004026575452025227,155.24339495836873,155.04248636049095,0.2009085978777705,1.000000000000003,0.00263671875,-1.6872427983539093,0.5184205276797864,0.0026367187499999915,0,2293,-0.48396461163514554,-0.9609950134251734,0.05134898976610924,39.126105263782975,20.0,0.0,0.2727931097101266,1.7179727020810263,2.0,-0.9811178443014077,-0.020122830876234343,2.0,1.0,2.0,0.0,401.0,156.25,0,0,2.0,2.0,-125.0,5750.0,0.0,0.0,4735.0,1015.0,-125.0,62.5
2294,2019-06-24,13:16:14,155.1875,155.21875,155.125,155.1875,286,44381.9375,155.18159965034965,0.0,0.0,155.23097385650902,155.04694831862972,0.18402553787930742,1.0000000000000024,0.0026367187499999997,-1.6872427983539058,-0.5184205276797867,0.0026367187499999932,0,2294,-0.5569929230831384,-0.9811178443014077,0.05134898976610926,35.838200267917586,20.0,0.0,0.2727931097101266,1.7179727020810263,2.0,-0.9929332003192338,-0.011815356017826129,2.0,1.0,2.0,0.0,401.0,156.25,0,0,2.0,2.0,0.0,5750.0,0.0,0.0,4735.0,1015.0,0.0,0.0
2295,2019-06-24,13:23:16,155.1875,155.1875,155.09375,155.09375,286,44370.1875,155.14051573426573,-0.09375,-0.0006042904806715654,155.2004796661737,155.04838837036422,0.15209129580946978,1.0000000000000049,0.0016601562499999997,-1.4878892733564086,-0.5413870509510866,0.0016601562499999915,0,2295,-0.6181941877200292,-0.9929332003192338,0.04074501503251645,37.32758367817357,20.0,0.0,0.2727931097101266,1.7179727020810263,2.0,-0.9979724177228123,-0.005039217403578489,2.0,1.0,2.0,0.0,401.0,62.5,0,0,2.0,2.0,-187.5,5562.5,0.0,0.0,4735.0,827.5,-187.5,0.0
2296,2019-06-24,13:31:41,155.09375,155.125,155.0625,155.09375,287,44517.5625,155.11345818815332,0.0,0.0,155.17676196257955,155.04978411281456,0.12697784976498383,1.0000000000000024,0.0022460937500000003,1.455576559546311,-1.1180799331493774,0.002246093749999994,0,2296,-0.6606672118090005,-0.9979724177228123,0.04739297152532213,26.792548700420564,20.0,0.0,0.2727931097101266,1.7179727020810263,2.0,-0.9999283970057082,-0.0019559792828959255,2.0,1.0,2.0,0.0,401.0,62.5,0,0,2.0,2.0,0.0,5562.5,0.0,0.0,4735.0,827.5,0.0,0.0
2297,2019-06-24,13:36:17,155.09375,155.125,155.0625,155.0625,286,44351.125,155.07386363636363,-0.03125,-0.00020151133569434876,155.15137041533964,155.05017537088182,0.10119504445782468,1.0000000000000024,0.0022460937500000003,1.455576559546311,-1.1180799331493774,0.002246093749999994,0,2297,-0.6985944464474617,-0.9999283970057082,0.04739297152532213,21.352331622370635,20.0,0.0,0.2727931097101266,1.7179727020810263,2.0,-0.997818085203314,0.0021103118023941825,2.0,1.0,2.0,0.0,401.0,31.25,0,0,2.0,2.0,-62.5,5500.0,0.0,0.0,4735.0,765.0,-62.5,0.0
2298,2019-06-24,13:49:57,155.09375,155.125,155.03125,155.09375,286,44352.40625,155.07834353146853,0.03125,0.00020151133569434876,155.13856587859752,155.05151612870085,0.08704974989666425,1.0000000000000036,0.00068359375,-0.612244897959183,-0.5122408325718831,0.0006835937499999976,-1,2298,-0.7522494184836966,-0.997818085203314,0.026145625829189813,33.29419248380703,20.0,0.0,0.2727931097101266,1.7179727020810263,2.0,-0.9741995897139863,0.023618495489327707,2.0,1.0,2.0,0.0,401.0,62.5,0,0,2.0,2.0,62.5,5562.5,0.0,0.0,4735.0,827.5,62.5,62.5
2299,2019-06-24,13:56:57,155.09375,155.125,155.0625,155.09375,287,44508.875,155.08318815331012,0.0,0.0,155.12860679446473,155.05281563243315,0.0757911620315781,1.0000000000000036,0.00068359375,-0.612244897959183,-0.5122408325718831,0.0006835937499999976,0,2299,-0.8484487861617429,-0.9741995897139863,0.026145625829189813,28.988084862349105,20.0,0.0,0.2727931097101266,1.7179727020810263,2.0,-0.900219433015692,0.07398015669829439,2.0,1.0,2.0,0.0,401.0,62.5,0,0,2.0,2.0,0.0,5562.5,0.0,0.0,4735.0,827.5,0.0,62.5
2300,2019-06-24,14:03:58,155.09375,155.15625,155.0625,155.125,286,44361.46875,155.1100305944056,0.03125,0.0002014707370570079,155.12780528458367,155.05503668989675,0.0727685946869201,1.0000000000000027,0.00029296875,-3.333333333333344,-0.6085806194501838,0.00029296874999999923,-1,2300,-0.9444513893997288,-0.900219433015692,0.01711632992203642,42.51413417384189,20.0,0.0,0.2727931097101266,1.7179727020810263,2.0,-0.7544425047888403,0.14577692822685162,-2.0,1.0,2.0,0.0,401.0,93.75,0,0,-2.0,2.0,62.5,5625.0,0.0,4.0,4745.0,880.0,52.5,52.5
2301,2019-06-24,14:12:06,155.125,155.1875,155.09375,155.125,286,44369.71875,155.13887674825176,0.0,0.0,155.12718188800952,155.05718940713072,0.0699924808787955,0.9999999999999996,0.0014648437500000002,2.0000000000000058,1.3608276348795423,0.0014648437500000009,0,2301,-0.9975923581944232,-0.7544425047888403,0.03827327723098717,18.287558825019442,18.287558825019442,0.0,0.2727931097101266,1.5308548293116802,2.0,-0.5232672840940493,0.23117522069479102,-2.0,-1.0,-2.0,1.0,402.0,0.0,0,0,-2.0,-2.0,-0.0,5625.0,0.0,0.0,4745.0,880.0,-0.0,52.5
2302,2019-06-24,14:20:15,155.125,155.1875,155.125,155.15625,287,44527.46875,155.14797473867597,0.03125,0.00020143015477547266,155.13364146845186,155.0602374253729,0.0734040430789662,0.9999999999999986,0.001171875,2.916666666666662,1.2932338163316435,0.0011718750000000017,-1,2302,-0.9725800517541192,-0.5232672840940493,0.03423265984407291,21.442693443429718,20.0,0.0,0.2727931097101266,1.7179727020810263,2.0,-0.05926404767777771,0.4640032364162716,-2.0,-1.0,-2.0,0.0,402.0,31.25,0,0,-2.0,-2.0,-62.5,5562.5,0.0,0.0,4745.0,817.5,-62.5,-0.0
2303,2019-06-24,14:30:57,155.15625,155.25,155.15625,155.25,286,44388.25,155.20367132867133,0.09375,0.0006040471340416076,155.159498919907,155.06607627382297,0.09342264608403639,0.9999999999999986,0.001171875,2.916666666666662,1.2932338163316435,0.0011718750000000017,-1,2303,-0.7477699390382208,-0.05926404767777771,0.03423265984407291,27.290501675759128,20.0,0.0,0.2727931097101266,1.7179727020810263,2.0,0.3828260479234561,0.4420900956012338,-2.0,-1.0,-2.0,0.0,402.0,125.0,0,0,-2.0,-2.0,-187.5,5375.0,0.0,0.0,4745.0,630.0,-187.5,-62.5
2304,2019-06-24,14:41:03,155.25,155.28125,155.1875,155.28125,286,44399.40625,155.2426791958042,0.03125,0.00020126798900577114,155.18655471548323,155.0726970038592,0.11385771162403557,0.9999999999999976,0.0007812500000000005,4.999999999999967,2.236067977499787,0.0007812500000000024,-1,2304,-0.38254080768723336,0.3828260479234561,0.027950849718747416,40.73497327262578,20.0,0.0,0.2727931097101266,1.7179727020810263,2.0,0.7365223227461086,0.35369627482265253,-2.0,-1.0,-2.0,0.0,402.0,156.25,0,0,-2.0,-2.0,-62.5,5312.5,0.0,0.0,4745.0,567.5,-62.5,-62.5
2305,2019-06-24,14:44:51,155.28125,155.34375,155.28125,155.3125,286,44418.28125,155.3086756993007,0.03125,0.0002012274883540499,155.21454255648698,155.08007555758664,0.13446699890033642,0.9999999999999976,0.0007812500000000005,4.999999999999967,2.236067977499787,0.0007812500000000024,-1,2305,0.04250354166746975,0.7365223227461086,0.027950849718747416,48.1083760434466,20.0,0.0,0.2727931097101266,1.7179727020810263,2.0,0.9715476488921695,0.23502532614606086,-2.0,-1.0,-2.0,0.0,402.0,187.5,0,0,-2.0,-2.0,-62.5,5250.0,0.0,0.0,4745.0,505.0,-62.5,-62.5
2306,2019-06-24,14:50:40,155.3125,155.375,155.25,155.34375,286,44419.8125,155.31402972027973,0.03125,0.00020118700399862632,155.2432553217121,155.0881886173532,0.15506670435888736,0.9999999999999976,0.0007812500000000005,4.999999999999967,2.236067977499787,0.0007812500000000024,-1,2306,0.5195138045189976,0.9715476488921695,0.027950849718747416,55.47835071893353,20.0,0.0,0.2727931097101266,1.7179727020810263,2.0,0.9913112601598264,0.01976361126765691,-2.0,-1.0,-2.0,0.0,402.0,218.75,0,0,-2.0,-2.0,-62.5,5187.5,0.0,0.0,4745.0,442.5,-62.5,-62.5
2307,2019-06-24,14:54:58,155.34375,155.375,155.34375,155.375,286,44434.1875,155.36429195804195,0.03125,0.00020114653592884224,155.2725319168872,155.09701358297312,0.17551833391408422,0.9999999999999996,0.001953125,2.0000000000000013,-6.542051911182396e-16,0.001953125000000001,-1,2307,0.793973627365376,0.9913112601598264,0.04419417382415923,39.71526532262838,20.0,0.0,0.2727931097101266,1.7179727020810263,2.0,0.8359271178335619,-0.15538414232626452,2.0,-1.0,-2.0,0.0,402.0,250.0,0,0,2.0,-2.0,-62.5,5125.0,0.0,4.0,4755.0,370.0,-72.5,-62.5
2308,2019-06-24,14:58:45,155.375,155.46875,155.34375,155.46875,286,44447.1875,155.4097465034965,0.09375,0.0006031969620909905,155.31613593535673,155.10845162657395,0.207684308782774,1.0000000000000002,0.0027343750000000003,-0.6122448979591854,0.5122408325718829,0.0027343749999999994,-1,2308,0.9791785466744803,0.8359271178335619,0.052291251658379716,39.71683641072157,20.0,0.0,0.2727931097101266,1.7179727020810263,2.0,0.5422355057592115,-0.29369161207435035,-2.0,-1.0,2.0,1.0,403.0,93.75,0,0,-2.0,2.0,187.5,5312.5,0.0,4.0,4765.0,547.5,177.5,177.5
2309,2019-06-24,15:02:26,155.46875,155.5,155.4375,155.4375,285,44306.15625,155.46019736842106,-0.03125,-0.00020102522934273281,155.3431057274997,155.11857619191017,0.22452953558953936,1.0000000000000004,0.002734375,0.5357142857142883,1.0885117692152515,0.0027343749999999985,0,2309,0.9775482947682355,0.5422355057592115,0.05229125165837971,42.93825993234919,20.0,0.0,0.2727931097101266,1.7179727020810263,2.0,0.17114558677901467,-0.37108991898019683,2.0,1.0,-2.0,1.0,404.0,-31.25,0,0,2.0,-2.0,62.5,5375.0,0.0,4.0,4775.0,600.0,52.5,177.5
2310,2019-06-24,15:04:58,155.4375,155.4375,155.375,155.40625,286,44448.28125,155.4135708041958,-0.03125,-0.00020106564861155363,155.35713778805533,155.12742769369757,0.22971009435775613,1.0000000000000009,0.00263671875,3.251028806584363,1.7355817665801556,0.0026367187499999976,0,2310,0.817692156025431,0.17114558677901467,0.0513489897661093,44.735075685825166,20.0,0.0,0.2727931097101266,1.7179727020810263,2.0,-0.09587694224534148,-0.26702252902435614,2.0,1.0,2.0,1.0,405.0,-31.25,0,0,2.0,2.0,-62.5,5312.5,0.0,0.0,4775.0,537.5,-62.5,52.5
2311,2019-06-24,15:08:31,155.40625,155.4375,155.375,155.40625,286,44448.25,155.41346153846155,0.0,0.0,155.36805161293194,155.13600684158382,0.2320447713481144,1.0000000000000184,0.00029296875,-3.3333333333333304,-0.6085806194501845,0.0002929687499999946,0,2311,0.6360540418593458,-0.09587694224534148,0.017116329922036284,135.5692326597247,20.0,0.0,0.2727931097101266,1.7179727020810263,2.0,-0.33596491953558716,-0.24008797729024567,2.0,1.0,2.0,0.0,405.0,-31.25,0,0,2.0,2.0,0.0,5312.5,0.0,0.0,4775.0,537.5,0.0,0.0
2312,2019-06-24,15:14:13,155.40625,155.4375,155.375,155.40625,286,44447.375,155.4104020979021,0.0,0.0,155.37654014339154,155.14432201568894,0.23221812770259476,1.0000000000000027,0.001171875,2.9166666666666665,1.2932338163316421,0.0011718749999999971,0,2312,0.4284427727911429,-0.33596491953558716,0.03423265984407284,67.83525696230753,20.0,0.0,0.2727931097101266,1.7179727020810263,2.0,-0.6328879602333204,-0.29692304069773323,2.0,1.0,2.0,0.0,405.0,-31.25,0,0,2.0,2.0,0.0,5312.5,0.0,0.0,4775.0,537.5,0.0,0.0
2313,2019-06-24,15:20:39,155.40625,155.4375,155.34375,155.40625,286,44443.34375,155.3963068181818,0.0,0.0,155.38314233374896,155.15238133828313,0.23076099546582896,1.0000000000000027,0.001171875,2.9166666666666665,1.2932338163316421,0.0011718749999999971,0,2313,0.09995338423923647,-0.6328879602333204,0.03423265984407284,67.40960139145709,20.0,0.0,0.2727931097101266,1.7179727020810263,2.0,-0.7679995188236399,-0.13511155859031954,2.0,1.0,2.0,0.0,405.0,-31.25,0,0,2.0,2.0,0.0,5312.5,0.0,0.0,4775.0,537.5,0.0,0.0
2314,2019-06-24,15:22:57,155.40625,155.46875,155.40625,155.46875,285,44303.0625,155.44934210526316,0.0625,0.00040209087795428644,155.40216625958254,155.16211575864367,0.24005050093887803,1.0000000000000024,0.00146484375,2.0000000000000013,1.3608276348795436,0.0014648437499999963,-1,2314,-0.09019083348060067,-0.7679995188236399,0.03827327723098711,62.720132245306246,20.0,0.0,0.2727931097101266,1.7179727020810263,2.0,-0.8598443152513181,-0.09184479642767818,2.0,1.0,2.0,0.0,405.0,31.25,0,0,2.0,2.0,125.0,5437.5,0.0,0.0,4775.0,662.5,125.0,125.0
2315,2019-06-24,15:29:28,155.46875,155.5,155.40625,155.4375,286,44457.5,155.4458041958042,-0.03125,-0.00020102522934273281,155.41001820189754,155.17058911991617,0.23942908198137047,1.0000000000000022,0.00224609375,1.4555765595463157,1.118079933149378,0.0022460937499999946,0,2315,-0.2469839116648807,-0.8598443152513181,0.04739297152532213,50.51995565491039,20.0,0.0,0.2727931097101266,1.7179727020810263,2.0,-0.9237932203051618,-0.06394890505384365,2.0,1.0,2.0,0.0,405.0,0.0,0,0,2.0,2.0,-62.5,5375.0,0.0,0.0,4775.0,600.0,-62.5,125.0
2316,2019-06-24,15:37:55,155.4375,155.4375,155.34375,155.40625,286,44445.0625,155.40231643356643,-0.03125,-0.00020106564861155363,155.4091808236981,155.1778402239188,0.23134059977931543,1.000000000000001,0.00341796875,-2.897959183673469,0.38180177416060623,0.0034179687499999965,0,2316,-0.38247510323900885,-0.9237932203051618,0.058463396668342806,39.5701606411424,20.0,0.0,0.2727931097101266,1.7179727020810263,2.0,-0.9495516131283747,-0.025758392823212906,2.0,1.0,2.0,0.0,405.0,-31.25,0,0,2.0,2.0,-62.5,5312.5,0.0,0.0,4775.0,537.5,-62.5,-62.5
2317,2019-06-24,15:47:06,155.4375,155.4375,155.34375,155.34375,286,44443.875,155.39816433566435,-0.0625,-0.0004022526200655463,155.3946406406541,155.18294514010591,0.21169550054818842,1.0000000000000024,0.0026367187499999997,3.2510288065843675,1.7355817665801567,0.0026367187499999932,0,2317,-0.4496780612513127,-0.9495516131283747,0.05134898976610926,41.226809234698734,20.0,0.0,0.2727931097101266,1.7179727020810263,2.0,-0.9836411280798726,-0.03408951495149792,2.0,1.0,2.0,0.0,405.0,-93.75,0,0,2.0,2.0,-125.0,5187.5,0.0,0.0,4775.0,412.5,-125.0,-62.5
2318,2019-06-24,15:50:47,155.34375,155.4375,155.3125,155.40625,286,44432.3125,155.35773601398603,0.0625,0.0004022526200655463,155.39722049828654,155.1898160588719,0.20740443941463127,1.0000000000000024,0.0026367187499999997,3.2510288065843675,1.7355817665801567,0.0026367187499999932,-1,2318,-0.5681616624870419,-0.9836411280798726,0.05134898976610926,40.391143109015914,20.0,0.0,0.2727931097101266,1.7179727020810263,2.0,-0.999378700757573,-0.015737572677700373,2.0,1.0,2.0,0.0,405.0,-31.25,0,0,2.0,2.0,125.0,5312.5,0.0,0.0,4775.0,537.5,125.0,125.0
2319,2019-06-24,16:02:52,155.40625,155.40625,155.34375,155.34375,285,44281.65625,155.37423245614036,-0.0625,-0.0004022526200655463,155.385338165334,155.1945524878297,0.19078567750429443,1.0000000000000022,0.0027343750000000003,0.5357142857142847,1.088511769215251,0.002734374999999994,0,2319,-0.6817454532285084,-0.999378700757573,0.05229125165837967,36.48520000070051,20.0,0.0,0.2727931097101266,1.7179727020810263,2.0,-0.9985870993202272,0.0007916014373458014,2.0,1.0,2.0,0.0,405.0,-93.75,0,0,2.0,2.0,-125.0,5187.5,0.0,0.0,4775.0,412.5,-125.0,125.0
2320,2019-06-24,16:12:13,155.34375,155.34375,155.28125,155.3125,286,44419.625,155.31337412587413,-0.03125,-0.00020118700399862632,155.3691519063709,155.19818164205034,0.17097026432054463,1.0000000000000007,0.003125,-2.32421875,-0.052407843222651435,0.003124999999999998,0,2320,-0.7436830010919219,-0.9985870993202272,0.05590169943749473,30.58409065214758,20.0,0.0,0.2727931097101266,1.7179727020810263,2.0,-0.9745710018830073,0.024016097437219885,2.0,1.0,2.0,0.0,405.0,-125.0,0,0,2.0,2.0,-62.5,5125.0,0.0,0.0,4775.0,350.0,-62.5,-62.5
2321,2019-06-24,16:22:16,155.3125,155.375,155.28125,155.3125,286,44421.96875,155.32156905594405,0.0,0.0,155.35656259384402,155.20169912998725,0.15486346385677052,1.0000000000000018,0.0021484375,0.8677685950413228,0.5516180692881075,0.0021484374999999963,0,2321,-0.8475734878750267,-0.9745710018830073,0.04635124054434785,33.41085633050113,20.0,0.0,0.2727931097101266,1.7179727020810263,2.0,-0.9178207166035434,0.05675028527946391,2.0,1.0,2.0,0.0,405.0,-125.0,0,0,2.0,2.0,0.0,5125.0,0.0,0.0,4775.0,350.0,0.0,0.0
2322,2019-06-24,16:34:30,155.3125,155.375,155.28125,155.375,286,44428.8125,155.34549825174824,0.0625,0.00040233353992746856,155.36065979521203,155.2070314644492,0.15362833076284232,0.9999999999999999,0.0017578124999999998,-2.4074074074074083,0.1656346649999846,0.0017578124999999998,-1,2322,-0.9297152001916638,-0.9178207166035434,0.04192627457812106,36.64249502459067,20.0,0.0,0.2727931097101266,1.7179727020810263,2.0,-0.88595584273473,0.031864873868813315,-2.0,1.0,2.0,0.0,405.0,-62.5,0,0,-2.0,2.0,125.0,5250.0,0.0,4.0,4785.0,465.0,115.0,115.0
2323,2019-06-24,16:43:33,155.375,155.40625,155.34375,155.375,286,44437.75,155.37674825174824,0.0,0.0,155.36384650738714,155.21219972708155,0.1516467803055832,1.0000000000000004,0.002734375,-0.612244897959183,-0.5122408325718831,0.002734374999999999,0,2323,-0.9544000154628343,-0.88595584273473,0.05229125165837971,29.00041125354889,20.0,0.0,0.2727931097101266,1.7179727020810263,2.0,-0.8616773126864128,0.02427853004831726,-2.0,-1.0,-2.0,1.0,406.0,0.0,0,0,-2.0,-2.0,-0.0,5250.0,0.0,0.0,4785.0,465.0,-0.0,115.0
2324,2019-06-24,16:55:15,155.375,155.4375,155.375,155.4375,286,44445.90625,155.4052666083916,0.0625,0.0004021717327482577,155.38021395019,155.21913204317136,0.1610819070186551,1.0000000000000007,0.005078125,-2.5073964497041423,-0.2276977550124017,0.005078124999999996,-1,2324,-0.9681238795296078,-0.8616773126864128,0.0712609640686961,22.60450853055692,20.0,0.0,0.2727931097101266,1.7179727020810263,2.0,-0.8379438818027415,0.023733430883671303,-2.0,-1.0,-2.0,0.0,406.0,62.5,0,0,-2.0,-2.0,-125.0,5125.0,0.0,0.0,4785.0,340.0,-125.0,-0.0
2325,2019-06-24,17:10:44,155.4375,155.4375,155.34375,155.375,286,44447.625,155.4112762237762,-0.0625,-0.0004021717327482577,155.37905529459223,155.22392798030455,0.15512731428768234,1.0000000000000013,0.0037109375,-0.8171745152354575,0.08099829095409096,0.003710937499999994,0,2325,-0.9784238542117961,-0.8379438818027415,0.06091746465505598,25.465162604203556,20.0,0.0,0.2727931097101266,1.7179727020810263,2.0,-0.7128830577826905,0.12506082402005103,-2.0,-1.0,-2.0,0.0,406.0,0.0,0,0,-2.0,-2.0,125.0,5250.0,0.0,0.0,4785.0,465.0,125.0,125.0
2326,2019-06-24,17:26:32,155.34375,155.375,155.28125,155.28125,286,44421.78125,155.32091346153845,-0.09375,-0.0006035610282815185,155.35732078468286,155.22569173475674,0.13162904992611857,1.0000000000000013,0.0037109375,-0.8171745152354575,0.08099829095409096,0.003710937499999994,0,2326,-0.999966358684787,-0.7128830577826905,0.06091746465505598,21.607768916757394,20.0,0.0,0.2727931097101266,1.7179727020810263,2.0,-0.3054038663306118,0.40747919145207867,-2.0,-1.0,-2.0,0.0,406.0,-93.75,0,0,-2.0,-2.0,187.5,5437.5,0.0,0.0,4785.0,652.5,187.5,187.5
2327,2019-06-24,17:35:20,155.28125,155.3125,155.25,155.28125,286,44410.5,155.28146853146853,0.0,0.0,155.34041616586447,155.22740121984117,0.11301494602329853,1.0000000000000049,0.0016601562499999997,-1.4878892733564086,-0.5413870509510866,0.0016601562499999915,0,2327,-0.8892764247531605,-0.3054038663306118,0.04074501503251645,27.737122181230575,20.0,0.0,0.2727931097101266,1.7179727020810263,2.0,0.003399541819126414,0.3088034081497382,-2.0,-1.0,-2.0,0.0,406.0,-93.75,0,0,-2.0,-2.0,-0.0,5437.5,0.0,0.0,4785.0,652.5,-0.0,187.5
2328,2019-06-24,17:53:52,155.28125,155.3125,155.25,155.28125,286,44411.9375,155.28649475524475,0.0,0.0,155.32726812900572,155.22905810538455,0.0982100236211636,1.0000000000000049,0.0016601562499999997,-1.4878892733564086,-0.5413870509510866,0.0016601562499999915,0,2328,-0.7046988561257826,0.003399541819126414,0.04074501503251645,24.103567894817893,20.0,0.0,0.2727931097101266,1.7179727020810263,2.0,0.2587382420439558,0.25533870022482935,-2.0,-1.0,-2.0,0.0,406.0,-93.75,0,0,-2.0,-2.0,-0.0,5437.5,0.0,0.0,4785.0,652.5,-0.0,-0.0
2329,2019-06-24,18:11:00,155.28125,155.34375,155.25,155.25,286,44410.09375,155.28004807692307,-0.03125,-0.00020126798900577114,155.31009743367113,155.22970247137275,0.08039496229838505,1.0000000000000018,0.0021484375,0.8677685950413228,0.5516180692881075,0.0021484374999999963,0,2329,-0.5000724434790319,0.2587382420439558,0.04635124054434785,17.34472720777881,17.34472720777881,0.0,0.2727931097101266,1.4278319347589652,2.0,0.4047623876715396,0.1460241456275838,-2.0,-1.0,-2.0,0.0,406.0,-125.0,0,0,-2.0,-2.0,62.5,5500.0,0.0,0.0,4785.0,715.0,62.5,62.5
2330,2019-06-24,18:21:56,155.25,155.28125,155.1875,155.1875,286,44398.5625,155.239729020979,-0.0625,-0.0004026575452025227,155.282853559522,155.22840393379207,0.05444962572994427,1.000000000000001,0.00244140625,-1.2000000000000004,0.0,0.0024414062499999974,0,2330,-0.3603836966167641,0.4047623876715396,0.0494105884401309,11.019829443221262,11.019829443221262,0.0,0.2727931097101266,0.7367124776476651,1.0,0.5009126982224,0.09615031055086043,-2.0,-1.0,-2.0,0.0,406.0,-187.5,0,0,-2.0,-2.0,125.0,5625.0,-1.0,0.0,4785.0,840.0,125.0,125.0
2331,2019-06-24,18:34:27,155.1875,155.25,155.1875,155.25,286,44393.5625,155.2222465034965,0.0625,0.0004026575452025227,155.27555276851714,155.22906842813694,0.04648434038020355,1.0000000000000002,0.00322265625,-2.2314049586776847,-0.5671631517317617,0.0032226562499999994,-1,2331,-0.2578006087974527,0.5009126982224,0.05676844413932796,8.188411904704676,8.188411904704676,0.0,0.2727931097101266,0.42732443298384976,1.0,0.5087382988925427,0.007825600670142707,-1.0,-1.0,-2.0,0.0,406.0,-125.0,0,0,-1.0,-2.0,-125.0,5500.0,0.0,1.0,4787.5,712.5,-127.5,125.0
2332,2019-06-24,18:44:22,155.25,155.28125,155.25,155.28125,286,44407.71875,155.27174388111888,0.03125,0.00020126798900577114,155.27681881995778,155.2306740149635,0.046144804994270316,1.0,0.0027343750000000003,0.5357142857142847,-1.088511769215251,0.0027343750000000003,-1,2332,-0.24903093017001432,0.5087382988925427,0.05229125165837972,8.824574576209358,8.824574576209358,0.0,0.2727931097101266,0.49683771470494115,1.0,0.562403573927374,0.053665275034831206,-1.0,-1.0,-1.0,0.0,406.0,-93.75,0,0,-1.0,-1.0,-31.25,5468.75,0.0,0.0,4787.5,681.25,-31.25,-31.25
2333,2019-06-24,18:50:04,155.28125,155.375,155.28125,155.34375,286,44424.5625,155.3306381118881,0.0625,0.00040241449235267623,155.29169241552273,155.23415327604155,0.057539139481178836,0.9999999999999951,0.0007812500000000005,0.31249999999999406,-1.2577882373436315,0.0007812500000000042,-1,2333,-0.18700096769345423,0.562403573927374,0.027950849718747447,20.585828359481198,20.0,0.0,0.2727931097101266,1.7179727020810263,2.0,0.6818022967923749,0.11939872286500097,-1.0,-1.0,-1.0,0.0,406.0,-31.25,0,0,-1.0,-1.0,-62.5,5406.25,1.0,0.0,4787.5,618.75,-62.5,-31.25
2334,2019-06-24,18:56:52,155.34375,155.34375,155.3125,155.34375,286,44428.0,155.34265734265733,0.0,0.0,155.3032607676288,155.2375254829326,0.06573528469621692,0.9999999999999978,0.0009765625,-2.9999999999999964,-9.251858538542974e-16,0.0009765625000000024,0,2334,-0.035167381352979754,0.6818022967923749,0.031250000000000035,21.035291102789394,20.0,0.0,0.2727931097101266,1.7179727020810263,2.0,0.7990139025231587,0.11721160573078382,-2.0,-1.0,-1.0,0.0,406.0,-31.25,0,0,-2.0,-1.0,-0.0,5406.25,0.0,1.0,4790.0,616.25,-2.5,-2.5
2335,2019-06-24,18:59:40,155.34375,155.40625,155.34375,155.40625,286,44440.3125,155.38570804195805,0.0625,0.0004022526200655463,155.32614726371133,155.2427170065347,0.08343025717664432,0.9999999999999996,0.0017578124999999998,-2.4074074074074083,0.1656346649999846,0.0017578125000000005,-1,2335,0.13979596655602258,0.7990139025231587,0.041926274578121064,19.899277485575077,19.899277485575077,0.0,0.2727931097101266,1.7069667867161464,2.0,0.9225463499550469,0.12353244743188818,-2.0,-1.0,-2.0,0.0,406.0,31.25,0,0,-2.0,-2.0,-125.0,5281.25,0.0,0.0,4790.0,491.25,-125.0,-2.5
2336,2019-06-24,19:05:31,155.40625,155.4375,155.375,155.40625,286,44445.0,155.4020979020979,0.0,0.0,155.3439478717755,155.24774879094903,0.09619908082646589,0.9999999999999996,0.0017578124999999998,-2.4074074074074083,0.1656346649999846,0.0017578125000000005,0,2336,0.3794759644942948,0.9225463499550469,0.041926274578121064,22.944819637437263,20.0,0.0,0.2727931097101266,1.7179727020810263,2.0,0.9956434153613472,0.07309706540630023,-2.0,-1.0,-2.0,0.0,406.0,31.25,0,0,-2.0,-2.0,-0.0,5281.25,0.0,0.0,4790.0,491.25,-0.0,-0.0
2337,2019-06-24,19:12:38,155.40625,155.4375,155.375,155.375,285,44288.28125,155.39747807017545,-0.03125,-0.00020110608413670406,155.35084834471428,155.251664212766,0.09918413194827735,1.0000000000000007,0.003125,-2.32421875,-0.052407843222651435,0.0031249999999999984,0,2337,0.638093709375156,0.9956434153613472,0.05590169943749473,17.74259690605255,17.74259690605255,0.0,0.2727931097101266,1.4713070232280387,2.0,0.9729208129256021,-0.022722602435745087,2.0,-1.0,-2.0,0.0,406.0,0.0,0,0,2.0,-2.0,62.5,5343.75,0.0,4.0,4800.0,543.75,52.5,52.5
2338,2019-06-24,19:28:20,155.375,155.4375,155.375,155.4375,286,44443.625,155.3972902097902,0.0625,0.0004021717327482577,155.37010426811113,155.2573822369886,0.1127220311225301,1.000000000000001,0.00244140625,-1.2000000000000004,0.0,0.0024414062499999974,-1,2338,0.8513986360463993,0.9729208129256021,0.0494105884401309,22.81333509296524,20.0,0.0,0.2727931097101266,1.7179727020810263,2.0,0.8610263665524676,-0.1118944463731345,2.0,-1.0,2.0,1.0,407.0,62.5,0,0,2.0,2.0,125.0,5468.75,0.0,0.0,4800.0,668.75,125.0,125.0
2339,2019-06-24,19:35:52,155.4375,155.4375,155.34375,155.375,286,44446.875,155.40865384615384,-0.0625,-0.0004021717327482577,155.37119220853089,155.2610012450813,0.11019096344958257,1.0000000000000009,0.00263671875,-1.6872427983539093,-0.5184205276797869,0.0026367187499999984,0,2339,0.9684440314144083,0.8610263665524676,0.051348989766109306,21.45922713406708,20.0,0.0,0.2727931097101266,1.7179727020810263,2.0,0.5956524493597569,-0.26537391719271064,-2.0,-1.0,2.0,0.0,407.0,0.0,0,0,-2.0,2.0,-125.0,5343.75,0.0,4.0,4810.0,533.75,-135.0,125.0
2340,2019-06-24,19:46:17,155.375,155.40625,155.34375,155.40625,286,44442.21875,155.39237325174824,0.03125,0.00020110608413670406,155.37898282885737,155.26547043754036,0.11351239131701618,1.0,0.00224609375,1.4555765595463157,-1.118079933149378,0.0022460937499999994,-1,2340,0.9891679489408112,0.5956524493597569,0.04739297152532219,23.95131338332863,20.0,0.0,0.2727931097101266,1.7179727020810263,2.0,0.2324686325868708,-0.36318381677288614,2.0,1.0,-2.0,1.0,408.0,31.25,0,0,2.0,-2.0,-62.5,5281.25,0.0,4.0,4820.0,461.25,-72.5,-72.5
2341,2019-06-24,20:05:55,155.40625,155.4375,155.375,155.4375,286,44444.1875,155.399256993007,0.03125,0.00020106564861155363,155.39198664466687,155.27076365484683,0.12122298982004054,1.0000000000000016,0.00146484375,2.0000000000000013,-1.3608276348795436,0.0014648437499999974,-1,2341,0.8521149554581446,0.2324686325868708,0.03827327723098713,31.67301014972791,20.0,0.0,0.2727931097101266,1.7179727020810263,2.0,-0.1823803138562915,-0.4148489464431623,2.0,1.0,2.0,1.0,409.0,31.25,0,0,2.0,2.0,62.5,5343.75,0.0,0.0,4820.0,523.75,62.5,62.5
2342,2019-06-24,20:23:07,155.4375,155.46875,155.40625,155.4375,286,44454.15625,155.43411276223776,0.0,0.0,155.40210072362981,155.2758940039285,0.12620671970131525,1.0000000000000022,0.00029296875,-3.3333333333333304,0.6085806194501845,0.0002929687499999994,0,2342,0.5662848731275453,-0.1823803138562915,0.017116329922036422,73.73468510841823,20.0,0.0,0.2727931097101266,1.7179727020810263,2.0,-0.6399574006718861,-0.4575770868155946,2.0,1.0,2.0,0.0,409.0,31.25,0,0,2.0,2.0,0.0,5343.75,0.0,0.0,4820.0,523.75,0.0,62.5
2343,2019-06-24,20:45:11,155.4375,155.46875,155.40625,155.4375,285,44299.59375,155.43717105263158,0.0,0.0,155.40996722948987,155.28086649611532,0.12910073337454264,1.0000000000000029,0.001171875,2.9166666666666665,-1.2932338163316421,0.0011718749999999967,0,2343,0.0908299788354097,-0.6399574006718861,0.03423265984407283,37.71273805850515,20.0,0.0,0.2727931097101266,1.7179727020810263,2.0,-0.8120626220717208,-0.17210522139983464,2.0,1.0,2.0,0.0,409.0,31.25,0,0,2.0,2.0,0.0,5343.75,0.0,0.0,4820.0,523.75,0.0,0.0
2344,2019-06-24,22:44:18,155.4375,155.5,155.34375,155.4375,286,44454.3125,155.4346590909091,0.0,0.0,155.41608562293658,155.28568598854255,0.13039963439402413,1.000000000000001,0.001953125,2.0,0.0,0.0019531249999999976,0,2344,-0.16156846869450747,-0.8120626220717208,0.044194173824159196,29.50606903816354,20.0,0.0,0.2727931097101266,1.7179727020810263,2.0,-0.966552165433179,-0.15448954336145826,2.0,1.0,2.0,0.0,409.0,31.25,0,0,2.0,2.0,0.0,5343.75,0.0,0.0,4820.0,523.75,0.0,0.0
2345,2019-06-25,00:01:10,155.4375,155.53125,155.375,155.375,286,44455.46875,155.43870192307693,-0.0625,-0.0004021717327482577,155.40695548450623,155.28843411197204,0.1185213725341896,0.9999999999999999,0.0037109375,-0.8171745152354575,-0.08099829095409096,0.0037109375000000007,0,2345,-0.5021038446283865,-0.966552165433179,0.06091746465505603,19.456057996719757,19.456057996719757,0.0,0.2727931097101266,1.6585363418423444,2.0,-0.9967401150385169,-0.030187949605337883,2.0,1.0,2.0,0.0,409.0,-31.25,0,0,2.0,2.0,-125.0,5218.75,0.0,0.0,4820.0,398.75,-125.0,0.0
2346,2019-06-25,00:13:02,155.375,155.4375,155.34375,155.4375,286,44449.75,155.4187062937063,0.0625,0.0004021717327482577,155.41374315461596,155.2930207546806,0.12072239993534595,0.9999999999999999,0.0037109375,-0.8171745152354575,-0.08099829095409096,0.0037109375000000007,-1,2346,-0.6477528422317166,-0.9967401150385169,0.06091746465505603,19.817371031268983,19.817371031268983,0.0,0.2727931097101266,1.6980168959287971,2.0,-0.9994709799954514,-0.002730864956934531,2.0,1.0,2.0,0.0,409.0,31.25,0,0,2.0,2.0,125.0,5343.75,0.0,0.0,4820.0,523.75,125.0,125.0
2347,2019-06-25,00:17:33,155.46875,155.5625,155.46875,155.53125,285,44323.0625,155.51951754385965,0.09375,0.0006029544952044219,155.43985578692352,155.30035088530585,0.13950490161766993,0.9999999999999998,0.00361328125,-0.021913805697585314,-0.5901286563843663,0.0036132812500000015,-1,2347,-0.6837353148002916,-0.9994709799954514,0.06011057519272296,23.208046366283735,20.0,0.0,0.2727931097101266,1.7179727020810263,2.0,-0.9896846859160776,0.009786294079373814,2.0,1.0,2.0,0.0,409.0,125.0,0,0,2.0,2.0,187.5,5531.25,0.0,0.0,4820.0,711.25,187.5,187.5
2348,2019-06-25,00:31:19,155.53125,155.53125,155.5,155.53125,286,44476.5,155.51223776223776,0.0,0.0,155.46016561205164,155.3074554734503,0.15271013860134985,0.9999999999999998,0.00361328125,-0.021913805697585314,-0.5901286563843663,0.0036132812500000015,0,2348,-0.5985106735397676,-0.9896846859160776,0.06011057519272296,25.40487062579915,20.0,0.0,0.2727931097101266,1.7179727020810263,2.0,-0.8631183399837697,0.12656634593230787,2.0,1.0,2.0,0.0,409.0,125.0,0,0,2.0,2.0,0.0,5531.25,0.0,0.0,4820.0,711.25,0.0,187.5
2349,2019-06-25,00:54:36,155.53125,155.625,155.53125,155.5625,285,44335.90625,155.56458333333333,0.03125,0.0002009040689827657,155.4829065871513,155.31530299734416,0.16760358980712908,1.0000000000000004,0.00361328125,-0.021913805697588867,0.5901286563843656,0.0036132812499999984,-1,2349,-0.2532266946602592,-0.8631183399837697,0.06011057519272294,27.882546335610407,20.0,0.0,0.2727931097101266,1.7179727020810263,2.0,-0.6477112928287584,0.21540704715501136,2.0,1.0,2.0,0.0,409.0,156.25,0,0,2.0,2.0,62.5,5593.75,0.0,0.0,4820.0,773.75,62.5,62.5
2350,2019-06-25,01:16:55,155.5625,155.5625,155.5,155.5,286,44483.28125,155.5359484265734,-0.0625,-0.00040184850852220677,155.4867051233399,155.32098598204126,0.16571914129863785,1.0000000000000004,0.00361328125,-0.021913805697588867,0.5901286563843656,0.0036132812499999984,0,2350,0.08073361879471315,-0.6477112928287584,0.06011057519272294,27.569049334051293,20.0,0.0,0.2727931097101266,1.7179727020810263,2.0,-0.6832590449124616,-0.0355477520837032,2.0,1.0,2.0,0.0,409.0,93.75,0,0,2.0,2.0,-125.0,5468.75,0.0,0.0,4820.0,648.75,-125.0,62.5
2351,2019-06-25,02:15:37,155.5,155.53125,155.46875,155.46875,285,44316.96875,155.49813596491228,-0.03125,-0.000200984826322248,155.48271509593107,155.32553256720925,0.15718252872181893,1.0000000000000002,0.0037109375,-0.8171745152354575,0.08099829095409096,0.0037109374999999994,0,2351,0.03317533901213902,-0.6832590449124616,0.06091746465505602,25.802539487134272,20.0,0.0,0.2727931097101266,1.7179727020810263,2.0,-0.6215374988589143,0.061721546053547294,2.0,1.0,2.0,0.0,409.0,62.5,0,0,2.0,2.0,-62.5,5406.25,0.0,0.0,4820.0,586.25,-62.5,-62.5
2352,2019-06-25,02:58:46,155.5,155.5625,155.46875,155.5625,286,44472.625,155.4986888111888,0.09375,0.0006028333348444548,155.50044507461305,155.3328238728336,0.16762120177946827,0.9999999999999998,0.005078125,-2.507396449704141,-0.2276977550124023,0.005078125000000001,-1,2352,0.11444305004332084,-0.6215374988589143,0.07126096406869613,23.522163076250287,20.0,0.0,0.2727931097101266,1.7179727020810263,2.0,-0.6353942356858978,-0.013856736826983518,2.0,1.0,2.0,0.0,409.0,156.25,0,0,2.0,2.0,187.5,5593.75,0.0,0.0,4820.0,773.75,187.5,187.5
2353,2019-06-25,03:51:40,155.5625,155.625,155.53125,155.59375,286,44497.65625,155.58621066433565,0.03125,0.00020086371464511643,155.52117950247683,155.3408523690541,0.1803271334227361,0.9999999999999978,0.002734374999999999,0.5357142857142977,-1.0885117692152522,0.002734375000000005,-1,2353,0.09672773331475126,-0.6353942356858978,0.05229125165837977,34.485143824978294,20.0,0.0,0.2727931097101266,1.7179727020810263,2.0,-0.5729848770055502,0.06240935868034758,2.0,1.0,2.0,0.0,409.0,187.5,0,0,2.0,2.0,62.5,5656.25,0.0,0.0,4820.0,836.25,62.5,187.5
2354,2019-06-25,04:11:05,155.59375,155.6875,155.59375,155.6875,285,44359.15625,155.64616228070176,0.09375,0.0006023491799433955,155.55813961303755,155.35151845000627,0.20662116303128641,0.9999999999999895,0.0007812500000000007,0.31250000000010186,-1.2577882373436389,0.0007812500000000089,-1,2354,0.17435914206394287,-0.5729848770055502,0.02795084971874753,73.92303458048325,20.0,0.0,0.2727931097101266,1.7179727020810263,2.0,-0.5076148123036657,0.06537006470188456,2.0,1.0,2.0,0.0,409.0,281.25,0,0,2.0,2.0,187.5,5843.75,0.0,0.0,4820.0,1023.75,187.5,187.5
2355,2019-06-25,04:12:25,155.6875,155.78125,155.6875,155.75,285,44384.125,155.73377192982457,0.0625,0.00040136464516304926,155.60077525458476,155.36377942077533,0.23699583380943068,0.9999999999999927,0.0009765624999999998,-3.00000000000006,3.70074341541719e-15,0.0009765625000000072,-1,2355,0.2502941004687095,-0.5076148123036657,0.03125000000000011,75.83866681901755,20.0,0.0,0.2727931097101266,1.7179727020810263,2.0,-0.44215055005382997,0.0654642622498357,2.0,1.0,2.0,0.0,409.0,343.75,0,0,2.0,2.0,125.0,5968.75,0.0,0.0,4820.0,1148.75,125.0,187.5
2356,2019-06-25,04:24:05,155.75,155.84375,155.75,155.84375,285,44400.25,155.790350877193,0.09375,0.0006017450788338152,155.65476964245482,155.37854774628994,0.27622189616488413,0.9999999999999927,0.0009765624999999998,-3.00000000000006,3.70074341541719e-15,0.0009765625000000072,-1,2356,0.3215853061694954,-0.44215055005382997,0.03125000000000011,88.39100677276261,20.0,0.0,0.2727931097101266,1.7179727020810263,2.0,-0.389532068838125,0.05261848121570495,2.0,1.0,2.0,0.0,409.0,437.5,0,0,2.0,2.0,187.5,6156.25,0.0,0.0,4820.0,1336.25,187.5,187.5
2357,2019-06-25,04:36:43,155.84375,155.90625,155.78125,155.875,285,44409.90625,155.82423245614035,0.03125,0.00020050125380421946,155.70370972190932,155.39382320025027,0.3098865216590525,0.9999999999999901,0.0006835937499999995,-0.612244897959202,0.5122408325718871,0.0006835937500000062,-1,2357,0.37581370185057683,-0.389532068838125,0.02614562582918998,118.52327562688643,20.0,0.0,0.2727931097101266,1.7179727020810263,2.0,-0.36210518363903177,0.027426885199093254,2.0,1.0,2.0,0.0,409.0,468.75,0,0,2.0,2.0,62.5,6218.75,0.0,0.0,4820.0,1398.75,62.5,187.5
2358,2019-06-25,04:42:02,155.875,155.9375,155.875,155.90625,285,44434.09375,155.90910087719297,0.03125,0.0002004610611106017,155.74871867259614,155.40959017870412,0.3391284938920194,1.0,0.00712890625,3.372114843310191,-1.703550401550653,0.007128906250000001,-1,2358,0.4030735332243217,-0.36210518363903177,0.08443285053816435,40.16546779250696,20.0,0.0,0.2727931097101266,1.7179727020810263,2.0,-0.3702899155523366,-0.008184731913304821,2.0,1.0,2.0,0.0,409.0,500.0,0,0,2.0,2.0,62.5,6281.25,0.0,0.0,4820.0,1461.25,62.5,62.5
2359,2019-06-25,04:59:17,155.90625,155.96875,155.84375,155.96875,285,44435.25,155.91315789473686,0.0625,0.0004008016085714772,155.79761452313033,155.42679509628246,0.3708194268478735,1.0000000000000004,0.00849609375,-3.1747919143876326,-0.5182899194342977,0.008496093749999996,-1,2359,0.39500846121645294,-0.3702899155523366,0.09217425752345389,40.230259164660794,20.0,0.0,0.2727931097101266,1.7179727020810263,2.0,-0.4325971448577218,-0.06230722930538524,2.0,1.0,2.0,0.0,409.0,562.5,0,0,2.0,2.0,125.0,6406.25,0.0,0.0,4820.0,1586.25,125.0,125.0
2360,2019-06-25,05:14:53,155.96875,156.0,155.84375,155.84375,285,44434.5625,155.91074561403508,-0.125,-0.0008017639234862983,155.8078668513236,155.43962447793533,0.36824237338828425,1.0000000000000009,0.00751953125,-2.703659976387248,-0.009360389222811008,0.007519531249999994,0,2360,0.3316261389081631,-0.4325971448577218,0.08671523078444751,42.46570874079124,20.0,0.0,0.2727931097101266,1.7179727020810263,2.0,-0.545200760601434,-0.11260361574371214,2.0,1.0,2.0,0.0,409.0,437.5,0,0,2.0,2.0,-250.0,6156.25,0.0,0.0,4820.0,1336.25,-250.0,125.0
2361,2019-06-25,05:58:22,155.84375,155.84375,155.71875,155.71875,285,44397.125,155.77938596491228,-0.125,-0.0008024072647181413,155.78806310658504,155.44821295553734,0.339850151047699,1.000000000000001,0.006054687499999999,0.31737773152965687,0.9198156830980229,0.006054687499999992,0,2361,0.20725635697032266,-0.545200760601434,0.07781187248742953,43.67587364031134,20.0,0.0,0.2727931097101266,1.7179727020810263,2.0,-0.6384711940867556,-0.0932704334853216,2.0,1.0,2.0,0.0,409.0,312.5,0,0,2.0,2.0,-250.0,5906.25,0.0,0.0,4820.0,1086.25,-250.0,-250.0
2362,2019-06-25,06:09:00,155.71875,155.71875,155.625,155.6875,285,44361.8125,155.65548245614036,-0.03125,-0.0002007024592787232,155.76571574956617,155.45557563382852,0.3101401157376529,1.0000000000000018,0.00439453125,-0.9629629629629619,0.5237828008789239,0.004394531249999991,0,2362,0.09275439679545408,-0.6384711940867556,0.06629126073623877,46.784464843962716,20.0,0.0,0.2727931097101266,1.7179727020810263,2.0,-0.7611847601522583,-0.12271356606550277,2.0,1.0,2.0,0.0,409.0,281.25,0,0,2.0,2.0,-62.5,5843.75,0.0,0.0,4820.0,1023.75,-62.5,-62.5
2363,2019-06-25,06:18:25,155.6875,155.6875,155.53125,155.625,286,44506.375,155.6166958041958,-0.0625,-0.0004015258034275604,155.7344455829959,155.4607886912492,0.27365689174669683,1.0000000000000022,0.00322265625,1.0743801652892628,0.2669003066972998,0.003222656249999993,0,2363,-0.07965534678031204,-0.7611847601522583,0.056768444139327905,48.20581150243528,20.0,0.0,0.2727931097101266,1.7179727020810263,2.0,-0.8962441565123104,-0.13505939636005204,2.0,1.0,2.0,0.0,409.0,218.75,0,0,2.0,2.0,-125.0,5718.75,0.0,0.0,4820.0,898.75,-125.0,-62.5
2364,2019-06-25,06:39:11,155.625,155.6875,155.625,155.65625,285,44361.59375,155.6547149122807,0.03125,0.0002007830545851519,155.7170687867746,155.46680288536461,0.25026590140998906,0.9999999999999998,0.004589843749999999,-0.7378904481665908,0.912717046241344,0.004589843749999999,-1,2364,-0.32009528889107663,-0.8962441565123104,0.06774838558962125,36.940496696991204,20.0,0.0,0.2727931097101266,1.7179727020810263,2.0,-0.9724749155795606,-0.07623075906725019,2.0,1.0,2.0,0.0,409.0,250.0,0,0,2.0,2.0,62.5,5781.25,0.0,0.0,4820.0,961.25,62.5,62.5
2365,2019-06-25,06:59:55,155.65625,155.65625,155.59375,155.59375,286,44511.90625,155.63603583916083,-0.0625,-0.00040160643110098704,155.68966461193583,155.47070895043035,0.21895566150547552,0.9999999999999998,0.004589843749999999,-0.7378904481665908,0.912717046241344,0.004589843749999999,0,2365,-0.5228823579995596,-0.9724749155795606,0.06774838558962125,32.318948946145596,20.0,0.0,0.2727931097101266,1.7179727020810263,2.0,-0.998871331642706,-0.026396416063145467,2.0,1.0,2.0,0.0,409.0,187.5,0,0,2.0,2.0,-125.0,5656.25,0.0,0.0,4820.0,836.25,-125.0,62.5
2366,2019-06-25,07:08:08,155.59375,155.6875,155.59375,155.6875,285,44359.3125,155.6467105263158,0.09375,0.0006023491799433955,155.68918358706122,155.47737944426328,0.2118041427979449,0.9999999999999991,0.005078125,-2.507396449704141,-0.2276977550124023,0.0050781250000000045,-1,2366,-0.7398948710085249,-0.998871331642706,0.07126096406869616,29.722323514142186,20.0,0.0,0.2727931097101266,1.7179727020810263,2.0,-0.9573564572961792,0.04151487434652679,2.0,1.0,2.0,0.0,409.0,281.25,0,0,2.0,2.0,187.5,5843.75,0.0,0.0,4820.0,1023.75,187.5,187.5
2367,2019-06-25,07:19:59,155.6875,155.6875,155.625,155.65625,285,44363.3125,155.66074561403508,-0.03125,-0.0002007427488424085,155.68186501215874,155.48288315367057,0.19898185848816752,0.9999999999999991,0.005175781249999999,-2.7162691349234627,0.19669686464742817,0.005175781250000003,0,2367,-0.8812430049145737,-0.9573564572961792,0.07194290270763339,27.658302765014078,20.0,0.0,0.2727931097101266,1.7179727020810263,2.0,-0.8526559285261299,0.10470052877004932,2.0,1.0,2.0,0.0,409.0,250.0,0,0,2.0,2.0,-62.5,5781.25,0.0,0.0,4820.0,961.25,-62.5,187.5
2368,2019-06-25,07:24:06,155.65625,155.78125,155.65625,155.75,285,44384.5625,155.73530701754385,0.09375,0.0006021073940054578,155.69700612056792,155.49110213355763,0.2059039870102879,0.9999999999999994,0.006640624999999999,-1.8122837370242202,-0.16354400497480706,0.006640625000000002,-1,2368,-0.9723628765606749,-0.8526559285261299,0.08149003006503312,25.267383856155927,20.0,0.0,0.2727931097101266,1.7179727020810263,2.0,-0.6713145423347476,0.1813413861913823,-2.0,1.0,2.0,0.0,409.0,343.75,0,0,-2.0,2.0,187.5,5968.75,0.0,4.0,4830.0,1138.75,177.5,177.5
2369,2019-06-25,07:30:27,155.75,155.78125,155.65625,155.75,286,44537.53125,155.72563374125875,0.0,0.0,155.7087825382195,155.49906822175586,0.20971431646364636,0.9999999999999998,0.004589843749999999,1.4350384789497521,0.42200895686427736,0.004589843749999999,0,2369,-0.9987792186805962,-0.6713145423347476,0.06774838558962125,30.954880273305534,20.0,0.0,0.2727931097101266,1.7179727020810263,2.0,-0.39821679877840427,0.27309774355634336,-2.0,-1.0,-2.0,1.0,410.0,0.0,0,0,-2.0,-2.0,-0.0,5968.75,0.0,0.0,4830.0,1138.75,-0.0,177.5
2370,2019-06-25,07:48:55,155.75,155.78125,155.625,155.65625,285,44374.46875,155.69989035087718,-0.09375,-0.0006021073940054578,155.6971086408374,155.5039045841634,0.19320405667400564,1.0000000000000007,0.00751953125,-0.8821049080789342,0.24337011979308618,0.007519531249999997,0,2370,-0.930204717438815,-0.39821679877840427,0.08671523078444753,22.28029089310306,20.0,0.0,0.2727931097101266,1.7179727020810263,2.0,0.2910230542940583,0.6892398530724626,-2.0,-1.0,-2.0,0.0,410.0,-93.75,0,0,-2.0,-2.0,187.5,6156.25,0.0,0.0,4830.0,1326.25,187.5,187.5
2371,2019-06-25,08:09:09,155.65625,155.6875,155.59375,155.65625,285,44359.875,155.6486842105263,0.0,0.0,155.68802894287356,155.50859213541992,0.17943680745364077,1.0000000000000022,0.0041015624999999984,-3.163265306122453,0.44147860442909737,0.004101562499999991,0,2371,-0.470716024630834,0.2910230542940583,0.06404344228724741,28.017982957385623,20.0,0.0,0.2727931097101266,1.7179727020810263,2.0,0.6407444173611114,0.34972136306705315,-2.0,-1.0,-2.0,0.0,410.0,-93.75,0,0,-2.0,-2.0,-0.0,6156.25,0.0,0.0,4830.0,1326.25,-0.0,187.5
2372,2019-06-25,08:32:05,155.65625,155.65625,155.5,155.53125,286,44503.03125,155.60500437062936,-0.125,-0.0008033742147288692,155.65318917779058,155.50928930048394,0.14389987730663734,1.0000000000000016,0.00537109375,-2.62809917355372,0.5814564991516649,0.005371093749999991,0,2372,-0.08980951542260447,0.6407444173611114,0.07328774624724103,19.634916432166115,19.634916432166115,0.0,0.2727931097101266,1.6780801430873455,2.0,0.9279601965903416,0.28721577922923014,-2.0,-1.0,-2.0,0.0,410.0,-218.75,0,0,-2.0,-2.0,250.0,6406.25,0.0,0.0,4830.0,1576.25,250.0,250.0
2373,2019-06-25,08:39:34,155.53125,155.53125,155.375,155.40625,285,44308.96875,155.4700657894737,-0.125,-0.0008040201438159755,155.59831380494822,155.50611886046906,0.09219494447916077,1.0000000000000007,0.006542968749999999,-3.2145243929605694,-0.5016571985664501,0.006542968749999995,0,2373,0.3926428752086507,0.9279601965903416,0.08088861940965487,11.397764624000539,11.397764624000539,0.0,0.2727931097101266,0.7780093280769473,1.0,0.9395905899705222,0.011630393380180681,-2.0,-1.0,-2.0,0.0,410.0,-343.75,0,0,-2.0,-2.0,250.0,6656.25,-1.0,0.0,4830.0,1826.25,250.0,250.0
2374,2019-06-25,08:51:25,155.375,155.4375,155.3125,155.4375,286,44435.4375,155.3686625874126,0.03125,0.00020106564861155363,155.56257740384862,155.50400751091618,0.058569892932439416,1.0000000000000007,0.006542968749999999,-3.2145243929605694,-0.5016571985664501,0.006542968749999995,-1,2374,0.42234798560042736,0.9395905899705222,0.08088861940965487,7.2408075894850175,7.2408075894850175,0.0,0.2727931097101266,0.32378002732391903,1.0,0.9007538358849501,-0.03883675408557219,1.0,-1.0,-2.0,0.0,410.0,-312.5,0,0,1.0,-2.0,-62.5,6593.75,0.0,3.0,4837.5,1756.25,-70.0,250.0
2375,2019-06-25,09:01:28,155.4375,155.5,155.40625,155.46875,286,44459.875,155.4541083916084,0.03125,0.00020102522934273281,155.54172686966007,155.50292266442648,0.03880420523358907,1.0000000000000007,0.008105468749999999,-2.849470169835971,-0.5896604154493249,0.008105468749999994,-1,2375,0.3298114749755511,0.9007538358849501,0.09003037681804955,4.310123605503947,4.310123605503947,0.0,0.2727931097101266,0.0035451714621076436,0.0,0.601606107089289,-0.2991477287956611,1.0,-1.0,1.0,1.0,411.0,31.25,0,0,1.0,1.0,31.25,6625.0,-1.0,0.0,4837.5,1787.5,31.25,31.25
2376,2019-06-25,09:28:48,155.46875,155.5,155.4375,155.46875,286,44459.53125,155.45290646853147,0.0,0.0,155.52550978751339,155.50187119782876,0.023638589684622957,1.0,0.0087890625,2.925925925925924,-1.4814814814814816,0.0087890625,0,2376,-0.1394321161359628,0.601606107089289,0.09375,2.521449566359782,2.521449566359782,0.0,0.2727931097101266,-0.19190264080286545,0.0,0.39178578771992545,-0.20982031936936352,0.0,-1.0,1.0,0.0,411.0,31.25,0,0,0.0,1.0,0.0,6625.0,0.0,1.0,4840.0,1785.0,-2.5,31.25
2377,2019-06-25,09:42:27,155.46875,155.46875,155.28125,155.3125,286,44449.5625,155.4180506993007,-0.15625,-0.001005530502018459,155.4781742791771,155.49604439174175,-0.017870112564651208,0.9999999999999998,0.01611328125,0.8980716253443551,-0.5222063253668661,0.016113281250000003,0,2377,-0.37354377734305044,0.39178578771992545,0.1269381000724369,-1.407781631712912,0.0,-1.407781631712912,0.11036676717799354,-0.4674205891246751,-0.0,0.38858677143511633,-0.0031990162848091197,0.0,-1.0,0.0,0.0,411.0,-125.0,0,0,0.0,0.0,-0.0,6625.0,-0.0,0.0,4840.0,1785.0,-0.0,-0.0
2378,2019-06-25,10:03:08,155.3125,155.40625,155.28125,155.40625,285,44274.84375,155.3503289473684,0.09375,0.0006034396240641726,155.46219110602667,155.49328148738047,-0.03109038135380615,0.9999999999999998,0.01611328125,0.8980716253443551,-0.5222063253668661,0.016113281250000003,-1,2378,-0.3767644272048465,0.38858677143511633,0.1269381000724369,-2.449255293411868,0.0,-2.449255293411868,-0.009795873037365344,-0.4674205891246751,-0.0,0.524841699716694,0.1362549282815777,0.0,-1.0,0.0,0.0,411.0,-31.25,0,0,0.0,0.0,0.0,6625.0,0.0,0.0,4840.0,1785.0,0.0,0.0
2379,2019-06-25,10:22:38,155.40625,155.59375,155.40625,155.59375,286,44471.78125,155.49573863636363,0.1875,0.0012057879274438577,155.49142641579851,155.49637282623033,-0.0049464104318133195,0.9999999999999998,0.016796875,0.014196863169281926,-0.29018681450370737,0.016796875000000003,-1,2379,-0.23077006348619764,0.524841699716694,0.12960275845829827,-0.3816593482001315,0.0,-0.3816593482001315,0.22875820356781718,-0.4674205891246751,-0.0,0.7283105226496908,0.20346882293299673,0.0,-1.0,0.0,0.0,411.0,156.25,0,0,0.0,0.0,0.0,6625.0,0.0,0.0,4840.0,1785.0,0.0,0.0
2380,2019-06-25,10:39:50,155.59375,155.65625,155.5625,155.625,286,44503.21875,155.60565996503496,0.03125,0.00020082337651583515,155.52110943450995,155.50033058542326,0.020778849086696027,0.9999999999999989,0.0068359375,0.6734693877551029,0.8099238707340588,0.006835937500000007,-1,2380,0.030450337804102414,0.7283105226496908,0.0826797284707685,2.513173358333223,2.513173358333223,0.0,0.2727931097101266,-0.1928069792777587,0.0,0.9552900778551716,0.22697955520548085,0.0,-1.0,0.0,0.0,411.0,187.5,0,0,0.0,0.0,0.0,6625.0,0.0,0.0,4840.0,1785.0,0.0,0.0
2381,2019-06-25,10:55:26,155.625,155.625,155.5625,155.59375,285,44343.90625,155.59265350877192,-0.03125,-0.00020082337651583515,155.53725178239662,155.5032050289487,0.034046753447910305,1.0,0.008007812500000001,2.7394408090422337,1.5842443294285553,0.008007812500000003,0,2381,0.46642168865665984,0.9552900778551716,0.08948638164547722,3.804685452898864,3.804685452898864,0.0,0.2727931097101266,-0.05168388592901996,0.0,0.9974374955566926,0.04214741770152097,-0.0,-1.0,0.0,0.0,411.0,156.25,0,0,-0.0,0.0,-0.0,6625.0,0.0,0.0,4840.0,1785.0,-0.0,-0.0
2382,2019-06-25,11:07:38,155.59375,155.65625,155.53125,155.625,285,44341.3125,155.58355263157895,0.03125,0.00020082337651583515,155.5567513863085,155.50695256651954,0.04979881978894696,0.9999999999999999,0.0017578124999999998,-2.407407407407407,-0.1656346649999846,0.0017578124999999998,-1,2382,0.7558835629864948,0.9974374955566926,0.04192627457812106,11.877711599717028,11.877711599717028,0.0,0.2727931097101266,0.8304529731202115,1.0,0.904024217038712,-0.09341327851798054,0.0,-1.0,-0.0,0.0,411.0,187.5,0,0,0.0,-0.0,-0.0,6625.0,1.0,0.0,4840.0,1785.0,-0.0,-0.0
2383,2019-06-25,11:17:37,155.625,155.625,155.53125,155.59375,286,44493.90625,155.5730987762238,-0.03125,-0.00020082337651583515,155.56497330046219,155.50962325678051,0.05535004368167051,1.0000000000000009,0.0037109375,-0.8171745152354575,-0.08099829095409096,0.0037109374999999964,0,2383,0.9415165415440279,0.904024217038712,0.06091746465505599,9.086071456697862,9.086071456697862,0.0,0.2727931097101266,0.525411391119481,1.0,0.6839184491497472,-0.22010576788896485,-1.0,-1.0,0.0,0.0,411.0,156.25,0,0,-1.0,0.0,-0.0,6625.0,0.0,1.0,4842.5,1782.5,-2.5,-0.0
2384,2019-06-25,11:33:01,155.59375,155.65625,155.59375,155.65625,285,44353.34375,155.62576754385964,0.0625,0.00040160643110098704,155.58525701147062,155.5141348488796,0.07112216259102411,1.0000000000000009,0.00361328125,-0.021913805697588867,-0.5901286563843656,0.003613281249999997,-1,2384,0.999479111559344,0.6839184491497472,0.06011057519272293,11.83188854257283,11.83188854257283,0.0,0.2727931097101266,0.8254459030369382,1.0,0.3473566376026404,-0.3365618115471068,1.0,1.0,-1.0,1.0,412.0,62.5,0,0,1.0,-1.0,-62.5,6562.5,0.0,2.0,4847.5,1715.0,-67.5,-2.5
2385,2019-06-25,11:56:21,155.65625,155.6875,155.5625,155.5625,286,44512.5,155.6381118881119,-0.09375,-0.0006024701457461035,155.5801998978105,155.5156230073756,0.06457689043489268,1.0000000000000013,0.00439453125,-0.9629629629629642,0.5237828008789239,0.004394531249999993,0,2385,0.9086956676951745,0.3473566376026404,0.06629126073623878,9.74138818868338,9.74138818868338,0.0,0.2727931097101266,0.5970176306042808,1.0,-0.09082203831770022,-0.43817867592034065,1.0,1.0,1.0,1.0,413.0,-93.75,0,0,1.0,1.0,-93.75,6468.75,0.0,0.0,4847.5,1621.25,-93.75,-67.5
2386,2019-06-25,12:05:54,155.5625,155.59375,155.5,155.5625,285,44332.46875,155.55252192982456,0.0,0.0,155.57626658718596,155.51706537637943,0.05920121080652052,1.0000000000000007,0.005175781249999999,-2.7162691349234627,-0.19669686464742817,0.005175781249999995,0,2386,0.6399635275516907,-0.09082203831770022,0.07194290270763333,8.228916067941629,8.228916067941629,0.0,0.2727931097101266,0.4317503093140467,1.0,-0.5862757779932447,-0.4954537396755445,1.0,1.0,1.0,0.0,413.0,-93.75,0,0,1.0,1.0,0.0,6468.75,0.0,0.0,4847.5,1621.25,0.0,0.0
2387,2019-06-25,12:15:03,155.5625,155.5625,155.46875,155.46875,286,44484.0625,155.53868006993008,-0.09375,-0.0006028333348444548,155.55237401225574,155.51557874941395,0.036795262841792464,1.0000000000000002,0.0107421875,0.14049586776859257,0.8223036670302645,0.010742187499999997,0,2387,0.15827578732431727,-0.5862757779932447,0.10364452469860623,3.550140535526743,3.550140535526743,0.0,0.2727931097101266,-0.07949792366579711,0.0,-0.9142234059687081,-0.3279476279754634,1.0,1.0,1.0,0.0,413.0,-187.5,0,0,1.0,1.0,-93.75,6375.0,-1.0,0.0,4847.5,1527.5,-93.75,0.0
2388,2019-06-25,12:20:59,155.46875,155.53125,155.46875,155.5,286,44469.71875,155.4885270979021,0.03125,0.000200984826322248,155.5407353428656,155.51509940327816,0.025635939587431267,1.0,0.00830078125,0.8927335640138416,0.0,0.008300781250000002,-1,2388,-0.3599264647232204,-0.9142234059687081,0.09110862335695782,2.813777515547708,2.813777515547708,0.0,0.2727931097101266,-0.1599600638535048,0.0,-0.9970962795238174,-0.0828728735551093,0.0,1.0,1.0,0.0,413.0,-156.25,0,0,0.0,1.0,31.25,6406.25,0.0,1.0,4850.0,1556.25,28.75,28.75
2389,2019-06-25,12:26:06,155.5,155.65625,155.5,155.65625,285,44339.875,155.57850877192982,0.15625,0.0010043186542683102,155.56640526667326,155.51944249856192,0.04696276811134226,1.0,0.00830078125,0.8927335640138416,0.0,0.008300781250000002,-1,2389,-0.6512064918040678,-0.9970962795238174,0.09110862335695782,5.154590902701395,5.154590902701395,0.0,0.2727931097101266,0.09581982975900333,0.0,-0.9909804125826337,0.006115866941183712,0.0,1.0,0.0,0.0,413.0,0.0,0,0,0.0,0.0,0.0,6406.25,0.0,0.0,4850.0,1556.25,0.0,28.75
2390,2019-06-25,12:27:51,155.65625,155.71875,155.65625,155.71875,285,44369.59375,155.6827850877193,0.0625,0.0004014452081211317,155.600259651857,155.52557503706774,0.07468461478924837,0.9999999999999983,0.00361328125,2.6077428780131497,1.5174736878455117,0.0036132812500000062,-1,2390,-0.7954860852649527,-0.9909804125826337,0.060110575192723004,12.4245383694631,12.4245383694631,0.0,0.2727931097101266,0.890204550822949,1.0,-0.9690897946557225,0.02189061792691116,0.0,1.0,0.0,0.0,413.0,62.5,0,0,0.0,0.0,0.0,6406.25,1.0,0.0,4850.0,1556.25,0.0,0.0
2391,2019-06-25,12:32:02,155.71875,155.78125,155.6875,155.71875,286,44539.0625,155.73098776223776,0.0,0.0,155.62659084033322,155.53151888208106,0.09507195825216286,1.0,0.00830078125,0.8927335640138416,0.0,0.008300781250000002,0,2391,-0.8596990552227796,-0.9690897946557225,0.09110862335695782,10.4350120492631,10.4350120492631,0.0,0.2727931097101266,0.6728096771808367,1.0,-0.983791941926147,-0.014702147270424515,1.0,1.0,0.0,0.0,413.0,62.5,0,0,1.0,0.0,0.0,6406.25,0.0,1.0,4852.5,1553.75,-2.5,0.0
2392,2019-06-25,12:37:17,155.71875,155.75,155.6875,155.75,285,44381.21875,155.7235745614035,0.03125,0.00020066218588432605,155.65401509803698,155.53824137801703,0.1157737200199449,1.0000000000000007,0.00361328125,2.6077428780131497,-1.517473687845512,0.0036132812499999976,-1,2392,-0.8224399102899121,-0.983791941926147,0.060110575192722934,19.260125135844753,19.260125135844753,0.0,0.2727931097101266,1.6371268238581957,2.0,-0.8023791239473187,0.18141281797882836,1.0,1.0,1.0,1.0,414.0,31.25,0,0,1.0,1.0,31.25,6437.5,1.0,0.0,4852.5,1585.0,31.25,31.25
2393,2019-06-25,12:41:53,155.75,155.75,155.625,155.65625,285,44370.46875,155.6858552631579,-0.09375,-0.0006021073940054578,155.65451174291766,155.5418724125396,0.11263933037807305,1.0000000000000018,0.00263671875,3.251028806584363,-1.7355817665801556,0.0026367187499999954,0,2393,-0.14535602461382952,-0.8023791239473187,0.05134898976610928,21.93603630590136,20.0,0.0,0.2727931097101266,1.7179727020810263,2.0,0.0229780517410211,0.8253571756883398,2.0,1.0,1.0,0.0,414.0,-62.5,0,0,2.0,1.0,-93.75,6343.75,0.0,1.0,4855.0,1488.75,-96.25,31.25
2394,2019-06-25,12:50:39,155.65625,155.6875,155.59375,155.6875,285,44362.0625,155.6563596491228,0.03125,0.0002007427488424085,155.66184246671375,155.54635326138452,0.1154892053292258,1.0000000000000018,0.00263671875,3.251028806584363,-1.7355817665801556,0.0026367187499999954,-1,2394,0.7231680197847713,0.0229780517410211,0.05134898976610928,22.491037478102353,20.0,0.0,0.2727931097101266,1.7179727020810263,2.0,-0.2033448390359235,-0.22632289077694462,2.0,1.0,2.0,0.0,414.0,-31.25,0,0,2.0,2.0,62.5,6406.25,0.0,0.0,4855.0,1551.25,62.5,62.5
2395,2019-06-25,13:01:10,155.6875,155.71875,155.65625,155.6875,286,44523.90625,155.67799388111888,0.0,0.0,155.66754414077738,155.55069623795734,0.11684790282004087,1.000000000000001,0.00341796875,2.000000000000002,-1.1454053224818188,0.0034179687499999965,0,2395,0.54854681423556,-0.2033448390359235,0.058463396668342806,19.986505998429706,19.986505998429706,0.0,0.2727931097101266,1.7164982170558643,2.0,-0.4640595640338214,-0.26071472499789794,2.0,1.0,2.0,0.0,414.0,-31.25,0,0,2.0,2.0,0.0,6406.25,0.0,0.0,4855.0,1551.25,0.0,62.5
2396,2019-06-25,13:16:26,155.6875,155.75,155.65625,155.6875,285,44376.78125,155.7080043859649,0.0,0.0,155.6719787761602,155.55490558448173,0.11707319167845753,0.9999999999999984,0.0016601562499999997,-1.4878892733564086,0.5413870509510866,0.0016601562500000023,0,2396,0.2982183484491484,-0.4640595640338214,0.04074501503251658,28.73313252799814,20.0,0.0,0.2727931097101266,1.7179727020810263,2.0,-0.6822815609031919,-0.2182219968693705,2.0,1.0,2.0,0.0,414.0,-31.25,0,0,2.0,2.0,0.0,6406.25,0.0,0.0,4855.0,1551.25,0.0,0.0
2397,2019-06-25,13:30:32,155.6875,155.75,155.6875,155.75,285,44379.1875,155.71644736842106,0.0625,0.00040136464516304926,155.68931682590238,155.56090848957462,0.12840833632776594,0.9999999999999984,0.0016601562499999997,-1.4878892733564086,0.5413870509510866,0.0016601562500000023,-1,2397,0.034512431791573525,-0.6822815609031919,0.04074501503251658,31.515103436650985,20.0,0.0,0.2727931097101266,1.7179727020810263,2.0,-0.7988073469434793,-0.1165257860402874,2.0,1.0,2.0,0.0,414.0,31.25,0,0,2.0,2.0,125.0,6531.25,0.0,0.0,4855.0,1676.25,125.0,125.0
2398,2019-06-25,13:36:58,155.75,155.84375,155.71875,155.84375,285,44398.34375,155.78366228070175,0.09375,0.0006017450788338152,155.7236353090352,155.56961130528003,0.15402400375515413,0.9999999999999978,0.0012695312500000003,-0.17751479289942415,0.4047960089109369,0.0012695312500000033,-1,2398,-0.1394559011897148,-0.7988073469434793,0.035630482034348106,43.228156050954794,20.0,0.0,0.2727931097101266,1.7179727020810263,2.0,-0.8677553888402504,-0.06894804189677106,2.0,1.0,2.0,0.0,414.0,125.0,0,0,2.0,2.0,187.5,6718.75,0.0,0.0,4855.0,1863.75,187.5,187.5
2399,2019-06-25,13:40:04,155.84375,155.875,155.8125,155.875,285,44416.625,155.84780701754386,0.03125,0.00020050125380421946,155.7572719070274,155.5790078805022,0.17826402652519846,0.9999999999999992,0.0021484375,0.867768595041318,-0.5516180692881069,0.0021484375000000023,-1,2399,-0.2621696357835967,-0.8677553888402504,0.046351240544347916,38.4593862929384,20.0,0.0,0.2727931097101266,1.7179727020810263,2.0,-0.9086202083069244,-0.040864819466673974,2.0,1.0,2.0,0.0,414.0,156.25,0,0,2.0,2.0,62.5,6781.25,0.0,0.0,4855.0,1926.25,62.5,187.5
2400,2019-06-25,13:47:46,155.875,155.90625,155.84375,155.90625,285,44424.875,155.87675438596492,0.03125,0.0002004610611106017,155.7903781499102,155.58907686879442,0.20130128111577505,1.0000000000000007,0.0027343750000000003,-0.6122448979591854,0.5122408325718829,0.002734374999999999,-1,2400,-0.3471871618341847,-0.9086202083069244,0.05229125165837971,38.496168045638356,20.0,0.0,0.2727931097101266,1.7179727020810263,2.0,-0.7812868244038345,0.1273333839030899,2.0,1.0,2.0,0.0,414.0,187.5,0,0,2.0,2.0,62.5,6843.75,0.0,0.0,4855.0,1988.75,62.5,62.5
2401,2019-06-25,13:52:11,155.90625,155.9375,155.875,155.875,285,44436.125,155.91622807017544,-0.03125,-0.0002004610611106017,155.80918300548572,155.59787450360076,0.21130850188495742,1.0000000000000027,0.001171875,-3.3333333333333326,-0.6085806194501847,0.001171874999999997,0,2401,-0.11109683743351809,-0.7812868244038345,0.03423265984407284,61.72716430667427,20.0,0.0,0.2727931097101266,1.7179727020810263,2.0,-0.7821891029494408,-0.0009022785456063165,2.0,1.0,2.0,0.0,414.0,156.25,0,0,2.0,2.0,-62.5,6781.25,0.0,0.0,4855.0,1926.25,-62.5,62.5
2402,2019-06-25,13:57:25,155.875,155.875,155.8125,155.84375,285,44417.78125,155.85186403508771,-0.03125,-0.00020050125380421946,155.81686455982225,155.60543990349,0.21142465633224106,1.0000000000000009,0.0017578124999999998,-2.407407407407407,-0.1656346649999846,0.001757812499999998,0,2402,-0.11253463497038362,-0.7821891029494408,0.04192627457812104,50.42772305903174,20.0,0.0,0.2727931097101266,1.7179727020810263,2.0,-0.7011918057644,0.08099729718504078,2.0,1.0,2.0,0.0,414.0,125.0,0,0,2.0,2.0,-62.5,6718.75,0.0,0.0,4855.0,1863.75,-62.5,-62.5
2403,2019-06-25,14:00:48,155.84375,155.9375,155.8125,155.875,285,44425.125,155.87763157894736,0.03125,0.00020050125380421946,155.82978354652843,155.61373406030572,0.21604948622271536,1.0000000000000016,0.0016601562499999997,-1.4878892733564004,0.5413870509510851,0.0016601562499999971,-1,2403,0.00833034057409259,-0.7011918057644,0.04074501503251652,53.02476537321125,20.0,0.0,0.2727931097101266,1.7179727020810263,2.0,-0.742314202494872,-0.04112239673047202,2.0,1.0,2.0,0.0,414.0,156.25,0,0,2.0,2.0,62.5,6781.25,0.0,0.0,4855.0,1926.25,62.5,62.5
2404,2019-06-25,14:03:03,155.875,155.96875,155.84375,155.9375,285,44426.4375,155.88223684210527,0.0625,0.0004008819456373658,155.85372053618877,155.6236960892194,0.23002444696936664,1.0000000000000016,0.00126953125,-0.17751479289940755,0.4047960089109363,0.001269531249999998,-1,2404,-0.051097123974191895,-0.742314202494872,0.035630482034348036,64.55833147236724,20.0,0.0,0.2727931097101266,1.7179727020810263,2.0,-0.7675288926604856,-0.025214690165613618,2.0,1.0,2.0,0.0,414.0,218.75,0,0,2.0,2.0,125.0,6906.25,0.0,0.0,4855.0,2051.25,125.0,125.0
2405,2019-06-25,14:07:21,155.9375,155.9375,155.90625,155.9375,285,44435.125,155.9127192982456,0.0,0.0,155.8723381948135,155.63335159416653,0.23898660064696742,1.0000000000000016,0.00126953125,-0.17751479289940755,0.4047960089109363,0.001269531249999998,0,2405,-0.08945928991680277,-0.7675288926604856,0.035630482034348036,67.0736366733918,20.0,0.0,0.2727931097101266,1.7179727020810263,2.0,-0.752433118191538,0.01509577446894761,2.0,1.0,2.0,0.0,414.0,218.75,0,0,2.0,2.0,0.0,6906.25,0.0,0.0,4855.0,2051.25,0.0,125.0
2406,2019-06-25,14:10:01,155.9375,155.96875,155.9375,155.9375,285,44444.0625,155.9440789473684,0.0,0.0,155.88681859596608,155.64271000665372,0.24410858931236135,1.0000000000000027,0.00146484375,2.0000000000000013,1.3608276348795436,0.001464843749999996,0,2406,-0.0663014847677556,-0.752433118191538,0.038273277230987106,63.7804251355628,20.0,0.0,0.2727931097101266,1.7179727020810263,2.0,-0.7920219802111577,-0.03958886201961964,2.0,1.0,2.0,0.0,414.0,218.75,0,0,2.0,2.0,0.0,6906.25,0.0,0.0,4855.0,2051.25,0.0,0.0
2407,2019-06-25,14:16:14,155.9375,155.9375,155.875,155.90625,285,44433.59375,155.90734649122808,-0.03125,-0.0002004208845267641,155.8911366857514,155.65081892952594,0.24031775622546547,1.0000000000000109,0.0006835937499999997,-0.6122448979591795,-0.5122408325718838,0.0006835937499999922,0,2407,-0.12836067414375057,-0.7920219802111577,0.026145625829189712,91.9150904229525,20.0,0.0,0.2727931097101266,1.7179727020810263,2.0,-0.8416121251856085,-0.0495901449744508,2.0,1.0,2.0,0.0,414.0,187.5,0,0,2.0,2.0,-62.5,6843.75,0.0,0.0,4855.0,1988.75,-62.5,0.0
2408,2019-06-25,14:25:19,155.90625,155.96875,155.875,155.875,284,44277.15625,155.90547975352112,-0.03125,-0.0002004610611106017,155.88755075558444,155.65771680861747,0.229833946966977,1.000000000000018,0.0004882812499999999,1.9999999999999691,-2.6168207644729593e-15,0.0004882812499999911,0,2408,-0.21321369249215072,-0.8416121251856085,0.02209708691207941,104.01097116622095,20.0,0.0,0.2727931097101266,1.7179727020810263,2.0,-0.8923045688033374,-0.050692443617728955,2.0,1.0,2.0,0.0,414.0,156.25,0,0,2.0,2.0,-62.5,6781.25,0.0,0.0,4855.0,1926.25,-62.5,-62.5
2409,2019-06-25,14:29:53,155.875,155.875,155.8125,155.8125,285,44413.375,155.83640350877192,-0.0625,-0.0004010427164233832,155.87087280989903,155.66247936835234,0.20839344154668993,1.000000000000018,0.0004882812499999999,1.9999999999999691,-2.6168207644729593e-15,0.0004882812499999911,0,2409,-0.311742647037214,-0.8923045688033374,0.02209708691207941,94.30810603037963,20.0,0.0,0.2727931097101266,1.7179727020810263,2.0,-0.9425179647175183,-0.050213395914180836,2.0,1.0,2.0,0.0,414.0,93.75,0,0,2.0,2.0,-125.0,6656.25,0.0,0.0,4855.0,1801.25,-125.0,-62.5
2410,2019-06-25,14:33:47,155.8125,155.84375,155.75,155.78125,286,44561.28125,155.8086756993007,-0.03125,-0.00020058168756520445,155.85095662992146,155.66613384932614,0.18482278059531154,1.0000000000000013,0.00361328125,2.6077428780131497,1.517473687845512,0.003613281249999995,0,2410,-0.43017723691296733,-0.9425179647175183,0.06011057519272291,30.7471322646213,20.0,0.0,0.2727931097101266,1.7179727020810263,2.0,-0.9799362726152819,-0.03741830789776368,2.0,1.0,2.0,0.0,414.0,62.5,0,0,2.0,2.0,-62.5,6593.75,0.0,0.0,4855.0,1738.75,-62.5,-62.5
2411,2019-06-25,14:38:08,155.78125,155.84375,155.78125,155.78125,285,44404.125,155.80394736842106,0.0,0.0,155.8354662677167,155.6696758847315,0.16579038298519322,1.0000000000000009,0.00361328125,-0.021913805697588867,0.5901286563843656,0.0036132812499999967,0,2411,-0.5519853761289799,-0.9799362726152819,0.06011057519272293,27.580901106609947,20.0,0.0,0.2727931097101266,1.7179727020810263,2.0,-0.9999789469380862,-0.020042674322804266,2.0,1.0,2.0,0.0,414.0,62.5,0,0,2.0,2.0,0.0,6593.75,0.0,0.0,4855.0,1738.75,0.0,0.0
2412,2019-06-25,14:44:09,155.78125,155.875,155.78125,155.875,285,44416.53125,155.84747807017544,0.09375,0.0006016244039885876,155.84425154155744,155.67599354981672,0.16825799174071676,1.0000000000000002,0.0021484374999999997,0.8677685950413286,0.5516180692881066,0.0021484374999999993,-1,2412,-0.7025035570017113,-0.9999789469380862,0.04635124054434789,36.300644764778426,20.0,0.0,0.2727931097101266,1.7179727020810263,2.0,-0.9998009420536498,0.00017800488443642237,2.0,1.0,2.0,0.0,414.0,156.25,0,0,2.0,2.0,187.5,6781.25,0.0,0.0,4855.0,1926.25,187.5,187.5
2413,2019-06-25,14:48:39,155.875,155.90625,155.84375,155.90625,285,44428.0625,155.88793859649124,0.03125,0.0002004610611106017,155.85802897676692,155.68307836366853,0.17495061309838889,0.999999999999998,0.0017578124999999994,-2.407407407407393,0.1656346649999839,0.001757812500000003,-1,2413,-0.6928579384128798,-0.9998009420536498,0.04192627457812109,41.72815611661464,20.0,0.0,0.2727931097101266,1.7179727020810263,2.0,-0.9999657980887828,-0.00016485603513305414,2.0,1.0,2.0,0.0,414.0,187.5,0,0,2.0,2.0,62.5,6843.75,0.0,0.0,4855.0,1988.75,62.5,187.5
2414,2019-06-25,14:55:34,155.90625,155.96875,155.90625,155.9375,284,44283.875,155.92913732394365,0.03125,0.0002004208845267641,155.87568920415205,155.69090672170952,0.18478248244252882,0.9999999999999998,0.0041015625,0.9183673469387728,-1.022371504993701,0.004101562500000001,-1,2414,-0.7129307867879582,-0.9999657980887828,0.0640434422872475,28.852678095243984,20.0,0.0,0.2727931097101266,1.7179727020810263,2.0,-0.9975443695407865,0.0024214285479963182,2.0,1.0,2.0,0.0,414.0,218.75,0,0,2.0,2.0,62.5,6906.25,0.0,0.0,4855.0,2051.25,62.5,62.5
2415,2019-06-25,15:01:07,155.9375,156.03125,155.9375,156.03125,285,44458.3125,155.99407894736842,0.09375,0.0006010217550453945,155.91025826989605,155.70137882258,0.20887944731603625,1.0,0.00341796875,2.0000000000000013,-1.1454053224818184,0.00341796875,-1,2415,-0.6558465010838068,-0.9975443695407865,0.05846339666834283,35.72824351978539,20.0,0.0,0.2727931097101266,1.7179727020810263,2.0,-0.9930059647342223,0.0045384048065642,2.0,1.0,2.0,0.0,414.0,312.5,0,0,2.0,2.0,187.5,7093.75,0.0,0.0,4855.0,2238.75,187.5,187.5
2416,2019-06-25,15:07:42,156.03125,156.03125,155.96875,155.96875,285,44459.625,155.9986842105263,-0.0625,-0.0004006410310006814,155.9232564321414,155.7096056280391,0.21365080410228643,1.0000000000000004,0.00830078125,-1.5986159169550167,-0.6052891240323843,0.008300781249999995,0,2416,-0.6186772589379013,-0.9930059647342223,0.0911086233569578,23.45011879558493,20.0,0.0,0.2727931097101266,1.7179727020810263,2.0,-0.9858610389361822,0.007144925798040158,2.0,1.0,2.0,0.0,414.0,250.0,0,0,2.0,2.0,-125.0,6968.75,0.0,0.0,4855.0,2113.75,-125.0,187.5
2417,2019-06-25,15:12:38,155.96875,156.03125,155.96875,156.03125,285,44457.40625,155.990899122807,0.0625,0.0004006410310006814,155.94725500277664,155.7195023779456,0.22775262483105507,1.0000000000000004,0.00830078125,-1.5986159169550167,-0.6052891240323843,0.008300781249999995,-1,2417,-0.578622714688529,-0.9858610389361822,0.0911086233569578,24.997921869451893,20.0,0.0,0.2727931097101266,1.7179727020810263,2.0,-0.990425474566372,-0.004564435630189823,2.0,1.0,2.0,0.0,414.0,312.5,0,0,2.0,2.0,125.0,7093.75,0.0,0.0,4855.0,2238.75,125.0,125.0
2418,2019-06-25,15:23:40,156.03125,156.0625,155.90625,155.90625,284,44292.25,155.9586267605634,-0.125,-0.0008014426395721586,155.9381427799374,155.7252484586242,0.2128943213132004,1.0000000000000013,0.0056640625,-0.9453032104637344,-0.6013638196305312,0.005664062499999992,0,2418,-0.6027215619499297,-0.990425474566372,0.0752599661174518,28.287857714545662,20.0,0.0,0.2727931097101266,1.7179727020810263,2.0,-0.9937066437128426,-0.003281169146470586,2.0,1.0,2.0,0.0,414.0,187.5,0,0,2.0,2.0,-250.0,6843.75,0.0,0.0,4855.0,1988.75,-250.0,125.0
2419,2019-06-25,15:32:58,155.90625,155.96875,155.90625,155.9375,285,44438.96875,155.92620614035087,0.03125,0.0002004208845267641,155.93799993995134,155.73177927528192,0.20622066466941646,1.000000000000001,0.005078125,2.8180473372781023,-1.4926852828590786,0.005078124999999994,-1,2419,-0.6234509418397651,-0.9937066437128426,0.07126096406869609,28.938798031222007,20.0,0.0,0.2727931097101266,1.7179727020810263,2.0,-0.9857258972624257,0.007980746450416909,2.0,1.0,2.0,0.0,414.0,218.75,0,0,2.0,2.0,62.5,6906.25,0.0,0.0,4855.0,2051.25,62.5,62.5
2420,2019-06-25,15:39:25,155.9375,155.9375,155.90625,155.9375,285,44442.0625,155.93706140350878,0.0,0.0,155.93788884218438,155.7381091437348,0.1997796984495892,1.0000000000000024,0.00361328125,2.607742878013152,-1.5174736878455117,0.0036132812499999915,0,2420,-0.577966300343517,-0.9857258972624257,0.06011057519272288,33.235366291050724,20.0,0.0,0.2727931097101266,1.7179727020810263,2.0,-0.9309992830590742,0.054726614203351454,2.0,1.0,2.0,0.0,414.0,218.75,0,0,2.0,2.0,0.0,6906.25,0.0,0.0,4855.0,2051.25,0.0,62.5
2421,2019-06-25,15:44:30,155.9375,155.96875,155.9375,155.9375,285,44448.15625,155.95844298245615,0.0,0.0,155.9378024328101,155.7442442470045,0.19355818580558548,1.000000000000008,0.00068359375,-0.612244897959183,0.5122408325718831,0.0006835937499999945,0,2421,-0.4002070775943519,-0.9309992830590742,0.026145625829189757,74.0308099986237,20.0,0.0,0.2727931097101266,1.7179727020810263,2.0,-0.49826310037709937,0.43273618268197483,2.0,1.0,2.0,0.0,414.0,218.75,0,0,2.0,2.0,0.0,6906.25,0.0,0.0,4855.0,2051.25,0.0,0.0
2422,2019-06-25,15:47:43,155.9375,155.9375,155.875,155.90625,285,44429.46875,155.89287280701754,-0.03125,-0.0002004208845267641,155.93079078107453,155.74922903940438,0.18156174167015138,1.000000000000003,0.00146484375,2.0000000000000013,1.3608276348795436,0.0014648437499999957,0,2422,0.2607546646540023,-0.49826310037709937,0.0382732772309871,47.4382532163078,20.0,0.0,0.2727931097101266,1.7179727020810263,2.0,-0.42104742585614624,0.07721567452095313,2.0,1.0,2.0,0.0,414.0,187.5,0,0,2.0,2.0,-62.5,6843.75,0.0,0.0,4855.0,1988.75,-62.5,0.0
2423,2019-06-25,15:55:14,155.90625,155.90625,155.84375,155.875,285,44424.65625,155.87598684210528,-0.03125,-0.0002004610611106017,155.91839282972467,155.75309891511503,0.16529391460963438,1.0000000000000029,0.0016601562499999997,2.6643598615916986,1.7143923280117699,0.0016601562499999948,0,2423,0.34364767170786525,-0.42104742585614624,0.04074501503251649,40.56788652003732,20.0,0.0,0.2727931097101266,1.7179727020810263,2.0,-0.6476997185868258,-0.2266522927306796,2.0,1.0,2.0,0.0,414.0,156.25,0,0,2.0,2.0,-62.5,6781.25,0.0,0.0,4855.0,1926.25,-62.5,-62.5
2424,2019-06-25,15:59:43,155.875,155.9375,155.875,155.9375,285,44436.4375,155.91732456140352,0.0625,0.0004008819456373658,155.92263886756365,155.75877279464996,0.1638660729136916,1.0000000000000029,0.0016601562499999997,2.6643598615916986,1.7143923280117699,0.0016601562499999948,-1,2424,0.0807487606671784,-0.6476997185868258,0.04074501503251649,40.21745305110785,20.0,0.0,0.2727931097101266,1.7179727020810263,2.0,-0.8637783475745585,-0.21607862898773267,2.0,1.0,2.0,0.0,414.0,218.75,0,0,2.0,2.0,125.0,6906.25,0.0,0.0,4855.0,2051.25,125.0,125.0
2425,2019-06-25,16:09:09,155.9375,155.96875,155.875,155.90625,284,44280.59375,155.91758362676057,-0.03125,-0.0002004208845267641,155.91899689699397,155.7633105548146,0.15568634217936506,0.9999999999999998,0.00634765625,0.5798816568047324,1.2068685239272858,0.006347656250000001,0,2425,-0.25449223729160164,-0.8637783475745585,0.07967217989988727,19.540866382091465,19.540866382091465,0.0,0.2727931097101266,1.6678033256638105,2.0,-0.9999941476215984,-0.13621580004703993,2.0,1.0,2.0,0.0,414.0,187.5,0,0,2.0,2.0,-62.5,6843.75,0.0,0.0,4855.0,1988.75,-62.5,125.0
2426,2019-06-25,16:23:51,155.90625,155.9375,155.875,155.90625,285,44431.21875,155.89901315789473,0.0,0.0,155.91616425321754,155.76770869158955,0.14845556162799767,1.0000000000000002,0.013378906250000001,0.4885715807981228,-0.2129820018667749,0.013378906249999996,0,2426,-0.7095218083391621,-0.9999941476215984,0.11566722202076091,12.834713156796628,12.834713156796628,0.0,0.2727931097101266,0.9350242122459698,1.0,-0.9640857307202819,0.03590841690131652,2.0,1.0,2.0,0.0,414.0,187.5,0,0,2.0,2.0,0.0,6843.75,-1.0,0.0,4855.0,1988.75,0.0,0.0
2427,2019-06-25,16:33:47,155.90625,156.0625,155.875,156.0625,285,44450.90625,155.96809210526317,0.15625,0.0010017029786810738,155.94868330805812,155.77677919338683,0.17190411467129252,1.0000000000000007,0.0138671875,1.0920452291212055,0.863394860227589,0.01386718749999999,-1,2427,-0.8695129207472765,-0.9640857307202819,0.11775902300885478,14.59795693603592,14.59795693603592,0.0,0.2727931097101266,1.1276932685414567,1.0,-0.7090906789033357,0.25499505181694626,1.0,1.0,2.0,0.0,414.0,343.75,0,0,1.0,2.0,312.5,7156.25,0.0,1.0,4857.5,2298.75,310.0,310.0
2428,2019-06-25,16:36:39,156.03125,156.0625,155.90625,155.90625,285,44455.53125,155.9843201754386,-0.15625,-0.0010017029786810738,155.93925368404524,155.7807629105134,0.15849077353183816,1.0000000000000007,0.0138671875,1.0920452291212055,0.863394860227589,0.01386718749999999,0,2428,-0.9999960530605203,-0.7090906789033357,0.11775902300885478,13.458906967996889,13.458906967996889,0.0,0.2727931097101266,1.0032296606164284,1.0,-0.018626044998413655,0.690464633904922,-1.0,1.0,1.0,0.0,414.0,187.5,0,0,-1.0,1.0,-156.25,7000.0,0.0,2.0,4862.5,2137.5,-161.25,310.0
2429,2019-06-25,16:36:49,155.90625,155.90625,155.78125,155.8125,285,44413.375,155.83640350877192,-0.09375,-0.0006015037775339849,155.91108619870187,155.7817394363438,0.1293467623580682,1.0000000000000007,0.0138671875,1.0920452291212055,0.863394860227589,0.01386718749999999,0,2429,-0.7201547151518275,-0.018626044998413655,0.11775902300885478,10.98402135591275,10.98402135591275,0.0,0.2727931097101266,0.7327997399589187,1.0,0.3909621465524189,0.40958819155083254,-1.0,-1.0,-1.0,1.0,415.0,-93.75,0,0,-1.0,-1.0,93.75,7093.75,0.0,0.0,4862.5,2231.25,93.75,93.75
2430,2019-06-25,16:36:57,155.8125,155.8125,155.78125,155.78125,285,44401.875,155.79605263157896,-0.03125,-0.00020058168756520445,155.88223371010145,155.781724376764,0.10050933333744183,1.0000000000000024,0.0056640625,-0.9453032104637273,-0.6013638196305304,0.005664062499999987,0,2430,-0.37437387493699964,0.3909621465524189,0.07525996611745175,13.354953306859795,13.354953306859795,0.0,0.2727931097101266,0.9918706789341645,1.0,0.7414237276215911,0.35046158106917225,-1.0,-1.0,-1.0,0.0,415.0,-125.0,0,0,-1.0,-1.0,31.25,7125.0,0.0,0.0,4862.5,2262.5,31.25,93.75
2431,2019-06-25,16:37:03,155.78125,155.8125,155.75,155.78125,285,44393.78125,155.76765350877193,0.0,0.0,155.85979288563448,155.78170978055587,0.07808310507860483,1.0000000000000036,0.0022460937500000003,1.455576559546311,-1.1180799331493774,0.0022460937499999925,0,2431,0.049770826636011165,0.7414237276215911,0.04739297152532211,16.47567193310193,16.47567193310193,0.0,0.2727931097101266,1.332870556410676,2.0,0.5322319390335193,-0.20919178858807186,1.0,-1.0,-1.0,0.0,415.0,-125.0,0,0,1.0,-1.0,-0.0,7125.0,1.0,2.0,4867.5,2257.5,-5.0,31.25
2432,2019-06-25,16:37:13,155.78125,155.8125,155.75,155.8125,285,44390.9375,155.7576754385965,0.03125,0.00020058168756520445,155.8492833554935,155.7826571719234,0.06662618357009364,1.000000000000009,0.00048828125,2.0,0.0,0.00048828124999999566,-1,2432,-0.2222907867026948,0.5322319390335193,0.02209708691207951,30.151568772475628,20.0,0.0,0.2727931097101266,1.7179727020810263,2.0,0.4300090108877112,-0.10222292814580808,2.0,-1.0,1.0,1.0,416.0,31.25,0,0,2.0,1.0,31.25,7156.25,0.0,1.0,4870.0,2286.25,28.75,28.75
2433,2019-06-25,16:38:50,155.8125,155.84375,155.78125,155.8125,285,44408.5,155.81929824561402,0.0,0.0,155.84110927649496,155.78357541278731,0.057533863707647015,1.0000000000000027,0.00224609375,3.724007561436674,-1.7487916903105656,0.0022460937499999938,0,2433,-0.3343311062536359,0.4300090108877112,0.047392971525322125,12.13974601210785,12.13974601210785,0.0,0.2727931097101266,0.8590853854654079,1.0,0.34497372770326457,-0.08503528318444664,2.0,-1.0,2.0,0.0,416.0,31.25,0,0,2.0,2.0,0.0,7156.25,-1.0,0.0,4870.0,2286.25,0.0,28.75
2434,2019-06-25,16:40:32,155.8125,155.8125,155.75,155.8125,285,44401.3125,155.79407894736843,0.0,0.0,155.83475165949608,155.7844654000862,0.05028625940988718,1.0000000000000033,0.0022460937500000003,1.455576559546311,-1.1180799331493774,0.002246093749999993,0,2434,-0.41976588923104713,0.34497372770326457,0.04739297152532212,10.61048881119834,10.61048881119834,0.0,0.2727931097101266,0.6919839640956255,1.0,0.4395433452714927,0.09456961756822813,-1.0,-1.0,2.0,0.0,416.0,31.25,0,0,-1.0,2.0,0.0,7156.25,0.0,3.0,4877.5,2278.75,-7.5,0.0
2435,2019-06-25,16:42:16,155.8125,155.84375,155.6875,155.71875,286,44549.09375,155.76606206293707,-0.09375,-0.0006018658020989776,155.8089735129414,155.78244338777586,0.02653012516555009,1.0000000000000009,0.00634765625,1.9999999999999976,0.9051513929454648,0.006347656249999996,0,2435,-0.32433434879233874,0.4395433452714927,0.07967217989988723,3.3299107918079747,3.3299107918079747,0.0,0.2727931097101266,-0.1035623538881445,0.0,0.5134284926897198,0.0738851474182271,-1.0,-1.0,-1.0,1.0,417.0,-93.75,0,0,-1.0,-1.0,93.75,7250.0,-1.0,0.0,4877.5,2372.5,93.75,93.75
2436,2019-06-25,16:43:29,155.71875,155.75,155.6875,155.6875,285,44374.8125,155.70109649122807,-0.03125,-0.0002007024592787232,155.78197939895446,155.77952205276736,0.002457346187100029,1.0000000000000004,0.00654296875,0.7952773446201805,0.5016571985664497,0.006542968749999997,0,2436,-0.24374245674990477,0.5134284926897198,0.08088861940965489,0.3037938099369662,0.3037938099369662,0.0,0.2727931097101266,-0.4342251414173718,-0.0,0.6334802157910088,0.12005172310128898,-0.0,-1.0,-1.0,0.0,417.0,-125.0,0,0,-0.0,-1.0,31.25,7281.25,-0.0,1.0,4880.0,2401.25,28.75,93.75
2437,2019-06-25,16:46:07,155.6875,155.8125,155.6875,155.8125,285,44382.15625,155.72686403508771,0.125,0.0008025682613777008,155.78876175474235,155.7805367588361,0.008224995906260801,1.0,0.00712890625,-0.6811784574967147,-0.18252325730899832,0.007128906249999999,-1,2437,-0.09919200012002971,0.6334802157910088,0.08443285053816435,0.9741464197685751,0.9741464197685751,0.0,0.2727931097101266,-0.3609759366039603,-0.0,0.7831470921198108,0.14966687632880205,0.0,-1.0,-0.0,0.0,417.0,0.0,0,0,0.0,-0.0,-0.0,7281.25,0.0,0.0,4880.0,2401.25,-0.0,28.75
2438,2019-06-25,16:48:55,155.8125,155.84375,155.78125,155.84375,285,44406.15625,155.8110745614035,0.03125,0.00020054146261916372,155.8009813647996,155.78248178164117,0.018499583158444466,1.0,0.00712890625,-0.6811784574967147,-0.18252325730899832,0.007128906249999999,-1,2438,0.11406381392217353,0.7831470921198108,0.08443285053816435,2.191040932590864,2.191040932590864,0.0,0.2727931097101266,-0.22800628138261725,0.0,0.9388638084662697,0.1557167163464589,0.0,-1.0,0.0,0.0,417.0,31.25,0,0,0.0,0.0,0.0,7281.25,0.0,0.0,4880.0,2401.25,0.0,0.0
2439,2019-06-25,16:55:38,155.84375,155.9375,155.8125,155.90625,285,44422.9375,155.86995614035087,0.0625,0.00040096231491482115,155.82437439484417,155.78629003451377,0.03808436033040152,0.9999999999999999,0.006542968749999999,0.7952773446201853,-0.5016571985664501,0.00654296875,-1,2439,0.42042804983481835,0.9388638084662697,0.0808886194096549,4.708247044930496,4.708247044930496,0.0,0.2727931097101266,0.047047986141833587,0.0,0.99899649584417,0.06013268737790034,-0.0,-1.0,0.0,0.0,417.0,93.75,0,0,-0.0,0.0,0.0,7281.25,0.0,0.0,4880.0,2401.25,0.0,0.0
2440,2019-06-25,17:00:07,155.90625,155.90625,155.78125,155.8125,285,44426.53125,155.8825657894737,-0.09375,-0.0006015037775339849,155.82173564043435,155.78709649499027,0.03463914544408908,1.000000000000001,0.005175781249999999,-2.7162691349234627,-0.19669686464742817,0.005175781249999993,0,2440,0.6747270111572639,0.99899649584417,0.07194290270763332,4.814810654062446,4.814810654062446,0.0,0.2727931097101266,0.05869215596601507,0.0,0.966477411711116,-0.032519084133054044,0.0,-1.0,-0.0,0.0,417.0,0.0,0,0,0.0,-0.0,0.0,7281.25,0.0,0.0,4880.0,2401.25,0.0,0.0
2441,2019-06-25,17:01:18,155.8125,155.84375,155.75,155.8125,285,44401.125,155.79342105263157,0.0,0.0,155.8196832758934,155.78787814129828,0.03180513459511758,1.0000000000000024,0.00439453125,-0.9629629629629642,0.5237828008789239,0.0043945312499999905,0,2441,0.86495356843859,0.966477411711116,0.06629126073623876,4.797786954401818,4.797786954401818,0.0,0.2727931097101266,0.056831982014523275,0.0,0.9418332856386609,-0.02464412607245514,0.0,-1.0,0.0,0.0,417.0,0.0,0,0,0.0,0.0,0.0,7281.25,0.0,0.0,4880.0,2401.25,0.0,0.0
2442,2019-06-25,17:02:47,155.8125,155.84375,155.6875,155.71875,285,44393.3125,155.76600877192982,-0.09375,-0.0006018658020989776,155.7972536590282,155.78575112156602,0.011502537462177997,1.000000000000005,0.0022460937500000003,-3.081285444234408,-0.3153558785805946,0.0022460937499999886,0,2442,0.9036214610784036,0.9418332856386609,0.04739297152532207,2.4270555510603913,2.4270555510603913,0.0,0.2727931097101266,-0.20221704319112832,0.0,0.853144385486818,-0.08868890015184283,0.0,-1.0,0.0,0.0,417.0,-93.75,0,0,0.0,0.0,-0.0,7281.25,0.0,0.0,4880.0,2401.25,-0.0,-0.0
2443,2019-06-25,17:04:29,155.71875,155.75,155.6875,155.6875,285,44380.15625,155.71984649122808,-0.03125,-0.0002007024592787232,155.77286395702194,155.7827280101332,-0.009864053111272142,1.000000000000002,0.00322265625,1.0743801652892582,-0.2669003066972995,0.0032226562499999938,0,2443,0.9721440100044302,0.853144385486818,0.05676844413932791,-1.737594408446813,0.0,-1.737594408446813,0.0723137894728696,-0.4674205891246751,-0.0,0.8105493225648103,-0.042595062922007765,-0.0,-1.0,0.0,0.0,417.0,-125.0,0,0,-0.0,0.0,-0.0,7281.25,-0.0,0.0,4880.0,2401.25,-0.0,-0.0
2444,2019-06-25,17:05:28,155.6875,155.71875,155.65625,155.6875,286,44527.75,155.69143356643357,0.0,0.0,155.75389418879487,155.77979791751375,-0.025903728718873253,1.0000000000000007,0.005566406249999999,-1.1172668513388746,-0.2057527970555698,0.005566406249999997,0,2444,0.9872764207242435,0.8105493225648103,0.07460835241445823,-3.4719609642329283,0.0,-3.4719609642329283,-0.12779310915431735,-0.4674205891246751,-1.0,0.9676686233437215,0.15711930077891123,-0.0,1.0,-0.0,0.0,417.0,-125.0,0,0,-0.0,-0.0,-0.0,7281.25,-1.0,0.0,4880.0,2401.25,-0.0,-0.0
2445,2019-06-25,17:07:41,155.6875,155.78125,155.6875,155.75,285,44380.15625,155.71984649122808,0.0625,0.00040136464516304926,155.75302881350714,155.77888105851332,-0.025852245006177554,1.0,0.0026367187499999997,-1.6872427983539058,0.5184205276797867,0.0026367187499999997,-1,2445,0.8625950320455964,0.9676686233437215,0.05134898976610932,-5.034616089611993,0.0,-5.034616089611993,-0.3080883701072418,-0.4674205891246751,-1.0,0.9989617691744427,0.03129314583072118,1.0,1.0,-0.0,0.0,417.0,-62.5,0,0,1.0,-0.0,-0.0,7281.25,0.0,1.0,4882.5,2398.75,-2.5,-0.0
2446,2019-06-25,17:09:11,155.75,155.84375,155.71875,155.84375,285,44397.3125,155.7800438596491,0.09375,0.0006017450788338152,155.77318907717222,155.78087702594368,-0.007687948771462061,1.0,0.0026367187499999997,-1.6872427983539058,0.5184205276797867,0.0026367187499999997,-1,2446,0.738585866114352,0.9989617691744427,0.05134898976610932,-1.4971957202040533,0.0,-1.4971957202040533,0.10005039208309363,-0.4674205891246751,-0.0,0.9325223264352358,-0.06643944273920688,-1.0,-1.0,1.0,1.0,418.0,93.75,0,0,-1.0,1.0,93.75,7375.0,1.0,2.0,4887.5,2487.5,88.75,88.75
2447,2019-06-25,17:10:23,155.84375,155.875,155.8125,155.84375,285,44414.71875,155.84111842105264,0.0,0.0,155.78886928224506,155.78281157899158,0.006057703253475211,1.0000000000000004,0.0032226562500000003,-2.231404958677686,0.5671631517317615,0.003222656249999999,0,2447,0.40404788740788966,0.9325223264352358,0.05676844413932796,1.0670898851142838,1.0670898851142838,0.0,0.2727931097101266,-0.3508200353225642,-0.0,0.8241097057406286,-0.10841262069460722,-0.0,-1.0,-1.0,1.0,419.0,0.0,0,0,-0.0,-1.0,-0.0,7375.0,0.0,1.0,4890.0,2485.0,-2.5,88.75
2448,2019-06-25,17:14:23,155.84375,155.84375,155.78125,155.8125,285,44404.59375,155.80559210526314,-0.03125,-0.00020054146261916372,155.79412055285727,155.7837250688688,0.010395483988475007,1.0000000000000007,0.002734375,0.5357142857142883,1.0885117692152515,0.002734374999999998,0,2448,0.18220691250457505,0.8241097057406286,0.0522912516583797,1.9879967793444708,1.9879967793444708,0.0,0.2727931097101266,-0.2501928478987777,0.0,0.8632101816668146,0.03910047592618604,0.0,-1.0,-0.0,0.0,419.0,-31.25,0,0,0.0,-0.0,0.0,7375.0,0.0,0.0,4890.0,2485.0,0.0,0.0
2449,2019-06-25,17:16:50,155.8125,155.84375,155.75,155.78125,285,44399.21875,155.78673245614036,-0.03125,-0.00020058168756520445,155.7912604300001,155.7836489129036,0.007611517096506759,1.0000000000000016,0.00712890625,3.372114843310193,-1.7035504015506535,0.0071289062499999886,0,2449,0.25340265442215004,0.8632101816668146,0.08443285053816428,0.9014876375713854,0.9014876375713854,0.0,0.2727931097101266,-0.368915337362006,-0.0,0.9902017932772047,0.12699161161039008,-0.0,-1.0,0.0,0.0,419.0,-62.5,0,0,-0.0,0.0,-0.0,7375.0,-0.0,0.0,4890.0,2485.0,-0.0,-0.0
2450,2019-06-25,17:18:39,155.78125,155.84375,155.75,155.8125,285,44401.1875,155.79364035087718,0.03125,0.00020058168756520445,155.79598033444455,155.78453663866043,0.01144369578412352,1.0000000000000009,0.00927734375,2.0000000000000013,-1.2806954299797046,0.00927734374999999,-1,2450,0.6014352799946684,0.9902017932772047,0.09631896879639021,1.1881040595767258,1.1881040595767258,0.0,0.2727931097101266,-0.33759685707201337,-0.0,0.9498240246980403,-0.04037776857916442,-0.0,-1.0,-0.0,0.0,419.0,-31.25,0,0,-0.0,-0.0,-0.0,7375.0,0.0,0.0,4890.0,2485.0,-0.0,-0.0
2451,2019-06-25,17:20:13,155.78125,155.78125,155.625,155.625,286,44525.125,155.68225524475525,-0.1875,-0.0012040940648052612,155.757984704568,155.77962781900936,-0.021643114441360467,1.0000000000000009,0.01005859375,2.711848430577812,-1.6607968306529897,0.010058593749999992,0,2451,0.45045476584409766,0.9498240246980403,0.10029254084925754,-2.1579984172392908,0.0,-2.1579984172392908,0.023808620776412215,-0.4674205891246751,-0.0,0.8229169264927708,-0.12690709820526946,-0.0,-1.0,-0.0,0.0,419.0,-218.75,0,0,-0.0,-0.0,0.0,7375.0,0.0,0.0,4890.0,2485.0,0.0,0.0
2452,2019-06-25,17:22:05,155.625,155.6875,155.59375,155.6875,285,44356.1875,155.6357456140351,0.0625,0.0004015258034275604,155.74232143688624,155.776793116886,-0.03447167999976841,1.0,0.013964843749999999,3.323878918284516,-1.625491934338614,0.013964843749999997,-1,2452,0.18013913902041687,0.8229169264927708,0.11817294000743148,-2.917053599377371,0.0,-2.917053599377371,-0.06376927783896985,-0.4674205891246751,-1.0,0.8496192527028766,0.02670232621010582,0.0,-1.0,-0.0,0.0,419.0,-156.25,0,0,0.0,-0.0,-0.0,7375.0,-1.0,0.0,4890.0,2485.0,-0.0,-0.0
2453,2019-06-25,17:25:20,155.6875,155.75,155.65625,155.71875,285,44374.46875,155.69989035087718,0.03125,0.0002007024592787232,155.73708333980042,155.775007174828,-0.03792383502758412,1.0,0.013964843749999999,3.323878918284516,-1.625491934338614,0.013964843749999997,-1,2453,0.22784585512702893,0.8496192527028766,0.11817294000743148,-3.2091809702965186,0.0,-3.2091809702965186,-0.09747420717107902,-0.4674205891246751,-1.0,0.9779418170119927,0.12832256430911604,1.0,-1.0,0.0,0.0,419.0,-125.0,0,0,1.0,0.0,0.0,7375.0,0.0,1.0,4892.5,2482.5,-2.5,-0.0
2454,2019-06-25,17:31:07,155.75,155.84375,155.71875,155.84375,285,44398.90625,155.78563596491227,0.125,0.0008024072647181413,155.760787042067,155.77712233867948,-0.016335296612481898,0.9999999999999958,0.0016601562499999993,-1.4878892733563756,0.5413870509510844,0.0016601562500000062,-1,2454,0.5438106063666331,0.9779418170119927,0.04074501503251663,-4.009152186947405,0.0,-4.009152186947405,-0.18977289606183018,-0.4674205891246751,-1.0,0.9415290862737944,-0.036412730738198285,-1.0,-1.0,1.0,1.0,420.0,125.0,0,0,-1.0,1.0,125.0,7500.0,0.0,2.0,4897.5,2602.5,120.0,120.0
2455,2019-06-25,17:32:30,155.84375,155.875,155.8125,155.875,285,44419.34375,155.85734649122807,0.03125,0.00020050125380421946,155.78616769938546,155.7801339590278,0.006033740357651141,0.9999999999999999,0.007031249999999999,1.238425925925925,-0.9989840732811559,0.007031250000000001,-1,2455,0.9040083011464418,0.9415290862737944,0.08385254915624211,0.7195655252422317,0.7195655252422317,0.0,0.2727931097101266,-0.3887939055523112,-0.0,0.6664956271240838,-0.27503345914971056,-1.0,-1.0,-1.0,1.0,421.0,31.25,0,0,-1.0,-1.0,-31.25,7468.75,1.0,0.0,4897.5,2571.25,-31.25,120.0
2456,2019-06-25,17:34:49,155.875,155.96875,155.875,155.96875,285,44439.84375,155.92927631578948,0.09375,0.0006012626696820789,155.82674154396648,155.78593752951926,0.04080401444721815,0.9999999999999997,0.00712890625,2.021017076374553,-1.3385038869326553,0.007128906250000002,-1,2456,0.9984380041974268,0.6664956271240838,0.08443285053816436,4.8327178565142,4.8327178565142,0.0,0.2727931097101266,0.060648869971131336,0.0,0.6258787563296938,-0.040616870794390025,0.0,-1.0,-1.0,0.0,421.0,125.0,0,0,0.0,-1.0,-93.75,7375.0,0.0,1.0,4900.0,2475.0,-96.25,-31.25
2457,2019-06-25,17:37:48,155.96875,155.96875,155.84375,155.875,285,44431.5,155.9,-0.09375,-0.0006012626696820789,155.83746564530728,155.78867791322637,0.04878773208091047,1.0000000000000009,0.0078125,-2.9218750000000013,-0.3314563036811942,0.007812499999999995,0,2457,0.9940500946853968,0.6258787563296938,0.0883883476483184,5.519701790899885,5.519701790899885,0.0,0.2727931097101266,0.13571537403976003,0.0,0.312870426270208,-0.3130083300594858,0.0,1.0,0.0,0.0,421.0,31.25,0,0,0.0,0.0,-0.0,7375.0,0.0,0.0,4900.0,2475.0,-0.0,-0.0
2458,2019-06-25,17:39:49,155.875,155.9375,155.875,155.9375,285,44434.78125,155.91151315789475,0.0625,0.0004008819456373658,155.85969550190566,155.79325705435787,0.06643844754779593,1.0000000000000009,0.00751953125,-2.7036599763872498,-0.009360389222810921,0.007519531249999994,-1,2458,0.8928398638757061,0.312870426270208,0.08671523078444751,7.661681453970339,7.661681453970339,0.0,0.2727931097101266,0.36976877331842106,1.0,0.0687847177689337,-0.2440857085012743,0.0,1.0,0.0,0.0,421.0,93.75,0,0,0.0,0.0,0.0,7375.0,1.0,0.0,4900.0,2475.0,0.0,0.0
2459,2019-06-25,17:43:00,155.9375,155.96875,155.84375,155.84375,285,44432.375,155.9030701754386,-0.09375,-0.0006013831994415852,155.85615205703775,155.79481068345456,0.06134137358318981,1.0000000000000016,0.005175781249999999,-2.7162691349234627,-0.19669686464742817,0.005175781249999992,0,2459,0.7540701578669208,0.0687847177689337,0.0719429027076333,8.526396805599193,8.526396805599193,0.0,0.2727931097101266,0.4642559297310348,1.0,-0.28504504439189365,-0.35382976216082734,1.0,1.0,0.0,0.0,421.0,0.0,0,0,1.0,0.0,-0.0,7375.0,0.0,1.0,4902.5,2472.5,-2.5,0.0
2460,2019-06-25,17:47:03,155.84375,155.90625,155.84375,155.84375,285,44420.625,155.86184210526315,0.0,0.0,155.8533960443627,155.79631650857905,0.05707953578365732,1.0000000000000016,0.00361328125,-0.021913805697588867,-0.5901286563843656,0.003613281249999994,0,2460,0.4762145519153125,-0.28504504439189365,0.060110575192722907,9.495756046361617,9.495756046361617,0.0,0.2727931097101266,0.5701774888075575,1.0,-0.6222623422725011,-0.33721729788060745,1.0,1.0,1.0,1.0,422.0,0.0,0,0,1.0,1.0,0.0,7375.0,0.0,0.0,4902.5,2472.5,0.0,0.0
2461,2019-06-25,17:53:21,155.84375,155.9375,155.84375,155.875,285,44430.84375,155.89769736842106,0.03125,0.00020050125380421946,155.85819692339325,155.79873753908433,0.059459384308922836,1.000000000000004,0.0021484374999999997,0.8677685950413286,-0.5516180692881066,0.002148437499999991,-1,2461,0.11352347090320442,-0.6222623422725011,0.0463512405443478,12.828002791431972,12.828002791431972,0.0,0.2727931097101266,0.9342909728734969,1.0,-0.883070376290085,-0.2608080340175839,1.0,1.0,1.0,0.0,422.0,31.25,0,0,1.0,1.0,31.25,7406.25,0.0,0.0,4902.5,2503.75,31.25,31.25
2462,2019-06-25,17:59:23,155.875,155.90625,155.84375,155.84375,285,44423.03125,155.8702850877193,-0.03125,-0.00020050125380421946,155.85498649597253,155.80012253788175,0.05486395809077749,1.0000000000000087,0.00068359375,-0.612244897959183,0.5122408325718831,0.0006835937499999941,0,2462,-0.29262186380308225,-0.883070376290085,0.026145625829189747,20.98399114605463,20.0,0.0,0.2727931097101266,1.7179727020810263,2.0,-0.982888212932933,-0.09981783664284805,1.0,1.0,1.0,0.0,422.0,0.0,0,0,1.0,1.0,-31.25,7375.0,1.0,0.0,4902.5,2472.5,-31.25,31.25
2463,2019-06-25,18:07:52,155.84375,155.90625,155.78125,155.8125,285,44416.15625,155.84616228070175,-0.03125,-0.00020054146261916372,155.8455450524231,155.80050338287,0.045041669553086194,1.000000000000005,0.0009765625,-3.0,0.0,0.0009765624999999951,0,2463,-0.8252581410017379,-0.982888212932933,0.03124999999999992,14.41333425698762,14.41333425698762,0.0,0.2727931097101266,1.1075196103316276,1.0,-0.8337346766330898,0.1491535362998433,2.0,1.0,1.0,0.0,422.0,-31.25,0,0,2.0,1.0,-31.25,7343.75,-1.0,1.0,4905.0,2438.75,-33.75,-31.25
2464,2019-06-25,18:15:21,155.8125,155.84375,155.8125,155.8125,285,44411.96875,155.83146929824562,0.0,0.0,155.83820170744022,155.80087250955097,0.0373291978892496,1.0000000000000022,0.0016601562499999997,-1.4878892733564004,0.5413870509510851,0.0016601562499999963,0,2464,-0.9799792526060409,-0.8337346766330898,0.040745015032516506,9.161660109699083,9.161660109699083,0.0,0.2727931097101266,0.5336709378774882,1.0,-0.5256708159781871,0.30806386065490265,-1.0,1.0,2.0,0.0,422.0,-31.25,0,0,-1.0,2.0,0.0,7343.75,0.0,3.0,4912.5,2431.25,-7.5,-7.5
2465,2019-06-25,18:23:23,155.8125,155.875,155.8125,155.84375,285,44417.0625,155.84934210526316,0.03125,0.00020054146261916372,155.8394346613424,155.80219181694943,0.03724284439297776,0.9999999999999998,0.00244140625,-1.1999999999999993,0.0,0.00244140625,-1,2465,-0.9732327019492466,-0.5256708159781871,0.04941058844013093,7.537421748802608,7.537421748802608,0.0,0.2727931097101266,0.35619095701638304,1.0,0.05680160308173574,0.5824724190599229,-1.0,-1.0,-1.0,1.0,423.0,31.25,0,0,-1.0,-1.0,-31.25,7312.5,0.0,0.0,4912.5,2400.0,-31.25,-7.5
2466,2019-06-25,18:27:15,155.84375,155.9375,155.84375,155.90625,285,44418.6875,155.85504385964913,0.0625,0.00040096231491482115,155.85428251437745,155.80539360719715,0.0488889071802987,0.9999999999999992,0.0016601562499999997,-1.4878892733564086,0.5413870509510866,0.001660156250000001,-1,2466,-0.6658003483954573,0.05680160308173574,0.04074501503251657,11.99874564809533,11.99874564809533,0.0,0.2727931097101266,0.8436783229868818,1.0,0.9257905806730509,0.8689889775913151,-1.0,-1.0,-1.0,0.0,423.0,93.75,0,0,-1.0,-1.0,-62.5,7250.0,0.0,0.0,4912.5,2337.5,-62.5,-31.25
2467,2019-06-25,18:35:12,155.90625,156.0,155.90625,156.0,284,44297.875,155.97843309859155,0.09375,0.0006011421882261558,155.88666417784913,155.8113814962065,0.07528268164261931,0.9999999999999998,0.00244140625,-1.1999999999999993,0.0,0.00244140625,-1,2467,0.3873204327645927,0.9257905806730509,0.04941058844013093,15.236143510785482,15.236143510785482,0.0,0.2727931097101266,1.1974277014912185,1.0,0.8376273380366741,-0.08816324263637676,1.0,-1.0,-1.0,0.0,423.0,187.5,0,0,1.0,-1.0,-93.75,7156.25,0.0,2.0,4917.5,2238.75,-98.75,-62.5
2468,2019-06-25,18:36:25,156.0,156.03125,155.96875,156.0,285,44460.09375,156.00032894736842,0.0,0.0,155.9118499161049,155.81718514247711,0.09466477362778392,1.0000000000000007,0.00419921875,-1.9632233639805285,0.235513936408806,0.004199218749999997,0,2468,0.9785434708776906,0.8376273380366741,0.06480137922914911,14.608450430203435,14.608450430203435,0.0,0.2727931097101266,1.1288398891292064,1.0,0.44555048729177543,-0.3920768507448987,-1.0,-1.0,1.0,1.0,424.0,0.0,0,0,-1.0,1.0,0.0,7156.25,0.0,2.0,4922.5,2233.75,-5.0,-5.0
2469,2019-06-25,18:43:23,156.0,156.0,155.9375,155.96875,285,44452.75,155.97456140350877,-0.03125,-0.00020034057965467866,155.92449437919274,155.82184867655477,0.10264570263797168,1.0000000000000016,0.00361328125,2.6077428780131497,1.517473687845512,0.003613281249999994,0,2469,0.9480939351107768,0.44555048729177543,0.060110575192722907,17.076147135321065,17.076147135321065,0.0,0.2727931097101266,1.3984842803339306,2.0,0.01627658410058268,-0.42927390319119274,1.0,1.0,-1.0,1.0,425.0,-31.25,0,0,1.0,-1.0,31.25,7187.5,1.0,2.0,4927.5,2260.0,26.25,26.25
2470,2019-06-25,18:54:11,155.96875,156.0,155.875,155.90625,285,44440.21875,155.93059210526314,-0.0625,-0.0004008016085714772,155.92044007270547,155.82444564035308,0.09599443235239846,1.000000000000003,0.00224609375,1.4555765595463157,1.118079933149378,0.002246093749999993,0,2470,0.7185223920678604,0.01627658410058268,0.04739297152532212,20.254993359323024,20.0,0.0,0.2727931097101266,1.7179727020810263,2.0,-0.45639210898812527,-0.47266869308870796,2.0,1.0,1.0,1.0,426.0,-62.5,0,0,2.0,1.0,-62.5,7125.0,0.0,1.0,4930.0,2195.0,-65.0,26.25
2471,2019-06-25,18:59:50,155.90625,155.9375,155.84375,155.875,285,44427.4375,155.8857456140351,-0.03125,-0.0002004610611106017,155.91034227877094,155.82600115911146,0.08434111965948432,1.0000000000000038,0.0022460937500000003,3.7240075614366694,1.7487916903105647,0.002246093749999992,0,2471,0.306450640245786,-0.45639210898812527,0.047392971525322104,17.79612397049651,17.79612397049651,0.0,0.2727931097101266,1.4771559076047267,2.0,-0.7873047612124023,-0.33091265222427707,2.0,1.0,2.0,0.0,426.0,-93.75,0,0,2.0,2.0,-62.5,7062.5,0.0,0.0,4930.0,2132.5,-62.5,-62.5
2472,2019-06-25,19:02:30,155.90625,155.9375,155.875,155.9375,285,44431.46875,155.8998903508772,0.0625,0.0004008819456373658,155.91637732793296,155.8294318926773,0.08694543525567155,1.0000000000000033,0.0026367187499999997,3.2510288065843675,1.7355817665801567,0.002636718749999991,-1,2472,-0.1207319231981975,-0.7873047612124023,0.051348989766109236,16.93225819080403,16.93225819080403,0.0,0.2727931097101266,1.3827615836326208,2.0,-0.9616815737785098,-0.1743768125661075,2.0,1.0,2.0,0.0,426.0,-31.25,0,0,2.0,2.0,125.0,7187.5,0.0,0.0,4930.0,2257.5,125.0,125.0
2473,2019-06-25,19:15:06,155.9375,155.96875,155.875,155.90625,285,44435.9375,155.9155701754386,-0.03125,-0.0002004208845267641,155.91412681061453,155.83179552674878,0.08233128386575572,1.0000000000000022,0.00263671875,-1.6872427983539093,0.5184205276797869,0.002636718749999994,0,2473,-0.48614491900785367,-0.9616815737785098,0.051348989766109264,16.03367159524821,16.03367159524821,0.0,0.2727931097101266,1.2845733277578677,2.0,-0.9856224036809466,-0.023940829902436733,2.0,1.0,2.0,0.0,426.0,-62.5,0,0,2.0,2.0,-62.5,7125.0,0.0,0.0,4930.0,2195.0,-62.5,125.0
2474,2019-06-25,19:25:32,155.90625,155.90625,155.8125,155.84375,284,44265.5,155.8644366197183,-0.0625,-0.00040096231491482115,155.89848751936685,155.832163356695,0.06632416267186159,1.0000000000000007,0.00322265625,-2.2314049586776847,-0.5671631517317617,0.0032226562499999972,0,2474,-0.8164151307227355,-0.9856224036809466,0.056768444139327946,11.683279976650558,11.683279976650558,0.0,0.2727931097101266,0.8092074948878265,1.0,-0.6389074090712243,0.3467149946097222,2.0,1.0,2.0,0.0,426.0,-125.0,0,0,2.0,2.0,-125.0,7000.0,-1.0,0.0,4930.0,2070.0,-125.0,-62.5
2475,2019-06-25,19:39:42,155.84375,155.875,155.8125,155.875,285,44415.71875,155.84462719298244,0.03125,0.00020050125380421946,155.89326807061866,155.83348140725823,0.05978666336042693,1.0000000000000018,0.00419921875,-1.963223363980531,0.23551393640880577,0.004199218749999992,-1,2475,-0.9957414417795021,-0.6389074090712243,0.06480137922914907,9.2261405654671,9.2261405654671,0.0,0.2727931097101266,0.5407166956499536,1.0,-0.1397934912345073,0.49911391783671705,-1.0,1.0,2.0,0.0,426.0,-93.75,0,0,-1.0,2.0,62.5,7062.5,0.0,3.0,4937.5,2125.0,55.0,55.0
2476,2019-06-25,19:48:01,155.875,155.9375,155.84375,155.9375,285,44430.53125,155.89660087719298,0.0625,0.0004008819456373658,155.90309738825897,155.83668197934261,0.066415408916356,1.0000000000000018,0.00419921875,-1.9632233639805285,-0.235513936408806,0.004199218749999993,-1,2476,-0.7990123993180788,-0.1397934912345073,0.06480137922914907,10.24907335405616,10.24907335405616,0.0,0.2727931097101266,0.6524922183267972,1.0,0.02908303591490204,0.16887652714940934,-1.0,-1.0,-1.0,1.0,427.0,62.5,0,0,-1.0,-1.0,-62.5,7000.0,0.0,0.0,4937.5,2062.5,-62.5,55.0
2477,2019-06-25,20:00:45,155.9375,155.96875,155.8125,155.84375,285,44432.125,155.90219298245614,-0.09375,-0.0006013831994415852,155.889909079757,155.8368994569013,0.05300962285568289,1.0000000000000004,0.005175781249999999,1.128515485938055,-1.032658539398995,0.005175781249999998,0,2477,-0.6862428624306651,0.02908303591490204,0.07194290270763334,7.368290805711183,7.368290805711183,0.0,0.2727931097101266,0.33771007559801847,1.0,0.5674625966091975,0.5383795606942955,-1.0,-1.0,-1.0,0.0,427.0,-31.25,0,0,-1.0,-1.0,93.75,7093.75,0.0,0.0,4937.5,2156.25,93.75,93.75
2478,2019-06-25,20:26:05,155.84375,155.90625,155.78125,155.84375,285,44414.96875,155.84199561403508,0.0,0.0,155.87965150647767,155.8371102428428,0.04254126363485966,1.0000000000000009,0.00751953125,-2.7036599763872498,-0.009360389222810921,0.007519531249999994,0,2478,-0.18097449015909509,0.5674625966091975,0.08671523078444751,4.905858319238827,4.905858319238827,0.0,0.2727931097101266,0.06864090379883536,0.0,0.9310114375197646,0.36354884091056705,-1.0,-1.0,-1.0,0.0,427.0,-31.25,0,0,-1.0,-1.0,-0.0,7093.75,-1.0,0.0,4937.5,2156.25,-0.0,93.75
2479,2019-06-25,20:55:31,155.84375,155.96875,155.84375,155.9375,285,44436.625,155.91798245614035,0.09375,0.0006013831994415852,155.89250672726044,155.84019915844766,0.05230756881277898,1.0000000000000007,0.0087890625,-3.0000000000000013,0.0,0.008789062499999995,-1,2479,0.4002375937571684,0.9310114375197646,0.09374999999999997,5.579474006696427,5.579474006696427,0.0,0.2727931097101266,0.14224666400987318,0.0,0.9975659661172331,0.06655452859746858,-0.0,-1.0,-1.0,0.0,427.0,62.5,0,0,-0.0,-1.0,-93.75,7000.0,0.0,1.0,4940.0,2060.0,-96.25,-0.0
2480,2019-06-25,22:35:32,155.9375,156.03125,155.84375,155.84375,285,44444.0,155.9438596491228,-0.09375,-0.0006013831994415852,155.88167189898036,155.84030841511083,0.04136348386953159,1.0000000000000007,0.0125,-2.196044921875,-0.32973268027584773,0.012499999999999994,0,2480,0.6560797608690184,0.9975659661172331,0.11180339887498945,3.6996624687395485,3.6996624687395485,0.0,0.2727931097101266,-0.06315971217922856,0.0,0.982918953806037,-0.01464701231119614,0.0,-1.0,-0.0,0.0,427.0,-31.25,0,0,0.0,-0.0,0.0,7000.0,0.0,0.0,4940.0,2060.0,0.0,0.0
2481,2019-06-25,23:47:01,155.84375,155.9375,155.75,155.9375,285,44420.34375,155.8608552631579,0.09375,0.0006013831994415852,155.8940781436514,155.84329892541513,0.05077921823627207,1.0000000000000007,0.012890625000000001,-2.231404958677686,-0.5671631517317615,0.012890624999999994,-1,2481,0.8251638377881805,0.982918953806037,0.1135368882786559,4.472486343966342,4.472486343966342,0.0,0.2727931097101266,0.021286493430982767,0.0,0.9903912640414598,0.00747231023542283,-0.0,-1.0,0.0,0.0,427.0,62.5,0,0,-0.0,0.0,0.0,7000.0,0.0,0.0,4940.0,2060.0,0.0,0.0
2482,2019-06-26,00:01:40,155.9375,155.96875,155.78125,155.78125,285,44419.53125,155.8580043859649,-0.15625,-0.0010025063496259534,155.86900522284,155.84138972771007,0.027615495129936107,1.0000000000000009,0.0099609375,-1.3437139561707039,-0.3008332378742383,0.00996093749999999,0,2482,0.7981007833343126,0.9903912640414598,0.09980449639169565,2.7669590177135435,2.7669590177135435,0.0,0.2727931097101266,-0.1650759054070603,0.0,0.9070371056474843,-0.08335415839397553,0.0,-1.0,-0.0,0.0,427.0,-93.75,0,0,0.0,-0.0,0.0,7000.0,0.0,0.0,4940.0,2060.0,0.0,0.0
2483,2019-06-26,00:16:07,155.78125,155.875,155.75,155.8125,285,44407.125,155.81447368421053,0.03125,0.00020058168756520445,155.85644850665335,155.84050081301132,0.0159476936420333,1.000000000000001,0.01123046875,-2.234404536862004,-0.19231559498464876,0.01123046874999999,-1,2483,0.34364428551005305,0.9070371056474843,0.10597390598633226,1.5048698539138605,1.5048698539138605,0.0,0.2727931097101266,-0.3029839649806223,-0.0,0.5403776946707775,-0.36665941097670685,0.0,-1.0,0.0,0.0,427.0,-62.5,0,0,0.0,0.0,0.0,7000.0,-0.0,0.0,4940.0,2060.0,0.0,0.0
2484,2019-06-26,00:31:05,155.8125,155.8125,155.71875,155.8125,285,44390.25,155.75526315789475,0.0,0.0,155.8466821718415,155.83963924953406,0.007042922307448407,1.000000000000001,0.01123046875,-2.234404536862004,-0.19231559498464876,0.01123046874999999,0,2484,-0.2128708752225205,0.5403776946707775,0.10597390598633226,0.6645902349165795,0.6645902349165795,0.0,0.2727931097101266,-0.39480103708529946,-0.0,0.21889944472514447,-0.321478249945633,-0.0,-1.0,0.0,0.0,427.0,-62.5,0,0,-0.0,0.0,0.0,7000.0,0.0,0.0,4940.0,2060.0,0.0,0.0
2485,2019-06-26,00:55:02,155.8125,155.84375,155.65625,155.6875,285,44379.9375,155.71907894736842,-0.125,-0.0008025682613777008,155.81130835587675,155.83495804185608,-0.023649685979336255,1.0000000000000009,0.008105468749999999,-1.8043257366816654,-0.03763789885846771,0.008105468749999992,0,2485,-0.5351723376233988,0.21889944472514447,0.09003037681804954,-2.6268562695380053,0.0,-2.6268562695380053,-0.030287031845287582,-0.4674205891246751,-0.0,0.2870720818079534,0.06817263708280893,0.0,-1.0,-0.0,0.0,427.0,-187.5,0,0,0.0,-0.0,0.0,7000.0,0.0,0.0,4940.0,2060.0,0.0,0.0
2486,2019-06-26,01:31:02,155.6875,155.78125,155.6875,155.78125,286,44542.8125,155.74409965034965,0.09375,0.0006019865738124963,155.8046287212375,155.83330548672205,-0.028676765484561884,1.0000000000000013,0.00751953125,-0.8821049080789342,0.24337011979308618,0.007519531249999991,-1,2486,-0.47435332195265445,0.2870720818079534,0.0867152307844475,-3.3070044587490277,0.0,-3.3070044587490277,-0.10876083791347785,-0.4674205891246751,-1.0,0.4117079066437459,0.1246358248357925,0.0,-1.0,0.0,0.0,427.0,-93.75,0,0,0.0,0.0,0.0,7000.0,-1.0,0.0,4940.0,2060.0,0.0,0.0
2487,2019-06-26,01:55:46,155.78125,155.78125,155.65625,155.6875,285,44375.875,155.7048245614035,-0.09375,-0.0006019865738124963,155.77860011651808,155.8288191640537,-0.05021904753562012,1.0000000000000009,0.008105468749999999,-1.8043257366816654,-0.03763789885846771,0.008105468749999992,0,2487,-0.3532761728855807,0.4117079066437459,0.09003037681804954,-5.578011479071368,0.0,-5.578011479071368,-0.3707839783396907,-0.4674205891246751,-1.0,0.48675696438052535,0.07504905773677945,1.0,-1.0,0.0,0.0,427.0,-187.5,0,0,1.0,0.0,-0.0,7000.0,0.0,1.0,4942.5,2057.5,-2.5,0.0
2488,2019-06-26,02:35:21,155.6875,155.71875,155.625,155.6875,285,44368.0625,155.67741228070176,0.0,0.0,155.75835564618075,155.82447088208284,-0.0661152359020889,1.000000000000001,0.0048828125,0.1999999999999993,0.0,0.004882812499999995,0,2488,-0.2734950965523179,0.48675696438052535,0.06987712429686839,-9.461642356832352,0.0,-9.461642356832352,-0.8188676477167702,-0.4674205891246751,-1.0,0.6130807770302892,0.12632381264976383,1.0,-1.0,1.0,1.0,428.0,0.0,0,0,1.0,1.0,0.0,7000.0,0.0,0.0,4942.5,2057.5,0.0,0.0
2489,2019-06-26,04:03:29,155.6875,155.71875,155.65625,155.71875,285,44372.46875,155.69287280701755,0.03125,0.0002007024592787232,155.74955439147394,155.8212179318649,-0.071663540390972,1.0000000000000029,0.002734375,0.5357142857142883,-1.0885117692152515,0.0027343749999999925,-1,2489,-0.12511508572368893,0.6130807770302892,0.052291251658379646,-13.704690195436918,0.0,-13.704690195436918,-1.3084199519152928,-0.4674205891246751,-2.0,0.6663471574203994,0.053266380390110224,1.0,-1.0,1.0,0.0,428.0,31.25,0,0,1.0,1.0,31.25,7031.25,-1.0,0.0,4942.5,2088.75,31.25,31.25
2490,2019-06-26,05:43:58,155.71875,155.71875,155.625,155.6875,286,44520.40625,155.66575611888112,-0.03125,-0.0002007024592787232,155.73576452670198,155.81710353396141,-0.08133900725943022,1.0000000000000016,0.00126953125,-0.1775147928994123,-0.4047960089109363,0.001269531249999998,0,2490,-0.056069671319432135,0.6663471574203994,0.035630482034348036,-22.828489151793917,0.0,-20.0,-2.034757136339064,-0.4674205891246751,-3.0,0.732251096981711,0.06590393956131158,2.0,-1.0,1.0,0.0,428.0,0.0,0,0,2.0,1.0,-31.25,7000.0,-1.0,1.0,4945.0,2055.0,-33.75,31.25
2491,2019-06-26,06:21:03,155.6875,155.71875,155.625,155.71875,285,44369.46875,155.68234649122806,0.03125,0.0002007024592787232,155.7319835207682,155.814077271378,-0.08209375060980051,1.0000000000000016,0.0017578124999999998,-2.407407407407407,-0.1656346649999846,0.001757812499999997,-1,2491,0.03621542612260595,0.732251096981711,0.04192627457812102,-19.580502068419083,0.0,-19.580502068419083,-1.9863565085772303,-0.4674205891246751,-2.0,0.8059499859982318,0.07369888901652077,3.0,-1.0,2.0,0.0,428.0,31.25,0,0,3.0,2.0,62.5,7062.5,1.0,1.0,4947.5,2115.0,60.0,60.0
2492,2019-06-26,06:40:09,155.71875,155.78125,155.6875,155.78125,285,44384.78125,155.7360745614035,0.0625,0.0004012841145337731,155.74293162726417,155.81306720148947,-0.07013557422530425,1.0000000000000027,0.001953125,-1.750000000000001,0.8838834764831844,0.0019531249999999948,-1,2492,0.15129706014844274,0.8059499859982318,0.04419417382415916,-15.869868843880045,0.0,-15.869868843880045,-1.5582328780630625,-0.4674205891246751,-2.0,0.8939412534176555,0.08799126741942376,2.0,-1.0,3.0,0.0,428.0,93.75,0,0,2.0,3.0,187.5,7250.0,0.0,1.0,4950.0,2300.0,185.0,185.0
2493,2019-06-26,06:52:53,155.78125,155.875,155.75,155.75,285,44408.25,155.81842105263158,-0.03125,-0.00020062192864944706,155.74450237676103,155.8111266722129,-0.06662429545187365,1.0000000000000013,0.007031249999999999,1.238425925925925,-0.9989840732811562,0.00703124999999999,0,2493,0.31519786812205985,0.8939412534176555,0.08385254915624206,-7.945410857782381,0.0,-7.945410857782381,-0.6439286292817555,-0.4674205891246751,-1.0,0.9355938892381961,0.04165263582054057,2.0,-1.0,2.0,0.0,428.0,62.5,0,0,2.0,2.0,-62.5,7187.5,1.0,0.0,4950.0,2237.5,-62.5,185.0
2494,2019-06-26,07:06:56,155.71875,155.75,155.6875,155.71875,286,44536.9375,155.72355769230768,-0.03125,-0.00020066218588432605,155.7387796263697,155.80828431306793,-0.06950468669822385,1.0000000000000009,0.0095703125,0.0020824656393199823,-0.606280821887698,0.009570312499999992,0,2494,0.4119009350926419,0.9355938892381961,0.09782797401561576,-7.104786478265326,0.0,-7.104786478265326,-0.5469394795922792,-0.4674205891246751,-1.0,0.9395707665222905,0.00397687728409446,1.0,-1.0,2.0,0.0,428.0,31.25,0,0,1.0,2.0,-62.5,7125.0,0.0,1.0,4952.5,2172.5,-65.0,-62.5
2495,2019-06-26,07:16:47,155.71875,155.75,155.5625,155.5625,285,44366.09375,155.6705043859649,-0.15625,-0.0010039153538672352,155.69960637606533,155.80072171881972,-0.10111534275438316,1.0000000000000018,0.008007812500000001,1.6686496133254007,0.3321802626221164,0.008007812499999987,0,2495,0.4222954952719103,0.9395707665222905,0.08948638164547713,-11.299522999485788,0.0,-11.299522999485788,-1.0309177441749693,-0.4674205891246751,-1.0,0.9588384707024631,0.01926770418017254,1.0,-1.0,1.0,0.0,428.0,-125.0,0,0,1.0,1.0,-156.25,6968.75,0.0,0.0,4952.5,2016.25,-156.25,-65.0
2496,2019-06-26,07:32:08,155.59375,155.75,155.5625,155.65625,285,44366.09375,155.6705043859649,0.09375,0.0006024701457461035,155.6899716258286,155.79627643516375,-0.10630480933514264,1.000000000000001,0.008984375,-0.13941398865784294,-0.22576614034747036,0.008984374999999989,-1,2496,0.4772167392068627,0.9588384707024631,0.09478594305064432,-11.215250480584844,0.0,-11.215250480584844,-1.0211945905887163,-0.4674205891246751,-1.0,0.9396845687728591,-0.019153901929603978,-1.0,-1.0,1.0,0.0,428.0,-31.25,0,0,-1.0,1.0,93.75,7062.5,0.0,2.0,4957.5,2105.0,88.75,88.75
2497,2019-06-26,07:56:24,155.65625,155.65625,155.59375,155.59375,286,44511.1875,155.63352272727272,-0.0625,-0.00040160643110098704,155.66858904231114,155.79004485254333,-0.12145581023219165,1.0000000000000007,0.01171875,-1.0208333333333321,-0.7818284895276181,0.011718749999999993,0,2497,0.42259692555239,0.9396845687728591,0.1082531754730548,-11.219607157151996,0.0,-11.219607157151996,-1.021697253092941,-0.4674205891246751,-1.0,0.9409946843643453,0.001310115591486194,1.0,-1.0,-1.0,1.0,429.0,-62.5,0,0,1.0,-1.0,62.5,7125.0,0.0,2.0,4962.5,2162.5,57.5,88.75
2498,2019-06-26,08:14:00,155.59375,155.6875,155.59375,155.625,285,44356.21875,155.6358552631579,0.03125,0.00020082337651583515,155.65890258846423,155.78496654938814,-0.12606396092391492,1.0000000000000009,0.007617187500000001,-2.6923076923076916,-0.33969551717255164,0.0076171874999999955,-1,2498,0.42608369730343615,0.9409946843643453,0.08727650027355585,-14.444204399670618,0.0,-14.444204399670618,-1.39374326111211,-0.4674205891246751,-2.0,0.938862133639175,-0.002132550725170268,-1.0,-1.0,1.0,1.0,430.0,31.25,0,0,-1.0,1.0,31.25,7156.25,-1.0,2.0,4967.5,2188.75,26.25,57.5
2499,2019-06-26,08:32:07,155.625,155.71875,155.5625,155.71875,285,44357.4375,155.64013157894738,0.09375,0.0006022282627062836,155.67220201324997,155.78292911709931,-0.11072710384934226,1.0000000000000016,0.00830078125,-1.5986159169550167,0.6052891240323842,0.008300781249999988,-1,2499,0.420423636081635,0.938862133639175,0.09110862335695775,-12.153306654137507,0.0,-12.153306654137507,-1.1294251782931868,-0.4674205891246751,-2.0,0.9383750033502669,-0.00048713028890812193,-2.0,-1.0,-1.0,1.0,431.0,93.75,0,0,-2.0,-1.0,-93.75,7062.5,0.0,1.0,4970.0,2092.5,-96.25,26.25
2500,2019-06-26,09:03:34,155.71875,155.71875,155.5625,155.625,286,44510.78125,155.63210227272728,-0.09375,-0.0006022282627062836,155.6617126769722,155.77806975965012,-0.11635708267792211,1.0000000000000013,0.008984375000000001,-1.8407372400756152,0.7633045697462097,0.008984374999999987,0,2500,0.4191419328473412,0.9383750033502669,0.09478594305064432,-12.275774121459369,0.0,-12.275774121459369,-1.143555170010766,-0.4674205891246751,-2.0,0.9176974095318804,-0.02067759381838652,-2.0,-1.0,-2.0,0.0,431.0,0.0,0,0,-2.0,-2.0,187.5,7250.0,0.0,0.0,4970.0,2280.0,187.5,187.5
2501,2019-06-26,09:07:16,155.625,155.625,155.5,155.5,285,44326.34375,155.5310307017544,-0.125,-0.0008035355996831584,155.62577652653394,155.7695137670455,-0.14373724051156955,1.000000000000002,0.007617187500000001,2.0414201183432006,1.4964964675439438,0.007617187499999985,0,2501,0.3679906204685885,0.9176974095318804,0.0872765002735558,-16.469180141394943,0.0,-16.469180141394943,-1.6273799246650906,-0.4674205891246751,-2.0,0.8526156103763428,-0.06508179915553758,-2.0,-1.0,-2.0,0.0,431.0,-125.0,0,0,-2.0,-2.0,250.0,7500.0,0.0,0.0,4970.0,2530.0,250.0,250.0
2502,2019-06-26,09:08:55,155.5,155.5,155.40625,155.40625,286,44460.4375,155.45607517482517,-0.09375,-0.0006030757042765345,155.57699285397086,155.7583364203672,-0.18134356639632188,1.0000000000000067,0.0026367187499999993,-1.687242798353914,0.5184205276797867,0.002636718749999982,0,2502,0.23339967039322054,0.8526156103763428,0.051348989766109146,-35.315897590649485,0.0,-20.0,-2.034757136339064,-0.4674205891246751,-3.0,0.7760848169729939,-0.0765307934033489,-2.0,-1.0,-2.0,0.0,431.0,-218.75,0,0,-2.0,-2.0,187.5,7687.5,-1.0,0.0,4970.0,2717.5,187.5,250.0
2503,2019-06-26,09:10:56,155.40625,155.4375,155.34375,155.375,286,44439.78125,155.38385052447552,-0.03125,-0.00020110608413670406,155.53210555308848,155.7465414535867,-0.21443590049821637,1.0000000000000016,0.00732421875,-0.13333333333333405,0.6085806194501847,0.007324218749999989,0,2503,0.1028531190280414,0.7760848169729939,0.08558164961018214,-25.056294366252054,0.0,-20.0,-2.034757136339064,-0.4674205891246751,-3.0,0.6548776654891777,-0.12120715148381622,-3.0,-1.0,-2.0,0.0,431.0,-250.0,0,0,-3.0,-2.0,62.5,7750.0,0.0,1.0,4972.5,2777.5,60.0,187.5
2504,2019-06-26,09:14:43,155.375,155.4375,155.3125,155.375,286,44436.6875,155.37303321678323,0.0,0.0,155.4971932079577,155.73510940886098,-0.23791620090327115,1.0000000000000018,0.0046875,1.7447916666666667,0.846307423922913,0.004687499999999992,0,2504,-0.0713168364030283,0.6548776654891777,0.0684653196881457,-34.74988534150739,0.0,-20.0,-2.034757136339064,-0.4674205891246751,-3.0,0.5679468728041368,-0.08693079268504089,-3.0,-1.0,-3.0,0.0,431.0,-250.0,0,0,-3.0,-3.0,-0.0,7750.0,0.0,0.0,4972.5,2777.5,-0.0,60.0
2505,2019-06-26,09:18:02,155.375,155.46875,155.3125,155.46875,286,44437.8125,155.37696678321677,0.09375,0.0006031969620909905,155.49087249507824,155.7269137347422,-0.23604123966396173,1.000000000000002,0.0029296875,3.666666666666669,1.9245008972987523,0.0029296874999999944,-1,2505,-0.18039591042855996,0.5679468728041368,0.054126587736527364,-43.60911144314925,0.0,-20.0,-2.034757136339064,-0.4674205891246751,-3.0,0.5100782496278696,-0.057868623176267175,-3.0,-1.0,-3.0,0.0,431.0,-156.25,0,0,-3.0,-3.0,-281.25,7468.75,0.0,0.0,4972.5,2496.25,-281.25,-0.0
2506,2019-06-26,09:26:25,155.46875,155.53125,155.4375,155.4375,285,44311.625,155.47938596491227,-0.03125,-0.00020102522934273281,155.4790119406164,155.71800869675016,-0.23899675613375848,1.000000000000002,0.0029296875,3.666666666666669,1.9245008972987523,0.0029296874999999944,0,2506,-0.2475225534215534,0.5100782496278696,0.054126587736527364,-44.155149276567336,0.0,-20.0,-2.034757136339064,-0.4674205891246751,-3.0,0.47928030901652585,-0.030797940611343777,-3.0,-1.0,-3.0,0.0,431.0,-187.5,0,0,-3.0,-3.0,93.75,7562.5,0.0,0.0,4972.5,2590.0,93.75,93.75
2507,2019-06-26,09:36:13,155.4375,155.46875,155.40625,155.40625,286,44457.125,155.444493006993,-0.03125,-0.00020106564861155363,155.46284262047945,155.70841612146558,-0.24557350098612574,1.000000000000002,0.0029296875,3.666666666666669,1.9245008972987523,0.0029296874999999944,0,2507,-0.28169831428346265,0.47928030901652585,0.054126587736527364,-45.37021660805717,0.0,-20.0,-2.034757136339064,-0.4674205891246751,-3.0,0.526801898288887,0.047521589272361164,3.0,-1.0,-3.0,0.0,431.0,-218.75,0,0,3.0,-3.0,93.75,7656.25,0.0,6.0,4987.5,2668.75,78.75,93.75
2508,2019-06-26,09:44:29,155.40625,155.4375,155.375,155.375,286,44443.59375,155.39718094405595,-0.03125,-0.00020110608413670406,155.44332203815068,155.69815716388203,-0.25483512573134703,1.0000000000000102,0.00078125,0.3125000000000024,1.2577882373436315,0.000781249999999992,0,2508,-0.2285271505804783,0.526801898288887,0.027950849718747228,-91.1725862704001,0.0,-20.0,-2.034757136339064,-0.4674205891246751,-3.0,0.6228637766545049,0.09606187836561786,3.0,-1.0,3.0,1.0,432.0,-31.25,0,0,3.0,3.0,-93.75,7562.5,0.0,0.0,4987.5,2575.0,-93.75,78.75
2509,2019-06-26,10:01:25,155.34375,155.40625,155.3125,155.375,286,44433.34375,155.36134178321677,0.0,0.0,155.4281393630061,155.68821386653184,-0.26007450352574324,1.0000000000000058,0.0009765625,-3.0,0.0,0.0009765624999999945,0,2509,-0.11275986790849336,0.6228637766545049,0.03124999999999991,-83.22384112823809,0.0,-20.0,-2.034757136339064,-0.4674205891246751,-3.0,0.7095326940385782,0.08666891738407334,3.0,-1.0,3.0,0.0,432.0,-31.25,0,0,3.0,3.0,0.0,7562.5,0.0,0.0,4987.5,2575.0,0.0,0.0
2510,2019-06-26,10:30:12,155.375,155.40625,155.375,155.40625,286,44442.3125,155.39270104895104,0.03125,0.00020110608413670406,155.42327506011586,155.67953805525394,-0.25626299513808704,1.000000000000004,0.0016601562499999997,-1.4878892733564004,-0.5413870509510851,0.0016601562499999932,-1,2510,0.0034366642043402373,0.7095326940385782,0.04074501503251647,-62.894318466584664,0.0,-20.0,-2.034757136339064,-0.4674205891246751,-3.0,0.8260235517566193,0.11649085771804113,3.0,-1.0,3.0,0.0,432.0,0.0,0,0,3.0,3.0,93.75,7656.25,0.0,0.0,4987.5,2668.75,93.75,93.75
2511,2019-06-26,10:49:11,155.40625,155.46875,155.40625,155.4375,285,44298.78125,155.4343201754386,0.03125,0.00020106564861155363,155.4264361578679,155.6720907304769,-0.24565457260899848,1.0000000000000027,0.0016601562499999997,2.6643598615916986,-1.7143923280117699,0.0016601562499999956,-1,2511,0.18553629851088685,0.8260235517566193,0.0407450150325165,-60.29070609323722,0.0,-20.0,-2.034757136339064,-0.4674205891246751,-3.0,0.8595798249247291,0.03355627316810972,3.0,-1.0,3.0,0.0,432.0,31.25,0,0,3.0,3.0,93.75,7750.0,0.0,0.0,4987.5,2762.5,93.75,93.75
2512,2019-06-26,11:07:54,155.4375,155.46875,155.375,155.375,286,44453.90625,155.43323863636363,-0.0625,-0.0004021717327482577,155.41500590056395,155.66294947723148,-0.24794357666752376,1.0000000000000018,0.0017578124999999998,5.000000000000003,-2.2360679774997907,0.0017578124999999968,0,2512,0.2464821031544964,0.8595798249247291,0.041926274578121016,-59.13799381472154,0.0,-20.0,-2.034757136339064,-0.4674205891246751,-3.0,0.913156333076225,0.05357650815149595,3.0,-1.0,3.0,0.0,432.0,-31.25,0,0,3.0,3.0,-187.5,7562.5,0.0,0.0,4987.5,2575.0,-187.5,93.75
2513,2019-06-26,11:17:05,155.375,155.40625,155.34375,155.40625,286,44438.125,155.37805944055944,0.03125,0.00020110608413670406,155.41306014488308,155.6550510317782,-0.24199088689513815,1.000000000000003,0.001953125,-1.750000000000001,-0.8838834764831844,0.0019531249999999944,-1,2513,0.35747558791446726,0.913156333076225,0.044194173824159154,-54.75628707484777,0.0,-20.0,-2.034757136339064,-0.4674205891246751,-3.0,0.9511819594687412,0.038025626392516165,3.0,-1.0,3.0,0.0,432.0,0.0,0,0,3.0,3.0,93.75,7656.25,0.0,0.0,4987.5,2668.75,93.75,93.75
2514,2019-06-26,11:26:46,155.4375,155.5,155.4375,155.4375,286,44460.28125,155.45552884615384,0.03125,0.00020106564861155363,155.41849122379796,155.64835715387736,-0.2298659300793986,1.000000000000003,0.001953125,-1.750000000000001,-0.8838834764831844,0.0019531249999999944,-1,2514,0.4543523860528675,0.9511819594687412,0.044194173824159154,-52.012722535326645,0.0,-20.0,-2.034757136339064,-0.4674205891246751,-3.0,0.9763289128268446,0.025146953358103463,3.0,-1.0,3.0,0.0,432.0,31.25,0,0,3.0,3.0,93.75,7750.0,0.0,0.0,4987.5,2762.5,93.75,93.75
2515,2019-06-26,11:54:19,155.4375,155.46875,155.375,155.40625,285,44295.28125,155.4220394736842,-0.03125,-0.00020106564861155363,155.41577095184286,155.6409077029888,-0.22513675114595344,1.0000000000000038,0.001171875,-3.3333333333333326,-0.6085806194501847,0.0011718749999999956,0,2515,0.5374278684594176,0.9763289128268446,0.03423265984407282,-65.7666544672352,0.0,-20.0,-2.034757136339064,-0.4674205891246751,-3.0,0.9929317236208933,0.016602810794048684,3.0,-1.0,3.0,0.0,432.0,0.0,0,0,3.0,3.0,-93.75,7656.25,0.0,0.0,4987.5,2668.75,-93.75,93.75
2516,2019-06-26,12:05:25,155.40625,155.46875,155.375,155.4375,286,44451.71875,155.42559003496504,0.03125,0.00020106564861155363,155.42059962921113,155.63464900443535,-0.21404937522422074,1.0000000000000009,0.0027343750000000003,-0.6122448979591854,0.5122408325718829,0.002734374999999998,-1,2516,0.6181844074660952,0.9929317236208933,0.0522912516583797,-40.93406993250261,0.0,-20.0,-2.034757136339064,-0.4674205891246751,-3.0,0.9953662050352443,0.0024344814143509863,3.0,-1.0,3.0,0.0,432.0,31.25,0,0,3.0,3.0,93.75,7750.0,0.0,0.0,4987.5,2762.5,93.75,93.75
2517,2019-06-26,12:12:00,155.4375,155.4375,155.40625,155.40625,286,44450.90625,155.42274912587413,-0.03125,-0.00020106564861155363,155.4174108227198,155.62762134276042,-0.21021052004061858,1.0000000000000013,0.003125,0.31250000000000117,1.257788237343631,0.003124999999999996,0,2517,0.7718232734103883,0.9953662050352443,0.055901699437494706,-37.603600991712426,0.0,-20.0,-2.034757136339064,-0.4674205891246751,-3.0,0.985107000685943,-0.010259204349301276,-3.0,-1.0,3.0,0.0,432.0,0.0,0,0,-3.0,3.0,-93.75,7656.25,0.0,6.0,5002.5,2653.75,-108.75,93.75
2518,2019-06-26,12:20:00,155.40625,155.5,155.40625,155.5,286,44452.46875,155.4282124125874,0.09375,0.0006030757042765345,155.43576397322653,155.62369453221396,-0.18793055898743205,1.0000000000000009,0.0027343750000000003,-0.6122448979591854,0.5122408325718829,0.002734374999999998,-1,2518,0.8181574944221285,0.985107000685943,0.0522912516583797,-35.9391969071974,0.0,-20.0,-2.034757136339064,-0.4674205891246751,-3.0,0.9331406515228925,-0.05196634916305054,-3.0,-1.0,-3.0,1.0,433.0,93.75,0,0,-3.0,-3.0,-281.25,7375.0,0.0,0.0,5002.5,2372.5,-281.25,-108.75
2519,2019-06-26,12:22:04,155.5,155.53125,155.46875,155.46875,285,44319.59375,155.50734649122808,-0.03125,-0.000200984826322248,155.44309420139842,155.61892700814587,-0.17583280674745083,1.0000000000000013,0.00390625,-0.1875000000000012,0.9375000000000003,0.003906249999999995,0,2519,0.9140431078035616,0.9331406515228925,0.06249999999999996,-28.13324907959215,0.0,-20.0,-2.034757136339064,-0.4674205891246751,-3.0,0.8307756249377042,-0.10236502658518831,-3.0,-1.0,-3.0,0.0,433.0,62.5,0,0,-3.0,-3.0,93.75,7468.75,0.0,0.0,5002.5,2466.25,93.75,93.75
2520,2019-06-26,12:24:22,155.46875,155.53125,155.46875,155.5,286,44471.9375,155.49628496503496,0.03125,0.000200984826322248,155.455739934421,155.61526771558755,-0.15952778116655963,1.0000000000000007,0.00419921875,-1.963223363980531,-0.23551393640880577,0.004199218749999998,-1,2520,0.9810279852281714,0.8307756249377042,0.06480137922914911,-24.61796076939061,0.0,-20.0,-2.034757136339064,-0.4674205891246751,-3.0,0.6817037982642783,-0.1490718266734259,3.0,-1.0,-3.0,0.0,433.0,93.75,0,0,3.0,-3.0,-93.75,7375.0,0.0,6.0,5017.5,2357.5,-108.75,93.75
2521,2019-06-26,12:30:00,155.5,155.53125,155.4375,155.4375,286,44467.09375,155.4793487762238,-0.0625,-0.0004020100556649808,155.45168661566078,155.60979793972334,-0.1581113240625598,1.0000000000000007,0.00322265625,-2.2314049586776847,-0.5671631517317617,0.0032226562499999972,0,2521,0.9993766924224842,0.6817037982642783,0.056768444139327946,-27.851974183844806,0.0,-20.0,-2.034757136339064,-0.4674205891246751,-3.0,0.6109532441525068,-0.07075055411177145,-3.0,1.0,3.0,1.0,434.0,-62.5,0,0,-3.0,3.0,-187.5,7187.5,0.0,6.0,5032.5,2155.0,-202.5,-108.75
2522,2019-06-26,12:35:51,155.4375,155.53125,155.40625,155.5,285,44314.96875,155.49111842105262,0.0625,0.0004020100556649808,155.46242292329174,155.60641954157802,-0.1439966182862804,0.9999999999999996,0.0029296875,3.6666666666666643,-1.924500897298752,0.002929687500000001,-1,2522,0.9918020603481712,0.6109532441525068,0.054126587736527426,-26.603675625593525,0.0,-20.0,-2.034757136339064,-0.4674205891246751,-3.0,0.3548993832852925,-0.2560538608672143,-3.0,1.0,-3.0,1.0,435.0,62.5,0,0,-3.0,-3.0,-187.5,7000.0,0.0,0.0,5032.5,1967.5,-187.5,-187.5
2523,2019-06-26,12:41:04,155.5,155.5625,155.46875,155.5625,286,44481.65625,155.5302666083916,0.0625,0.00040184850852220677,155.48466227367135,155.60506817106796,-0.12040589739660845,1.0000000000000007,0.0046875,-3.3333333333333326,-0.6085806194501847,0.004687499999999997,-1,2523,0.9120290736420621,0.3548993832852925,0.06846531968814575,-17.586406949540006,0.0,-17.586406949540006,-1.7562827744664853,-0.4674205891246751,-2.0,0.28549141398344774,-0.06940796930184479,-3.0,1.0,-3.0,0.0,435.0,125.0,0,0,-3.0,-3.0,-187.5,6812.5,1.0,0.0,5032.5,1780.0,-187.5,-187.5
2524,2019-06-26,12:45:02,155.5625,155.625,155.5625,155.625,285,44343.03125,155.58958333333334,0.0625,0.0004016870911609516,155.51584843507771,155.60568145811203,-0.08983302303431628,0.9999999999999993,0.003125,4.999999999999997,-2.236067977499789,0.003125000000000002,-1,2524,0.8795508075104449,0.28549141398344774,0.05590169943749476,-16.069819690322845,0.0,-16.069819690322845,-1.5813027093084038,-0.4674205891246751,-2.0,0.21600683971195378,-0.06948457427149396,-2.0,1.0,-3.0,0.0,435.0,187.5,0,0,-2.0,-3.0,-187.5,6625.0,0.0,1.0,5035.0,1590.0,-190.0,-187.5
2525,2019-06-26,12:52:51,155.65625,155.65625,155.53125,155.5625,286,44495.84375,155.57987325174824,-0.0625,-0.0004016870911609516,155.5262154495049,155.60435279786245,-0.07813734835755781,0.9999999999999993,0.003125,4.999999999999997,-2.236067977499789,0.003125000000000002,0,2525,0.8431531995366681,0.21600683971195378,0.05590169943749476,-13.977633800726462,0.0,-13.977633800726462,-1.339911506092465,-0.4674205891246751,-2.0,0.15261001922176734,-0.06339682049018644,-2.0,1.0,-2.0,0.0,435.0,125.0,0,0,-2.0,-2.0,125.0,6750.0,0.0,0.0,5035.0,1715.0,125.0,125.0
2526,2019-06-26,13:01:14,155.5625,155.625,155.5625,155.625,285,44347.03125,155.60361842105263,0.0625,0.0004016870911609516,155.54816757183715,155.60498809638977,-0.0568205245526201,1.0000000000000009,0.0060546875,-2.8043704474505726,-0.6995781251731443,0.006054687499999996,-1,2526,0.8067356567704164,0.15261001922176734,0.07781187248742955,-7.302294975846959,0.0,-7.302294975846959,-0.5697275187018442,-0.4674205891246751,-1.0,0.09923735056584333,-0.05337266865592401,-2.0,1.0,-2.0,0.0,435.0,187.5,0,0,-2.0,-2.0,-125.0,6625.0,1.0,0.0,5035.0,1590.0,-125.0,125.0
2527,2019-06-26,13:11:05,155.625,155.71875,155.625,155.6875,286,44523.46875,155.67646416083917,0.0625,0.0004015258034275604,155.57913033365114,155.60752692419317,-0.028396590542030253,1.0000000000000009,0.0060546875,-2.8043704474505726,-0.6995781251731443,0.006054687499999996,-1,2527,0.7737877578945667,0.09923735056584333,0.07781187248742955,-3.649390463726175,0.0,-3.649390463726175,-0.14826448341491866,-0.4674205891246751,-1.0,0.1916265243472087,0.09238917378136537,-1.0,1.0,-2.0,0.0,435.0,250.0,0,0,-1.0,-2.0,-125.0,6500.0,0.0,1.0,5037.5,1462.5,-127.5,-125.0
2528,2019-06-26,13:17:03,155.6875,155.6875,155.59375,155.59375,285,44359.28125,155.64660087719298,-0.09375,-0.0006023491799433955,155.58237914839535,155.6071030188334,-0.024723870438066342,1.0000000000000007,0.00732421875,-3.3333333333333335,-0.6085806194501847,0.007324218749999995,0,2528,0.8295030355534232,0.1916265243472087,0.08558164961018218,-2.888921930189669,0.0,-2.888921930189669,-0.0605235158311771,-0.4674205891246751,-1.0,-0.024421377609618388,-0.21604790195682708,-1.0,1.0,-1.0,0.0,435.0,156.25,0,0,-1.0,-1.0,93.75,6593.75,0.0,0.0,5037.5,1556.25,93.75,93.75
2529,2019-06-26,13:25:51,155.59375,155.65625,155.5625,155.65625,285,44351.9375,155.62083333333334,0.0625,0.00040160643110098704,155.59879489319638,155.60861523363857,-0.00982034044218949,1.0000000000000013,0.006542968749999999,-3.2145243929605685,0.5016571985664501,0.00654296874999999,-1,2529,0.6896273674792239,-0.024421377609618388,0.08088861940965485,-1.2140571212440963,0.0,-1.2140571212440963,0.13271821926789729,-0.4674205891246751,-0.0,-0.23403358276907169,-0.2096122051594533,-1.0,1.0,-1.0,0.0,435.0,218.75,0,0,-1.0,-1.0,-62.5,6531.25,1.0,0.0,5037.5,1493.75,-62.5,93.75
2530,2019-06-26,13:32:13,155.65625,155.65625,155.5625,155.5625,286,44506.4375,155.61691433566435,-0.09375,-0.0006024701457461035,155.59072936137497,155.6071963033728,-0.01646694199783383,1.0000000000000013,0.006542968749999999,-3.2145243929605685,0.5016571985664501,0.00654296874999999,0,2530,0.5219826412387687,-0.23403358276907169,0.08088861940965485,-2.0357551059733305,0.0,-2.0357551059733305,0.037912749925893885,-0.4674205891246751,-0.0,-0.46209525798061074,-0.22806167521153906,-0.0,1.0,-1.0,0.0,435.0,125.0,0,0,-0.0,-1.0,93.75,6625.0,0.0,1.0,5040.0,1585.0,91.25,91.25
2531,2019-06-26,13:40:51,155.5625,155.5625,155.46875,155.5,285,44325.75,155.52894736842106,-0.0625,-0.00040184850852220677,155.57056728106943,155.60389795557674,-0.03333067450731164,1.0000000000000013,0.006542968749999999,-3.2145243929605685,0.5016571985664501,0.00654296874999999,0,2531,0.30033302505218673,-0.46209525798061074,0.08088861940965485,-4.120564147412472,0.0,-4.120564147412472,-0.20262733090102958,-0.4674205891246751,-1.0,-0.610686398922344,-0.14859114094173326,-0.0,1.0,-0.0,0.0,435.0,62.5,0,0,-0.0,-0.0,0.0,6625.0,-1.0,0.0,5040.0,1585.0,0.0,91.25
2532,2019-06-26,13:46:35,155.5,155.5625,155.46875,155.5625,286,44479.46875,155.522618006993,0.0625,0.00040184850852220677,155.5687745519429,155.60262417232823,-0.03384962038532535,1.0000000000000033,0.004199218749999999,3.877771768523535,1.917756339328849,0.004199218749999985,-1,2532,0.12811795015834107,-0.610686398922344,0.06480137922914901,-5.2235956684852605,0.0,-5.2235956684852605,-0.32989236379360587,-0.4674205891246751,-1.0,-0.7859824713624566,-0.17529607244011258,-1.0,1.0,-0.0,0.0,435.0,125.0,0,0,-1.0,-0.0,-0.0,6625.0,0.0,1.0,5042.5,1582.5,-2.5,0.0
2533,2019-06-26,13:56:52,155.53125,155.5625,155.46875,155.46875,286,44473.96875,155.50338723776224,-0.09375,-0.0006028333348444548,155.54654687373338,155.59850496702586,-0.05195809329248391,1.0000000000000029,0.00390625,-0.1875,0.9375000000000006,0.0039062499999999887,0,2533,-0.11860563017296574,-0.7859824713624566,0.06249999999999991,-8.313294926797438,0.0,-8.313294926797438,-0.6863741779804191,-0.4674205891246751,-1.0,-0.9170038692010101,-0.1310213978385535,-1.0,1.0,-1.0,1.0,436.0,-93.75,0,0,-1.0,-1.0,93.75,6718.75,0.0,0.0,5042.5,1676.25,93.75,93.75
2534,2019-06-26,14:03:23,155.46875,155.5,155.375,155.40625,285,44298.65625,155.43388157894736,-0.0625,-0.00040209087795428644,155.51536979068152,155.59258942957894,-0.07721963889741801,1.0000000000000018,0.00419921875,-1.9632233639805285,-0.235513936408806,0.004199218749999993,0,2534,-0.3663700984717803,-0.9170038692010101,0.06480137922914907,-11.916357308438727,0.0,-11.916357308438727,-1.102086552244766,-0.4674205891246751,-2.0,-0.9940830387368463,-0.07707916953583627,-1.0,1.0,-1.0,0.0,436.0,-156.25,0,0,-1.0,-1.0,62.5,6781.25,-1.0,0.0,5042.5,1738.75,62.5,93.75
2535,2019-06-26,14:08:35,155.40625,155.46875,155.375,155.40625,286,44447.125,155.40952797202797,0.0,0.0,155.49112094830787,155.58685590866884,-0.0957349603609714,1.0000000000000044,0.00244140625,-1.1999999999999993,0.0,0.002441406249999989,0,2535,-0.6261149411831272,-0.9940830387368463,0.04941058844013082,-19.375393692582776,0.0,-19.375393692582776,-1.9626916144208395,-0.4674205891246751,-2.0,-0.9740619813827929,0.020021057354053462,-2.0,1.0,-1.0,0.0,436.0,-156.25,0,0,-2.0,-1.0,-0.0,6781.25,0.0,1.0,5045.0,1736.25,-2.5,62.5
2536,2019-06-26,14:17:54,155.40625,155.5,155.40625,155.4375,286,44453.09375,155.43039772727272,0.03125,0.00020106564861155363,155.47920518201724,155.58226034224828,-0.10305516023103678,1.0000000000000044,0.00244140625,-1.1999999999999993,0.0,0.002441406249999989,-1,2536,-0.8487709204143563,-0.9740619813827929,0.04941058844013082,-20.85689798167559,0.0,-20.0,-2.034757136339064,-0.4674205891246751,-3.0,-0.817595362764816,0.15646661861797684,-2.0,1.0,-2.0,0.0,436.0,-125.0,0,0,-2.0,-2.0,-62.5,6718.75,-1.0,0.0,5045.0,1673.75,-62.5,-2.5
2537,2019-06-26,14:22:23,155.4375,155.46875,155.375,155.40625,286,44447.5625,155.41105769230768,-0.03125,-0.00020106564861155363,155.46299291934676,155.57684463940987,-0.11385172006310995,1.0000000000000044,0.00244140625,-1.1999999999999993,0.0,0.002441406249999989,0,2537,-0.9852745099213722,-0.817595362764816,0.04941058844013082,-23.04196805934832,0.0,-20.0,-2.034757136339064,-0.4674205891246751,-3.0,-0.6127480583797991,0.20484730438501697,3.0,1.0,-2.0,0.0,436.0,-156.25,0,0,3.0,-2.0,62.5,6781.25,0.0,5.0,5057.5,1723.75,50.0,50.0
2538,2019-06-26,14:29:05,155.40625,155.40625,155.3125,155.3125,286,44425.90625,155.33533653846155,-0.09375,-0.0006034396240641726,155.42955004838083,155.56871095819727,-0.13916090981643947,1.000000000000003,0.003125,-2.3242187499999987,-0.052407843222650706,0.0031249999999999906,0,2538,-0.9920894636023716,-0.6127480583797991,0.05590169943749466,-24.893860332822154,0.0,-20.0,-2.034757136339064,-0.4674205891246751,-3.0,-0.2528214209342775,0.35992663744552156,3.0,-1.0,3.0,1.0,437.0,-93.75,0,0,3.0,3.0,-281.25,6500.0,0.0,0.0,5057.5,1442.5,-281.25,50.0
2539,2019-06-26,14:31:13,155.3125,155.3125,155.21875,155.25,286,44405.15625,155.2627840909091,-0.0625,-0.00040249547735982105,155.38965003762954,155.55890446717584,-0.16925442954629943,1.0000000000000044,0.00244140625,-1.1999999999999993,0.0,0.0024414062499999896,0,2539,-0.8629067165666044,-0.2528214209342775,0.04941058844013082,-34.25468809208363,0.0,-20.0,-2.034757136339064,-0.4674205891246751,-3.0,-0.011133446980514817,0.24168797395376268,3.0,-1.0,3.0,0.0,437.0,-156.25,0,0,3.0,3.0,-187.5,6312.5,0.0,0.0,5057.5,1255.0,-187.5,-187.5
2540,2019-06-26,14:38:01,155.25,155.3125,155.21875,155.28125,286,44409.5,155.27797202797203,0.03125,0.00020126798900577114,155.36556114037853,155.55036125280122,-0.18480011242269256,1.0000000000000047,0.00263671875,-1.6872427983539093,0.5184205276797864,0.0026367187499999885,-1,2540,-0.714935491456035,-0.011133446980514817,0.05134898976610921,-35.9890454056532,0.0,-20.0,-2.034757136339064,-0.4674205891246751,-3.0,0.3189387040392142,0.33007215101972903,3.0,-1.0,3.0,0.0,437.0,-125.0,0,0,3.0,3.0,93.75,6406.25,0.0,0.0,5057.5,1348.75,93.75,93.75
2541,2019-06-26,14:43:17,155.28125,155.3125,155.25,155.28125,286,44410.21875,155.28048513986013,0.0,0.0,155.34682533140554,155.54208090656118,-0.19525557515564174,1.0000000000000053,0.001953125,-1.7499999999999953,0.8838834764831853,0.0019531249999999898,0,2541,-0.4446546525134058,0.3189387040392142,0.044194173824159105,-44.18129320225095,0.0,-20.0,-2.034757136339064,-0.4674205891246751,-3.0,0.4923804386331124,0.17344173459389822,3.0,-1.0,3.0,0.0,437.0,-125.0,0,0,3.0,3.0,0.0,6406.25,0.0,0.0,5057.5,1348.75,0.0,93.75
2542,2019-06-26,14:46:37,155.28125,155.3125,155.1875,155.21875,286,44395.875,155.23033216783216,-0.0625,-0.0004025764949702193,155.31836414664878,155.5321322632824,-0.2137681166336165,1.0000000000000027,0.00224609375,-3.081285444234402,-0.31535587858059355,0.0022460937499999938,0,2542,-0.26728611781692907,0.4923804386331124,0.047392971525322125,-45.10544702169602,0.0,-20.0,-2.034757136339064,-0.4674205891246751,-3.0,0.6097211048949768,0.11734066626186435,3.0,-1.0,3.0,0.0,437.0,-187.5,0,0,3.0,3.0,-187.5,6218.75,0.0,0.0,5057.5,1161.25,-187.5,0.0
2543,2019-06-26,14:49:45,155.21875,155.21875,155.125,155.15625,286,44373.6875,155.1527534965035,-0.0625,-0.00040273862807715943,155.28233878072683,155.52056665518143,-0.23822787445459426,1.0000000000000053,0.0016601562499999997,-1.4878892733564004,0.5413870509510853,0.001660156249999991,0,2543,-0.12932624322833655,0.6097211048949768,0.04074501503251644,-58.46798050374437,0.0,-20.0,-2.034757136339064,-0.4674205891246751,-3.0,0.6322095847399778,0.02248847984500102,3.0,-1.0,3.0,0.0,437.0,-250.0,0,0,3.0,3.0,-187.5,6031.25,0.0,0.0,5057.5,973.75,-187.5,-187.5
2544,2019-06-26,14:52:38,155.15625,155.1875,155.125,155.1875,286,44378.15625,155.1683784965035,0.03125,0.00020138958883908487,155.26126349612088,155.51031845040663,-0.24905495428575364,1.0000000000000053,0.0016601562499999997,-1.4878892733564004,0.5413870509510853,0.001660156249999991,-1,2544,-0.10082482473618802,0.6322095847399778,0.04074501503251644,-61.12525767556989,0.0,-20.0,-2.034757136339064,-0.4674205891246751,-3.0,0.6497424607448602,0.017532876004882403,3.0,-1.0,3.0,0.0,437.0,-218.75,0,0,3.0,3.0,93.75,6125.0,0.0,0.0,5057.5,1067.5,93.75,93.75
2545,2019-06-26,14:56:46,155.1875,155.21875,155.15625,155.15625,287,44536.40625,155.17911585365854,-0.03125,-0.00020138958883908487,155.23792716364957,155.49942403654796,-0.2614968728983911,1.0000000000000029,0.0016601562499999997,-1.4878892733564004,-0.5413870509510851,0.001660156249999995,0,2545,-0.07807304160634283,0.6497424607448602,0.04074501503251649,-64.17886278596386,0.0,-20.0,-2.034757136339064,-0.4674205891246751,-3.0,0.6667447122103323,0.017002251465472074,3.0,-1.0,3.0,0.0,437.0,-250.0,0,0,3.0,3.0,-93.75,6031.25,0.0,0.0,5057.5,973.75,-93.75,93.75
2546,2019-06-26,15:02:42,155.15625,155.1875,155.09375,155.15625,286,44371.1875,155.14401223776224,0.0,0.0,155.21977668283856,155.48886483542344,-0.26908815258488517,1.0000000000000013,0.00078125,0.3125000000000024,-1.2577882373436315,0.000781249999999999,0,2546,-0.05553720383352357,0.6667447122103323,0.027950849718747353,-96.2719041791423,0.0,-20.0,-2.034757136339064,-0.4674205891246751,-3.0,0.6879645636077389,0.021219851397406675,3.0,-1.0,3.0,0.0,437.0,-250.0,0,0,3.0,3.0,0.0,6031.25,0.0,0.0,5057.5,973.75,0.0,0.0
2547,2019-06-26,15:11:11,155.15625,155.21875,155.125,155.1875,286,44379.3125,155.17242132867133,0.03125,0.00020138958883908487,155.21260408665222,155.47959207125658,-0.2669879846043557,1.0000000000000038,0.0009765625,-3.0,0.0,0.0009765624999999963,-1,2547,-0.026714293295327894,0.6879645636077389,0.03124999999999994,-85.43615507339398,0.0,-20.0,-2.034757136339064,-0.4674205891246751,-3.0,0.6624198032883543,-0.025544760319384685,-3.0,-1.0,3.0,0.0,437.0,-218.75,0,0,-3.0,3.0,93.75,6125.0,0.0,6.0,5072.5,1052.5,78.75,78.75
2548,2019-06-26,15:18:56,155.1875,155.25,155.15625,155.21875,286,44388.75,155.20541958041957,0.03125,0.00020134903923807457,155.21396984517398,155.47156616137178,-0.2575963161978052,1.0000000000000033,0.00068359375,-0.612244897959183,-0.5122408325718831,0.0006835937499999977,-1,2548,-0.061315372616086515,0.6624198032883543,0.026145625829189816,-98.52367576920513,0.0,-20.0,-2.034757136339064,-0.4674205891246751,-3.0,0.695465672535742,0.03304586924738773,3.0,-1.0,-3.0,1.0,438.0,31.25,0,0,3.0,-3.0,-93.75,6031.25,0.0,6.0,5087.5,943.75,-108.75,78.75
2549,2019-06-26,15:24:37,155.21875,155.21875,155.15625,155.1875,287,44542.1875,155.19925958188153,-0.03125,-0.00020134903923807457,155.20808765735754,155.4628256640988,-0.25473800674126323,1.0000000000000029,0.0016601562499999997,-1.4878892733564004,-0.5413870509510851,0.001660156249999995,0,2549,-0.016329675691417585,0.695465672535742,0.04074501503251649,-62.52004239978068,0.0,-20.0,-2.034757136339064,-0.4674205891246751,-3.0,0.6728940612783955,-0.022571611257346524,-3.0,-1.0,3.0,1.0,439.0,-31.25,0,0,-3.0,3.0,-93.75,5937.5,0.0,6.0,5102.5,835.0,-108.75,-108.75
2550,2019-06-26,15:30:00,155.1875,155.21875,155.1875,155.1875,286,44384.40625,155.19023164335664,0.0,0.0,155.2035126223892,155.4543541052035,-0.2508414828142804,1.0000000000000007,0.00361328125,-0.021913805697588867,0.5901286563843656,0.0036132812499999976,0,2550,-0.047266411085458857,0.6728940612783955,0.060110575192722934,-41.73000873973464,0.0,-20.0,-2.034757136339064,-0.4674205891246751,-3.0,0.7003465016894422,0.027452440411046775,3.0,-1.0,-3.0,1.0,440.0,0.0,0,0,3.0,-3.0,-0.0,5937.5,0.0,6.0,5117.5,820.0,-15.0,-15.0
2551,2019-06-26,15:40:44,155.15625,155.1875,155.125,155.125,286,44371.6875,155.14576048951048,-0.0625,-0.0004028197436145575,155.1860653729694,155.44422013273572,-0.2581547597663132,1.0000000000000013,0.00341796875,2.000000000000002,1.1454053224818188,0.003417968749999996,0,2551,-0.009515208330735877,0.7003465016894422,0.0584633966683428,-44.156647488479024,0.0,-20.0,-2.034757136339064,-0.4674205891246751,-3.0,0.7299020871426808,0.029555585453238553,3.0,-1.0,3.0,1.0,441.0,-62.5,0,0,3.0,3.0,-187.5,5750.0,0.0,0.0,5117.5,632.5,-187.5,-15.0
2552,2019-06-26,15:54:51,155.15625,155.25,155.15625,155.21875,286,44387.6875,155.20170454545453,0.09375,0.0006041687828526321,155.19332862342068,155.43728259019002,-0.24395396676933956,1.0000000000000013,0.00341796875,2.000000000000002,1.1454053224818188,0.003417968749999996,-1,2552,0.032774664467056035,0.7299020871426808,0.0584633966683428,-41.72764168207107,0.0,-20.0,-2.034757136339064,-0.4674205891246751,-3.0,0.7584107763822028,0.02850868923952199,3.0,-1.0,3.0,0.0,441.0,31.25,0,0,3.0,3.0,281.25,6031.25,0.0,0.0,5117.5,913.75,281.25,281.25
2553,2019-06-26,16:09:26,155.21875,155.25,155.15625,155.21875,286,44387.1875,155.1999562937063,0.0,0.0,155.1989778182161,155.43055851049186,-0.23158069227577016,1.0000000000000013,0.00341796875,2.000000000000002,1.1454053224818188,0.003417968749999996,0,2553,0.07540155505240595,0.7584107763822028,0.0584633966683428,-39.61122778915927,0.0,-20.0,-2.034757136339064,-0.4674205891246751,-3.0,0.7380359408207989,-0.020374835561403848,-3.0,-1.0,3.0,0.0,441.0,31.25,0,0,-3.0,3.0,0.0,6031.25,0.0,6.0,5132.5,898.75,-15.0,281.25
2554,2019-06-26,16:17:27,155.21875,155.21875,155.15625,155.1875,287,44537.1875,155.18183797909407,-0.03125,-0.00020134903923807457,155.19642719194587,155.42307978709215,-0.22665259514627678,1.0000000000000004,0.00224609375,3.724007561436674,1.7487916903105656,0.002246093749999999,0,2554,0.044741855252509656,0.7380359408207989,0.04739297152532218,-47.824094554859414,0.0,-20.0,-2.034757136339064,-0.4674205891246751,-3.0,0.7647782811263745,0.02674234030557554,3.0,-1.0,-3.0,1.0,442.0,-31.25,0,0,3.0,-3.0,93.75,6125.0,0.0,6.0,5147.5,977.5,78.75,78.75
2555,2019-06-26,16:27:38,155.1875,155.21875,155.125,155.1875,286,44381.625,155.180506993007,0.0,0.0,155.19444337151347,155.41583117825857,-0.22138780674509917,1.00000000000001,0.00078125,0.3124999999999976,-1.257788237343632,0.0007812499999999922,0,2555,0.08519556923140634,0.7647782811263745,0.02795084971874723,-79.2061096434609,0.0,-20.0,-2.034757136339064,-0.4674205891246751,-3.0,0.7920345580309425,0.027256276904568,3.0,-1.0,3.0,1.0,443.0,0.0,0,0,3.0,3.0,0.0,6125.0,0.0,0.0,5147.5,977.5,0.0,78.75
2556,2019-06-26,16:39:47,155.1875,155.21875,155.15625,155.1875,286,44382.96875,155.18520541958043,0.0,0.0,155.19290040006604,155.40880560354293,-0.21590520347689335,1.00000000000001,0.00078125,0.3124999999999976,-1.257788237343632,0.0007812499999999922,0,2556,0.12838110669450406,0.7920345580309425,0.02795084971874723,-77.24459386724158,0.0,-20.0,-2.034757136339064,-0.4674205891246751,-3.0,0.8848696856629275,0.09283512763198498,3.0,-1.0,3.0,0.0,443.0,0.0,0,0,3.0,3.0,0.0,6125.0,0.0,0.0,5147.5,977.5,0.0,0.0
2557,2019-06-26,16:50:07,155.1875,155.21875,155.125,155.125,286,44375.125,155.15777972027973,-0.0625,-0.0004028197436145575,155.1778114222736,155.40007312343394,-0.22226170116033472,1.00000000000001,0.00078125,0.3124999999999976,-1.257788237343632,0.0007812499999999922,0,2557,0.29629969324977345,0.8848696856629275,0.02795084971874723,-79.51876361428077,0.0,-20.0,-2.034757136339064,-0.4674205891246751,-3.0,0.9436669677747648,0.05879728211183732,3.0,-1.0,3.0,0.0,443.0,-62.5,0,0,3.0,3.0,-187.5,5937.5,0.0,0.0,5147.5,790.0,-187.5,0.0
2558,2019-06-26,16:56:22,155.125,155.1875,155.125,155.125,287,44529.25,155.154181184669,0.0,0.0,155.16607555065727,155.3916093350206,-0.2255337843633356,1.0000000000000049,0.00126953125,-0.17751479289940755,-0.4047960089109363,0.0012695312499999938,0,2558,0.4332939818855607,0.9436669677747648,0.035630482034347974,-63.2979885441684,0.0,-20.0,-2.034757136339064,-0.4674205891246751,-3.0,0.975871332874256,0.032204365099491206,3.0,-1.0,3.0,0.0,443.0,-62.5,0,0,3.0,3.0,0.0,5937.5,0.0,0.0,5147.5,790.0,0.0,0.0
2559,2019-06-26,17:01:50,155.125,155.15625,155.09375,155.09375,286,44364.84375,155.1218312937063,-0.03125,-0.0002014707370570079,155.15000320606677,155.3824444324046,-0.2324412263378406,1.0000000000000029,0.0016601562499999997,-1.4878892733564004,-0.5413870509510851,0.0016601562499999952,0,2559,0.5356510310709255,0.975871332874256,0.04074501503251649,-57.047770421078816,0.0,-20.0,-2.034757136339064,-0.4674205891246751,-3.0,0.989739179019113,0.013867846144857032,3.0,-1.0,3.0,0.0,443.0,-93.75,0,0,3.0,3.0,-93.75,5843.75,0.0,0.0,5147.5,696.25,-93.75,0.0
2560,2019-06-26,17:06:01,155.09375,155.125,155.0625,155.125,286,44360.78125,155.10762674825176,0.03125,0.0002014707370570079,155.14444693805194,155.37452306525373,-0.23007612720178372,1.000000000000001,0.00078125,0.3125000000000024,-1.2577882373436315,0.0007812499999999992,-1,2560,0.598815752938182,0.989739179019113,0.027950849718747357,-82.31453766769235,0.0,-20.0,-2.034757136339064,-0.4674205891246751,-3.0,0.9938616512153386,0.004122472196225635,3.0,-1.0,3.0,0.0,443.0,-62.5,0,0,3.0,3.0,93.75,5937.5,0.0,0.0,5147.5,790.0,93.75,93.75
2561,2019-06-26,17:11:12,155.125,155.1875,155.125,155.15625,287,44527.5625,155.14830139372822,0.03125,0.00020143015477547266,155.14706984070708,155.36780697093823,-0.22073713023115715,1.000000000000001,0.00078125,0.3125000000000024,-1.2577882373436315,0.0007812499999999992,-1,2561,0.6245390217229712,0.9938616512153386,0.027950849718747357,-78.97331653681464,0.0,-20.0,-2.034757136339064,-0.4674205891246751,-3.0,0.9992305523227313,0.005368901107392632,3.0,-1.0,3.0,0.0,443.0,-31.25,0,0,3.0,3.0,93.75,6031.25,0.0,0.0,5147.5,883.75,93.75,93.75
2562,2019-06-26,17:25:17,155.15625,155.21875,155.125,155.1875,286,44378.34375,155.1690340909091,0.03125,0.00020138958883908487,155.15605432054997,155.36225906414015,-0.20620474359017749,1.000000000000001,0.004589843749999999,4.151199637845177,-2.031531490021056,0.004589843749999995,-1,2562,0.6788291160404641,0.9992305523227313,0.06774838558962121,-30.436849792885287,0.0,-20.0,-2.034757136339064,-0.4674205891246751,-3.0,0.9998607956602491,0.0006302433375178218,3.0,-1.0,3.0,0.0,443.0,0.0,0,0,3.0,3.0,93.75,6125.0,0.0,0.0,5147.5,977.5,93.75,93.75
2563,2019-06-26,17:44:46,155.1875,155.25,155.15625,155.1875,286,44389.09375,155.2066215034965,0.0,0.0,155.16304224931667,155.35688186216663,-0.1938396128499562,1.000000000000001,0.004589843749999999,4.151199637845177,-2.031531490021056,0.004589843749999995,0,2563,0.7188064271223197,0.9998607956602491,0.06774838558962121,-28.61169475301146,0.0,-20.0,-2.034757136339064,-0.4674205891246751,-3.0,0.9996644710042766,-0.00019632465597252402,-3.0,-1.0,3.0,0.0,443.0,0.0,0,0,-3.0,3.0,0.0,6125.0,0.0,6.0,5162.5,962.5,-15.0,93.75
2564,2019-06-26,17:51:01,155.1875,155.1875,155.0625,155.0625,286,44359.78125,155.10413024475525,-0.125,-0.0008058018163659142,155.1406995272463,155.34782395871537,-0.20712443146905457,1.0000000000000016,0.00419921875,3.877771768523528,-1.9177563393288488,0.004199218749999994,0,2564,0.7251854403642437,0.9996644710042766,0.06480137922914908,-31.962966519065297,0.0,-20.0,-2.034757136339064,-0.4674205891246751,-3.0,0.9918898085598373,-0.007774662444439251,-3.0,-1.0,-3.0,1.0,444.0,-125.0,0,0,-3.0,-3.0,375.0,6500.0,0.0,0.0,5162.5,1337.5,375.0,375.0
2565,2019-06-26,17:58:02,155.09375,155.125,155.09375,155.09375,287,44512.0625,155.0942944250871,0.03125,0.00020151133569434876,155.1302662989694,155.3400062984472,-0.20973999947781863,1.0000000000000027,0.00390625,-0.1874999999999988,-0.9374999999999997,0.0039062499999999896,-1,2565,0.6114981880635089,0.9918898085598373,0.06249999999999992,-33.55839991645102,0.0,-20.0,-2.034757136339064,-0.4674205891246751,-3.0,0.7137563869634386,-0.27813342159639876,-3.0,-1.0,-3.0,0.0,444.0,-93.75,0,0,-3.0,-3.0,-93.75,6406.25,0.0,0.0,5162.5,1243.75,-93.75,375.0
2566,2019-06-26,18:08:50,155.09375,155.125,155.0625,155.09375,286,44357.03125,155.09451486013987,0.0,0.0,155.1221515658651,155.33242918157194,-0.21027761570684333,1.0000000000000033,0.0036132812500000006,-0.021913805697593602,-0.5901286563843656,0.0036132812499999885,0,2566,0.009448601707549334,0.7137563869634386,0.06011057519272286,-34.98180062870203,0.0,-20.0,-2.034757136339064,-0.4674205891246751,-3.0,0.36554784096629916,-0.3482085459971394,-3.0,-1.0,-3.0,0.0,444.0,-93.75,0,0,-3.0,-3.0,-0.0,6406.25,0.0,0.0,5162.5,1243.75,-0.0,-0.0
2567,2019-06-26,18:12:40,155.09375,155.09375,155.0,155.03125,287,44500.375,155.05357142857142,-0.0625,-0.00040306328639161393,155.10195121789508,155.32316212983127,-0.2212109119361969,1.0000000000000049,0.00126953125,-0.17751479289940755,-0.4047960089109363,0.0012695312499999938,0,2567,-0.3996883686219425,0.36554784096629916,0.035630482034347974,-62.084737366996166,0.0,-20.0,-2.034757136339064,-0.4674205891246751,-3.0,0.30961952488991634,-0.05592831607638282,-3.0,-1.0,-3.0,0.0,444.0,-156.25,0,0,-3.0,-3.0,187.5,6593.75,0.0,0.0,5162.5,1431.25,187.5,187.5
2568,2019-06-26,18:25:26,155.03125,155.0625,155.0,155.0,286,44338.71875,155.03048513986013,-0.03125,-0.0002015925820755271,155.07929539169618,155.31321867968262,-0.23392328798644257,1.0000000000000095,0.00078125,0.3124999999999976,-1.257788237343632,0.0007812499999999926,0,2568,-0.45342586394157824,0.30961952488991634,0.02795084971874724,-83.69093975327168,0.0,-20.0,-2.034757136339064,-0.4674205891246751,-3.0,0.300976300094631,-0.008643224795285342,-3.0,-1.0,-3.0,0.0,444.0,-187.5,0,0,-3.0,-3.0,93.75,6687.5,0.0,0.0,5162.5,1525.0,93.75,187.5
2569,2019-06-26,18:30:54,155.0,155.03125,155.0,155.0,287,44486.53125,155.00533536585365,0.0,0.0,155.06167419354148,155.30358118184625,-0.24190698830477686,1.0000000000000124,0.0006835937499999997,-0.6122448979591795,-0.5122408325718838,0.0006835937499999914,0,2569,-0.4614970025261326,0.300976300094631,0.026145625829189695,-92.52292903033334,0.0,-20.0,-2.034757136339064,-0.4674205891246751,-3.0,0.33629548763681444,0.03531918754218344,3.0,-1.0,-3.0,0.0,444.0,-187.5,0,0,3.0,-3.0,-0.0,6687.5,0.0,6.0,5177.5,1510.0,-15.0,93.75
2570,2019-06-26,18:46:42,155.0,155.0625,155.0,155.0,286,44337.3125,155.0255681818182,0.0,0.0,155.04796881719895,155.29424022240485,-0.24627140520590274,1.000000000000021,0.00029296875,-3.3333333333333304,-0.6085806194501845,0.0002929687499999938,0,2570,-0.42812560249129566,0.33629548763681444,0.01711632992203626,-143.8809641597542,0.0,-20.0,-2.034757136339064,-0.4674205891246751,-3.0,0.383951113753882,0.047655626117067584,3.0,-1.0,3.0,1.0,445.0,0.0,0,0,3.0,3.0,0.0,6687.5,0.0,0.0,5177.5,1510.0,0.0,0.0
2571,2019-06-26,18:52:29,155.0,155.0,154.90625,154.96875,287,44470.375,154.94904181184668,-0.03125,-0.0002016332298397927,155.0303646355992,155.28422513863856,-0.2538605030393626,1.0000000000000095,0.00078125,0.3124999999999976,-1.257788237343632,0.0007812499999999927,0,2571,-0.38141503007411476,0.383951113753882,0.02795084971874724,-90.8238946557295,0.0,-20.0,-2.034757136339064,-0.4674205891246751,-3.0,0.433137098298457,0.04918598454457496,3.0,-1.0,3.0,0.0,445.0,-31.25,0,0,3.0,3.0,-93.75,6593.75,0.0,0.0,5177.5,1416.25,-93.75,0.0
2572,2019-06-26,18:59:24,154.96875,155.0,154.90625,154.96875,286,44317.53125,154.95640297202797,0.0,0.0,155.01667249435494,155.27451821129586,-0.2578457169409205,1.0000000000000049,0.00126953125,-0.17751479289940755,-0.4047960089109363,0.0012695312499999938,0,2572,-0.33106099697986735,0.433137098298457,0.035630482034347974,-72.36660921184166,0.0,-20.0,-2.034757136339064,-0.4674205891246751,-3.0,0.4665010835226135,0.03336398522415651,3.0,-1.0,3.0,0.0,445.0,-31.25,0,0,3.0,3.0,0.0,6593.75,0.0,0.0,5177.5,1416.25,0.0,0.0
2573,2019-06-26,19:02:13,154.96875,155.0,154.90625,154.90625,287,44468.90625,154.94392421602788,-0.0625,-0.0004033884685599176,154.99213416227607,155.26318688171753,-0.2710527194414567,1.0000000000000062,0.00126953125,-0.1775147928994123,0.4047960089109363,0.0012695312499999925,0,2573,-0.29558445365501534,0.4665010835226135,0.03563048203434795,-76.07326759715475,0.0,-20.0,-2.034757136339064,-0.4674205891246751,-3.0,0.5298299917756173,0.0633289082530038,3.0,-1.0,3.0,0.0,445.0,-93.75,0,0,3.0,3.0,-187.5,6406.25,0.0,0.0,5177.5,1228.75,-187.5,0.0
2574,2019-06-26,19:07:12,154.90625,154.9375,154.875,154.9375,287,44458.25,154.9067944250871,0.03125,0.00020171457456186204,154.97999323732586,155.25316574689546,-0.2731725095696049,1.0000000000000049,0.00126953125,-0.17751479289940755,-0.4047960089109363,0.0012695312499999938,-1,2574,-0.22505361986234693,0.5298299917756173,0.035630482034347974,-76.66820485511961,0.0,-20.0,-2.034757136339064,-0.4674205891246751,-3.0,0.5735510686972669,0.043721076921649615,3.0,-1.0,3.0,0.0,445.0,-62.5,0,0,3.0,3.0,93.75,6500.0,0.0,0.0,5177.5,1322.5,93.75,93.75
2575,2019-06-26,19:15:59,154.9375,154.96875,154.90625,154.90625,286,44312.46875,154.93870192307693,-0.03125,-0.00020171457456186204,154.96360585125348,155.24249141622175,-0.2788855649682773,1.0000000000000016,0.00244140625,-1.2000000000000004,0.0,0.002441406249999996,0,2575,-0.17367867496377679,0.5735510686972669,0.04941058844013089,-56.44246987792776,0.0,-20.0,-2.034757136339064,-0.4674205891246751,-3.0,0.610258572292737,0.03670750359547004,3.0,-1.0,3.0,0.0,445.0,-93.75,0,0,3.0,3.0,-93.75,6406.25,0.0,0.0,5177.5,1228.75,-93.75,93.75
2576,2019-06-26,19:28:03,154.90625,154.96875,154.875,154.90625,287,44456.78125,154.9016768292683,0.0,0.0,154.95086010653048,155.23214552649188,-0.28128541996139234,1.000000000000001,0.00126953125,-0.17751479289940755,0.4047960089109363,0.0012695312499999985,0,2576,-0.1286536395582865,0.610258572292737,0.03563048203434804,-78.94516265321113,0.0,-20.0,-2.034757136339064,-0.4674205891246751,-3.0,0.6986055464642436,0.08834697417150661,3.0,-1.0,3.0,0.0,445.0,-93.75,0,0,3.0,3.0,0.0,6406.25,0.0,0.0,5177.5,1228.75,0.0,0.0
2577,2019-06-26,19:49:15,154.90625,154.96875,154.875,154.96875,287,44462.0625,154.92007839721254,0.0625,0.0004033884685599176,154.95483563841262,155.2240410487537,-0.2692054103410726,1.0000000000000027,0.00146484375,2.0000000000000013,1.3608276348795436,0.001464843749999996,-1,2577,-0.011951143969877391,0.6986055464642436,0.038273277230987106,-70.3376950754341,0.0,-20.0,-2.034757136339064,-0.4674205891246751,-3.0,0.7941461916123276,0.09554064514808402,3.0,-1.0,3.0,0.0,445.0,-31.25,0,0,3.0,3.0,187.5,6593.75,0.0,0.0,5177.5,1416.25,187.5,187.5
2578,2019-06-26,19:59:54,154.96875,155.0,154.9375,154.96875,286,44321.65625,154.97082604895104,0.0,0.0,154.95792771876538,155.21618593956129,-0.2582582207959092,1.0000000000000024,0.0021484375,0.8677685950413228,0.5516180692881075,0.002148437499999995,0,2578,0.13181843753171463,0.7941461916123276,0.04635124054434784,-55.717650220993214,0.0,-20.0,-2.034757136339064,-0.4674205891246751,-3.0,0.8815394342905243,0.0873932426781967,3.0,-1.0,3.0,0.0,445.0,-31.25,0,0,3.0,3.0,0.0,6593.75,0.0,0.0,5177.5,1416.25,0.0,187.5
2579,2019-06-26,20:07:16,154.96875,155.0,154.90625,154.9375,287,44465.03125,154.9304224738676,-0.03125,-0.00020167389399805558,154.95338822570642,155.2076109875748,-0.254222761868391,1.0000000000000024,0.0021484375,0.8677685950413228,0.5516180692881075,0.002148437499999995,0,2579,0.28951004955507,0.8815394342905243,0.04635124054434784,-54.847024347742384,0.0,-20.0,-2.034757136339064,-0.4674205891246751,-3.0,0.9370559890542242,0.05551655476369988,3.0,-1.0,3.0,0.0,445.0,-62.5,0,0,3.0,3.0,-93.75,6500.0,0.0,0.0,5177.5,1322.5,-93.75,0.0
2580,2019-06-26,20:28:57,154.9375,154.9375,154.84375,154.875,287,44454.1875,154.8926393728223,-0.0625,-0.0004034698461028441,154.93596861999387,155.19737680334174,-0.26140818334786786,1.0000000000000049,0.00126953125,-0.17751479289940755,-0.4047960089109363,0.0012695312499999938,0,2580,0.41569170488272883,0.9370559890542242,0.035630482034347974,-73.36644592567369,0.0,-20.0,-2.034757136339064,-0.4674205891246751,-3.0,0.9430705511661291,0.006014562111904986,3.0,-1.0,3.0,0.0,445.0,-125.0,0,0,3.0,3.0,-187.5,6312.5,0.0,0.0,5177.5,1135.0,-187.5,-93.75
2581,2019-06-26,20:45:01,154.875,154.9375,154.875,154.875,287,44453.3125,154.88959059233449,0.0,0.0,154.922420037773,155.1874575170851,-0.26503747931209887,1.0000000000000029,0.0016601562499999997,-1.4878892733564004,-0.5413870509510851,0.001660156249999995,0,2581,0.431672994913061,0.9430705511661291,0.04074501503251649,-65.04782955671661,0.0,-20.0,-2.034757136339064,-0.4674205891246751,-3.0,0.9471993275353952,0.004128776369266007,3.0,-1.0,3.0,0.0,445.0,-125.0,0,0,3.0,3.0,0.0,6312.5,0.0,0.0,5177.5,1135.0,0.0,0.0
2582,2019-06-26,22:02:13,154.875,154.9375,154.84375,154.90625,286,44300.6875,154.89750874125875,0.03125,0.00020175527154098205,154.91882669604567,155.1788049780979,-0.2599782820522307,0.9999999999999998,0.008496093750000001,2.5326991676575497,1.2353225899298668,0.008496093750000003,-1,2582,0.4430405735280793,0.9471993275353952,0.09217425752345393,-28.205085566984764,0.0,-20.0,-2.034757136339064,-0.4674205891246751,-3.0,0.9717208443866177,0.024521516851222502,3.0,-1.0,3.0,0.0,445.0,-93.75,0,0,3.0,3.0,93.75,6406.25,0.0,0.0,5177.5,1228.75,93.75,93.75
2583,2019-06-27,00:00:03,154.90625,155.0,154.90625,154.9375,287,44471.90625,154.95437717770034,0.03125,0.00020171457456186204,154.92297631914664,155.17138020954107,-0.24840389039442812,0.9999999999999998,0.008496093750000001,2.5326991676575497,1.2353225899298668,0.008496093750000003,-1,2583,0.5201394420527102,0.9717208443866177,0.09217425752345393,-26.949377957421706,0.0,-20.0,-2.034757136339064,-0.4674205891246751,-3.0,0.9767490513539724,0.005028206967354731,3.0,-1.0,3.0,0.0,445.0,-62.5,0,0,3.0,3.0,93.75,6500.0,0.0,0.0,5177.5,1322.5,93.75,93.75
2584,2019-06-27,00:09:15,154.9375,155.15625,154.9375,155.125,287,44495.90625,155.03800087108013,0.1875,0.0012094337293619972,154.96787047044742,155.16995312617058,-0.2020826557231601,0.9999999999999998,0.008496093750000001,2.5326991676575497,1.2353225899298668,0.008496093750000003,-1,2584,0.5390721927045958,0.9767490513539724,0.09217425752345393,-21.923979769703024,0.0,-20.0,-2.034757136339064,-0.4674205891246751,-3.0,0.9946235184205652,0.017874467066592792,3.0,-1.0,3.0,0.0,445.0,125.0,0,0,3.0,3.0,562.5,7062.5,0.0,0.0,5177.5,1885.0,562.5,562.5
2585,2019-06-27,00:39:40,155.125,155.15625,154.96875,155.0625,286,44351.1875,155.07408216783216,-0.0625,-0.00040298207275135667,154.98889925479244,155.1666468761346,-0.1777476213421494,1.0000000000000002,0.01201171875,1.5050565139797765,1.1845768280070517,0.012011718749999997,0,2585,0.6300791627927143,0.9946235184205652,0.10959798697968863,-16.21814654087494,0.0,-16.21814654087494,-1.5984162923327634,-0.4674205891246751,-2.0,0.9997755427741913,0.005152024353626161,3.0,-1.0,3.0,0.0,445.0,62.5,0,0,3.0,3.0,-187.5,6875.0,1.0,0.0,5177.5,1697.5,-187.5,562.5
2586,2019-06-27,01:26:47,155.0625,155.09375,155.0,155.0625,286,44348.78125,155.0656687062937,0.0,0.0,155.0052549759497,155.16344235686893,-0.15818738091923024,1.0000000000000007,0.0154296875,2.3561929178016334,1.5381245216522852,0.01542968749999999,0,2586,0.7219291218402886,0.9997755427741913,0.12421629321469865,-12.734833476781912,0.0,-12.734833476781912,-1.1965202964270518,-0.4674205891246751,-2.0,0.9788626756555776,-0.02091286711861373,-2.0,-1.0,3.0,0.0,445.0,62.5,0,0,-2.0,3.0,0.0,6875.0,0.0,5.0,5190.0,1685.0,-12.5,-12.5
2587,2019-06-27,01:41:27,155.0625,155.0625,154.96875,154.96875,287,44483.6875,154.9954268292683,-0.09375,-0.000604777762612585,154.997142759072,155.15745182281142,-0.1603090637394189,1.0000000000000093,0.0021484374999999984,0.8677685950413357,0.5516180692881071,0.0021484374999999785,0,2587,0.8367769324595173,0.9788626756555776,0.04635124054434766,-34.58571159191292,0.0,-20.0,-2.034757136339064,-0.4674205891246751,-3.0,0.9382885778424196,-0.04057409781315802,-2.0,-1.0,-2.0,1.0,446.0,-93.75,0,0,-2.0,-2.0,187.5,7062.5,-1.0,0.0,5190.0,1872.5,187.5,187.5
2588,2019-06-27,02:03:12,154.96875,155.0,154.84375,154.84375,287,44468.59375,154.94283536585365,-0.125,-0.0008069397250451971,154.96305547927824,155.14779945903263,-0.18474397975438706,1.0000000000000087,0.002734374999999999,0.5357142857143096,1.0885117692152522,0.0027343749999999755,0,2588,0.9080254702785365,0.9382885778424196,0.05229125165837949,-35.329806400758144,0.0,-20.0,-2.034757136339064,-0.4674205891246751,-3.0,0.8961373346174193,-0.0421512432250003,-3.0,-1.0,-2.0,0.0,446.0,-218.75,0,0,-3.0,-2.0,250.0,7312.5,0.0,1.0,5192.5,2120.0,247.5,247.5
2589,2019-06-27,02:12:32,154.84375,154.90625,154.75,154.78125,286,44283.65625,154.83795891608392,-0.0625,-0.00040371417585038927,154.92265426166088,155.13652101413933,-0.21386675247845233,1.0000000000000289,0.0009765625000000009,-2.9999999999999822,7.401486830834366e-15,0.0009765624999999727,0,2589,0.9474623941280366,0.8961373346174193,0.031249999999999563,-68.43736079310571,0.0,-20.0,-2.034757136339064,-0.4674205891246751,-3.0,0.7898328193653102,-0.10630451525210904,3.0,-1.0,-3.0,0.0,446.0,-281.25,0,0,3.0,-3.0,187.5,7500.0,0.0,6.0,5207.5,2292.5,172.5,247.5
2590,2019-06-27,02:14:35,154.75,154.78125,154.65625,154.65625,288,44555.375,154.70616319444446,-0.125,-0.0008079176363517959,154.86345331462513,155.12174344447354,-0.2582901298484046,1.0000000000000027,0.008007812500000001,2.739440809042243,1.5842443294285562,0.00800781249999998,0,2590,0.992180427197317,0.7898328193653102,0.08948638164547709,-28.863624285501473,0.0,-20.0,-2.034757136339064,-0.4674205891246751,-3.0,-0.9095057059622597,-1.69933852532757,-3.0,1.0,3.0,1.0,447.0,-125.0,0,0,-3.0,3.0,-375.0,7125.0,0.0,6.0,5222.5,1902.5,-390.0,172.5
2591,2019-06-27,02:19:10,154.65625,154.6875,154.59375,154.59375,287,44383.75,154.64721254355402,-0.0625,-0.00040420372417759864,154.80351924470844,155.1054974923359,-0.30197824762745995,1.0000000000000013,0.00859375,-2.2701446280991733,0.31028516397456024,0.008593749999999989,0,2591,-0.9370558862205881,-0.9095057059622597,0.09270248108869572,-32.57499088277192,0.0,-20.0,-2.034757136339064,-0.4674205891246751,-3.0,-0.597837487193842,0.31166821876841766,3.0,1.0,-3.0,1.0,448.0,-62.5,0,0,3.0,-3.0,187.5,7312.5,0.0,6.0,5237.5,2075.0,172.5,172.5
2592,2019-06-27,02:26:50,154.59375,154.71875,154.59375,154.6875,287,44387.25,154.65940766550523,0.09375,0.0006062443350272062,154.7777371903288,155.09263603103327,-0.3148988407044726,1.0000000000000009,0.0080078125,-1.5437239738251023,-0.30662793472810745,0.00800781249999999,-1,2592,-0.9895639890625989,-0.597837487193842,0.08948638164547716,-35.18958247211555,0.0,-20.0,-2.034757136339064,-0.4674205891246751,-3.0,-0.40755444796197304,0.19028303923186896,3.0,-1.0,3.0,1.0,449.0,93.75,0,0,3.0,3.0,281.25,7593.75,0.0,0.0,5237.5,2356.25,281.25,281.25
2593,2019-06-27,02:46:45,154.6875,154.75,154.65625,154.75,287,44398.4375,154.69838850174216,0.0625,0.00040395880169619147,154.77157337025574,155.08209338392456,-0.3105200136688211,1.0,0.00458984375,-0.7378904481665955,-0.9127170462413433,0.00458984375,-1,2593,-0.9339009268222854,-0.40755444796197304,0.06774838558962125,-45.83430453232695,0.0,-20.0,-2.034757136339064,-0.4674205891246751,-3.0,-0.22974126609804846,0.17781318186392459,3.0,-1.0,3.0,0.0,449.0,156.25,0,0,3.0,3.0,187.5,7781.25,0.0,0.0,5237.5,2543.75,187.5,281.25
2594,2019-06-27,03:48:30,154.75,154.8125,154.71875,154.75,287,44419.84375,154.77297473867597,0.0,0.0,154.7667792879767,155.07187512595766,-0.3050958379809572,0.9999999999999963,0.0014648437500000002,2.0000000000000013,-1.3608276348795443,0.0014648437500000056,0,2594,-0.8506445127818801,-0.22974126609804846,0.03827327723098723,-79.71510674135376,0.0,-20.0,-2.034757136339064,-0.4674205891246751,-3.0,-0.03769564524481728,0.19204562085323118,3.0,-1.0,3.0,0.0,449.0,156.25,0,0,3.0,3.0,0.0,7781.25,0.0,0.0,5237.5,2543.75,0.0,187.5
2595,2019-06-27,04:37:30,154.75,154.84375,154.75,154.84375,287,44428.34375,154.80259146341464,0.09375,0.0006056323996563862,154.78388389064855,155.06485589131282,-0.28097200066426353,1.0000000000000007,0.005566406250000001,1.0987996306555854,-1.263910039055643,0.005566406249999998,-1,2595,-0.7332590631492212,-0.03769564524481728,0.07460835241445825,-37.65959059160438,0.0,-20.0,-2.034757136339064,-0.4674205891246751,-3.0,0.23344929352606314,0.2711449387708804,3.0,-1.0,3.0,0.0,449.0,250.0,0,0,3.0,3.0,281.25,8062.5,0.0,0.0,5237.5,2825.0,281.25,281.25
2596,2019-06-27,05:23:59,154.84375,154.90625,154.8125,154.90625,287,44450.96875,154.88142421602788,0.0625,0.00040355125648527945,154.81107635939335,155.05997571004167,-0.24889935064831548,1.0000000000000013,0.00751953125,-2.7036599763872498,-0.009360389222810921,0.007519531249999991,-1,2596,-0.5224951189076065,0.23344929352606314,0.0867152307844475,-28.703071928277208,0.0,-20.0,-2.034757136339064,-0.4674205891246751,-3.0,0.532980078360594,0.2995307848345309,3.0,-1.0,3.0,0.0,449.0,312.5,0,0,3.0,3.0,187.5,8250.0,0.0,0.0,5237.5,3012.5,187.5,281.25
2597,2019-06-27,05:57:41,154.90625,154.9375,154.78125,154.8125,287,44442.5625,154.85213414634146,-0.09375,-0.0006053879712686339,154.8113927239726,155.05236107280965,-0.24096834883704332,1.000000000000001,0.0078125,-2.9218750000000013,-0.3314563036811942,0.007812499999999992,0,2597,-0.2214288700206841,0.532980078360594,0.08838834764831839,-27.262456562239834,0.0,-20.0,-2.034757136339064,-0.4674205891246751,-3.0,0.7560820967375547,0.22310201837696064,3.0,-1.0,3.0,0.0,449.0,218.75,0,0,3.0,3.0,-281.25,7968.75,0.0,0.0,5237.5,2731.25,-281.25,187.5
2598,2019-06-27,06:14:05,154.8125,154.84375,154.6875,154.71875,287,44413.90625,154.75228658536585,-0.09375,-0.000605754687882154,154.79080545197868,155.0420961167232,-0.25129066474451633,1.0000000000000016,0.00654296875,-3.2145243929605716,-0.5016571985664497,0.006542968749999991,0,2598,0.07184580445394974,0.7560820967375547,0.08088861940965485,-31.066257104954662,0.0,-20.0,-2.034757136339064,-0.4674205891246751,-3.0,0.9257795637982762,0.16969746706072153,3.0,-1.0,3.0,0.0,449.0,125.0,0,0,3.0,3.0,-281.25,7687.5,0.0,0.0,5237.5,2450.0,-281.25,-281.25
2599,2019-06-27,06:33:12,154.71875,154.8125,154.65625,154.75,287,44409.8125,154.73802264808361,0.03125,0.00020195900300912228,154.7817375737612,155.03310854390097,-0.2513709701397602,1.0000000000000027,0.00537109375,-2.628099173553719,0.5814564991516649,0.005371093749999985,-1,2599,0.3872935659227383,0.9257795637982762,0.07328774624724099,-34.29918137907308,0.0,-20.0,-2.034757136339064,-0.4674205891246751,-3.0,0.9921109476787457,0.06633138388046955,3.0,-1.0,3.0,0.0,449.0,156.25,0,0,3.0,3.0,93.75,7781.25,0.0,0.0,5237.5,2543.75,93.75,93.75
2600,2019-06-27,07:00:00,154.75,154.8125,154.6875,154.8125,287,44413.84375,154.752068815331,0.0625,0.00040379568487303175,154.78857366848095,155.02632058870404,-0.2377469202230884,1.0000000000000029,0.00458984375,-2.367587143503846,0.5594072218898565,0.004589843749999986,-1,2600,0.612883391636472,0.9921109476787457,0.06774838558962115,-35.09263256296848,0.0,-20.0,-2.034757136339064,-0.4674205891246751,-3.0,0.9420589682513557,-0.050051979427390036,-3.0,-1.0,3.0,0.0,449.0,218.75,0,0,-3.0,3.0,187.5,7968.75,0.0,6.0,5252.5,2716.25,172.5,172.5
2601,2019-06-27,07:00:58,154.8125,154.8125,154.65625,154.75,287,44401.90625,154.71047473867597,-0.0625,-0.00040379568487303175,154.78000174215185,155.01781841674395,-0.23781667459209643,1.0000000000000033,0.0037109375,-2.479224376731304,0.7559840489048504,0.0037109374999999877,0,2601,0.9033333550485673,0.9420589682513557,0.060917464655055924,-39.039161583419336,0.0,-20.0,-2.034757136339064,-0.4674205891246751,-3.0,0.8323547697306395,-0.10970419852071622,-3.0,-1.0,-3.0,1.0,450.0,-62.5,0,0,-3.0,-3.0,187.5,8156.25,0.0,0.0,5252.5,2903.75,187.5,187.5
2602,2019-06-27,07:04:01,154.75,154.8125,154.65625,154.6875,287,44411.75,154.74477351916377,-0.0625,-0.00040395880169619147,154.75944579945144,155.00765477315184,-0.2482089737004003,1.0000000000000033,0.0037109375,-2.479224376731304,0.7559840489048504,0.0037109374999999877,0,2602,0.9804728351883599,0.8323547697306395,0.060917464655055924,-40.74512540958152,0.0,-20.0,-2.034757136339064,-0.4674205891246751,-3.0,0.29433218215828727,-0.5380225875723522,3.0,-1.0,-3.0,0.0,450.0,-125.0,0,0,3.0,-3.0,187.5,8343.75,0.0,6.0,5267.5,3076.25,172.5,187.5
2603,2019-06-27,07:13:12,154.6875,154.78125,154.625,154.625,287,44405.46875,154.72288763066203,-0.0625,-0.0004041220503570031,154.7295689551289,154.99588078013178,-0.2663118250028731,1.00000000000001,0.0016601562499999997,2.664359861591688,1.714392328011769,0.0016601562499999833,0,2603,0.8839084806702252,0.29433218215828727,0.040745015032516346,-65.36059068584079,0.0,-20.0,-2.034757136339064,-0.4674205891246751,-3.0,-0.9627865125688504,-1.2571186947271378,-3.0,1.0,3.0,1.0,451.0,-62.5,0,0,-3.0,3.0,-187.5,8156.25,0.0,6.0,5282.5,2873.75,-202.5,172.5
2604,2019-06-27,07:16:24,154.625,154.65625,154.59375,154.65625,287,44380.21875,154.63490853658536,0.03125,0.00020208143950739554,154.7132758539892,154.9854306022816,-0.27215474829242225,1.0000000000000002,0.011035156249999999,2.3157647427363166,1.5953462614561515,0.011035156249999995,-1,2604,-0.48968801686404984,-0.9627865125688504,0.10504835196232255,-25.907569534268884,0.0,-20.0,-2.034757136339064,-0.4674205891246751,-3.0,-0.5960260705359283,0.36676044203292213,-3.0,1.0,-3.0,1.0,452.0,31.25,0,0,-3.0,-3.0,-93.75,8062.5,0.0,0.0,5282.5,2780.0,-93.75,-93.75
2605,2019-06-27,07:23:46,154.65625,154.71875,154.5625,154.625,287,44381.5625,154.63959059233449,-0.03125,-0.00020208143950739554,154.69365899754715,154.97434042990372,-0.28068143235657317,1.0000000000000002,0.011035156249999999,2.3157647427363166,1.5953462614561515,0.011035156249999995,0,2605,-0.9892361309235438,-0.5960260705359283,0.10504835196232255,-26.719260903516556,0.0,-20.0,-2.034757136339064,-0.4674205891246751,-3.0,-0.24793587868366163,0.34809019185226664,3.0,1.0,-3.0,0.0,452.0,0.0,0,0,3.0,-3.0,93.75,8156.25,0.0,6.0,5297.5,2858.75,78.75,78.75
2606,2019-06-27,07:30:12,154.625,154.8125,154.625,154.8125,287,44407.28125,154.72920296167248,0.1875,0.0012118765369262263,154.72006810920334,154.96936072436824,-0.24929261516490442,1.0000000000000004,0.00947265625,2.6750983101286017,1.5491313812566696,0.009472656249999998,-1,2606,-0.8603455347111763,-0.24793587868366163,0.09732757188998396,-25.613771136374076,0.0,-20.0,-2.034757136339064,-0.4674205891246751,-3.0,0.20098514125742092,0.4489210199410826,3.0,-1.0,3.0,1.0,453.0,187.5,0,0,3.0,3.0,562.5,8718.75,0.0,0.0,5297.5,3421.25,562.5,562.5
2607,2019-06-27,07:40:18,154.8125,154.8125,154.75,154.75,287,44423.625,154.78614982578398,-0.0625,-0.00040379568487303175,154.7267196404915,154.96261116361845,-0.23589152312695205,1.0000000000000002,0.009765625,1.0500000000000007,1.1858541225631423,0.009765624999999998,0,2607,-0.5505598089672835,0.20098514125742092,0.09882117688026185,-23.8705438018385,0.0,-20.0,-2.034757136339064,-0.4674205891246751,-3.0,0.8565245767703309,0.6555394355129099,3.0,-1.0,3.0,0.0,453.0,125.0,0,0,3.0,3.0,-187.5,8531.25,0.0,0.0,5297.5,3233.75,-187.5,562.5
2608,2019-06-27,07:59:04,154.75,154.8125,154.65625,154.75,287,44408.96875,154.73508275261324,0.0,0.0,154.73189305371562,154.95606928166097,-0.22417622794534964,1.0,0.00859375,1.4488636363636413,0.8848873194830058,0.00859375,0,2608,0.24071211545190432,0.8565245767703309,0.09270248108869579,-24.1823331277253,0.0,-20.0,-2.034757136339064,-0.4674205891246751,-3.0,0.9999225688044704,0.1433979920341395,3.0,-1.0,3.0,0.0,453.0,125.0,0,0,3.0,3.0,0.0,8531.25,0.0,0.0,5297.5,3233.75,0.0,0.0
2609,2019-06-27,08:06:14,154.75,154.8125,154.65625,154.8125,287,44404.6875,154.72016550522648,0.0625,0.00040379568487303175,154.7498057084455,154.9516517653022,-0.2018460568566809,1.0000000000000027,0.00224609375,1.4555765595463157,-1.118079933149378,0.0022460937499999938,-1,2609,0.6982526996719297,0.9999225688044704,0.047392971525322125,-42.58987152743404,0.0,-20.0,-2.034757136339064,-0.4674205891246751,-3.0,0.9029023044775963,-0.09702026432687405,-3.0,-1.0,3.0,0.0,453.0,187.5,0,0,-3.0,3.0,187.5,8718.75,0.0,6.0,5312.5,3406.25,172.5,172.5
2610,2019-06-27,08:21:43,154.8125,154.90625,154.8125,154.84375,287,44446.15625,154.86465592334494,0.03125,0.0002018367147833544,154.77068221767988,154.94833171098523,-0.17764949330535273,1.0000000000000016,0.00537109375,3.3223140495867725,-1.7443694974549941,0.005371093749999991,-1,2610,0.9423952361007606,0.9029023044775963,0.07328774624724103,-24.23999950906397,0.0,-20.0,-2.034757136339064,-0.4674205891246751,-3.0,0.4991059454179694,-0.40379635905962696,3.0,-1.0,-3.0,1.0,454.0,31.25,0,0,3.0,-3.0,-93.75,8625.0,0.0,6.0,5327.5,3297.5,-108.75,172.5
2611,2019-06-27,08:40:10,154.8125,154.875,154.78125,154.875,287,44435.09375,154.8261106271777,0.03125,0.0002017959849442974,154.79386394708436,154.94607535064725,-0.15221140356288743,1.0000000000000013,0.005566406249999999,4.422899353647277,-2.042831342194585,0.005566406249999992,-1,2611,0.9656581956429884,0.4991059454179694,0.0746083524144582,-20.401389206041586,0.0,-20.0,-2.034757136339064,-0.4674205891246751,-3.0,0.07798053959238903,-0.42112540582558033,-3.0,1.0,3.0,1.0,455.0,31.25,0,0,-3.0,3.0,93.75,8718.75,0.0,6.0,5342.5,3376.25,78.75,78.75
2612,2019-06-27,09:00:46,154.875,154.90625,154.71875,154.75,287,44427.71875,154.8004137630662,-0.125,-0.0008074283846006836,154.78411640328787,154.94004226293504,-0.15592585964716932,1.0000000000000027,0.0046875,1.7447916666666667,-1.5309606208043707,0.0046874999999999886,0,2612,0.7600941254850172,0.07798053959238903,0.06846531968814568,-22.77442950057047,0.0,-20.0,-2.034757136339064,-0.4674205891246751,-3.0,-0.3308534764891268,-0.4088340160815158,-3.0,1.0,-3.0,1.0,456.0,-125.0,0,0,-3.0,-3.0,375.0,9093.75,0.0,0.0,5342.5,3751.25,375.0,375.0
2613,2019-06-27,09:25:34,154.75,154.8125,154.71875,154.78125,287,44419.15625,154.7705792682927,0.03125,0.0002019182238059969,154.78347942477947,154.93515634715246,-0.15167692237298525,1.000000000000003,0.00419921875,1.9307733910221725,-1.446728466511237,0.004199218749999987,-1,2613,0.43333530207803506,-0.3308534764891268,0.06480137922914903,-23.406434273046735,0.0,-20.0,-2.034757136339064,-0.4674205891246751,-3.0,-0.7116583151111285,-0.38080483862200176,-3.0,1.0,-3.0,0.0,456.0,-93.75,0,0,-3.0,-3.0,-93.75,9000.0,0.0,0.0,5342.5,3657.5,-93.75,375.0
2614,2019-06-27,09:47:22,154.78125,154.84375,154.71875,154.75,287,44420.84375,154.77645905923345,-0.03125,-0.0002019182238059969,154.77603955260628,154.92945922877854,-0.1534196761722626,1.0000000000000009,0.010449218750000001,1.2201939033976774,0.4199926287654868,0.010449218749999992,0,2614,-0.00645769211686582,-0.7116583151111285,0.10222142021122575,-15.00856433565911,0.0,-15.00856433565911,-1.4588577065696375,-0.4674205891246751,-2.0,-0.9522697876600754,-0.24061147254894688,-3.0,1.0,-3.0,0.0,456.0,-125.0,0,0,-3.0,-3.0,93.75,9093.75,1.0,0.0,5342.5,3751.25,93.75,93.75
2615,2019-06-27,09:47:36,154.75,154.75,154.6875,154.75,287,44403.15625,154.71483013937282,0.0,0.0,154.77025298536043,154.9239374063546,-0.1536844209941819,1.0000000000000004,0.005078125,2.8180473372781094,1.4926852828590782,0.005078124999999999,0,2615,-0.4575066484762066,-0.9522697876600754,0.07126096406869611,-21.566424620080767,0.0,-20.0,-2.034757136339064,-0.4674205891246751,-3.0,-0.9999845141284852,-0.047714726468409796,-2.0,1.0,-3.0,0.0,456.0,-125.0,0,0,-2.0,-3.0,-0.0,9093.75,-1.0,1.0,5345.0,3748.75,-2.5,93.75
2616,2019-06-27,09:53:19,154.75,154.90625,154.75,154.90625,287,44433.75,154.82142857142858,0.15625,0.0010091836561416656,154.80047454416922,154.9233931784668,-0.12291863429757655,0.9999999999999999,0.0056640625,-0.9453032104637273,0.6013638196305304,0.0056640625000000016,-1,2616,-0.7110310249952337,-0.9999845141284852,0.07525996611745185,-16.332539149133797,0.0,-16.332539149133797,-1.61161462689946,-0.4674205891246751,-2.0,-0.9918006090796916,0.008183905048793627,-3.0,1.0,-2.0,0.0,456.0,31.25,0,0,-3.0,-2.0,-312.5,8781.25,1.0,1.0,5347.5,3433.75,-315.0,-2.5
2617,2019-06-27,09:59:24,154.90625,154.9375,154.90625,154.9375,287,44463.34375,154.92454268292684,0.03125,0.00020171457456186204,154.83092464546496,154.923827234514,-0.09290258904903226,0.9999999999999994,0.004589843749999999,-0.7378904481665932,0.9127170462413444,0.004589843750000003,-1,2617,-0.791673619159437,-0.9918006090796916,0.06774838558962126,-13.712886032706365,0.0,-13.712886032706365,-1.3093655672306774,-0.4674205891246751,-2.0,-0.9760644477265552,0.01573616135313638,-2.0,1.0,-3.0,0.0,456.0,62.5,0,0,-2.0,-3.0,-93.75,8687.5,0.0,1.0,5350.0,3337.5,-96.25,-96.25
2618,2019-06-27,10:04:04,154.9375,155.03125,154.90625,155.03125,286,44327.65625,154.99180506993008,0.09375,0.0006048997059133754,154.87544139091722,154.92713255037512,-0.05169115945790281,0.9999999999999982,0.003613281249999999,-0.021913805697603077,0.5901286563843674,0.0036132812500000054,-1,2618,-0.5363991609926824,-0.9760644477265552,0.060110575192723,-8.599345338515503,0.0,-8.599345338515503,-0.7193779628775439,-0.4674205891246751,-1.0,-0.38976610111101795,0.5862983466155373,-2.0,1.0,-2.0,0.0,456.0,156.25,0,0,-2.0,-2.0,-187.5,8500.0,1.0,0.0,5350.0,3150.0,-187.5,-96.25
2619,2019-06-27,10:08:28,155.03125,155.09375,155.0,155.03125,287,44496.65625,155.04061411149826,0.0,0.0,154.91006552626897,154.93033616420973,-0.020270637940768665,1.0000000000000002,0.0016601562499999997,-1.4878892733564086,0.5413870509510866,0.0016601562499999993,0,2619,0.37557820089001326,-0.38976610111101795,0.04074501503251655,-4.9749982726946325,0.0,-4.9749982726946325,-0.30120981470241326,-0.4674205891246751,-1.0,-0.21700820715837324,0.1727578939526447,-1.0,1.0,-2.0,0.0,456.0,156.25,0,0,-1.0,-2.0,-0.0,8500.0,0.0,1.0,5352.5,3147.5,-2.5,-2.5
2620,2019-06-27,10:28:09,155.03125,155.125,155.0,155.09375,286,44345.875,155.055506993007,0.0625,0.00040306328639161393,154.95088429820922,154.93536428223408,0.015520015975141632,1.000000000000001,0.001953125,-1.750000000000001,0.883883476483184,0.001953124999999998,-1,2620,0.5368082956802278,-0.21700820715837324,0.044194173824159196,3.5117787328467847,3.5117787328467847,0.0,0.2727931097101266,-0.08368970497656403,0.0,-0.27686491340190783,-0.05985670624353459,-1.0,1.0,-1.0,0.0,456.0,218.75,0,0,-1.0,-1.0,-62.5,8437.5,1.0,0.0,5352.5,3085.0,-62.5,-2.5
2621,2019-06-27,10:51:25,155.0625,155.15625,155.0625,155.09375,286,44357.75,155.09702797202797,0.0,0.0,154.98263223194053,154.9402376889346,0.04239454300594048,1.0000000000000073,0.00078125,5.000000000000004,2.236067977499789,0.0007812499999999944,0,2621,0.48369210683039887,-0.27686491340190783,0.02795084971874727,15.167532805811444,15.167532805811444,0.0,0.2727931097101266,1.1899306327734607,1.0,-0.3989100026747303,-0.12204508927282248,0.0,1.0,-1.0,0.0,456.0,218.75,0,0,0.0,-1.0,-0.0,8437.5,1.0,1.0,5355.0,3082.5,-2.5,-2.5
2622,2019-06-27,11:11:19,155.09375,155.15625,155.0625,155.09375,287,44518.125,155.1154181184669,0.0,0.0,155.0073250692871,154.9449611446597,0.062363924627419465,1.0000000000000073,0.00078125,5.000000000000004,2.236067977499789,0.0007812499999999944,0,2622,0.36633793701083706,-0.3989100026747303,0.02795084971874727,22.311995969693385,20.0,0.0,0.2727931097101266,1.7179727020810263,2.0,-0.5075204111677678,-0.10861040849303749,1.0,1.0,0.0,0.0,456.0,218.75,0,0,1.0,0.0,0.0,8437.5,1.0,1.0,5357.5,3080.0,-2.5,-2.5
2623,2019-06-27,11:29:38,155.09375,155.125,155.0625,155.09375,286,44354.3125,155.08500874125875,0.0,0.0,155.02653060944553,154.94953926328557,0.07699134615995717,1.0000000000000346,0.0001953125,5.000000000000004,2.236067977499789,0.00019531249999999323,0,2623,0.25040017495080774,-0.5075204111677678,0.013975424859373444,55.09052278172308,20.0,0.0,0.2727931097101266,1.7179727020810263,2.0,-0.5989729161751131,-0.09145250500734525,2.0,1.0,1.0,1.0,457.0,0.0,0,0,2.0,1.0,0.0,8437.5,0.0,1.0,5360.0,3077.5,-2.5,-2.5
2624,2019-06-27,11:45:06,155.09375,155.15625,155.03125,155.09375,287,44508.5625,155.0820993031359,0.0,0.0,155.04146825179097,154.95397651672295,0.08749173506802777,1.0000000000000346,0.0001953125,5.000000000000004,2.236067977499789,0.00019531249999999323,0,2624,0.14269157988297543,-0.5989729161751131,0.013975424859373444,62.603989466085004,20.0,0.0,0.2727931097101266,1.7179727020810263,2.0,-0.7136494246582512,-0.11467650848313815,2.0,1.0,2.0,0.0,457.0,0.0,0,0,2.0,2.0,0.0,8437.5,0.0,0.0,5360.0,3077.5,0.0,0.0
2625,2019-06-27,11:56:25,155.09375,155.125,155.0625,155.125,286,44364.65625,155.1211756993007,0.03125,0.0002014707370570079,155.0600308625041,154.95923877774686,0.10079208475724499,1.0000000000000162,0.00048828125,2.0,0.0,0.00048828124999999203,-1,2625,-0.009295902970936486,-0.7136494246582512,0.02209708691207943,45.61329063793777,20.0,0.0,0.2727931097101266,1.7179727020810263,2.0,-0.8219699127142271,-0.10832048805597594,2.0,1.0,2.0,0.0,457.0,31.25,0,0,2.0,2.0,62.5,8500.0,0.0,0.0,5360.0,3140.0,62.5,62.5
2626,2019-06-27,12:02:00,155.09375,155.15625,155.0625,155.125,286,44361.6875,155.11079545454547,0.0,0.0,155.0744684486143,154.96433912304695,0.11012932556735677,1.0000000000000162,0.00048828125,2.0,0.0,0.00048828124999999203,0,2626,-0.1785013274599593,-0.8219699127142271,0.02209708691207943,49.83884346635496,20.0,0.0,0.2727931097101266,1.7179727020810263,2.0,-0.8672615943502985,-0.045291681636071335,2.0,1.0,2.0,0.0,457.0,31.25,0,0,2.0,2.0,0.0,8500.0,0.0,0.0,5360.0,3140.0,0.0,62.5
2627,2019-06-27,12:10:57,155.125,155.15625,155.0625,155.09375,287,44514.25,155.10191637630663,-0.03125,-0.0002014707370570079,155.07875323781116,154.968320996184,0.1104322416271657,1.0000000000000162,0.00048828125,2.0,0.0,0.00048828124999999203,0,2627,-0.2612115228151464,-0.8672615943502985,0.02209708691207943,49.97592762636853,20.0,0.0,0.2727931097101266,1.7179727020810263,2.0,-0.9454345160743497,-0.07817292172405121,2.0,1.0,2.0,0.0,457.0,0.0,0,0,2.0,2.0,-62.5,8437.5,0.0,0.0,5360.0,3077.5,-62.5,0.0
2628,2019-06-27,12:18:30,155.09375,155.15625,155.0625,155.09375,286,44362.1875,155.1125437062937,0.0,0.0,155.08208585163092,154.9721803501476,0.10990550148332545,1.0000000000000058,0.001171875,2.9166666666666665,1.2932338163316421,0.0011718749999999932,0,2628,-0.43813915650382645,-0.9454345160743497,0.03423265984407278,32.10545192337867,20.0,0.0,0.2727931097101266,1.7179727020810263,2.0,-0.9870875830069561,-0.0416530669326064,2.0,1.0,2.0,0.0,457.0,0.0,0,0,2.0,2.0,0.0,8437.5,0.0,0.0,5360.0,3077.5,0.0,0.0
2629,2019-06-27,12:24:01,155.09375,155.125,155.0625,155.09375,286,44354.40625,155.08533653846155,0.0,0.0,155.08467788460186,154.97592095475844,0.10875692984342322,1.0000000000000044,0.0021484375,0.8677685950413228,0.5516180692881075,0.0021484374999999906,0,2629,-0.5847109195981306,-0.9870875830069561,0.04635124054434779,23.46365028555538,20.0,0.0,0.2727931097101266,1.7179727020810263,2.0,-0.9929566513866507,-0.005869068379694586,2.0,1.0,2.0,0.0,457.0,0.0,0,0,2.0,2.0,0.0,8437.5,0.0,0.0,5360.0,3077.5,0.0,0.0
2630,2019-06-27,12:29:11,155.09375,155.21875,155.09375,155.15625,287,44530.84375,155.1597343205575,0.0625,0.00040290089183248057,155.1005827991348,154.9814695407659,0.11911325836891251,1.0000000000000042,0.001953125,2.0,0.0,0.0019531249999999918,-1,2630,-0.6183496292746123,-0.9929566513866507,0.044194173824159126,26.952253671002723,20.0,0.0,0.2727931097101266,1.7179727020810263,2.0,-0.9969412070016197,-0.003984555614969021,2.0,1.0,2.0,0.0,457.0,62.5,0,0,2.0,2.0,125.0,8562.5,0.0,0.0,5360.0,3202.5,125.0,125.0
2631,2019-06-27,12:32:48,155.15625,155.25,155.09375,155.09375,286,44376.84375,155.16378933566435,-0.0625,-0.00040290089183248057,155.09906439932706,154.98492432412698,0.1141400752000834,1.000000000000001,0.0037109375,-0.8171745152354575,-0.08099829095409096,0.0037109374999999955,0,2631,-0.6496798409128075,-0.9969412070016197,0.060917464655055986,18.73683940170515,18.73683940170515,0.0,0.2727931097101266,1.579947567219579,2.0,-0.9993340443225381,-0.0023928373209184395,2.0,1.0,2.0,0.0,457.0,0.0,0,0,2.0,2.0,-125.0,8437.5,0.0,0.0,5360.0,3077.5,-125.0,125.0
2632,2019-06-27,12:36:45,155.09375,155.15625,155.0625,155.09375,286,44364.84375,155.1218312937063,0.0,0.0,155.09788342169884,154.98827280646154,0.10961061523730109,1.0000000000000016,0.005078125,-2.5073964497041423,0.2276977550124017,0.005078124999999993,0,2632,-0.6808340591461929,-0.9993340443225381,0.07126096406869607,15.381579055208359,15.381579055208359,0.0,0.2727931097101266,1.2133193946454488,1.0,-0.9974274363399245,0.0019066079826136617,2.0,1.0,2.0,0.0,457.0,0.0,0,0,2.0,2.0,0.0,8437.5,-1.0,0.0,5360.0,3077.5,0.0,0.0
2633,2019-06-27,12:41:16,155.09375,155.25,155.09375,155.1875,287,44532.65625,155.16604965156793,0.09375,0.0006042904806715654,155.1177982168769,154.99440287395504,0.12339534292186727,1.0000000000000002,0.01171875,-1.0208333333333321,0.7818284895276183,0.01171875,-1,2633,-0.7559755192606655,-0.9974274363399245,0.10825317547305482,11.3987735124298,11.3987735124298,0.0,0.2727931097101266,0.7781195689771916,1.0,-0.9964378348195421,0.0009896015203824104,1.0,1.0,2.0,0.0,457.0,93.75,0,0,1.0,2.0,187.5,8625.0,0.0,1.0,5362.5,3262.5,185.0,185.0
2634,2019-06-27,12:46:18,155.1875,155.21875,155.125,155.125,286,44372.5,155.1486013986014,-0.0625,-0.0004028197436145575,155.1193986131265,154.99842124706413,0.12097736606236253,0.9999999999999994,0.009082031249999999,-0.003468609087756628,0.5429955844662835,0.009082031250000004,0,2634,-0.7642186524430933,-0.9964378348195421,0.09529969176235568,12.694413153406419,12.694413153406419,0.0,0.2727931097101266,0.9196936779377148,1.0,-0.998945052871516,-0.0025072180519739584,1.0,1.0,1.0,0.0,457.0,31.25,0,0,1.0,1.0,-62.5,8562.5,0.0,0.0,5362.5,3200.0,-62.5,185.0
2635,2019-06-27,12:53:53,155.125,155.3125,155.125,155.3125,286,44395.0,155.22727272727272,0.1875,0.0012079727661769013,155.16231003243175,155.00808520869296,0.15422482373878665,0.9999999999999998,0.01005859375,-0.6814968423037039,0.6080512986543736,0.010058593750000002,-1,2635,-0.738832203268853,-0.998945052871516,0.1002925408492576,15.377496913812438,15.377496913812438,0.0,0.2727931097101266,1.2128733404244287,1.0,-0.9990396170872429,-9.456421572684448e-05,1.0,1.0,1.0,0.0,457.0,218.75,0,0,1.0,1.0,187.5,8750.0,0.0,0.0,5362.5,3387.5,187.5,187.5
2636,2019-06-27,13:00:12,155.3125,155.375,155.28125,155.34375,286,44421.5,155.31993006993008,0.03125,0.00020118700399862632,155.20263002522472,155.0184133561178,0.1842166691069167,1.0000000000000002,0.011035156249999999,2.3157647427363166,1.5953462614561515,0.011035156249999997,-1,2636,-0.6754450840056974,-0.9990396170872429,0.10504835196232255,17.536369268600165,17.536369268600165,0.0,0.2727931097101266,1.4487725984605564,2.0,-0.9829757737636737,0.016063843323569138,1.0,1.0,1.0,0.0,457.0,250.0,0,0,1.0,1.0,31.25,8781.25,1.0,0.0,5362.5,3418.75,31.25,187.5
2637,2019-06-27,13:09:06,155.34375,155.34375,155.28125,155.3125,286,44421.46875,155.3198208041958,-0.03125,-0.00020118700399862632,155.2270455751748,155.0274621759296,0.1995833992451992,1.0000000000000002,0.011035156249999999,2.3157647427363166,1.5953462614561515,0.011035156249999997,0,2637,-0.5651484208973205,-0.9829757737636737,0.10504835196232255,18.999193753823317,18.999193753823317,0.0,0.2727931097101266,1.608614939271462,2.0,-0.8840172063246879,0.09895856743898579,2.0,1.0,1.0,0.0,457.0,218.75,0,0,2.0,1.0,-31.25,8750.0,0.0,1.0,5365.0,3385.0,-33.75,31.25
2638,2019-06-27,13:17:29,155.3125,155.34375,155.25,155.25,286,44414.65625,155.29600087412587,-0.0625,-0.00040249547735982105,155.2321465584693,155.03430949359333,0.19783706487598351,1.0000000000000067,0.0016601562499999997,-1.4878892733564004,0.5413870509510853,0.001660156249999989,0,2638,-0.2945544132458793,-0.8840172063246879,0.040745015032516416,48.55491272198583,20.0,0.0,0.2727931097101266,1.7179727020810263,2.0,-0.730512069312863,0.1535051370118249,2.0,1.0,2.0,0.0,457.0,156.25,0,0,2.0,2.0,-125.0,8625.0,0.0,0.0,5365.0,3260.0,-125.0,-33.75
2639,2019-06-27,13:28:07,155.25,155.25,155.15625,155.1875,286,44392.875,155.21984265734267,-0.0625,-0.0004026575452025227,155.22222510103168,155.03902304763662,0.183202053395064,1.0000000000000195,0.0007812500000000005,0.31249999999999406,1.2577882373436315,0.0007812499999999853,0,2639,-0.0336669689836426,-0.730512069312863,0.027950849718747107,65.5443592014261,20.0,0.0,0.2727931097101266,1.7179727020810263,2.0,-0.7643028456606766,-0.03379077634781358,2.0,1.0,2.0,0.0,457.0,93.75,0,0,2.0,2.0,-125.0,8500.0,0.0,0.0,5365.0,3135.0,-125.0,-125.0
2640,2019-06-27,13:33:42,155.1875,155.21875,155.1875,155.1875,286,44386.09375,155.196131993007,0.0,0.0,155.21450841191356,155.04359156924784,0.1709168426657186,1.0000000000000198,0.0007812499999999996,4.999999999999986,2.2360679774997894,0.0007812499999999841,0,2640,-0.0844606331920031,-0.7643028456606766,0.027950849718747086,61.14906859202993,20.0,0.0,0.2727931097101266,1.7179727020810263,2.0,-0.7251755240413905,0.039127321619286115,2.0,1.0,2.0,0.0,457.0,93.75,0,0,2.0,2.0,0.0,8500.0,0.0,0.0,5365.0,3135.0,0.0,0.0
2641,2019-06-27,13:40:01,155.1875,155.1875,155.09375,155.125,287,44524.59375,155.13795731707316,-0.0625,-0.0004028197436145575,155.19461765371054,155.04609644404022,0.1485212096703208,1.0000000000000115,0.001171875,-3.333333333333344,0.6085806194501838,0.0011718749999999865,0,2641,-0.025888217261636544,-0.7251755240413905,0.034232659844072685,43.38582229567444,20.0,0.0,0.2727931097101266,1.7179727020810263,2.0,-0.7816755365084738,-0.05650001246708325,2.0,1.0,2.0,0.0,457.0,31.25,0,0,2.0,2.0,-125.0,8375.0,0.0,0.0,5365.0,3010.0,-125.0,0.0
2642,2019-06-27,13:45:39,155.125,155.125,155.0625,155.0625,286,44350.71875,155.0724431818182,-0.0625,-0.00040298207275135667,155.1652581751082,155.046601168839,0.11865700626918851,1.0000000000000084,0.0017578125000000003,-2.4074074074074034,0.16563466499998453,0.0017578124999999853,0,2642,-0.11171596635602254,-0.7816755365084738,0.041926274578120884,28.301347415949365,20.0,0.0,0.2727931097101266,1.7179727020810263,2.0,-0.8840191065673548,-0.10234357005888106,2.0,1.0,2.0,0.0,457.0,-31.25,0,0,2.0,2.0,-125.0,8250.0,0.0,0.0,5365.0,2885.0,-125.0,-125.0
2643,2019-06-27,13:52:02,155.0625,155.125,155.0625,155.0625,286,44354.59375,155.08599213286712,0.0,0.0,155.14242302508416,155.04709036364397,0.09533266144018171,1.0000000000000013,0.007617187499999999,2.0414201183431957,1.4964964675439432,0.007617187499999989,0,2643,-0.2945582979966602,-0.8840191065673548,0.08727650027355582,10.923061894252747,10.923061894252747,0.0,0.2727931097101266,0.7261387200315546,1.0,-0.9874198472567822,-0.1034007406894274,2.0,1.0,2.0,0.0,457.0,-31.25,0,0,2.0,2.0,0.0,8250.0,-1.0,0.0,5365.0,2885.0,0.0,0.0
2644,2019-06-27,13:58:04,155.0625,155.0625,154.9375,154.96875,287,44484.0625,154.99673344947735,-0.09375,-0.000604777762612585,155.1038290195099,155.04467989091648,0.059149128593418254,1.0000000000000002,0.010546875,-2.8446502057613174,0.1662326692016708,0.010546874999999997,0,2644,-0.5864032977887406,-0.9874198472567822,0.10269797953221864,5.7595221310913765,5.7595221310913765,0.0,0.2727931097101266,0.16192046216721778,0.0,-0.9720683420775957,0.015351505179186486,1.0,1.0,2.0,0.0,457.0,-125.0,0,0,1.0,2.0,-187.5,8062.5,-1.0,1.0,5367.5,2695.0,-190.0,0.0
2645,2019-06-27,14:04:30,154.96875,155.09375,154.9375,155.09375,286,44332.8125,155.00983391608392,0.125,0.0008062890983069337,155.1015892373966,155.04618974042674,0.05539949696986923,1.0000000000000002,0.010546875,-2.8446502057613174,0.1662326692016708,0.010546874999999997,-1,2645,-0.8533126443978959,-0.9720683420775957,0.10269797953221864,5.394409629304263,5.394409629304263,0.0,0.2727931097101266,0.12202474157017346,0.0,-0.8702718657666115,0.10179647631098421,0.0,1.0,1.0,0.0,457.0,0.0,0,0,0.0,1.0,125.0,8187.5,0.0,1.0,5370.0,2817.5,122.5,122.5
2646,2019-06-27,14:08:41,155.09375,155.21875,155.0625,155.21875,287,44522.6875,155.13131533101046,0.125,0.00080563951990964,155.1276249624196,155.05149928687516,0.07612567554443217,1.0,0.01044921875,-2.762686697528167,-0.13428335749644826,0.010449218749999998,-1,2646,-0.9636759270602258,-0.8702718657666115,0.10222142021122578,7.447135383868613,7.447135383868613,0.0,0.2727931097101266,0.3463253962056779,1.0,-0.6011687549385812,0.2691031108280303,-0.0,1.0,0.0,0.0,457.0,125.0,0,0,-0.0,0.0,0.0,8187.5,1.0,0.0,5370.0,2817.5,0.0,122.5
2647,2019-06-27,14:13:24,155.21875,155.21875,155.15625,155.15625,286,44388.65625,155.20509178321677,-0.0625,-0.00040273862807715943,155.13398608188191,155.05472238574055,0.07926369614136775,0.9999999999999994,0.006152343749999999,-0.6122448979591795,-0.5122408325718835,0.006152343750000002,0,2647,-0.9901551580001745,-0.6011687549385812,0.0784368774875696,10.105411979706762,10.105411979706762,0.0,0.2727931097101266,0.636794388141369,1.0,-0.15305963464029995,0.4481091202982813,-1.0,-1.0,-0.0,0.0,457.0,62.5,0,0,-1.0,-0.0,0.0,8187.5,0.0,1.0,5372.5,2815.0,-2.5,0.0
2648,2019-06-27,14:19:08,155.15625,155.1875,155.09375,155.1875,286,44374.03125,155.15395541958043,0.03125,0.00020138958883908487,155.14587806368596,155.0588078507947,0.0870702128912626,1.0000000000000007,0.00615234375,-0.612244897959183,0.5122408325718828,0.0061523437499999955,-1,2648,-0.8070044150623145,-0.15305963464029995,0.07843687748756956,11.1006730099705,11.1006730099705,0.0,0.2727931097101266,0.7455462270682114,1.0,0.24982926571017688,0.40288890035047686,-1.0,-1.0,-1.0,1.0,458.0,31.25,0,0,-1.0,-1.0,-31.25,8156.25,0.0,0.0,5372.5,2783.75,-31.25,-2.5
2649,2019-06-27,14:22:32,155.1875,155.25,155.15625,155.21875,286,44393.28125,155.2212631118881,0.03125,0.00020134903923807457,155.16207182731134,155.06372914769335,0.0983426796179856,1.0000000000000044,0.0026367187499999997,-3.333333333333331,0.6085806194501848,0.0026367187499999885,-1,2649,-0.5080283892796541,0.24982926571017688,0.05134898976610921,19.15182364169755,19.15182364169755,0.0,0.2727931097101266,1.6252927559213532,2.0,0.7756309647183101,0.5258016990081331,-1.0,-1.0,-1.0,0.0,458.0,62.5,0,0,-1.0,-1.0,-31.25,8125.0,1.0,0.0,5372.5,2752.5,-31.25,-31.25
2650,2019-06-27,14:29:44,155.21875,155.21875,155.15625,155.15625,287,44541.375,155.19642857142858,-0.0625,-0.00040273862807715943,155.16077808790882,155.06657594314896,0.094202144759862,1.0000000000000042,0.00224609375,-3.081285444234402,-0.31535587858059355,0.0022460937499999907,0,2650,0.10213754355654932,0.7756309647183101,0.04739297152532209,19.876817538130044,19.876817538130044,0.0,0.2727931097101266,1.704512595792786,2.0,0.9984000768357014,0.22276911211739137,-2.0,-1.0,-1.0,0.0,458.0,0.0,0,0,-2.0,-1.0,62.5,8187.5,0.0,1.0,5375.0,2812.5,60.0,60.0
2651,2019-06-27,14:35:14,155.15625,155.15625,155.0625,155.09375,286,44365.125,155.1228146853147,-0.0625,-0.00040290089183248057,155.14588295726244,155.06741206797517,0.0784708892872743,1.0000000000000029,0.003125,-2.32421875,0.052407843222651435,0.0031249999999999915,0,2651,0.6659924271738681,0.9984000768357014,0.055901699437494665,14.037299416096449,14.037299416096449,0.0,0.2727931097101266,1.0664304094044692,1.0,0.9586218638343124,-0.03977821300138906,2.0,-1.0,-2.0,0.0,458.0,-62.5,0,0,2.0,-2.0,125.0,8312.5,-1.0,4.0,5385.0,2927.5,115.0,115.0
2652,2019-06-27,14:45:20,155.09375,155.1875,155.0625,155.09375,286,44366.03125,155.1259833916084,0.0,0.0,155.13429785564858,155.06822246588365,0.06607538976493288,1.000000000000002,0.00390625,-3.0,0.0,0.0039062499999999926,0,2652,0.8791489422410957,0.9586218638343124,0.06249999999999994,10.572062362389271,10.572062362389271,0.0,0.2727931097101266,0.6877851189240154,1.0,0.6822973507211347,-0.27632451311317763,1.0,-1.0,2.0,1.0,459.0,0.0,0,0,1.0,2.0,0.0,8312.5,0.0,1.0,5387.5,2925.0,-2.5,115.0
2653,2019-06-27,14:52:42,155.09375,155.21875,155.09375,155.15625,286,44369.78125,155.13909527972027,0.0625,0.00040290089183248057,155.13917610994892,155.07093100539493,0.0682451045539949,1.0000000000000016,0.0027343750000000003,0.5357142857142847,-1.088511769215251,0.002734374999999996,-1,2653,0.999405013739914,0.6822973507211347,0.05229125165837968,13.05096022559227,13.05096022559227,0.0,0.2727931097101266,0.9586534569154146,1.0,0.35370322844389135,-0.3285941222772434,-1.0,-1.0,1.0,0.0,459.0,62.5,0,0,-1.0,1.0,62.5,8375.0,0.0,2.0,5392.5,2982.5,57.5,57.5
2654,2019-06-27,15:01:31,155.15625,155.21875,155.09375,155.21875,287,44537.53125,155.18303571428572,0.0625,0.00040273862807715943,155.15685919662695,155.07547928215203,0.08137991447492254,1.0000000000000007,0.0007812500000000005,0.31249999999999406,-1.2577882373436315,0.00078125,-1,2654,0.9115037235776838,0.35370322844389135,0.02795084971874737,29.115363323047347,20.0,0.0,0.2727931097101266,1.7179727020810263,2.0,-0.5465401780092255,-0.9002434064531168,1.0,1.0,-1.0,1.0,460.0,62.5,0,0,1.0,-1.0,-62.5,8312.5,1.0,2.0,5397.5,2915.0,-67.5,57.5
2655,2019-06-27,15:09:58,155.21875,155.25,155.1875,155.25,286,44392.71875,155.21929632867133,0.03125,0.00020130850596444816,155.17755715293208,155.0808491503935,0.09670800253857692,0.9999999999999933,0.0002929687499999992,-3.3333333333337323,-0.6085806194501595,0.0002929687500000012,-1,2655,0.20569220441993302,-0.5465401780092255,0.017116329922036475,56.500431447088374,20.0,0.0,0.2727931097101266,1.7179727020810263,2.0,-0.7495628816209069,-0.2030227036116814,2.0,1.0,1.0,1.0,461.0,31.25,0,0,2.0,1.0,31.25,8343.75,0.0,1.0,5400.0,2943.75,28.75,28.75
2656,2019-06-27,15:18:56,155.25,155.3125,155.21875,155.3125,286,44404.96875,155.2621284965035,0.0625,0.00040249547735982105,155.20754445228053,155.08797686884296,0.11956758343757201,1.000000000000001,0.0026367187499999997,3.2510288065843675,-1.7355817665801567,0.0026367187499999967,-1,2656,-0.06196358204160462,-0.7495628816209069,0.05134898976610929,23.285284478271763,20.0,0.0,0.2727931097101266,1.7179727020810263,2.0,-0.7645440526439417,-0.014981171023034756,2.0,1.0,2.0,0.0,461.0,93.75,0,0,2.0,2.0,125.0,8468.75,0.0,0.0,5400.0,3068.75,125.0,125.0
2657,2019-06-27,15:19:19,155.3125,155.375,155.3125,155.34375,286,44427.96875,155.34254807692307,0.03125,0.00020118700399862632,155.23781235177375,155.0958468113401,0.1419655404336595,1.0000000000000022,0.00224609375,1.4555765595463157,-1.118079933149378,0.002246093749999994,-1,2657,-0.08483342036548203,-0.7645440526439417,0.04739297152532213,29.954977682251283,20.0,0.0,0.2727931097101266,1.7179727020810263,2.0,-0.6327788187234636,0.131765233920478,2.0,1.0,2.0,0.0,461.0,125.0,0,0,2.0,2.0,62.5,8531.25,0.0,0.0,5400.0,3131.25,62.5,125.0
2658,2019-06-27,15:21:58,155.34375,155.34375,155.28125,155.28125,286,44420.21875,155.31545017482517,-0.0625,-0.00040241449235267623,155.2474651624907,155.10155152483736,0.14591363765333654,1.0000000000000009,0.00361328125,-0.021913805697585314,-0.5901286563843663,0.0036132812499999967,0,2658,0.1000936346033992,-0.6327788187234636,0.06011057519272293,24.27420419543765,20.0,0.0,0.2727931097101266,1.7179727020810263,2.0,-0.43449410509277187,0.19828471363069178,2.0,1.0,2.0,0.0,461.0,62.5,0,0,2.0,2.0,-125.0,8406.25,0.0,0.0,5400.0,3006.25,-125.0,62.5
2659,2019-06-27,15:27:16,155.3125,155.34375,155.25,155.28125,286,44412.90625,155.289881993007,0.0,0.0,155.25497290415944,155.10708070868853,0.14789219547091648,1.0000000000000018,0.00322265625,1.0743801652892582,0.2669003066972995,0.003222656249999994,0,2659,0.32963944320182614,-0.43449410509277187,0.05676844413932792,26.051831737354245,20.0,0.0,0.2727931097101266,1.7179727020810263,2.0,-0.39377871862552116,0.0407153864672507,2.0,1.0,2.0,0.0,461.0,62.5,0,0,2.0,2.0,0.0,8406.25,0.0,0.0,5400.0,3006.25,0.0,0.0
2660,2019-06-27,15:33:56,155.28125,155.375,155.28125,155.375,286,44417.96875,155.30758304195805,0.09375,0.0006035610282815185,155.28164559212402,155.11532437919044,0.16632121293358182,1.0000000000000024,0.00341796875,2.000000000000002,1.1454053224818188,0.0034179687499999918,-1,2660,0.3715326745545062,-0.39377871862552116,0.058463396668342764,28.448776912006345,20.0,0.0,0.2727931097101266,1.7179727020810263,2.0,-0.49219653448352657,-0.09841781585800541,2.0,1.0,2.0,0.0,461.0,156.25,0,0,2.0,2.0,187.5,8593.75,0.0,0.0,5400.0,3193.75,187.5,187.5
2661,2019-06-27,15:40:11,155.375,155.4375,155.375,155.375,286,44441.8125,155.3909527972028,0.0,0.0,155.30239101609646,155.1233143982923,0.1790766178041565,1.000000000000002,0.0022460937500000003,1.455576559546311,1.1180799331493774,0.0022460937499999955,0,2661,0.26748970407011063,-0.49219653448352657,0.047392971525322146,37.7854800069828,20.0,0.0,0.2727931097101266,1.7179727020810263,2.0,-0.6252678824789243,-0.13307134799539772,2.0,1.0,2.0,0.0,461.0,156.25,0,0,2.0,2.0,0.0,8593.75,0.0,0.0,5400.0,3193.75,0.0,187.5
2662,2019-06-27,15:46:54,155.375,155.40625,155.3125,155.34375,286,44432.84375,155.35959353146853,-0.03125,-0.00020114653592884224,155.31158190140837,155.13009703219103,0.18148486921734275,1.000000000000002,0.0022460937500000003,1.455576559546311,1.1180799331493774,0.0022460937499999955,0,2662,0.10970218244692398,-0.6252678824789243,0.047392971525322146,38.293625273185306,20.0,0.0,0.2727931097101266,1.7179727020810263,2.0,-0.7624429359871348,-0.13717505350821046,2.0,1.0,2.0,0.0,461.0,125.0,0,0,2.0,2.0,-62.5,8531.25,0.0,0.0,5400.0,3131.25,-62.5,0.0
2663,2019-06-27,15:58:34,155.34375,155.40625,155.3125,155.375,285,44282.03125,155.37554824561403,0.03125,0.00020114653592884224,155.32567481220653,155.13763250812363,0.18804230408289868,1.0000000000000167,0.00048828125,2.0,0.0,0.000488281249999992,-1,2663,-0.08159126616214178,-0.7624429359871348,0.022097086912079428,85.09823255485541,20.0,0.0,0.2727931097101266,1.7179727020810263,2.0,-0.8825345557089586,-0.1200916197218238,2.0,1.0,2.0,0.0,461.0,156.25,0,0,2.0,2.0,62.5,8593.75,0.0,0.0,5400.0,3193.75,62.5,62.5
2664,2019-06-27,16:08:20,155.375,155.4375,155.3125,155.375,286,44436.4375,155.3721590909091,0.0,0.0,155.33663596504954,155.1449361232583,0.1916998417912339,1.000000000000002,0.0022460937500000003,1.455576559546311,1.1180799331493774,0.0022460937499999955,0,2664,-0.2915309377585157,-0.8825345557089586,0.047392971525322146,40.44900237766445,20.0,0.0,0.2727931097101266,1.7179727020810263,2.0,-0.9541882067923663,-0.07165365108340771,2.0,1.0,2.0,0.0,461.0,156.25,0,0,2.0,2.0,0.0,8593.75,0.0,0.0,5400.0,3193.75,0.0,62.5
2665,2019-06-27,16:29:04,155.375,155.40625,155.34375,155.375,286,44436.28125,155.37161276223776,0.0,0.0,155.34516130614966,155.15201501177344,0.19314629437621988,1.0000000000000018,0.0016601562499999997,2.664359861591702,1.714392328011769,0.0016601562499999967,0,2665,-0.46314160895201734,-0.9541882067923663,0.04074501503251651,47.40366256389394,20.0,0.0,0.2727931097101266,1.7179727020810263,2.0,-0.9742924508874329,-0.020104244095066615,2.0,1.0,2.0,0.0,461.0,156.25,0,0,2.0,2.0,0.0,8593.75,0.0,0.0,5400.0,3193.75,0.0,0.0
2666,2019-06-27,16:50:30,155.375,155.46875,155.34375,155.46875,286,44449.6875,155.41848776223776,0.09375,0.0006031969620909905,155.37262546033864,155.1617607037189,0.2108647566197419,1.0000000000000024,0.0017578124999999998,4.999999999999997,2.2360679774997907,0.0017578124999999955,-1,2666,-0.5296268526538322,-0.9742924508874329,0.041926274578121,50.29417918514051,20.0,0.0,0.2727931097101266,1.7179727020810263,2.0,-0.9639076953284977,0.010384755558935144,2.0,1.0,2.0,0.0,461.0,250.0,0,0,2.0,2.0,187.5,8781.25,0.0,0.0,5400.0,3381.25,187.5,187.5
2667,2019-06-27,17:00:24,155.46875,155.5,155.4375,155.46875,286,44461.84375,155.46099213286712,0.0,0.0,155.39398646915228,155.17120652821987,0.22277994093241205,1.000000000000001,0.001953125,-1.750000000000001,0.883883476483184,0.0019531249999999978,0,2667,-0.49332792575072637,-0.9639076953284977,0.044194173824159196,50.409346222607084,20.0,0.0,0.2727931097101266,1.7179727020810263,2.0,-0.9392969927090657,0.02461070261943199,2.0,1.0,2.0,0.0,461.0,250.0,0,0,2.0,2.0,0.0,8781.25,0.0,0.0,5400.0,3381.25,0.0,187.5
2668,2019-06-27,17:08:01,155.46875,155.5,155.4375,155.46875,285,44307.8125,155.46600877192984,0.0,0.0,155.41060058711847,155.18036171196695,0.23023887515151387,1.0000000000000004,0.0016601562499999997,-1.4878892733564086,0.5413870509510866,0.0016601562499999989,0,2668,-0.4215712788635459,-0.9392969927090657,0.04074501503251654,56.507250020099846,20.0,0.0,0.2727931097101266,1.7179727020810263,2.0,-0.9061751453022464,0.03312184740681934,2.0,1.0,2.0,0.0,461.0,250.0,0,0,2.0,2.0,0.0,8781.25,0.0,0.0,5400.0,3381.25,0.0,0.0
2669,2019-06-27,17:20:01,155.46875,155.53125,155.40625,155.53125,286,44463.5625,155.46700174825176,0.0625,0.0004019292658616891,155.43741156775883,155.19115827467567,0.24625329308315713,1.0000000000000033,0.0021484375,0.8677685950413228,-0.5516180692881075,0.0021484374999999932,-1,2669,-0.3417252964946077,-0.9061751453022464,0.04635124054434782,53.12765962489128,20.0,0.0,0.2727931097101266,1.7179727020810263,2.0,-0.8657473453371907,0.040427799965055744,2.0,1.0,2.0,0.0,461.0,312.5,0,0,2.0,2.0,125.0,8906.25,0.0,0.0,5400.0,3506.25,125.0,125.0
2670,2019-06-27,17:24:36,155.5,155.5625,155.5,155.5625,286,44486.25,155.54632867132867,0.03125,0.0002009040689827657,155.46520899714577,155.20258417391645,0.26262482322931646,1.0000000000000022,0.00224609375,1.4555765595463157,-1.118079933149378,0.002246093749999994,-1,2670,-0.25828209590540585,-0.8657473453371907,0.04739297152532213,55.41429768525817,20.0,0.0,0.2727931097101266,1.7179727020810263,2.0,-0.8411912004110679,0.02455614492612279,2.0,1.0,2.0,0.0,461.0,343.75,0,0,2.0,2.0,62.5,8968.75,0.0,0.0,5400.0,3568.75,62.5,125.0
2671,2019-06-27,17:37:50,155.5625,155.59375,155.5,155.5,285,44334.53125,155.55975877192984,-0.0625,-0.00040184850852220677,155.4729403311134,155.21173543010366,0.2612049010097337,1.0000000000000022,0.00224609375,1.4555765595463157,-1.118079933149378,0.002246093749999994,0,2671,-0.21245263947515985,-0.8411912004110679,0.04739297152532213,55.1146916099514,20.0,0.0,0.2727931097101266,1.7179727020810263,2.0,-0.8537222663266293,-0.012531065915561412,2.0,1.0,2.0,0.0,461.0,281.25,0,0,2.0,2.0,-125.0,8843.75,0.0,0.0,5400.0,3443.75,-125.0,62.5
2672,2019-06-27,17:49:06,155.5,155.5625,155.5,155.53125,286,44480.75,155.5270979020979,0.03125,0.00020094443953944108,155.48589803531044,155.22156664763895,0.2643313876714899,1.0000000000000056,0.00146484375,2.0000000000000013,-1.3608276348795436,0.001464843749999992,-1,2672,-0.2354620679278398,-0.8537222663266293,0.03827327723098705,69.06421576500908,20.0,0.0,0.2727931097101266,1.7179727020810263,2.0,-0.8459727614562456,0.007749504870383728,2.0,1.0,2.0,0.0,461.0,312.5,0,0,2.0,2.0,62.5,8906.25,0.0,0.0,5400.0,3506.25,62.5,62.5
2673,2019-06-27,18:05:15,155.53125,155.59375,155.5,155.53125,285,44330.5,155.5456140350877,0.0,0.0,155.49597624968592,155.23109536617315,0.26488088351277383,1.0000000000000056,0.00146484375,2.0000000000000013,-1.3608276348795436,0.001464843749999992,0,2673,-0.2211452763881985,-0.8459727614562456,0.03827327723098705,69.20778743721463,20.0,0.0,0.2727931097101266,1.7179727020810263,2.0,-0.8261682717287209,0.019804489727524688,2.0,1.0,2.0,0.0,461.0,312.5,0,0,2.0,2.0,0.0,8906.25,0.0,0.0,5400.0,3506.25,0.0,62.5
2674,2019-06-27,18:11:52,155.53125,155.5625,155.5,155.53125,286,44485.5625,155.54392482517483,0.0,0.0,155.50381486086687,155.24033089336783,0.2634839674990417,1.0000000000000049,0.0006835937499999997,-0.6122448979591795,0.5122408325718838,0.0006835937499999964,0,2674,-0.18578864342225887,-0.8261682717287209,0.026145625829189792,100.77554433785247,20.0,0.0,0.2727931097101266,1.7179727020810263,2.0,-0.8320950647195433,-0.005926792990822438,2.0,1.0,2.0,0.0,461.0,312.5,0,0,2.0,2.0,0.0,8906.25,0.0,0.0,5400.0,3506.25,0.0,0.0
2675,2019-06-27,18:27:06,155.53125,155.59375,155.5,155.5625,285,44330.84375,155.5468201754386,0.03125,0.0002009040689827657,155.51685600289645,155.25024378895654,0.26661221393990786,1.0000000000000009,0.0016601562499999997,-1.4878892733564086,0.5413870509510866,0.0016601562499999984,-1,2675,-0.19619528289196825,-0.8320950647195433,0.040745015032516534,65.43431478111816,20.0,0.0,0.2727931097101266,1.7179727020810263,2.0,-0.8528389146241653,-0.02074384990462197,2.0,1.0,2.0,0.0,461.0,343.75,0,0,2.0,2.0,62.5,8968.75,0.0,0.0,5400.0,3568.75,62.5,62.5
2676,2019-06-27,18:39:28,155.5625,155.625,155.53125,155.625,286,44497.875,155.58697552447552,0.0625,0.0004016870911609516,155.54088800225279,155.26177474929634,0.2791132529564493,0.999999999999999,0.0012695312499999994,-0.17751479289940994,-0.40479600891093587,0.0012695312500000005,-1,2676,-0.23381533611144514,-0.8528389146241653,0.03563048203434807,78.33552537610404,20.0,0.0,0.2727931097101266,1.7179727020810263,2.0,-0.8439336489724378,0.008905265651727445,2.0,1.0,2.0,0.0,461.0,406.25,0,0,2.0,2.0,125.0,9093.75,0.0,0.0,5400.0,3693.75,125.0,125.0
2677,2019-06-27,18:43:17,155.625,155.71875,155.625,155.71875,285,44364.53125,155.66502192982455,0.09375,0.0006022282627062836,155.58041289064107,155.27583552624108,0.3045773643999894,0.999999999999999,0.0012695312499999994,-0.17751479289940994,-0.40479600891093587,0.0012695312500000005,-1,2677,-0.21742549105231068,-0.8439336489724378,0.03563048203434807,85.48224638285117,20.0,0.0,0.2727931097101266,1.7179727020810263,2.0,-0.8155458882406256,0.02838776073181226,2.0,1.0,2.0,0.0,461.0,500.0,0,0,2.0,2.0,187.5,9281.25,0.0,0.0,5400.0,3881.25,187.5,187.5
2678,2019-06-27,18:46:07,155.71875,155.78125,155.71875,155.78125,285,44388.3125,155.7484649122807,0.0625,0.0004012841145337731,155.6250433593875,155.2913867408183,0.3336566185691936,1.0000000000000009,0.00263671875,-1.6872427983539093,-0.5184205276797864,0.0026367187499999984,-1,2678,-0.16748070135558374,-0.8155458882406256,0.051348989766109306,64.97822451599804,20.0,0.0,0.2727931097101266,1.7179727020810263,2.0,-0.7796783003738448,0.03586758786678079,2.0,1.0,2.0,0.0,461.0,562.5,0,0,2.0,2.0,125.0,9406.25,0.0,0.0,5400.0,4006.25,125.0,187.5
2679,2019-06-27,18:51:09,155.78125,155.8125,155.75,155.78125,285,44397.4375,155.78048245614036,0.0,0.0,155.65975594619027,155.30645945648544,0.35329648970483163,1.0000000000000013,0.0026367187499999997,-1.6872427983539058,0.5184205276797867,0.0026367187499999963,0,2679,-0.10853948835802939,-0.7796783003738448,0.051348989766109285,68.80300689732556,20.0,0.0,0.2727931097101266,1.7179727020810263,2.0,-0.7546576374662615,0.025020662907583313,2.0,1.0,2.0,0.0,461.0,562.5,0,0,2.0,2.0,0.0,9406.25,0.0,0.0,5400.0,4006.25,0.0,125.0
2680,2019-06-27,18:55:44,155.78125,155.8125,155.75,155.75,286,44547.8125,155.76158216783216,-0.03125,-0.00020062192864944706,155.67981018037023,155.32010685782438,0.35970332254584036,1.000000000000005,0.00146484375,2.0000000000000013,1.3608276348795436,0.0014648437499999922,0,2680,-0.06967749607866161,-0.7546576374662615,0.03827327723098706,93.98289056224719,20.0,0.0,0.2727931097101266,1.7179727020810263,2.0,-0.7417971071354038,0.012860530330857656,2.0,1.0,2.0,0.0,461.0,531.25,0,0,2.0,2.0,-62.5,9343.75,0.0,0.0,5400.0,3943.75,-62.5,0.0
2681,2019-06-27,18:59:32,155.75,155.78125,155.71875,155.75,285,44386.4375,155.74188596491229,0.0,0.0,155.69540791806574,155.3333343391221,0.3620735789436367,1.000000000000009,0.0014648437500000002,2.0000000000000058,-1.3608276348795423,0.001464843749999987,0,2681,-0.05032672179137686,-0.7417971071354038,0.03827327723098699,94.60218856055863,20.0,0.0,0.2727931097101266,1.7179727020810263,2.0,-0.7194875815720114,0.022309525563392385,2.0,1.0,2.0,0.0,461.0,531.25,0,0,2.0,2.0,0.0,9343.75,0.0,0.0,5400.0,3943.75,0.0,0.0
2682,2019-06-27,19:00:00,155.75,155.75,155.71875,155.71875,285,44383.71875,155.73234649122807,-0.03125,-0.00020066218588432605,155.70059504738447,155.34519328253376,0.3554017648507113,1.0000000000000056,0.0021484374999999997,0.8677685950413286,-0.5516180692881066,0.002148437499999988,0,2682,-0.017665136516581692,-0.7194875815720114,0.04635124054434776,76.675782714094,20.0,0.0,0.2727931097101266,1.7179727020810263,2.0,-0.7044343242730917,0.015053257298919709,2.0,1.0,2.0,0.0,461.0,500.0,0,0,2.0,2.0,-62.5,9281.25,0.0,0.0,5400.0,3881.25,-62.5,0.0
2683,2019-06-27,19:03:35,155.71875,155.71875,155.625,155.625,285,44368.15625,155.67774122807018,-0.09375,-0.0006022282627062836,155.6837961479657,155.35380271999426,0.3299934279714307,1.000000000000005,0.0022460937500000003,1.455576559546311,-1.1180799331493774,0.002246093749999989,0,2683,0.003772309626594593,-0.7044343242730917,0.047392971525322077,69.62919128105634,20.0,0.0,0.2727931097101266,1.7179727020810263,2.0,-0.7390958356860291,-0.034661511412937385,2.0,1.0,2.0,0.0,461.0,406.25,0,0,2.0,2.0,-187.5,9093.75,0.0,0.0,5400.0,3693.75,-187.5,-62.5
2684,2019-06-27,19:11:06,155.625,155.6875,155.625,155.65625,286,44514.90625,155.64652534965035,0.03125,0.0002007830545851519,155.6776747817511,155.3631087901483,0.3145659916028194,1.000000000000005,0.0022460937500000003,1.455576559546311,-1.1180799331493774,0.002246093749999989,-1,2684,-0.046312347125128266,-0.7390958356860291,0.047392971525322077,66.37397518633047,20.0,0.0,0.2727931097101266,1.7179727020810263,2.0,-0.7747512401115056,-0.035655404425476545,2.0,1.0,2.0,0.0,461.0,437.5,0,0,2.0,2.0,62.5,9156.25,0.0,0.0,5400.0,3756.25,62.5,62.5
2685,2019-06-27,19:21:27,155.65625,155.6875,155.625,155.65625,285,44359.84375,155.6485745614035,0.0,0.0,155.67291371913979,155.3721285196822,0.30078519945757876,1.0000000000000038,0.00341796875,-2.897959183673469,-0.3818017741606066,0.003417968749999987,0,2685,-0.10075215581599858,-0.7747512401115056,0.05846339666834272,51.448464611781716,20.0,0.0,0.2727931097101266,1.7179727020810263,2.0,-0.8380526536856356,-0.06330141357413,2.0,1.0,2.0,0.0,461.0,437.5,0,0,2.0,2.0,0.0,9156.25,0.0,0.0,5400.0,3756.25,0.0,62.5
2686,2019-06-27,19:35:43,155.65625,155.6875,155.625,155.65625,285,44362.78125,155.65888157894736,0.0,0.0,155.66921067044206,155.38087071907663,0.28833995136542967,1.0000000000000036,0.00263671875,3.251028806584363,-1.7355817665801556,0.002636718749999991,0,2686,-0.2068027782746634,-0.8380526536856356,0.051348989766109236,56.15299398854707,20.0,0.0,0.2727931097101266,1.7179727020810263,2.0,-0.8996023296988094,-0.06154967601317374,2.0,1.0,2.0,0.0,461.0,437.5,0,0,2.0,2.0,0.0,9156.25,0.0,0.0,5400.0,3756.25,0.0,0.0
2687,2019-06-27,19:44:32,155.65625,155.65625,155.5625,155.5625,286,44512.84375,155.6393138111888,-0.09375,-0.0006024701457461035,155.64549718812162,155.3864593123358,0.2590378757858218,1.0000000000000044,0.0026367187499999997,-1.6872427983539058,-0.5184205276797867,0.002636718749999988,0,2687,-0.32731428561599485,-0.8996023296988094,0.05134898976610921,50.44653789017464,20.0,0.0,0.2727931097101266,1.7179727020810263,2.0,-0.9586760933998418,-0.059073763701032456,2.0,1.0,2.0,0.0,461.0,343.75,0,0,2.0,2.0,-187.5,8968.75,0.0,0.0,5400.0,3568.75,-187.5,0.0
2688,2019-06-27,19:52:43,155.5625,155.59375,155.53125,155.59375,285,44338.6875,155.57434210526316,0.03125,0.00020086371464511643,155.6339978129835,155.39283748734087,0.24116032564262468,1.0000000000000044,0.0026367187499999997,-1.6872427983539058,-0.5184205276797867,0.002636718749999988,-1,2688,-0.4767146141842698,-0.9586760933998418,0.05134898976610921,46.964960117247074,20.0,0.0,0.2727931097101266,1.7179727020810263,2.0,-0.9958627789978359,-0.037186685597994096,2.0,1.0,2.0,0.0,461.0,375.0,0,0,2.0,2.0,62.5,9031.25,0.0,0.0,5400.0,3631.25,62.5,62.5
2689,2019-06-27,20:14:54,155.59375,155.625,155.5,155.53125,286,44492.3125,155.5675262237762,-0.0625,-0.0004017677836278821,155.61116496565384,155.39709633388426,0.21406863176957813,1.0000000000000044,0.0026367187499999997,-1.6872427983539058,-0.5184205276797867,0.002636718749999988,0,2689,-0.6399266534871988,-0.9958627789978359,0.05134898976610921,41.68896656869876,20.0,0.0,0.2727931097101266,1.7179727020810263,2.0,-0.9961650172147014,-0.00030223821686548025,2.0,1.0,2.0,0.0,461.0,312.5,0,0,2.0,2.0,-125.0,8906.25,0.0,0.0,5400.0,3506.25,-125.0,62.5
2690,2019-06-27,20:35:49,155.53125,155.625,155.53125,155.53125,285,44340.71875,155.58146929824562,0.0,0.0,155.59340608439743,155.40122413899553,0.1921819454018987,1.0000000000000073,0.001171875,2.9166666666666665,-1.2932338163316421,0.001171874999999991,0,2690,-0.7662628757220674,-0.9961650172147014,0.034232659844072755,56.13993954231816,20.0,0.0,0.2727931097101266,1.7179727020810263,2.0,-0.9278092084355242,0.06835580877917724,2.0,1.0,2.0,0.0,461.0,312.5,0,0,2.0,2.0,0.0,8906.25,0.0,0.0,5400.0,3506.25,0.0,0.0
2691,2019-06-27,20:55:11,155.53125,155.59375,155.5,155.53125,286,44488.25,155.55332167832168,0.0,0.0,155.579593621198,155.40522493471875,0.17436868647925508,1.0000000000000102,0.001171875,-3.3333333333333304,-0.6085806194501845,0.0011718749999999878,0,2691,-0.9198499408286369,-0.9278092084355242,0.034232659844072706,50.9363535505251,20.0,0.0,0.2727931097101266,1.7179727020810263,2.0,-0.7280840524008467,0.19972515603467744,2.0,1.0,2.0,0.0,461.0,312.5,0,0,2.0,2.0,0.0,8906.25,0.0,0.0,5400.0,3506.25,0.0,0.0
2692,2019-06-27,23:45:34,155.53125,155.59375,155.5,155.53125,285,44331.375,155.54868421052632,0.0,0.0,155.56885059426511,155.4091026290351,0.1597479652300251,1.0000000000000004,0.006640624999999999,3.3780276816608983,1.5734061168265914,0.006640624999999995,0,2692,-0.9995462882709949,-0.7280840524008467,0.08149003006503308,19.60337541936582,19.60337541936582,0.0,0.2727931097101266,1.6746336671987654,2.0,-0.37469264113058015,0.3533914112702666,-2.0,1.0,2.0,0.0,461.0,312.5,0,0,-2.0,2.0,0.0,8906.25,0.0,4.0,5410.0,3496.25,-10.0,0.0
2693,2019-06-28,00:00:32,155.5625,155.6875,155.46875,155.46875,286,44501.75,155.60052447552448,-0.0625,-0.0004019292658616891,155.54660601776177,155.41093793275712,0.135668085004653,1.0000000000000009,0.010937500000000001,1.4684311224489797,0.8884176939918593,0.01093749999999999,0,2693,-0.9205411121461973,-0.37469264113058015,0.1045825033167594,12.97235012569374,12.97235012569374,0.0,0.2727931097101266,0.9500637576684516,1.0,-0.08433920405166574,0.2903534370789144,-2.0,-1.0,-2.0,1.0,462.0,-62.5,0,0,-2.0,-2.0,125.0,9031.25,-1.0,0.0,5410.0,3621.25,125.0,125.0
2694,2019-06-28,00:22:50,155.46875,155.625,155.4375,155.625,285,44325.875,155.52938596491228,0.15625,0.0010045204260054064,155.56402690270363,155.41752445790306,0.14650244480057495,1.0000000000000007,0.01123046875,0.48771266540642816,0.5769467849539455,0.011230468749999991,-1,2694,-0.7642242551031135,-0.08433920405166574,0.10597390598633227,13.824388507437835,13.824388507437835,0.0,0.2727931097101266,1.043165705834117,1.0,0.39169912721933664,0.47603833127100237,-1.0,-1.0,-2.0,0.0,462.0,93.75,0,0,-1.0,-2.0,-312.5,8718.75,0.0,1.0,5412.5,3306.25,-315.0,125.0
2695,2019-06-28,01:24:38,155.625,155.625,155.5,155.5,286,44487.21875,155.5497159090909,-0.125,-0.0008035355996831584,155.54979870210283,155.4200621668907,0.129736535212146,1.0000000000000007,0.01201171875,-0.8744794765020814,0.02549969688469185,0.012011718749999994,0,2695,-0.37363114614564225,0.39169912721933664,0.1095979869796886,11.837492529510564,11.837492529510564,0.0,0.2727931097101266,0.8260582488098246,1.0,0.6415333731497501,0.24983424593041348,-1.0,-1.0,-1.0,0.0,462.0,-31.25,0,0,-1.0,-1.0,125.0,8843.75,0.0,0.0,5412.5,3431.25,125.0,125.0
2696,2019-06-28,02:18:22,155.5,155.5625,155.4375,155.53125,285,44317.90625,155.5014254385965,0.03125,0.00020094443953944108,155.5456767683022,155.4234833309864,0.12219343731581489,1.0000000000000002,0.01044921875,1.220193903397681,-0.41999262876548715,0.010449218749999996,-1,2696,-0.08878556634599202,0.6415333731497501,0.10222142021122577,11.953799611013018,11.953799611013018,0.0,0.2727931097101266,0.8387670845915834,1.0,0.8306393059540403,0.18910593280429022,-1.0,-1.0,-1.0,0.0,462.0,0.0,0,0,-1.0,-1.0,-31.25,8812.5,0.0,0.0,5412.5,3400.0,-31.25,125.0
2697,2019-06-28,03:07:11,155.5625,155.59375,155.5,155.59375,286,44488.65625,155.55474213286712,0.0625,0.0004017677836278821,155.5563597086795,155.42872230541758,0.12763740326192874,1.000000000000002,0.006542968749999999,-2.4125640454444173,-0.36326900585846333,0.006542968749999987,-1,2697,0.19362594492643734,0.8306393059540403,0.08088861940965482,15.779401873027147,15.779401873027147,0.0,0.2727931097101266,1.256789360502935,2.0,0.939442855624751,0.10880354967071071,-1.0,-1.0,-1.0,0.0,462.0,62.5,0,0,-1.0,-1.0,-62.5,8750.0,1.0,0.0,5412.5,3337.5,-62.5,-31.25
2698,2019-06-28,04:41:44,155.625,155.625,155.5625,155.59375,285,44347.53125,155.60537280701755,0.0,0.0,155.56466866230627,155.43380008063554,0.13086858167073956,1.0000000000000024,0.00341796875,2.000000000000002,-1.1454053224818188,0.0034179687499999918,0,2698,0.42195696752432776,0.939442855624751,0.058463396668342764,22.38470378536924,20.0,0.0,0.2727931097101266,1.7179727020810263,2.0,0.9836177245869484,0.044174868962197356,-2.0,-1.0,-1.0,0.0,462.0,62.5,0,0,-2.0,-1.0,-0.0,8750.0,0.0,1.0,5415.0,3335.0,-2.5,-2.5
2699,2019-06-28,06:00:01,155.59375,155.625,155.5,155.5,286,44494.5,155.57517482517483,-0.09375,-0.0006027122231673232,155.55029784846045,155.4358370012314,0.11446084722905425,1.0000000000000029,0.00458984375,-1.82435491172476,0.0686991325127901,0.004589843749999987,0,2699,0.5680547830961242,0.9836177245869484,0.06774838558962115,16.89499258659668,16.89499258659668,0.0,0.2727931097101266,1.378689583561247,2.0,0.9976248171521552,0.014007092565206825,-2.0,-1.0,-2.0,0.0,462.0,-31.25,0,0,-2.0,-2.0,187.5,8937.5,0.0,0.0,5415.0,3522.5,187.5,187.5
2700,2019-06-28,06:22:06,155.5,155.53125,155.4375,155.5,286,44463.90625,155.46820367132867,0.0,0.0,155.5391205488026,155.43781124734735,0.1013093014552453,1.0000000000000069,0.00263671875,-3.3333333333333197,0.6085806194501858,0.0026367187499999815,0,2700,0.6567203733554715,0.9976248171521552,0.051348989766109146,19.729560779423643,19.729560779423643,0.0,0.2727931097101266,1.6884218991647026,2.0,0.9993354096106896,0.0017105924585343324,-2.0,-1.0,-2.0,0.0,462.0,-31.25,0,0,-2.0,-2.0,-0.0,8937.5,0.0,0.0,5415.0,3522.5,-0.0,187.5
2701,2019-06-28,06:36:10,155.5,155.53125,155.40625,155.40625,285,44303.25,155.45,-0.09375,-0.0006030757042765345,155.5095937601798,155.43684013204438,0.07275362813541619,1.0000000000000098,0.0019531249999999996,-1.7499999999999964,0.8838834764831843,0.0019531249999999805,0,2701,0.680861477715983,0.9993354096106896,0.044194173824159,16.46226681935278,16.46226681935278,0.0,0.2727931097101266,1.3314057841279143,2.0,0.9880033887865575,-0.011332020824132094,2.0,-1.0,-2.0,0.0,462.0,-125.0,0,0,2.0,-2.0,187.5,9125.0,0.0,4.0,5425.0,3700.0,177.5,177.5
2702,2019-06-28,06:45:08,155.40625,155.40625,155.3125,155.3125,286,44434.0625,155.3638548951049,-0.09375,-0.0006034396240641726,155.46579514680653,155.43301428182764,0.03278086497888921,1.0000000000000073,0.0022460937500000003,-3.081285444234408,-0.3153558785805946,0.0022460937499999838,0,2702,0.5894238416820863,0.9880033887865575,0.04739297152532202,6.916819925793095,6.916819925793095,0.0,0.2727931097101266,0.2883780039906322,1.0,0.8603817014838142,-0.12762168730274326,2.0,-1.0,2.0,1.0,463.0,-93.75,0,0,2.0,2.0,-187.5,8937.5,-1.0,0.0,5425.0,3512.5,-187.5,177.5
2703,2019-06-28,07:01:16,155.3125,155.375,155.28125,155.28125,286,44428.9375,155.3459353146853,-0.03125,-0.0002012274883540499,155.42478511418287,155.42834461161758,-0.003559497434707737,1.000000000000003,0.00439453125,-0.9629629629629642,0.5237828008789239,0.004394531249999986,0,2703,0.24800462210944424,0.8603817014838142,0.06629126073623873,-0.5369482183888992,0.0,-0.5369482183888992,0.21084136003717757,-0.4674205891246751,-0.0,0.5710261372939303,-0.28935556418988395,1.0,-1.0,2.0,0.0,463.0,-125.0,0,0,1.0,2.0,-62.5,8875.0,-1.0,1.0,5427.5,3447.5,-65.0,-65.0
2704,2019-06-28,07:13:23,155.28125,155.34375,155.21875,155.28125,286,44411.5,155.28496503496504,0.0,0.0,155.39288842214225,155.42381862356783,-0.030930201425576342,1.0000000000000033,0.00322265625,1.0743801652892582,-0.2669003066972995,0.0032226562499999894,0,2704,-0.1767100448627409,0.5710261372939303,0.05676844413932788,-5.44848496281909,0.0,-5.44848496281909,-0.3558395311172987,-0.4674205891246751,-1.0,0.3884462990743154,-0.18257983821961488,-0.0,-1.0,1.0,0.0,463.0,-125.0,0,0,-0.0,1.0,0.0,8875.0,-1.0,1.0,5430.0,3445.0,-2.5,-2.5
2705,2019-06-28,07:30:49,155.28125,155.34375,155.25,155.34375,286,44414.28125,155.2946896853147,0.0625,0.00040241449235267623,155.3819687727773,155.4213549736119,-0.039386200834599094,1.0000000000000029,0.0017578124999999998,-2.4074074074074083,0.1656346649999846,0.0017578124999999948,-1,2705,-0.3769056372083278,0.3884462990743154,0.041926274578120995,-9.394157060439749,0.0,-9.394157060439749,-0.8110813621019975,-0.4674205891246751,-1.0,0.3468425639665718,-0.04160373510774357,-1.0,-1.0,-0.0,0.0,463.0,-62.5,0,0,-1.0,-0.0,-0.0,8875.0,0.0,1.0,5432.5,3442.5,-2.5,-2.5
2706,2019-06-28,07:47:34,155.34375,155.375,155.3125,155.34375,286,44427.46875,155.34079982517483,0.0,0.0,155.37347571216011,155.41896712827003,-0.04549141610991114,1.0000000000000022,0.0041015625,0.9183673469387786,-1.0223715049937014,0.004101562499999992,0,2706,-0.41795724158752423,0.3468425639665718,0.06404344228724743,-7.103212208031104,0.0,-7.103212208031104,-0.5467578442089629,-0.4674205891246751,-1.0,0.3613772618184613,0.014534697851889489,1.0,-1.0,-1.0,1.0,464.0,0.0,0,0,1.0,-1.0,-0.0,8875.0,0.0,2.0,5437.5,3437.5,-5.0,-2.5
2707,2019-06-28,08:10:28,155.34375,155.40625,155.34375,155.40625,286,44439.59375,155.38319493006992,0.0625,0.0004022526200655463,155.38075888723566,155.4185758320156,-0.03781694477993369,1.0000000000000022,0.0041015625,0.9183673469387786,-1.0223715049937014,0.004101562499999992,-1,2707,-0.4037879719249446,0.3613772618184613,0.06404344228724743,-5.904889467108476,0.0,-5.904889467108476,-0.4084983474258453,-0.4674205891246751,-1.0,0.47101254414602955,0.10963528232756825,1.0,-1.0,1.0,1.0,465.0,62.5,0,0,1.0,1.0,62.5,8937.5,0.0,0.0,5437.5,3500.0,62.5,62.5
2708,2019-06-28,08:44:00,155.40625,155.4375,155.28125,155.3125,286,44435.4375,155.3686625874126,-0.09375,-0.0006034396240641726,155.36559024562777,155.41531196026128,-0.04972171463350605,1.0000000000000016,0.005175781250000001,0.2741189035243856,-0.6064819993295688,0.005175781249999994,0,2708,-0.29070147454363693,0.47101254414602955,0.07194290270763332,-6.9112744638020365,0.0,-6.9112744638020365,-0.5246125447628672,-0.4674205891246751,-1.0,0.5926023181585679,0.12158977401253834,1.0,-1.0,1.0,0.0,465.0,-31.25,0,0,1.0,1.0,-93.75,8843.75,0.0,0.0,5437.5,3406.25,-93.75,62.5
2709,2019-06-28,09:16:49,155.3125,155.40625,155.3125,155.3125,286,44431.84375,155.35609702797203,0.0,0.0,155.35379241326606,155.4121485153302,-0.058356102064124116,1.0000000000000009,0.005566406250000001,1.0987996306555854,-1.263910039055643,0.005566406249999996,0,2709,-0.15053798957056552,0.5926023181585679,0.07460835241445823,-7.821658055112792,0.0,-7.821658055112792,-0.6296503387692812,-0.4674205891246751,-1.0,0.7763881351056411,0.1837858169470732,1.0,-1.0,1.0,0.0,465.0,-31.25,0,0,1.0,1.0,0.0,8843.75,0.0,0.0,5437.5,3406.25,0.0,0.0
2710,2019-06-28,09:44:55,155.3125,155.4375,155.28125,155.40625,286,44430.78125,155.352381993007,0.09375,0.0006034396240641726,155.3654496547625,155.4119670225508,-0.0465173677883115,1.0000000000000016,0.00634765625,-2.2603550295857993,0.0,0.006347656249999991,-1,2710,0.10333167545406431,0.7763881351056411,0.0796721798998872,-5.8385960879648735,0.0,-5.8385960879648735,-0.40084958225813266,-0.4674205891246751,-1.0,0.949147425116815,0.17275929001117396,1.0,-1.0,1.0,0.0,465.0,62.5,0,0,1.0,1.0,93.75,8937.5,0.0,0.0,5437.5,3500.0,93.75,93.75
2711,2019-06-28,10:19:06,155.40625,155.46875,155.375,155.46875,285,44295.21875,155.4218201754386,0.0625,0.00040209087795428644,155.38840528703753,155.41371419108773,-0.025308904050206138,1.0000000000000002,0.0056640625,-0.9453032104637344,-0.6013638196305304,0.005664062499999999,-1,2711,0.4485287641490707,0.949147425116815,0.07525996611745184,-3.3628641302746107,0.0,-3.3628641302746107,-0.11520578785213215,-0.4674205891246751,-1.0,0.9975867872596461,0.048439362142831066,1.0,-1.0,1.0,0.0,465.0,125.0,0,0,1.0,1.0,62.5,9000.0,0.0,0.0,5437.5,3562.5,62.5,93.75
2712,2019-06-28,11:04:16,155.46875,155.5,155.40625,155.40625,286,44462.0625,155.461756993007,-0.0625,-0.00040209087795428644,155.39237077880696,155.41348452366967,-0.021113744862702788,1.0000000000000004,0.0078125,-2.9218750000000013,-0.33145630368119433,0.0078124999999999965,0,2712,0.6563055662521211,0.9975867872596461,0.08838834764831842,-2.388747546985564,0.0,-2.388747546985564,-0.002814639779670336,-0.4674205891246751,-0.0,0.9721642796599024,-0.025422507599743738,-1.0,-1.0,1.0,0.0,465.0,62.5,0,0,-1.0,1.0,-62.5,8937.5,1.0,2.0,5442.5,3495.0,-67.5,62.5
2713,2019-06-28,11:26:39,155.40625,155.53125,155.40625,155.53125,286,44459.71875,155.45356206293707,0.125,0.0008040201438159755,155.423232827961,155.41710807678754,0.00612475117344502,1.0000000000000004,0.007031249999999999,-2.407407407407407,-0.1656346649999846,0.007031249999999996,-1,2713,0.8530992595441552,0.9721642796599024,0.08385254915624209,0.730419198351716,0.730419198351716,0.0,0.2727931097101266,-0.38760792833239066,-0.0,0.8491278821614389,-0.12303639749846351,-0.0,-1.0,-1.0,1.0,466.0,125.0,0,0,-0.0,-1.0,-125.0,8812.5,0.0,1.0,5445.0,3367.5,-127.5,-67.5
2714,2019-06-28,11:51:40,155.5,155.5625,155.4375,155.46875,286,44471.09375,155.4933347902098,-0.0625,-0.0004019292658616891,155.4333477550808,155.41869705904026,0.014650696040547473,1.0000000000000009,0.006640624999999999,-1.4878892733564004,0.5413870509510851,0.006640624999999994,0,2714,0.9739089157502451,0.8491278821614389,0.08149003006503307,1.797851348055154,1.797851348055154,0.0,0.2727931097101266,-0.27096997539343204,0.0,0.6265878540645371,-0.22254002809690177,0.0,-1.0,-0.0,0.0,466.0,62.5,0,0,0.0,-0.0,0.0,8812.5,0.0,0.0,5445.0,3367.5,0.0,0.0
2715,2019-06-28,12:03:37,155.46875,155.53125,155.40625,155.53125,285,44306.90625,155.46282894736842,0.0625,0.0004019292658616891,155.4551038095073,155.42216022645442,0.032943583052883696,1.000000000000001,0.009765625,-1.2000000000000004,0.0,0.009765624999999991,-1,2715,0.9941487524461087,0.6265878540645371,0.0988211768802618,3.333656215489145,3.333656215489145,0.0,0.2727931097101266,-0.10315309269886686,0.0,0.3145330165222895,-0.3120548375422476,0.0,1.0,0.0,0.0,466.0,125.0,0,0,0.0,0.0,0.0,8812.5,0.0,0.0,5445.0,3367.5,0.0,0.0
2716,2019-06-28,12:15:02,155.53125,155.59375,155.5,155.53125,286,44483.1875,155.53562062937064,0.0,0.0,155.47202518517236,155.42551683487122,0.046508350301138535,1.0000000000000016,0.006640624999999999,-1.4878892733564004,-0.5413870509510851,0.006640624999999989,0,2716,0.8936270898036074,0.3145330165222895,0.08149003006503304,5.7072442192035755,5.7072442192035755,0.0,0.2727931097101266,0.15620807227132566,0.0,-0.06566104522957456,-0.38019406175186404,0.0,1.0,0.0,0.0,466.0,125.0,0,0,0.0,0.0,0.0,8812.5,0.0,0.0,5445.0,3367.5,0.0,0.0
2717,2019-06-28,12:20:25,155.53125,155.5625,155.375,155.40625,285,44308.65625,155.4689692982456,-0.125,-0.0008040201438159755,155.4574084773563,155.4249240091829,0.03248446817340778,1.0000000000000007,0.007617187499999999,2.0414201183431957,-1.4964964675439432,0.0076171874999999955,0,2717,0.6591514638437109,-0.06566104522957456,0.08727650027355585,3.7220177334780615,3.7220177334780615,0.0,0.2727931097101266,-0.06071695990009485,0.0,-0.44558931307728256,-0.379928267847708,0.0,1.0,0.0,0.0,466.0,0.0,0,0,0.0,0.0,-0.0,8812.5,0.0,0.0,5445.0,3367.5,-0.0,-0.0
2718,2019-06-28,12:23:44,155.40625,155.5,155.375,155.46875,286,44452.25,155.42744755244755,0.0625,0.00040209087795428644,155.45992881572158,155.42627250120805,0.03365631451353579,1.0000000000000009,0.007031249999999999,1.238425925925925,-0.9989840732811562,0.007031249999999993,-1,2718,0.3179492752752574,-0.44558931307728256,0.08385254915624207,4.0137497133002045,4.0137497133002045,0.0,0.2727931097101266,-0.028839504323421417,0.0,-0.6987118767573985,-0.253122563680116,0.0,1.0,0.0,0.0,466.0,62.5,0,0,0.0,0.0,0.0,8812.5,0.0,0.0,5445.0,3367.5,0.0,0.0
2719,2019-06-28,12:29:11,155.46875,155.5625,155.4375,155.5625,286,44470.1875,155.49016608391608,0.09375,0.0006028333348444548,155.48272241222793,155.43046411655553,0.052258295672402255,1.0000000000000009,0.010546875,-2.8446502057613174,-0.1662326692016708,0.010546874999999989,-1,2719,0.01180253535243105,-0.6987118767573985,0.1026979795322186,5.088541752275436,5.088541752275436,0.0,0.2727931097101266,0.08860266124746696,0.0,-0.7323419097308743,-0.033630032973475776,0.0,1.0,0.0,0.0,466.0,156.25,0,0,0.0,0.0,0.0,8812.5,0.0,0.0,5445.0,3367.5,0.0,0.0
2720,2019-06-28,12:33:58,155.5625,155.59375,155.46875,155.5625,285,44325.1875,155.52697368421053,0.0,0.0,155.50045076506618,155.43452675912306,0.06592400594311698,1.0000000000000009,0.009082031249999999,-2.500867152271937,-0.1621934862691496,0.00908203124999999,0,2720,-0.036348693131322225,-0.7323419097308743,0.09529969176235562,6.91754660733936,6.91754660733936,0.0,0.2727931097101266,0.2884574082394347,1.0,-0.8585399888535866,-0.1261980791227123,0.0,1.0,0.0,0.0,466.0,156.25,0,0,0.0,0.0,0.0,8812.5,1.0,0.0,5445.0,3367.5,0.0,0.0
2721,2019-06-28,12:39:37,155.5625,155.59375,155.375,155.4375,286,44455.84375,155.4400131118881,-0.125,-0.0008038585641871876,155.4864617061626,155.43461824345775,0.05184346270485207,1.000000000000001,0.008105468749999999,-1.8043257366816654,-0.03763789885846771,0.008105468749999989,0,2721,-0.2445128420612486,-0.8585399888535866,0.09003037681804953,5.758441154770148,5.758441154770148,0.0,0.2727931097101266,0.16180234424719958,0.0,-0.9501385461280114,-0.09159855727442479,1.0,1.0,0.0,0.0,466.0,31.25,0,0,1.0,0.0,-0.0,8812.5,-1.0,1.0,5447.5,3365.0,-2.5,0.0
2722,2019-06-28,12:46:24,155.4375,155.4375,155.3125,155.34375,286,44443.03125,155.39521416083917,-0.09375,-0.0006033182686770999,155.45474799368205,155.43182229750522,0.02292569617682716,1.0000000000000038,0.004199218749999999,-1.963223363980531,0.23551393640880577,0.0041992187499999825,0,2722,-0.45135366852878467,-0.9501385461280114,0.064801379229149,3.5378407758510653,3.5378407758510653,0.0,0.2727931097101266,-0.08084191427973053,0.0,-0.9959822912386517,-0.045843745110640266,0.0,1.0,1.0,1.0,467.0,-93.75,0,0,0.0,1.0,-93.75,8718.75,0.0,1.0,5450.0,3268.75,-96.25,-2.5
2723,2019-06-28,12:53:55,155.34375,155.375,155.28125,155.375,286,44427.9375,155.3424388111888,0.03125,0.00020114653592884224,155.43702621730827,155.43007391912045,0.0069522981878265,1.000000000000002,0.006542968749999999,-2.4125640454444195,0.36326900585846333,0.006542968749999985,-1,2723,-0.6409441314558239,-0.9959822912386517,0.08088861940965482,0.8594902766997502,0.8594902766997502,0.0,0.2727931097101266,-0.37350437489686683,-0.0,-0.9935407994320882,0.0024414918065635005,0.0,1.0,0.0,0.0,467.0,-62.5,0,0,0.0,0.0,0.0,8718.75,-0.0,0.0,5450.0,3268.75,0.0,0.0
2724,2019-06-28,13:01:55,155.375,155.375,155.28125,155.3125,286,44428.03125,155.3427666083916,-0.0625,-0.00040233353992746856,155.40935372457312,155.42645626007058,-0.01710253549745744,1.000000000000002,0.004589843749999999,-2.3675871435038487,-0.5594072218898559,0.0045898437499999915,0,2724,-0.7827787034347827,-0.9935407994320882,0.06774838558962118,-2.5244196372522105,0.0,-2.5244196372522105,-0.018468148043510824,-0.4674205891246751,-0.0,-0.9235175183275068,0.07002328110458134,-0.0,1.0,0.0,0.0,467.0,-125.0,0,0,-0.0,0.0,-0.0,8718.75,0.0,0.0,5450.0,3268.75,-0.0,-0.0
2725,2019-06-28,13:08:39,155.3125,155.40625,155.3125,155.375,286,44434.09375,155.36396416083917,0.0625,0.00040233353992746856,155.4017195635569,155.42487299052996,-0.023153426973067326,1.0000000000000022,0.00263671875,-1.6872427983539093,-0.5184205276797869,0.002636718749999994,-1,2725,-0.924240721802976,-0.9235175183275068,0.051348989766109264,-4.509032617492461,0.0,-4.509032617492461,-0.24744785658680113,-0.4674205891246751,-1.0,-0.7733555611390367,0.15016195718847014,0.0,1.0,-0.0,0.0,467.0,-62.5,0,0,0.0,-0.0,-0.0,8718.75,-1.0,0.0,5450.0,3268.75,-0.0,-0.0
2726,2019-06-28,13:15:56,155.375,155.4375,155.34375,155.40625,286,44443.15625,155.3956512237762,0.03125,0.00020110608413670406,155.40272632721096,155.42429997543675,-0.02157364822579666,1.0000000000000029,0.00322265625,-2.2314049586776847,0.5671631517317617,0.0032226562499999907,-1,2726,-0.9951312406478887,-0.7733555611390367,0.056768444139327884,-3.800288796509561,0.0,-3.800288796509561,-0.16567475766205442,-0.4674205891246751,-1.0,-0.5422923219691804,0.23106323916985627,1.0,-1.0,0.0,0.0,467.0,-31.25,0,0,1.0,0.0,0.0,8718.75,0.0,1.0,5452.5,3266.25,-2.5,-0.0
2727,2019-06-28,13:21:56,155.40625,155.4375,155.34375,155.375,285,44286.3125,155.3905701754386,-0.03125,-0.00020110608413670406,155.39656492116407,155.42278305311564,-0.026218131951566193,1.0000000000000027,0.00419921875,-1.963223363980531,0.23551393640880577,0.004199218749999989,0,2727,-0.9775625411777076,-0.5422923219691804,0.06480137922914904,-4.045921902195057,0.0,-4.045921902195057,-0.19401529433517406,-0.4674205891246751,-1.0,-0.2652310984833152,0.2770612234858652,1.0,-1.0,1.0,1.0,468.0,-31.25,0,0,1.0,1.0,-31.25,8687.5,0.0,0.0,5452.5,3235.0,-31.25,-2.5
2728,2019-06-28,13:29:42,155.375,155.375,155.25,155.3125,286,44421.53125,155.32003933566435,-0.0625,-0.00040233353992746856,155.37788382757205,155.4193897284044,-0.041505900832362386,1.0000000000000067,0.0021484375,0.867768595041318,0.5516180692881069,0.002148437499999986,0,2728,-0.8693283685290821,-0.2652310984833152,0.04635124054434774,-8.954647242429369,0.0,-8.954647242429369,-0.7603718126674531,-0.4674205891246751,-1.0,-0.32174507375752853,-0.05651397527421331,-1.0,-1.0,1.0,0.0,468.0,-93.75,0,0,-1.0,1.0,-62.5,8625.0,0.0,2.0,5457.5,3167.5,-67.5,-31.25
2729,2019-06-28,13:35:11,155.3125,155.3125,155.21875,155.21875,286,44405.75,155.26486013986013,-0.09375,-0.0006038039833242692,155.34252075477826,155.41321619829966,-0.07069544352140156,1.0000000000000122,0.0012695312500000003,-0.17751479289942415,-0.4047960089109369,0.0012695312499999846,0,2729,-0.8970154451273401,-0.32174507375752853,0.03563048203434785,-19.84128181405209,0.0,-19.84128181405209,-2.0164446268872345,-0.4674205891246751,-2.0,-0.09331005636834767,0.22843501738918087,1.0,-1.0,-1.0,1.0,469.0,-93.75,0,0,1.0,-1.0,93.75,8718.75,-1.0,2.0,5462.5,3256.25,88.75,88.75
2730,2019-06-28,13:41:13,155.21875,155.28125,155.1875,155.1875,287,44551.59375,155.23203397212544,-0.03125,-0.00020134903923807457,155.3080716981609,155.40627108450585,-0.09819938634495884,1.0000000000000018,0.005175781249999999,1.128515485938055,1.032658539398995,0.0051757812499999886,0,2730,-0.7700019180835753,-0.09331005636834767,0.07194290270763329,-13.649628059077424,0.0,-13.649628059077424,-1.3020670196000754,-0.4674205891246751,-2.0,0.12408988514359198,0.21739994151193964,2.0,-1.0,1.0,1.0,470.0,-31.25,0,0,2.0,1.0,-31.25,8687.5,0.0,1.0,5465.0,3222.5,-33.75,88.75
2731,2019-06-28,13:43:18,155.1875,155.25,155.15625,155.1875,286,44386.625,155.19798951048952,0.0,0.0,155.28127798745848,155.39953966652106,-0.11826167906258434,1.0000000000000009,0.006640624999999999,-1.8122837370242202,-0.16354400497480706,0.006640624999999994,0,2731,-0.6138967404168839,0.12408988514359198,0.08149003006503307,-14.512410778129015,0.0,-14.512410778129015,-1.4016127433818,-0.4674205891246751,-2.0,0.3237374282502037,0.1996475431066117,2.0,-1.0,2.0,0.0,470.0,-31.25,0,0,2.0,2.0,0.0,8687.5,0.0,0.0,5465.0,3222.5,0.0,0.0
2732,2019-06-28,13:48:02,155.1875,155.3125,155.1875,155.28125,286,44400.5,155.2465034965035,0.09375,0.0006039255342082939,155.2812717680233,155.39589998447428,-0.11462821645099552,1.000000000000001,0.00341796875,-2.897959183673469,0.3818017741606066,0.0034179687499999965,-1,2732,-0.4401100034275904,0.3237374282502037,0.058463396668342806,-19.606834871615536,0.0,-19.606834871615536,-1.9893947219019874,-0.4674205891246751,-2.0,0.41585758643359,0.09212015818338631,2.0,-1.0,2.0,0.0,470.0,62.5,0,0,2.0,2.0,187.5,8875.0,0.0,0.0,5465.0,3410.0,187.5,187.5
2733,2019-06-28,13:53:20,155.28125,155.375,155.28125,155.375,286,44419.84375,155.31413898601397,0.09375,0.0006035610282815185,155.30210026401812,155.39525690802895,-0.09315664401083268,1.000000000000001,0.00341796875,-2.897959183673469,0.3818017741606066,0.0034179687499999965,-1,2733,-0.3490082229376867,0.41585758643359,0.058463396668342806,-15.93418263726641,0.0,-15.93418263726641,-1.5656532435507158,-0.4674205891246751,-2.0,0.5152905066722738,0.09943292023868383,2.0,-1.0,2.0,0.0,470.0,156.25,0,0,2.0,2.0,187.5,9062.5,0.0,0.0,5465.0,3597.5,187.5,187.5
2734,2019-06-28,13:59:27,155.375,155.375,155.3125,155.375,286,44430.1875,155.35030594405595,0.0,0.0,155.31830020534744,155.39463361855115,-0.07633341320371301,1.000000000000001,0.00341796875,-2.897959183673469,0.3818017741606066,0.0034179687499999965,0,2734,-0.2416361122664895,0.5152905066722738,0.058463396668342806,-13.056616199832705,0.0,-13.056616199832705,-1.2336467865145637,-0.4674205891246751,-2.0,0.6040463221475787,0.08875581547530487,2.0,-1.0,2.0,0.0,470.0,156.25,0,0,2.0,2.0,0.0,9062.5,0.0,0.0,5465.0,3597.5,0.0,187.5
2735,2019-06-28,14:03:55,155.375,155.375,155.25,155.34375,286,44424.53125,155.33052884615384,-0.03125,-0.00020114653592884224,155.32395571527024,155.3930679687496,-0.06911225347934646,1.0000000000000004,0.00458984375,-2.3675871435038496,0.5594072218898556,0.004589843749999998,0,2735,-0.1364029389487549,0.6040463221475787,0.06774838558962124,-10.201313710704003,0.0,-10.201313710704003,-0.9042090884478735,-0.4674205891246751,-1.0,0.5801405893756486,-0.02390573277193009,-2.0,-1.0,2.0,0.0,470.0,125.0,0,0,-2.0,2.0,-62.5,9000.0,1.0,4.0,5475.0,3525.0,-72.5,0.0
2736,2019-06-28,14:07:31,155.34375,155.40625,155.34375,155.34375,286,44433.15625,155.3606861888112,0.0,0.0,155.3283544452102,155.39155049278807,-0.06319604757786124,1.0000000000000009,0.00390625,-0.1874999999999988,0.9374999999999997,0.0039062499999999965,0,2736,-0.1657286949534621,0.5801405893756486,0.06249999999999997,-10.111367612457801,0.0,-10.111367612457801,-0.8938313313909142,-0.4674205891246751,-1.0,0.46168705698862045,-0.11845353238702816,-1.0,-1.0,-2.0,1.0,471.0,0.0,0,0,-1.0,-2.0,-0.0,9000.0,0.0,1.0,5477.5,3522.5,-2.5,-2.5
2737,2019-06-28,14:13:41,155.34375,155.46875,155.34375,155.46875,285,44290.28125,155.40449561403508,0.125,0.0008043434980198327,155.35955345738574,155.39392586224076,-0.03437240485502002,1.0000000000000007,0.00458984375,-0.7378904481665908,0.9127170462413431,0.004589843749999996,-1,2737,-0.3007719830623332,0.46168705698862045,0.06774838558962122,-5.073538587801528,0.0,-5.073538587801528,-0.31257915112094736,-0.4674205891246751,-1.0,0.48731067923537963,0.02562362224675918,1.0,-1.0,-1.0,0.0,471.0,125.0,0,0,1.0,-1.0,-125.0,8875.0,0.0,2.0,5482.5,3392.5,-130.0,-2.5
2738,2019-06-28,14:19:12,155.46875,155.53125,155.4375,155.53125,286,44474.53125,155.505354020979,0.0625,0.0004019292658616891,155.39770824463335,155.39815122032567,-0.00044297569232298883,1.0000000000000007,0.0036132812500000006,-0.021913805697593602,0.5901286563843656,0.003613281249999998,-1,2738,-0.2728852249287695,0.48731067923537963,0.060110575192722934,-0.07369347089139418,0.0,-0.07369347089139418,0.26429054036574384,-0.4674205891246751,-0.0,0.38794189350577607,-0.09936878572960356,-1.0,-1.0,1.0,1.0,472.0,62.5,0,0,-1.0,1.0,62.5,8937.5,1.0,2.0,5487.5,3450.0,57.5,57.5
2739,2019-06-28,14:23:32,155.53125,155.53125,155.46875,155.5,286,44475.8125,155.50983391608392,-0.03125,-0.00020094443953944108,155.42043974582595,155.40128502893106,0.01915471689488868,0.9999999999999998,0.00322265625,1.0743801652892628,-0.2669003066972998,0.0032226562500000003,0,2739,-0.37741254453216866,0.38794189350577607,0.056768444139327974,3.374183877204184,3.374183877204184,0.0,0.2727931097101266,-0.09872464869785191,0.0,0.4037411192676366,0.015799225761860547,0.0,-1.0,-1.0,1.0,473.0,-31.25,0,0,0.0,-1.0,31.25,8968.75,0.0,1.0,5490.0,3478.75,28.75,57.5
2740,2019-06-28,14:31:40,155.5,155.5625,155.46875,155.53125,285,44322.625,155.51798245614034,0.03125,0.00020094443953944108,155.44506424675353,155.4052839511178,0.039780295635722496,1.0000000000000009,0.0016601562499999997,2.664359861591688,-1.714392328011769,0.0016601562499999982,-1,2740,-0.3614250131316087,0.4037411192676366,0.040745015032516534,9.763230079551047,9.763230079551047,0.0,0.2727931097101266,0.599404286692753,1.0,0.5716544818632658,0.16791336259562922,-0.0,-1.0,0.0,0.0,473.0,0.0,0,0,-0.0,0.0,0.0,8968.75,1.0,0.0,5490.0,3478.75,0.0,28.75
2741,2019-06-28,14:36:36,155.53125,155.625,155.5,155.59375,286,44491.375,155.56424825174824,0.0625,0.0004017677836278821,155.47810552525277,155.41108290646804,0.06702261878473337,1.0000000000000022,0.0016601562499999997,-1.4878892733564004,-0.5413870509510853,0.001660156249999996,-1,2741,-0.17595643359003704,0.5716544818632658,0.040745015032516506,16.449280662001488,16.449280662001488,0.0,0.2727931097101266,1.3299867910702114,2.0,0.8464598566496944,0.2748053747864285,-1.0,-1.0,-0.0,0.0,473.0,62.5,0,0,-1.0,-0.0,-0.0,8968.75,1.0,1.0,5492.5,3476.25,-2.5,0.0
2742,2019-06-28,14:39:04,155.625,155.65625,155.59375,155.65625,285,44353.5,155.6263157894737,0.0625,0.00040160643110098704,155.51769318630772,155.41862650934598,0.09906667696174054,1.000000000000003,0.0009765625,-2.9999999999999964,-9.251858538542974e-16,0.0009765624999999971,-1,2742,0.22203670046967952,0.8464598566496944,0.03124999999999995,31.701336627757023,20.0,0.0,0.2727931097101266,1.7179727020810263,2.0,0.99828889671746,0.15182904006776565,-2.0,-1.0,-1.0,1.0,474.0,62.5,0,0,-2.0,-1.0,-62.5,8906.25,0.0,1.0,5495.0,3411.25,-65.0,-2.5
2743,2019-06-28,14:44:24,155.65625,155.65625,155.59375,155.65625,286,44514.0,155.64335664335664,0.0,0.0,155.54848358935047,155.42593800136612,0.122545587984348,1.0000000000000029,0.0017578124999999998,-2.4074074074074083,0.1656346649999846,0.001757812499999995,0,2743,0.664549063199273,0.99828889671746,0.041926274578120995,29.228828274739623,20.0,0.0,0.2727931097101266,1.7179727020810263,2.0,0.9220696776107439,-0.07621921910671614,2.0,-1.0,-2.0,0.0,474.0,62.5,0,0,2.0,-2.0,-0.0,8906.25,0.0,4.0,5505.0,3401.25,-10.0,-10.0
2744,2019-06-28,14:51:05,155.65625,155.6875,155.625,155.65625,285,44362.03125,155.65625,0.0,0.0,155.57243168060594,155.43302452440105,0.1394071562048964,1.000000000000005,0.00146484375,2.0000000000000013,1.3608276348795436,0.0014648437499999922,0,2744,0.9256689554913582,0.9220696776107439,0.03827327723098706,36.42414924740981,20.0,0.0,0.2727931097101266,1.7179727020810263,2.0,0.7675202182641948,-0.15454945934654907,-2.0,-1.0,2.0,1.0,475.0,0.0,0,0,-2.0,2.0,0.0,8906.25,0.0,4.0,5515.0,3391.25,-10.0,-10.0
2745,2019-06-28,14:57:11,155.65625,155.65625,155.59375,155.625,285,44353.21875,155.62532894736842,-0.03125,-0.0002007830545851519,155.5841135293602,155.4389314621118,0.14518206724838478,1.000000000000005,0.00146484375,2.0000000000000013,1.3608276348795436,0.0014648437499999922,0,2745,0.9959916900854979,0.7675202182641948,0.03827327723098706,37.933011686504216,20.0,0.0,0.2727931097101266,1.7179727020810263,2.0,0.5715678963562919,-0.1959523219079029,2.0,1.0,-2.0,1.0,476.0,-31.25,0,0,2.0,-2.0,62.5,8968.75,0.0,4.0,5525.0,3443.75,52.5,52.5
2746,2019-06-28,15:01:00,155.625,155.625,155.59375,155.59375,286,44504.375,155.6097027972028,-0.03125,-0.00020082337651583515,155.58625496728015,155.44369510943147,0.1425598578486813,1.0000000000000042,0.00224609375,1.4555765595463157,1.118079933149378,0.0022460937499999903,0,2746,0.9843793816247093,0.5715678963562919,0.04739297152532209,30.08037969775993,20.0,0.0,0.2727931097101266,1.7179727020810263,2.0,0.337997479797229,-0.2335704165590629,2.0,1.0,2.0,1.0,477.0,-31.25,0,0,2.0,2.0,-62.5,8906.25,0.0,0.0,5525.0,3381.25,-62.5,52.5
2747,2019-06-28,15:08:10,155.59375,155.65625,155.59375,155.65625,285,44347.8125,155.6063596491228,0.0625,0.00040160643110098704,155.60180941899569,155.45023525991053,0.1515741590851576,1.000000000000003,0.00263671875,-1.6872427983539093,0.5184205276797869,0.0026367187499999915,-1,2747,0.9044917463161753,0.337997479797229,0.05134898976610924,29.518430601179574,20.0,0.0,0.2727931097101266,1.7179727020810263,2.0,0.07835530705045499,-0.25964217274677404,2.0,1.0,2.0,0.0,477.0,31.25,0,0,2.0,2.0,125.0,9031.25,0.0,0.0,5525.0,3506.25,125.0,125.0
2748,2019-06-28,15:13:53,155.65625,155.65625,155.59375,155.59375,286,44509.46875,155.6275131118881,-0.0625,-0.00040160643110098704,155.60001843699666,155.45465109806713,0.1453673389295318,1.000000000000003,0.00244140625,-1.2000000000000004,0.0,0.0024414062499999926,0,2748,0.7603383479714113,0.07835530705045499,0.049410588440130854,29.420280858558993,20.0,0.0,0.2727931097101266,1.7179727020810263,2.0,-0.18729082974781425,-0.2656461367982692,2.0,1.0,2.0,0.0,477.0,-31.25,0,0,2.0,2.0,-125.0,8906.25,0.0,0.0,5525.0,3381.25,-125.0,125.0
2749,2019-06-28,15:18:31,155.59375,155.65625,155.59375,155.625,285,44349.09375,155.6108552631579,0.03125,0.00020082337651583515,155.60556989544187,155.459892602742,0.1456772926998724,1.000000000000003,0.0021484375,0.8677685950413228,-0.5516180692881075,0.0021484374999999937,-1,2749,0.5621595625441761,-0.18729082974781425,0.046351240544347826,31.428995424726903,20.0,0.0,0.2727931097101266,1.7179727020810263,2.0,-0.459738250292038,-0.2724474205442238,2.0,1.0,2.0,0.0,477.0,0.0,0,0,2.0,2.0,62.5,8968.75,0.0,0.0,5525.0,3443.75,62.5,62.5
2750,2019-06-28,15:25:23,155.625,155.65625,155.5625,155.625,285,44352.53125,155.62291666666667,0.0,0.0,155.6098876964548,155.46497283034995,0.14491486610484117,1.0000000000000058,0.0017578124999999998,-2.4074074074074083,-0.1656346649999846,0.0017578124999999899,0,2750,0.3028653032611412,-0.459738250292038,0.04192627457812093,34.56421243314197,20.0,0.0,0.2727931097101266,1.7179727020810263,2.0,-0.6531676631749224,-0.19342941288288434,2.0,1.0,2.0,0.0,477.0,0.0,0,0,2.0,2.0,0.0,8968.75,0.0,0.0,5525.0,3443.75,0.0,62.5
2751,2019-06-28,15:28:27,155.625,155.65625,155.59375,155.625,286,44508.59375,155.62445367132867,0.0,0.0,155.61324598613152,155.4698967432623,0.14334924286922046,1.0000000000000049,0.00146484375,2.0000000000000013,-1.3608276348795436,0.001464843749999993,0,2751,0.0735713856640146,-0.6531676631749224,0.038273277230987064,37.45413333801504,20.0,0.0,0.2727931097101266,1.7179727020810263,2.0,-0.7497695525548936,-0.09660188937997127,2.0,1.0,2.0,0.0,477.0,0.0,0,0,2.0,2.0,0.0,8968.75,0.0,0.0,5525.0,3443.75,0.0,0.0
2752,2019-06-28,15:40:07,155.625,155.625,155.53125,155.5625,285,44344.21875,155.59375,-0.0625,-0.0004016870911609516,155.60196910032454,155.47274607423887,0.12922302608566838,1.0000000000000073,0.00126953125,-0.17751479289940755,-0.4047960089109363,0.001269531249999991,0,2752,-0.06227525743840302,-0.7497695525548936,0.03563048203434793,36.26754921841833,20.0,0.0,0.2727931097101266,1.7179727020810263,2.0,-0.8340211803356175,-0.08425162778072381,2.0,1.0,2.0,0.0,477.0,-62.5,0,0,2.0,2.0,-125.0,8843.75,0.0,0.0,5525.0,3318.75,-125.0,0.0
2753,2019-06-28,15:46:08,155.5625,155.625,155.5625,155.59375,286,44498.46875,155.5890515734266,0.03125,0.00020086371464511643,155.60014263358576,155.4764692719546,0.12367336163114828,1.0000000000000047,0.0016601562499999997,-1.4878892733564004,-0.5413870509510851,0.001660156249999992,-1,2753,-0.19960829189761978,-0.8340211803356175,0.04074501503251646,30.353004295728216,20.0,0.0,0.2727931097101266,1.7179727020810263,2.0,-0.9089303827828803,-0.07490920244726285,2.0,1.0,2.0,0.0,477.0,-31.25,0,0,2.0,2.0,62.5,8906.25,0.0,0.0,5525.0,3381.25,62.5,62.5
2754,2019-06-28,15:54:05,155.625,155.625,155.5625,155.5625,285,44345.125,155.5969298245614,-0.03125,-0.00020086371464511643,155.59177760390006,155.4791163712791,0.11266123262095107,1.0000000000000047,0.0016601562499999997,-1.4878892733564004,-0.5413870509510851,0.001660156249999992,0,2754,-0.3478841430682054,-0.9089303827828803,0.04074501503251646,27.650310726610865,20.0,0.0,0.2727931097101266,1.7179727020810263,2.0,-0.9629808636045033,-0.054050480821623004,2.0,1.0,2.0,0.0,477.0,-62.5,0,0,2.0,2.0,-62.5,8843.75,0.0,0.0,5525.0,3318.75,-62.5,62.5
2755,2019-06-28,16:09:27,155.5625,155.625,155.5625,155.59375,286,44494.53125,155.5752840909091,0.03125,0.00020086371464511643,155.5922159141445,155.48264355985515,0.10957235428935519,1.0000000000000073,0.0009765625,-3.0,0.0,0.000976562499999993,-1,2755,-0.4903156924266775,-0.9629808636045033,0.031249999999999886,35.06315337259379,20.0,0.0,0.2727931097101266,1.7179727020810263,2.0,-0.9990264969664259,-0.03604563336192257,2.0,1.0,2.0,0.0,477.0,-31.25,0,0,2.0,2.0,62.5,8906.25,0.0,0.0,5525.0,3381.25,62.5,62.5
2756,2019-06-28,16:19:40,155.59375,155.625,155.5625,155.59375,285,44341.15625,155.5830043859649,0.0,0.0,155.5925568221124,155.4860622195519,0.10649460256050247,1.000000000000012,0.00068359375,-0.612244897959183,0.5122408325718831,0.0006835937499999919,0,2756,-0.6752249949466981,-0.9990264969664259,0.026145625829189705,40.731326630402904,20.0,0.0,0.2727931097101266,1.7179727020810263,2.0,-0.9970138556898173,0.0020126412766086066,2.0,1.0,2.0,0.0,477.0,-31.25,0,0,2.0,2.0,0.0,8906.25,0.0,0.0,5525.0,3381.25,0.0,62.5
2757,2019-06-28,16:31:27,155.59375,155.625,155.5,155.5625,286,44492.21875,155.5671984265734,-0.03125,-0.00020086371464511643,155.58587752830968,155.488414151258,0.09746337705166752,1.0000000000000018,0.0022460937500000003,1.455576559546311,1.1180799331493774,0.0022460937499999964,0,2757,-0.7596000729296609,-0.9970138556898173,0.04739297152532215,20.564943263705814,20.0,0.0,0.2727931097101266,1.7179727020810263,2.0,-0.9826117782925895,0.014402077397227764,2.0,1.0,2.0,0.0,477.0,-62.5,0,0,2.0,2.0,-62.5,8843.75,0.0,0.0,5525.0,3318.75,-62.5,0.0
2758,2019-06-28,16:52:26,155.5625,155.59375,155.53125,155.5625,285,44331.375,155.54868421052632,0.0,0.0,155.58068252201866,155.4906937158347,0.08998880618395333,1.0000000000000022,0.00263671875,3.251028806584363,1.7355817665801556,0.002636718749999994,0,2758,-0.8261013849832087,-0.9826117782925895,0.051348989766109264,17.524941891524154,17.524941891524154,0.0,0.2727931097101266,1.4475239328006568,2.0,-0.9589821310176904,0.023629647274899135,2.0,1.0,2.0,0.0,477.0,-62.5,0,0,2.0,2.0,0.0,8843.75,0.0,0.0,5525.0,3318.75,0.0,0.0
2759,2019-06-28,16:59:17,155.53125,155.65625,155.53125,155.65625,286,44503.96875,155.60828234265733,0.09375,0.0006024701457461035,155.59747529490343,155.4957877553475,0.10168753955593957,1.0000000000000022,0.00263671875,3.251028806584363,1.7355817665801556,0.002636718749999994,-1,2759,-0.8785438719333307,-0.9589821310176904,0.051348989766109264,19.803221060262054,19.803221060262054,0.0,0.2727931097101266,1.6964707333433322,2.0,-0.9199828987886297,0.038999232229060654,2.0,1.0,2.0,0.0,477.0,31.25,0,0,2.0,2.0,187.5,9031.25,0.0,0.0,5525.0,3506.25,187.5,187.5
2760,2019-06-28,17:05:51,155.65625,155.65625,155.59375,155.625,285,44358.8125,155.64495614035087,-0.03125,-0.0002007830545851519,155.60359189603602,155.49976351672143,0.10382837931459221,1.0000000000000022,0.00224609375,3.724007561436674,1.7487916903105656,0.002246093749999995,0,2760,-0.9276826597960347,-0.9199828987886297,0.04739297152532214,21.907969889399435,20.0,0.0,0.2727931097101266,1.7179727020810263,2.0,-0.8600728027838614,0.059910096004768265,-2.0,1.0,2.0,0.0,477.0,0.0,0,0,-2.0,2.0,-62.5,8968.75,0.0,4.0,5535.0,3433.75,-72.5,187.5
2761,2019-06-28,17:11:54,155.625,155.65625,155.59375,155.625,285,44352.125,155.62149122807017,0.0,0.0,155.60834925247246,155.50361694697617,0.10473230549629875,1.0000000000000022,0.00224609375,3.724007561436674,1.7487916903105656,0.002246093749999995,0,2761,-0.9689089098270165,-0.8600728027838614,0.04739297152532214,22.09869989695415,20.0,0.0,0.2727931097101266,1.7179727020810263,2.0,-0.7746068138997589,0.0854659888841025,-2.0,-1.0,-2.0,1.0,478.0,0.0,0,0,-2.0,-2.0,-0.0,8968.75,0.0,0.0,5535.0,3433.75,-0.0,-0.0
2762,2019-06-28,17:18:14,155.625,155.65625,155.59375,155.625,286,44508.0625,155.62259615384616,0.0,0.0,155.61204941858972,155.50735181014616,0.10469760844355847,1.000000000000013,0.00078125,0.3124999999999976,-1.257788237343632,0.0007812499999999899,0,2762,-0.9949345406861746,-0.7746068138997589,0.02795084971874719,37.45775512983267,20.0,0.0,0.2727931097101266,1.7179727020810263,2.0,-0.6456975152576617,0.12890929864209721,-2.0,-1.0,-2.0,0.0,478.0,0.0,0,0,-2.0,-2.0,-0.0,8968.75,0.0,0.0,5535.0,3433.75,-0.0,-0.0
2763,2019-06-28,17:31:08,155.625,155.65625,155.59375,155.625,285,44352.34375,155.62225877192984,0.0,0.0,155.6149273255698,155.51097175444937,0.10395557112042297,1.0000000000000118,0.00078125,5.000000000000004,-2.236067977499789,0.0007812499999999909,0,2763,-0.9965190879586399,-0.6456975152576617,0.027950849718747207,37.19227578641298,20.0,0.0,0.2727931097101266,1.7179727020810263,2.0,-0.4053351263805911,0.24036238887707062,-2.0,-1.0,-2.0,0.0,478.0,0.0,0,0,-2.0,-2.0,-0.0,8968.75,0.0,0.0,5535.0,3433.75,-0.0,-0.0
2764,2019-06-28,17:44:43,155.625,155.65625,155.53125,155.5625,286,44500.34375,155.5956075174825,-0.0625,-0.0004016870911609516,155.6032768087765,155.51255723892785,0.09071956984865892,1.0000000000000118,0.00078125,5.000000000000004,-2.236067977499789,0.0007812499999999909,0,2764,-0.9330297256833593,-0.4053351263805911,0.027950849718747207,32.45682001138285,20.0,0.0,0.2727931097101266,1.7179727020810263,2.0,0.6314395116892229,1.036774638069814,-2.0,-1.0,-2.0,0.0,478.0,-62.5,0,0,-2.0,-2.0,125.0,9093.75,0.0,0.0,5535.0,3558.75,125.0,125.0
2765,2019-06-28,18:05:15,155.59375,155.59375,155.53125,155.5625,285,44333.9375,155.5576754385965,0.0,0.0,155.5942152957151,155.51409393926855,0.08012135644653995,1.000000000000013,0.00078125,0.3124999999999976,-1.257788237343632,0.00078124999999999,0,2765,-0.10181321204434694,0.6314395116892229,0.02795084971874719,28.665087914232878,20.0,0.0,0.2727931097101266,1.7179727020810263,2.0,0.9358982997569472,0.3044587880677243,-2.0,-1.0,-2.0,0.0,478.0,-62.5,0,0,-2.0,-2.0,-0.0,9093.75,0.0,0.0,5535.0,3558.75,-0.0,125.0
2766,2019-06-28,18:20:15,155.53125,155.625,155.53125,155.5625,286,44494.8125,155.5762674825175,0.0,0.0,155.58716745222287,155.51558335652183,0.0715840957010414,1.0000000000000038,0.0021484375,0.8677685950413228,0.5516180692881075,0.002148437499999992,0,2766,0.41268730803846354,0.9358982997569472,0.046351240544347805,15.443835992383285,15.443835992383285,0.0,0.2727931097101266,1.2201221892871037,1.0,0.9934227470670948,0.05752444731014761,-2.0,-1.0,-2.0,0.0,478.0,-62.5,0,0,-2.0,-2.0,-0.0,9093.75,-1.0,0.0,5535.0,3558.75,-0.0,-0.0
2767,2019-06-28,18:31:14,155.5625,155.5625,155.5,155.53125,285,44332.9375,155.55416666666667,-0.03125,-0.0002009040689827657,155.57474135172893,155.51606540709042,0.05867594463850878,1.0000000000000022,0.0017578124999999998,-2.4074074074074083,0.1656346649999846,0.001757812499999996,0,2767,0.6214891604025584,0.9934227470670948,0.04192627457812101,13.995029424610145,13.995029424610145,0.0,0.2727931097101266,1.0618115816137947,1.0,0.9925315111779018,-0.0008912358891929317,1.0,-1.0,-2.0,0.0,478.0,-93.75,0,0,1.0,-2.0,62.5,9156.25,0.0,3.0,5542.5,3613.75,55.0,55.0
2768,2019-06-28,18:41:12,155.53125,155.625,155.53125,155.59375,286,44492.25,155.56730769230768,0.0625,0.0004017677836278821,155.5789654957892,155.5184557022569,0.06050979353230446,1.0000000000000022,0.0017578124999999998,-2.4074074074074083,0.1656346649999846,0.001757812499999996,-1,2768,0.7880846727042481,0.9925315111779018,0.04192627457812101,14.432427908555738,14.432427908555738,0.0,0.2727931097101266,1.1096059672337069,1.0,0.9994701494170397,0.006938638239137873,-1.0,-1.0,1.0,1.0,479.0,62.5,0,0,-1.0,1.0,62.5,9218.75,0.0,2.0,5547.5,3671.25,57.5,57.5
2769,2019-06-28,18:46:00,155.59375,155.6875,155.59375,155.65625,285,44359.96875,155.64901315789473,0.0625,0.00040160643110098704,155.59613983005826,155.52269552680283,0.07344430325542817,1.0000000000000022,0.0017578124999999998,-2.4074074074074083,0.1656346649999846,0.001757812499999996,-1,2769,0.7297475544620836,0.9994701494170397,0.04192627457812101,17.517488494852977,17.517488494852977,0.0,0.2727931097101266,1.4467095026465624,2.0,0.9156293588693877,-0.08384079054765203,1.0,-1.0,-1.0,1.0,480.0,62.5,0,0,1.0,-1.0,-62.5,9156.25,1.0,2.0,5552.5,3603.75,-67.5,57.5
2770,2019-06-28,18:47:14,155.65625,155.65625,155.625,155.65625,285,44361.65625,155.6549342105263,0.0,0.0,155.60949764560087,155.5268048952089,0.08269275039197055,1.0000000000000027,0.001171875,-3.3333333333333304,0.6085806194501845,0.001171874999999997,0,2770,0.9317212564754902,0.9156293588693877,0.03423265984407284,24.156098523640797,20.0,0.0,0.2727931097101266,1.7179727020810263,2.0,0.6273397633710143,-0.2882895954983734,-2.0,-1.0,1.0,1.0,481.0,0.0,0,0,-2.0,1.0,0.0,9156.25,0.0,3.0,5560.0,3596.25,-7.5,-7.5
2771,2019-06-28,18:54:53,155.65625,155.6875,155.625,155.65625,286,44518.46875,155.65898164335664,0.0,0.0,155.61988705768957,155.5307878215102,0.0890992361793792,1.000000000000005,0.001171875,2.9166666666666665,1.2932338163316421,0.001171874999999994,0,2771,0.9942525461127121,0.6273397633710143,0.034232659844072796,26.027552806360813,20.0,0.0,0.2727931097101266,1.7179727020810263,2.0,0.3392687758265044,-0.2880709875445099,2.0,1.0,-2.0,1.0,482.0,0.0,0,0,2.0,-2.0,-0.0,9156.25,0.0,4.0,5570.0,3586.25,-10.0,-7.5
2772,2019-06-28,18:55:54,155.65625,155.6875,155.625,155.65625,285,44359.15625,155.64616228070176,0.0,0.0,155.62796771153634,155.53464819623295,0.09331951530339211,1.0000000000000293,0.00029296875,-3.3333333333333304,-0.6085806194501845,0.00029296874999999137,0,2772,0.9050671623180417,0.3392687758265044,0.01711632992203619,54.52075049292497,20.0,0.0,0.2727931097101266,1.7179727020810263,2.0,0.2929468887787598,-0.04632188704774459,2.0,1.0,2.0,1.0,483.0,0.0,0,0,2.0,2.0,0.0,9156.25,0.0,0.0,5570.0,3586.25,0.0,0.0
2773,2019-06-28,18:58:11,155.65625,155.6875,155.625,155.625,286,44516.9375,155.65362762237763,-0.03125,-0.0002007830545851519,155.62730822008385,155.5374282517335,0.08987996835034551,1.0000000000000293,0.00029296875,-3.3333333333333304,-0.6085806194501845,0.00029296874999999137,0,2773,0.8832298299081824,0.2929468887787598,0.01711632992203619,52.511238542224376,20.0,0.0,0.2727931097101266,1.7179727020810263,2.0,0.3174672415942149,0.024520352815455115,2.0,1.0,2.0,0.0,483.0,-31.25,0,0,2.0,2.0,-62.5,9093.75,0.0,0.0,5570.0,3523.75,-62.5,0.0
2774,2019-06-28,18:59:38,155.625,155.625,155.59375,155.59375,285,44347.875,155.60657894736843,-0.03125,-0.00020082337651583515,155.61985083784302,155.53916122860326,0.0806896092397551,1.0000000000000293,0.00029296875,-3.3333333333333304,-0.6085806194501845,0.00029296874999999137,0,2774,0.8950108489518076,0.3174672415942149,0.01711632992203619,47.14188707935125,20.0,0.0,0.2727931097101266,1.7179727020810263,2.0,0.14005492779146078,-0.17741231380275413,2.0,1.0,2.0,0.0,483.0,-62.5,0,0,2.0,2.0,-62.5,9031.25,0.0,0.0,5570.0,3461.25,-62.5,-62.5
2775,2019-06-28,18:59:48,155.59375,155.59375,155.5625,155.59375,285,44342.0,155.5859649122807,0.0,0.0,155.6140506516557,155.5408408831078,0.07320976854791184,1.0000000000000293,0.00029296875,-3.3333333333333304,-0.6085806194501845,0.00029296874999999137,0,2775,0.7991711389911439,0.14005492779146078,0.01711632992203619,42.77188444098574,20.0,0.0,0.2727931097101266,1.7179727020810263,2.0,-0.1334854536726623,-0.2735403814641231,2.0,1.0,2.0,0.0,483.0,-62.5,0,0,2.0,2.0,0.0,9031.25,0.0,0.0,5570.0,3461.25,0.0,0.0
2776,2019-06-28,18:59:58,155.59375,155.625,155.5625,155.59375,286,44498.15625,155.58795891608392,0.0,0.0,155.60953939573224,155.54246885593528,0.06707053979695843,1.0000000000000293,0.00029296875,-3.3333333333333304,-0.6085806194501845,0.00029296874999999137,0,2776,0.6063902522478475,-0.1334854536726623,0.01711632992203619,39.18511743023214,20.0,0.0,0.2727931097101266,1.7179727020810263,2.0,-0.48906917524128357,-0.3555837215686213,2.0,1.0,2.0,0.0,483.0,-62.5,0,0,2.0,2.0,0.0,9031.25,0.0,0.0,5570.0,3461.25,0.0,0.0
2777,2019-06-28,19:00:00,155.59375,155.625,155.5625,155.59375,285,44345.25,155.59736842105264,0.0,0.0,155.6060306411251,155.54404673729115,0.06198390383394781,1.0000000000000138,0.00048828125,2.0,0.0,0.0004882812499999933,0,2777,0.2709462248047882,-0.48906917524128357,0.02209708691207946,28.050712784255765,20.0,0.0,0.2727931097101266,1.7179727020810263,2.0,-0.8632670351855073,-0.3741978599442237,2.0,1.0,2.0,0.0,483.0,-62.5,0,0,2.0,2.0,0.0,9031.25,0.0,0.0,5570.0,3461.25,0.0,0.0
2778,2019-06-28,19:00:13,155.5625,155.625,155.53125,155.5625,286,44495.78125,155.57965472027973,-0.03125,-0.00020086371464511643,155.59635716531955,155.5446145299899,0.051742635329645736,1.0000000000000038,0.00126953125,-0.17751479289940755,0.4047960089109363,0.001269531249999995,0,2778,-0.25351160347931256,-0.8632670351855073,0.035630482034347995,14.522013841902428,14.522013841902428,0.0,0.2727931097101266,1.1193949921198199,1.0,-0.9658874681045698,-0.10262043291906253,2.0,1.0,2.0,0.0,483.0,-93.75,0,0,2.0,2.0,-62.5,8968.75,-1.0,0.0,5570.0,3398.75,-62.5,0.0
2779,2019-06-28,19:01:34,155.5625,155.59375,155.53125,155.59375,285,44341.46875,155.58410087719298,0.03125,0.00020086371464511643,155.59577779524855,155.54612639060562,0.04965140464292972,1.0000000000000033,0.0016601562499999997,-1.4878892733564004,0.5413870509510851,0.001660156249999994,-1,2779,-0.8660994761189115,-0.9658874681045698,0.040745015032516485,12.185884482630698,12.185884482630698,0.0,0.2727931097101266,0.8641269206627642,1.0,-0.6286221634572416,0.3372653046473282,1.0,1.0,2.0,0.0,483.0,-62.5,0,0,1.0,2.0,62.5,9031.25,0.0,1.0,5572.5,3458.75,60.0,60.0
2780,2019-06-28,19:04:06,155.59375,155.65625,155.5625,155.65625,286,44502.75,155.604020979021,0.0625,0.00040160643110098704,155.60921606297111,155.54951480935622,0.05970125361488954,1.0000000000000029,0.0017578124999999998,-2.407407407407407,-0.1656346649999846,0.001757812499999995,-1,2780,-0.9944276146966293,-0.6286221634572416,0.041926274578120995,14.239579885317147,14.239579885317147,0.0,0.2727931097101266,1.088533528423312,1.0,-0.2529668440680514,0.3756553193891902,-1.0,1.0,1.0,0.0,483.0,0.0,0,0,-1.0,1.0,62.5,9093.75,0.0,2.0,5577.5,3516.25,57.5,60.0
2781,2019-06-28,19:07:03,155.65625,155.6875,155.625,155.625,285,44361.65625,155.6549342105263,-0.03125,-0.0002007830545851519,155.6127236045331,155.5518374306068,0.06088617392629203,1.0000000000000029,0.0017578124999999998,-2.407407407407407,-0.1656346649999846,0.001757812499999995,0,2781,-0.8629826675051769,-0.2529668440680514,0.041926274578120995,14.522199870833541,14.522199870833541,0.0,0.2727931097101266,1.1194153194387209,1.0,0.807757499904855,1.0607243439729064,-1.0,-1.0,-1.0,1.0,484.0,-31.25,0,0,-1.0,-1.0,31.25,9125.0,0.0,0.0,5577.5,3547.5,31.25,57.5
2782,2019-06-28,19:15:33,155.625,155.65625,155.5625,155.65625,286,44506.25,155.61625874125875,0.03125,0.0002007830545851519,155.6223961368591,155.5550501250497,0.06734601180940558,1.0000000000000029,0.0017578124999999998,-2.407407407407407,-0.1656346649999846,0.001757812499999995,-1,2782,0.15432081992229876,0.807757499904855,0.041926274578120995,16.062961111395705,16.062961111395705,0.0,0.2727931097101266,1.2877737833624372,2.0,0.9863077733970655,0.17855027349221053,-1.0,-1.0,-1.0,0.0,484.0,0.0,0,0,-1.0,-1.0,-31.25,9093.75,1.0,0.0,5577.5,3516.25,-31.25,31.25
2783,2019-06-28,19:26:56,155.65625,155.6875,155.625,155.625,285,44360.71875,155.65164473684212,-0.03125,-0.0002007830545851519,155.62297477311265,155.55720242889433,0.0657723442183169,1.0000000000000016,0.005859375,1.999999999999999,-1.3608276348795438,0.00585937499999999,0,2783,0.8140374702689525,0.9863077733970655,0.07654655446197425,8.592463067817166,8.592463067817166,0.0,0.2727931097101266,0.4714749680423445,1.0,0.6161478319815766,-0.3701599414154889,2.0,-1.0,-1.0,0.0,484.0,-31.25,0,0,2.0,-1.0,31.25,9125.0,-1.0,3.0,5585.0,3540.0,23.75,23.75
2784,2019-06-28,19:44:58,155.625,155.6875,155.625,155.65625,285,44362.84375,155.65910087719297,0.03125,0.0002007830545851519,155.6303692679765,155.56025004646682,0.0701192215096853,1.000000000000001,0.007617187500000001,2.041420118343197,-1.4964964675439432,0.007617187499999992,-1,2784,0.9926211978534166,0.6161478319815766,0.08727650027355584,8.034146796664226,8.034146796664226,0.0,0.2727931097101266,0.41046793637491363,1.0,0.15368682503662595,-0.4624610069449507,-1.0,-1.0,2.0,1.0,485.0,31.25,0,0,-1.0,2.0,62.5,9187.5,0.0,3.0,5592.5,3595.0,55.0,55.0
2785,2019-06-28,19:57:06,155.65625,155.65625,155.5,155.5,286,44495.75,155.57954545454547,-0.15625,-0.0010043186542683102,155.6013983195373,155.55839619888323,0.043002120654080045,1.0000000000000013,0.007031249999999999,1.238425925925925,-0.9989840732811562,0.007031249999999991,0,2785,0.8073790716370024,0.15368682503662595,0.08385254915624206,5.128302131155774,5.128302131155774,0.0,0.2727931097101266,0.09294726451051133,0.0,-0.7024535507044211,-0.8561403757410471,1.0,1.0,-1.0,1.0,486.0,-156.25,0,0,1.0,-1.0,156.25,9343.75,-1.0,2.0,5597.5,3746.25,151.25,151.25
2786,2019-06-28,20:01:11,155.5,155.5625,155.46875,155.5625,285,44322.6875,155.51820175438596,0.0625,0.00040184850852220677,155.59275424852902,155.55852246968684,0.03423177884218376,1.0000000000000013,0.007031249999999999,1.238425925925925,-0.9989840732811562,0.007031249999999991,-1,2786,0.006559150199629072,-0.7024535507044211,0.08385254915624206,4.082377839032639,4.082377839032639,0.0,0.2727931097101266,-0.021340532045237226,0.0,-0.8520375541632451,-0.14958400345882406,0.0,1.0,1.0,1.0,487.0,62.5,0,0,0.0,1.0,62.5,9406.25,0.0,1.0,5600.0,3806.25,60.0,151.25
2787,2019-06-28,20:14:28,155.5625,155.59375,155.5,155.53125,286,44487.5625,155.55091783216784,-0.03125,-0.0002009040689827657,155.5790866377448,155.55768331677342,0.02140332097138753,1.0000000000000002,0.0822265625,3.5714366314791754,-1.8459175329756037,0.08222656249999998,0,2787,-0.9726382601908486,-0.8520375541632451,0.2867517436738615,0.7464059571937843,0.7464059571937843,0.0,0.2727931097101266,-0.38586106055631175,-0.0,-0.4435050727141896,0.4085324814490555,-0.0,1.0,0.0,0.0,487.0,31.25,0,0,-0.0,0.0,-0.0,9406.25,-0.0,0.0,5600.0,3806.25,-0.0,60.0
2788,2019-06-28,20:45:26,155.53125,155.5625,155.5,155.5,285,44322.90625,155.51896929824562,-0.03125,-0.00020094443953944108,155.5615118293571,155.55590844548811,0.005603383868987066,1.0000000000000004,0.08759765625,4.685965481370455,-2.1401932444262766,0.08759765624999998,0,2788,-0.9473653557600165,-0.4435050727141896,0.2959690123137893,0.18932332899250626,0.18932332899250626,0.0,0.2727931097101266,-0.4467332924722275,-0.0,-0.15660124477770532,0.2869038279364843,0.0,-1.0,-0.0,0.0,487.0,0.0,0,0,0.0,-0.0,0.0,9406.25,0.0,0.0,5600.0,3806.25,0.0,0.0
2789,2019-06-30,22:00:39,155.5,155.53125,154.78125,154.84375,287,44531.28125,155.1612587108014,-0.65625,-0.004229187654926747,155.4020092006111,155.53399587793464,-0.13198667732353897,1.0000000000000002,0.08232421875,4.940793556312613,-2.219506993275389,0.08232421874999997,0,2789,-0.80911623680276,-0.15660124477770532,0.2869219732784507,-4.60008955798757,0.0,-4.60008955798757,-0.2579537798589998,-0.4674205891246751,-1.0,0.037811986450527545,0.19441323122823287,0.0,-1.0,0.0,0.0,487.0,-656.25,0,0,0.0,0.0,-0.0,9406.25,-1.0,0.0,5600.0,3806.25,-0.0,-0.0
2790,2019-06-30,22:06:14,154.84375,155.0625,154.75,154.84375,286,44303.9375,154.90887237762237,0.0,0.0,155.27795160047532,155.512757543229,-0.23480594275366684,1.0000000000000004,0.09990234375000001,4.0912100859125715,-1.919497986272147,0.09990234374999998,0,2790,-0.6798639966878672,0.037811986450527545,0.31607332021225704,-7.428844123761676,0.0,-7.428844123761676,-0.5843284445722403,-0.4674205891246751,-1.0,0.28279805669434643,0.24498607024381888,1.0,-1.0,0.0,0.0,487.0,-656.25,1,1,0.0,0.0,0.0,9406.25,0.0,0.0,5600.0,3806.25,0.0,0.0
2791,2019-06-30,22:22:43,154.84375,155.0,154.8125,154.84375,287,44451.78125,154.88425522648083,0.0,0.0,155.18146235592528,155.492172695745,-0.3107103398197353,1.0000000000000004,0.09990234375000001,4.0912100859125715,-1.919497986272147,0.09990234374999998,0,2791,-0.47827388529247894,0.28279805669434643,0.31607332021225704,-9.830324799672422,0.0,-9.830324799672422,-0.8614053108012512,-0.4674205891246751,-1.0,0.4188012174100297,0.13600316071568325,1.0,-1.0,1.0,1.0,488.0,0.0,1,1,0.0,0.0,0.0,9406.25,0.0,0.0,5600.0,3806.25,0.0,0.0
2792,2019-06-30,23:04:37,154.84375,155.03125,154.84375,155.0,287,44468.25,154.94163763066203,0.15625,0.0010085729548849898,155.14113738794188,155.47702892049134,-0.3358915325494536,0.9999999999999983,0.00712890625,3.372114843310191,1.703550401550653,0.007128906250000011,-1,2792,-0.3459708865439463,0.4188012174100297,0.08443285053816442,-39.78209078676404,0.0,-20.0,-2.034757136339064,-0.4674205891246751,-3.0,0.5933388064088766,0.17453758899884692,1.0,-1.0,1.0,0.0,488.0,156.25,0,1,0.0,0.0,0.0,9406.25,-2.0,0.0,5600.0,3806.25,0.0,0.0
2793,2019-06-30,23:47:01,155.0,155.09375,154.96875,154.96875,286,44337.90625,155.02764423076923,-0.03125,-0.0002016332298397927,155.10282907951037,155.46138956909164,-0.3585604895812651,0.9999999999999986,0.012988281249999999,-2.8509243032393,0.48243454256788404,0.012988281250000018,0,2793,-0.1496337120787609,0.5933388064088766,0.11396614080506551,-31.462019074118544,0.0,-20.0,-2.034757136339064,-0.4674205891246751,-3.0,0.6855692361527693,0.09223042974389273,3.0,-1.0,1.0,0.0,488.0,125.0,0,1,0.0,0.0,-0.0,9406.25,0.0,0.0,5600.0,3806.25,-0.0,-0.0
2794,2019-07-01,00:08:51,154.96875,155.0625,154.875,154.90625,287,44471.15625,154.95176393728224,-0.0625,-0.0004033884685599176,155.0591448396192,155.44430835158113,-0.38516351196193455,0.9999999999999992,0.01708984375,-2.963265306122448,0.512240832571883,0.017089843750000014,0,2794,-0.030008336741730687,0.6855692361527693,0.13072812914594936,-29.462940721191288,0.0,-20.0,-2.034757136339064,-0.4674205891246751,-3.0,0.7674147925280284,0.08184555637525903,3.0,-1.0,3.0,0.0,488.0,62.5,0,1,0.0,0.0,-0.0,9406.25,0.0,0.0,5600.0,3806.25,-0.0,-0.0
2795,2019-07-01,00:20:29,154.90625,155.125,154.90625,155.09375,287,44487.875,155.01001742160278,0.1875,0.0012096775668668514,155.0668348752594,155.43352194076328,-0.3666870655038963,0.9999999999999994,0.01240234375,4.015748031496064,1.9288953328405196,0.012402343750000008,-1,2795,0.08928202173887222,0.7674147925280284,0.11136581050753416,-32.92635898151965,0.0,-20.0,-2.034757136339064,-0.4674205891246751,-3.0,0.8273564328258297,0.05994164029780136,3.0,-1.0,3.0,0.0,488.0,250.0,0,1,0.0,0.0,0.0,9406.25,0.0,0.0,5600.0,3806.25,0.0,0.0
2796,2019-07-01,00:38:23,155.09375,155.09375,154.96875,155.0,286,44338.6875,155.03037587412587,-0.09375,-0.000604655868467141,155.05198268075733,155.42018280412444,-0.36820012336710306,0.9999999999999994,0.01240234375,4.015748031496064,1.9288953328405196,0.012402343750000008,0,2796,0.18786355186286943,0.8273564328258297,0.11136581050753416,-33.062222749431115,0.0,-20.0,-2.034757136339064,-0.4674205891246751,-3.0,0.8732199544987927,0.04586352167296304,3.0,-1.0,3.0,0.0,488.0,156.25,0,1,0.0,0.0,-0.0,9406.25,0.0,0.0,5600.0,3806.25,-0.0,-0.0
2797,2019-07-01,01:05:46,155.0,155.09375,154.96875,154.96875,287,44488.28125,155.01143292682926,-0.03125,-0.0002016332298397927,155.03348652947795,155.40629256399754,-0.3728060345195843,0.9999999999999989,0.015820312500000003,-2.7732053040695024,0.44782705722218,0.015820312500000017,0,2797,0.2728680283334734,0.8732199544987927,0.12577882373436325,-29.639809266059487,0.0,-20.0,-2.034757136339064,-0.4674205891246751,-3.0,0.9090097993033215,0.035789844804528737,3.0,-1.0,3.0,0.0,488.0,125.0,0,1,0.0,0.0,-0.0,9406.25,0.0,0.0,5600.0,3806.25,-0.0,-0.0
2798,2019-07-01,01:13:18,154.96875,154.96875,154.875,154.9375,286,44312.3125,154.9381555944056,-0.03125,-0.00020167389399805558,155.01215618959398,155.39186817741302,-0.3797119878190358,0.9999999999999989,0.008984375000000001,1.4555765595463157,1.118079933149378,0.008984375000000011,0,2798,0.34806274763441303,0.9090097993033215,0.09478594305064444,-40.059947245147356,0.0,-20.0,-2.034757136339064,-0.4674205891246751,-3.0,0.9671187014597173,0.05810890215639586,3.0,-1.0,3.0,0.0,488.0,93.75,0,1,0.0,0.0,-0.0,9406.25,0.0,0.0,5600.0,3806.25,-0.0,-0.0
2799,2019-07-01,01:39:03,154.9375,155.09375,154.9375,155.09375,287,44488.21875,155.01121515679444,0.15625,0.0010079629923049893,155.030288147462,155.3826953104157,-0.35240716295371044,0.9999999999999973,0.005859375,1.999999999999999,1.3608276348795438,0.0058593750000000165,-1,2799,0.5040209656448115,0.9671187014597173,0.07654655446197442,-46.038278983383066,0.0,-20.0,-2.034757136339064,-0.4674205891246751,-3.0,0.985854172288158,0.018735470828440626,3.0,-1.0,3.0,0.0,488.0,250.0,0,1,0.0,0.0,0.0,9406.25,0.0,0.0,5600.0,3806.25,0.0,0.0
2800,2019-07-01,01:49:17,155.09375,155.125,155.0625,155.125,286,44358.4375,155.0994318181818,0.03125,0.0002014707370570079,155.05133522580377,155.37476622394138,-0.32343099813761,0.9999999999999961,0.0046875,2.9166666666666643,1.2932338163316428,0.004687500000000019,-1,2800,0.5785892959300454,0.985854172288158,0.0684653196881459,-47.240120927034674,0.0,-20.0,-2.034757136339064,-0.4674205891246751,-3.0,0.999658289298991,0.013804117010833061,3.0,-1.0,3.0,0.0,488.0,281.25,0,1,0.0,0.0,0.0,9406.25,0.0,0.0,5600.0,3806.25,0.0,0.0
2801,2019-07-01,02:19:00,155.125,155.21875,155.09375,155.15625,286,44371.625,155.14554195804195,0.03125,0.00020143015477547266,155.0746496200696,155.36804264782012,-0.29339302775051124,0.9999999999999982,0.0099609375,2.116493656286045,-0.4665984913967782,0.009960937500000017,-1,2801,0.7253489946040513,0.999658289298991,0.09980449639169578,-29.396774529982295,0.0,-20.0,-2.034757136339064,-0.4674205891246751,-3.0,0.991747558120578,-0.00791073117841301,-3.0,-1.0,3.0,0.0,488.0,312.5,0,1,0.0,0.0,0.0,9406.25,0.0,0.0,5600.0,3806.25,0.0,0.0
2802,2019-07-01,04:20:37,155.15625,155.21875,155.125,155.1875,287,44531.1875,155.16093205574913,0.03125,0.00020138958883908487,155.0997274822764,155.3624874894257,-0.26276000714929637,0.999999999999998,0.005175781249999999,-1.0074759700961202,-1.0162671340117102,0.005175781250000009,-1,2802,0.7919267625266504,0.991747558120578,0.07194290270763343,-36.52340915644157,0.0,-20.0,-2.034757136339064,-0.4674205891246751,-3.0,0.9438413805021433,-0.04790617761843474,-3.0,-1.0,-3.0,1.0,489.0,31.25,0,0,-3.0,0.0,0.0,9406.25,0.0,3.0,5607.5,3798.75,-7.5,0.0
2803,2019-07-01,05:12:29,155.1875,155.1875,155.0625,155.0625,286,44360.09375,155.1052229020979,-0.125,-0.0008058018163659142,155.0914547084372,155.3532571051357,-0.26180239669849925,0.9999999999999981,0.00615234375,-1.216931216931216,-0.8284388773693415,0.00615234375000001,0,2803,0.9010239596090864,0.9438413805021433,0.07843687748756965,-33.37746288281154,0.0,-20.0,-2.034757136339064,-0.4674205891246751,-3.0,0.8519294995764743,-0.09191188092566893,-3.0,-1.0,-3.0,0.0,489.0,-93.75,0,0,-3.0,-3.0,375.0,9781.25,0.0,0.0,5607.5,4173.75,375.0,375.0
2804,2019-07-01,06:01:00,155.0625,155.09375,155.0,155.0,287,44499.1875,155.04943379790942,-0.0625,-0.0004031445327727923,155.07113143989562,155.34238765574693,-0.27125621585130943,0.9999999999999994,0.009082031249999999,-2.5008671522719355,0.1621934862691501,0.009082031250000004,0,2804,0.9726861868928469,0.8519294995764743,0.09529969176235568,-28.463493515564373,0.0,-20.0,-2.034757136339064,-0.4674205891246751,-3.0,0.6962537182753628,-0.1556757813011116,3.0,-1.0,-3.0,0.0,489.0,-156.25,0,0,3.0,-3.0,187.5,9968.75,0.0,6.0,5622.5,4346.25,172.5,375.0
2805,2019-07-01,06:14:51,155.0,155.0625,155.0,155.0625,286,44338.1875,155.02862762237763,0.0625,0.0004031445327727923,155.06921334214104,155.33377572787782,-0.2645623857367809,0.9999999999999999,0.007617187499999999,2.041420118343192,1.496496467543943,0.007617187499999999,-1,2805,0.9998839783286971,0.6962537182753628,0.08727650027355588,-30.313129525994675,0.0,-20.0,-2.034757136339064,-0.4674205891246751,-3.0,0.4416737386808099,-0.25457997959455286,-3.0,1.0,3.0,1.0,490.0,62.5,0,0,-3.0,3.0,187.5,10156.25,0.0,6.0,5637.5,4518.75,172.5,172.5
2806,2019-07-01,06:33:44,155.03125,155.0625,154.84375,154.90625,287,44465.6875,154.93270905923345,-0.15625,-0.0010081662311725026,155.03299926610973,155.32062109009698,-0.28762182398725145,0.9999999999999996,0.0146484375,-2.1999999999999993,0.4303314829119353,0.014648437500000007,0,2806,0.9467095454086594,0.4416737386808099,0.12103072956898181,-23.764363398579743,0.0,-20.0,-2.034757136339064,-0.4674205891246751,-3.0,0.3861052258897221,-0.055568512791087765,-3.0,1.0,-3.0,1.0,491.0,-156.25,0,0,-3.0,-3.0,468.75,10625.0,0.0,0.0,5637.5,4987.5,468.75,468.75
2807,2019-07-01,06:45:00,154.90625,154.9375,154.78125,154.78125,287,44438.75,154.83885017421602,-0.125,-0.0008072654323356687,154.97705498475202,155.30402505655556,-0.32697007180354376,0.9999999999999996,0.0146484375,-2.1999999999999993,0.4303314829119353,0.014648437500000007,0,2807,0.9252916282264387,0.3861052258897221,0.12103072956898181,-27.01545904647185,0.0,-20.0,-2.034757136339064,-0.4674205891246751,-3.0,-0.2898654978275488,-0.675970723717271,-3.0,1.0,-3.0,0.0,491.0,-281.25,0,0,-3.0,-3.0,375.0,11000.0,0.0,0.0,5637.5,5362.5,375.0,468.75
2808,2019-07-01,06:57:53,154.78125,154.90625,154.78125,154.90625,286,44285.46875,154.84429632867133,0.125,0.0008072654323356687,154.96132054369602,155.29178582404617,-0.330465280350154,0.9999999999999997,0.018359375,-3.021163422363061,0.3447224327873892,0.018359375000000008,-1,2808,0.47178298391526735,-0.2898654978275488,0.13549677117924253,-24.389162743442533,0.0,-20.0,-2.034757136339064,-0.4674205891246751,-3.0,-0.9962747389325507,-0.7064092411050019,-3.0,1.0,-3.0,0.0,491.0,-156.25,0,0,-3.0,-3.0,-375.0,10625.0,0.0,0.0,5637.5,4987.5,-375.0,375.0
2809,2019-07-01,07:05:01,154.90625,154.90625,154.84375,154.84375,287,44446.28125,154.86509146341464,-0.0625,-0.00040355125648527945,154.935193756208,155.27800010638322,-0.3428063501752092,0.999999999999999,0.01484375,-2.479224376731304,-0.7559840489048504,0.014843750000000017,0,2809,-0.7654506713693814,-0.9962747389325507,0.12183492931011211,-28.136951538966983,0.0,-20.0,-2.034757136339064,-0.4674205891246751,-3.0,-0.8142639372620165,0.18201080167053418,-3.0,1.0,-3.0,0.0,491.0,-218.75,0,0,-3.0,-3.0,187.5,10812.5,0.0,0.0,5637.5,5175.0,187.5,187.5
2810,2019-07-01,07:13:06,154.84375,154.96875,154.8125,154.96875,287,44449.65625,154.87685104529618,0.125,0.0008069397250451971,154.9426506992729,155.26848471849453,-0.3258340192216451,0.9999999999999964,0.006640624999999999,2.664359861591688,-1.714392328011769,0.0066406250000000215,-1,2810,-0.9862433780760235,-0.8142639372620165,0.08149003006503325,-39.9845255869476,0.0,-20.0,-2.034757136339064,-0.4674205891246751,-3.0,-0.5990706300442961,0.21519330721772045,3.0,1.0,-3.0,0.0,491.0,-93.75,0,0,3.0,-3.0,-375.0,10437.5,0.0,6.0,5652.5,4785.0,-390.0,187.5
2811,2019-07-01,07:18:54,154.96875,155.09375,154.96875,155.09375,287,44491.59375,155.02297473867597,0.125,0.0008062890983069337,154.9762283216567,155.2631082656178,-0.28687994396111094,0.9999999999999987,0.0107421875,-2.834710743801654,-0.41115183351513235,0.010742187500000014,-1,2811,-0.98978460679671,-0.5990706300442961,0.10364452469860631,-27.679218443554557,0.0,-20.0,-2.034757136339064,-0.4674205891246751,-3.0,-0.30562560716966897,0.2934450228746271,3.0,-1.0,3.0,1.0,492.0,125.0,0,0,3.0,3.0,375.0,10812.5,0.0,0.0,5652.5,5160.0,375.0,375.0
2812,2019-07-01,07:25:05,155.09375,155.15625,155.0625,155.15625,286,44362.5,155.11363636363637,0.0625,0.00040290089183248057,155.01623313906632,155.25982031898343,-0.24358717991711387,0.9999999999999983,0.00947265625,-1.9162503985545751,-0.5560984445536761,0.009472656250000015,-1,2812,-0.8893829108106439,-0.30562560716966897,0.09732757188998406,-25.027561582698986,0.0,-20.0,-2.034757136339064,-0.4674205891246751,-3.0,0.3215958735824028,0.6272214807520717,3.0,-1.0,3.0,0.0,492.0,187.5,0,0,3.0,3.0,187.5,11000.0,0.0,0.0,5652.5,5347.5,187.5,375.0
2813,2019-07-01,07:37:36,155.15625,155.15625,155.0625,155.0625,286,44361.59375,155.11046765734267,-0.09375,-0.0006044122275268293,155.02651466371825,155.25374892455318,-0.22723426083493337,0.9999999999999983,0.00830078125,-1.5986159169550167,-0.6052891240323842,0.008300781250000014,0,2813,-0.4421405399340112,0.3215958735824028,0.0911086233569579,-24.941026706620704,0.0,-20.0,-2.034757136339064,-0.4674205891246751,-3.0,0.8374888859824838,0.515893012400081,3.0,-1.0,3.0,0.0,492.0,93.75,0,0,3.0,3.0,-281.25,10718.75,0.0,0.0,5652.5,5066.25,-281.25,187.5
2814,2019-07-01,07:47:36,155.0625,155.0625,154.9375,155.03125,287,44492.5625,155.02635017421602,-0.03125,-0.00020155195069726517,155.02756696066976,155.24690280379772,-0.21933584312796484,0.9999999999999981,0.00615234375,-1.2169312169312185,-0.8284388773693415,0.006152343750000012,0,2814,0.20579248798617164,0.8374888859824838,0.07843687748756965,-27.963357307629217,0.0,-20.0,-2.034757136339064,-0.4674205891246751,-3.0,0.9923011111223181,0.15481222513983428,3.0,-1.0,3.0,0.0,492.0,62.5,0,0,3.0,3.0,-93.75,10625.0,0.0,0.0,5652.5,4972.5,-93.75,-93.75
2815,2019-07-01,08:00:00,155.03125,155.15625,155.03125,155.125,286,44347.125,155.05987762237763,0.09375,0.0006045340234486218,155.0492187471876,155.24315194829626,-0.1939332011086492,0.9999999999999983,0.005859375,-1.75,0.17010345435994295,0.005859375000000009,-1,2815,0.6140885765566441,0.9923011111223181,0.07654655446197438,-25.335327301372963,0.0,-20.0,-2.034757136339064,-0.4674205891246751,-3.0,0.8648140852481261,-0.12748702587419203,-3.0,-1.0,3.0,0.0,492.0,156.25,0,0,-3.0,3.0,281.25,10906.25,0.0,6.0,5667.5,5238.75,266.25,266.25
2816,2019-07-01,08:07:00,155.125,155.21875,155.125,155.1875,286,44383.96875,155.18870192307693,0.0625,0.0004028197436145575,155.07994791447928,155.2414395806564,-0.1614916661771133,0.9999999999999964,0.0032226562500000003,-2.231404958677686,0.5671631517317615,0.003222656250000012,-1,2816,0.9665487180903212,0.8648140852481261,0.05676844413932807,-28.447435652941387,0.0,-20.0,-2.034757136339064,-0.4674205891246751,-3.0,0.46358533753774317,-0.4012287477103829,3.0,-1.0,-3.0,1.0,493.0,62.5,0,0,3.0,-3.0,-187.5,10718.75,0.0,6.0,5682.5,5036.25,-202.5,266.25
2817,2019-07-01,08:24:36,155.1875,155.1875,155.09375,155.15625,287,44527.96875,155.1497168989547,-0.03125,-0.00020138958883908487,155.0969039334839,155.23881836279006,-0.14191442930615494,0.9999999999999957,0.004199218749999999,-1.963223363980531,-0.23551393640880577,0.004199218750000017,0,2817,0.954337908284026,0.46358533753774317,0.06480137922914926,-21.899908766497106,0.0,-20.0,-2.034757136339064,-0.4674205891246751,-3.0,0.1156974384450056,-0.34788789909273754,-3.0,1.0,3.0,1.0,494.0,-31.25,0,0,-3.0,3.0,-93.75,10625.0,0.0,6.0,5697.5,4927.5,-108.75,-108.75
2818,2019-07-01,08:43:26,155.15625,155.1875,155.125,155.15625,286,44371.0,155.14335664335664,0.0,0.0,155.11009194826528,155.23627779778113,-0.1261858495158492,0.9999999999999957,0.004199218749999999,-1.963223363980531,-0.23551393640880577,0.004199218750000017,0,2818,0.7841686505953329,0.1156974384450056,0.06480137922914926,-19.472710460318055,0.0,-19.472710460318055,-1.9739197809874522,-0.4674205891246751,-2.0,-0.43979913867276443,-0.55549657711777,-3.0,1.0,-3.0,1.0,495.0,0.0,0,0,-3.0,-3.0,-0.0,10625.0,1.0,0.0,5697.5,4927.5,-0.0,-0.0
2819,2019-07-01,08:59:31,155.15625,155.3125,155.15625,155.28125,286,44398.3125,155.2388548951049,0.125,0.0008053151230473787,155.148127070873,155.23766155784944,-0.08953448697644717,0.9999999999999979,0.006542968749999999,-2.4125640454444173,0.36326900585846333,0.006542968750000013,-1,2819,0.32406493355271193,-0.43979913867276443,0.08088861940965499,-11.06886081501846,0.0,-11.06886081501846,-1.004304515148878,-0.4674205891246751,-1.0,-0.6341670889846123,-0.19436795031184784,-2.0,1.0,-3.0,0.0,495.0,125.0,0,0,-2.0,-3.0,-375.0,10250.0,1.0,1.0,5700.0,4550.0,-377.5,-0.0
2820,2019-07-01,09:08:00,155.28125,155.375,155.28125,155.375,286,44425.0625,155.33238636363637,0.09375,0.0006035610282815185,155.19854327734566,155.24188735606947,-0.043344078723805524,0.9999999999999979,0.006542968749999999,-2.4125640454444173,0.36326900585846333,0.006542968750000013,-1,2820,0.09830830808935243,-0.6341670889846123,0.08088861940965499,-5.358489122467568,0.0,-5.358489122467568,-0.3454560349399708,-0.4674205891246751,-1.0,-0.7704284688398442,-0.1362613798552319,-1.0,1.0,-2.0,0.0,495.0,218.75,0,0,-1.0,-2.0,-187.5,10062.5,0.0,1.0,5702.5,4360.0,-190.0,-190.0
2821,2019-07-01,09:24:11,155.375,155.40625,155.3125,155.3125,286,44432.15625,155.3571896853147,-0.0625,-0.00040233353992746856,155.2238669934911,155.2440600528058,-0.02019305931469262,0.9999999999999974,0.006542968749999999,-2.4125640454444195,-0.36326900585846333,0.006542968750000015,0,2821,-0.0939759187819379,-0.7704284688398442,0.080888619409655,-2.4964030121995555,0.0,-2.4964030121995555,-0.015235659541824598,-0.4674205891246751,-0.0,-0.862618362764987,-0.09218989392514287,-1.0,1.0,-1.0,0.0,495.0,156.25,0,0,-1.0,-1.0,62.5,10125.0,1.0,0.0,5702.5,4422.5,62.5,62.5
2822,2019-07-01,09:41:28,155.3125,155.34375,155.25,155.28125,286,44417.21875,155.30496066433565,-0.03125,-0.0002012274883540499,155.2366187727153,155.24520435887334,-0.008585586158034175,0.9999999999999983,0.00537109375,-2.62809917355372,0.5814564991516648,0.005371093750000009,0,2822,-0.2522695979539958,-0.862618362764987,0.07328774624724115,-1.1714899963044465,0.0,-1.1714899963044465,0.1376295082493021,-0.4674205891246751,-0.0,-0.8616464453832368,0.0009719173817502869,-0.0,1.0,-1.0,0.0,495.0,125.0,0,0,-0.0,-1.0,31.25,10156.25,0.0,1.0,5705.0,4451.25,28.75,62.5
2823,2019-07-01,10:05:59,155.28125,155.375,155.28125,155.34375,286,44426.34375,155.33686625874125,0.0625,0.00040241449235267623,155.26042571211192,155.24823653244647,0.012189179665455185,0.9999999999999987,0.009082031249999999,-0.41970169961845016,1.0436798246884413,0.009082031250000011,-1,2823,-0.2504129765090218,-0.8616464453832368,0.09529969176235573,1.279036630658865,1.279036630658865,0.0,0.2727931097101266,-0.3276606855322637,-0.0,-0.8880429524632963,-0.026396507080059584,-0.0,1.0,-0.0,0.0,495.0,187.5,0,0,-0.0,-0.0,-0.0,10156.25,0.0,0.0,5705.0,4451.25,-0.0,28.75
2824,2019-07-01,10:24:39,155.34375,155.40625,155.28125,155.28125,286,44431.5625,155.35511363636363,-0.0625,-0.00040241449235267623,155.26505333164263,155.24925233144813,0.015801000194500148,0.9999999999999987,0.009082031249999999,-0.41970169961845016,1.0436798246884413,0.009082031250000011,0,2824,-0.3028414285377907,-0.8880429524632963,0.09529969176235573,1.658032665404873,1.658032665404873,0.0,0.2727931097101266,-0.2862479159458893,-0.0,-0.8637240216875269,0.02431893077576941,-0.0,1.0,-0.0,0.0,495.0,125.0,0,0,-0.0,-0.0,0.0,10156.25,0.0,0.0,5705.0,4451.25,0.0,0.0
2825,2019-07-01,10:50:13,155.28125,155.46875,155.28125,155.4375,286,44429.59375,155.3482298951049,0.15625,0.0010057327610297762,155.30337481349986,155.2550445674036,0.04833024609627046,0.9999999999999983,0.00849609375,-0.7966706302021388,0.5182899194342977,0.008496093750000013,-1,2825,-0.2543879784900897,-0.8637240216875269,0.09217425752345398,5.243356159822898,5.243356159822898,0.0,0.2727931097101266,0.10551917962927743,0.0,-0.8758320927889462,-0.012108071101419315,-0.0,1.0,-0.0,0.0,495.0,281.25,0,0,-0.0,-0.0,-0.0,10156.25,0.0,0.0,5705.0,4451.25,-0.0,-0.0
2826,2019-07-01,11:13:10,155.4375,155.46875,155.375,155.375,285,44292.5625,155.4125,-0.0625,-0.0004021717327482577,155.319291521611,155.2587355037912,0.06055601781980613,0.9999999999999996,0.010449218750000001,0.9057559612193214,1.2942629988487453,0.010449218750000008,0,2826,-0.27804580832976433,-0.8758320927889462,0.10222142021122582,5.924004743298993,5.924004743298993,0.0,0.2727931097101266,0.1798934220291435,0.0,-0.8560547620135223,0.019777330775423985,0.0,1.0,-0.0,0.0,495.0,218.75,0,0,0.0,-0.0,0.0,10156.25,0.0,0.0,5705.0,4451.25,0.0,0.0
2827,2019-07-01,11:28:23,155.375,155.4375,155.375,155.40625,286,44444.0,155.3986013986014,0.03125,0.00020110608413670406,155.3386156279197,155.26327441136687,0.07534121655282888,0.9999999999999989,0.00947265625,0.7620363481772768,0.9334509605008138,0.00947265625000001,-1,2827,-0.23982914210515868,-0.8560547620135223,0.09732757188998403,7.740994159187715,7.740994159187715,0.0,0.2727931097101266,0.37843524601289247,1.0,-0.8794705567167521,-0.023415794703229853,0.0,1.0,0.0,0.0,495.0,250.0,0,0,0.0,0.0,0.0,10156.25,1.0,0.0,5705.0,4451.25,0.0,0.0
2828,2019-07-01,11:46:06,155.40625,155.40625,155.3125,155.3125,286,44436.3125,155.37172202797203,-0.09375,-0.0006034396240641726,155.33281215504869,155.2647890448633,0.06802311018537921,0.9999999999999979,0.0026367187499999997,-1.6872427983539058,-0.5184205276797867,0.0026367187500000054,0,2828,-0.2853297914565865,-0.8794705567167521,0.051348989766109375,13.247214890734782,13.247214890734782,0.0,0.2727931097101266,0.9800981383439278,1.0,-0.9087263354789237,-0.029255778762171558,1.0,1.0,0.0,0.0,495.0,156.25,0,0,1.0,0.0,-0.0,10156.25,0.0,1.0,5707.5,4448.75,-2.5,0.0
2829,2019-07-01,11:59:00,155.3125,155.4375,155.28125,155.3125,286,44429.625,155.34833916083917,0.0,0.0,155.32829834281566,155.26625707425214,0.06204126856351877,0.9999999999999973,0.0022460937500000003,1.455576559546311,-1.1180799331493774,0.0022460937500000063,0,2829,-0.34742553081254685,-0.9087263354789237,0.04739297152532226,13.090816331356194,13.090816331356194,0.0,0.2727931097101266,0.9630085202229177,1.0,-0.9349967947779132,-0.026270459298989524,1.0,1.0,1.0,1.0,496.0,0.0,0,0,1.0,1.0,0.0,10156.25,0.0,0.0,5707.5,4448.75,0.0,0.0
2830,2019-07-01,12:11:22,155.28125,155.34375,155.25,155.3125,286,44412.28125,155.28769667832168,0.0,0.0,155.32478759996775,155.26767993350595,0.05710766646180332,0.9999999999999978,0.0016601562499999997,-1.4878892733564086,-0.5413870509510866,0.0016601562500000036,0,2830,-0.4103627963264833,-0.9349967947779132,0.040745015032516596,14.015865846712412,14.015865846712412,0.0,0.2727931097101266,1.064088370467546,1.0,-0.9595582323777687,-0.024561437599855518,1.0,1.0,1.0,0.0,496.0,0.0,0,0,1.0,1.0,0.0,10156.25,0.0,0.0,5707.5,4448.75,0.0,0.0
2831,2019-07-01,12:22:11,155.3125,155.3125,155.21875,155.28125,286,44402.21875,155.2525131118881,-0.03125,-0.0002012274883540499,155.3151125777527,155.26809747401347,0.047015103739227015,0.9999999999999915,0.0006835937499999997,-0.6122448979591795,-0.5122408325718838,0.0006835937500000056,0,2831,-0.4794523541641664,-0.9595582323777687,0.02614562582918997,17.982015059183464,17.982015059183464,0.0,0.2727931097101266,1.4974681645102965,2.0,-0.9821129845912205,-0.022554752213451823,1.0,1.0,1.0,0.0,496.0,-31.25,0,0,1.0,1.0,-31.25,10125.0,1.0,0.0,5707.5,4417.5,-31.25,0.0
2832,2019-07-01,12:27:47,155.28125,155.28125,155.21875,155.21875,286,44400.1875,155.24541083916083,-0.0625,-0.0004025764949702193,155.29369867158545,155.2665790901977,0.027119581387751168,0.9999999999999902,0.0004882812499999999,1.9999999999999691,-2.6168207644729593e-15,0.0004882812500000047,0,2832,-0.5613158102562554,-0.9821129845912205,0.022097086912079716,12.272921537420313,12.272921537420313,0.0,0.2727931097101266,0.8736374304439405,1.0,-0.9967364196477054,-0.01462343505648489,2.0,1.0,1.0,0.0,496.0,-93.75,0,0,2.0,1.0,-62.5,10062.5,-1.0,1.0,5710.0,4352.5,-65.0,-31.25
2833,2019-07-01,12:34:25,155.21875,155.28125,155.1875,155.1875,286,44392.90625,155.21995192307693,-0.03125,-0.00020134903923807457,155.2700989667887,155.2641458874224,0.00595307936632139,0.9999999999999902,0.0004882812499999999,1.9999999999999691,-2.6168207644729593e-15,0.0004882812500000047,0,2833,-0.6477179560147178,-0.9967364196477054,0.022097086912079716,2.6940561848752322,2.6940561848752322,0.0,0.2727931097101266,-0.17304197349679717,0.0,-0.9994929239632229,-0.0027565043155174385,1.0,1.0,2.0,0.0,496.0,-125.0,0,0,1.0,2.0,-62.5,10000.0,-1.0,1.0,5712.5,4287.5,-65.0,-65.0
2834,2019-07-01,12:47:02,155.1875,155.21875,155.125,155.15625,287,44537.25,155.18205574912892,-0.03125,-0.00020138958883908487,155.24479919639123,155.26082601396325,-0.016026817572026175,0.9999999999999902,0.0004882812499999999,1.9999999999999691,-2.6168207644729593e-15,0.0004882812500000047,0,2834,-0.729263718363633,-0.9994929239632229,0.022097086912079716,-7.252909687052399,0.0,-7.252909687052399,-0.5640295669363894,-0.4674205891246751,-1.0,-0.994267832165612,0.005225091797610881,0.0,1.0,1.0,0.0,496.0,-156.25,0,0,0.0,1.0,-31.25,9968.75,-1.0,1.0,5715.0,4253.75,-33.75,-33.75
2835,2019-07-01,13:00:08,155.15625,155.1875,155.09375,155.15625,286,44371.28125,155.14434003496504,0.0,0.0,155.2251215971932,155.25760829045672,-0.032486693263507505,0.9999999999999982,0.006640624999999999,4.416089965397927,2.092235373988048,0.006640625000000011,0,2835,-0.7786560327499099,-0.994267832165612,0.08149003006503318,-3.986585013845433,0.0,-3.986585013845433,-0.18716915176962567,-0.4674205891246751,-1.0,-0.9866564534421861,0.007611378723425877,-1.0,1.0,0.0,0.0,496.0,-156.25,0,0,-1.0,0.0,0.0,9968.75,0.0,1.0,5717.5,4251.25,-2.5,-2.5
2836,2019-07-01,13:08:35,155.15625,155.15625,155.09375,155.125,286,44363.75,155.118006993007,-0.03125,-0.00020143015477547266,155.2028723533725,155.25352803536575,-0.050655681993248436,0.9999999999999979,0.007031249999999999,-1.5393518518518536,0.8126450751561738,0.007031250000000015,0,2836,-0.8127997514697162,-0.9866564534421861,0.0838525491562422,-6.041042580454157,0.0,-6.041042580454157,-0.4242073549359047,-0.4674205891246751,-1.0,-0.9569145134964665,0.02974193994571961,-1.0,1.0,-1.0,1.0,497.0,-31.25,0,0,-1.0,-1.0,31.25,10000.0,0.0,0.0,5717.5,4282.5,31.25,31.25
2837,2019-07-01,13:15:36,155.125,155.28125,155.125,155.28125,286,44398.0,155.23776223776224,0.15625,0.0010067452778228514,155.22028960817863,155.25438101889299,-0.03409141071435329,0.999999999999997,0.005859375000000001,-1.750000000000001,-0.17010345435994328,0.005859375000000019,-1,2837,-0.8819631877490137,-0.9569145134964665,0.07654655446197443,-4.453683245963562,0.0,-4.453683245963562,-0.2410617837922922,-0.4674205891246751,-1.0,-0.909566678580457,0.04734783491600947,-1.0,1.0,-1.0,0.0,497.0,125.0,0,0,-1.0,-1.0,-156.25,9843.75,0.0,0.0,5717.5,4126.25,-156.25,31.25
2838,2019-07-01,13:21:45,155.28125,155.375,155.25,155.375,286,44423.28125,155.32615821678323,0.09375,0.0006035610282815185,155.25466969525007,155.25809237215782,-0.003422676907746336,0.9999999999999952,0.0046875,1.74479166666665,-0.8463074239229113,0.0046875000000000215,-1,2838,-0.9370046511208183,-0.909566678580457,0.06846531968814593,-0.4999139598465846,0.0,-0.4999139598465846,0.21511428065775595,-0.4674205891246751,-0.0,-0.8411507671493561,0.06841591143110093,1.0,1.0,-1.0,0.0,497.0,218.75,0,0,1.0,-1.0,-93.75,9750.0,1.0,2.0,5722.5,4027.5,-98.75,-98.75
2839,2019-07-01,13:26:32,155.375,155.46875,155.375,155.46875,286,44443.21875,155.39586975524475,0.09375,0.0006031969620909905,155.30224309630563,155.26457414532223,0.03766895098340228,0.9999999999999952,0.0046875,1.74479166666665,-0.8463074239229113,0.0046875000000000215,-1,2839,-0.9771872470259921,-0.8411507671493561,0.06846531968814593,5.501902445644211,5.501902445644211,0.0,0.2727931097101266,0.13377044555427986,0.0,-0.743212396811428,0.09793837033792807,0.0,-1.0,1.0,1.0,498.0,93.75,0,0,0.0,1.0,93.75,9843.75,0.0,1.0,5725.0,4118.75,91.25,91.25
2840,2019-07-01,13:29:45,155.46875,155.53125,155.4375,155.53125,286,44471.71875,155.4955201048951,0.0625,0.0004019292658616891,155.35313351934883,155.2727795562354,0.08035396311342424,0.999999999999993,0.002734374999999999,0.5357142857142977,-1.0885117692152522,0.002734375000000018,-1,2840,-0.9986242442833393,-0.743212396811428,0.052291251658379896,15.366616893850384,15.366616893850384,0.0,0.2727931097101266,1.2116844842927659,1.0,-0.3337788024193567,0.40943359439207133,-0.0,-1.0,0.0,0.0,498.0,156.25,0,0,-0.0,0.0,0.0,9843.75,1.0,0.0,5725.0,4118.75,0.0,91.25
2841,2019-07-01,13:31:54,155.5625,155.5625,155.46875,155.5,285,44318.625,155.50394736842105,-0.03125,-0.00020094443953944108,155.3857705150491,155.2797709545051,0.1059995605440065,0.9999999999999967,0.00419921875,-1.963223363980531,-0.23551393640880577,0.004199218750000013,0,2841,-0.9025724702702032,-0.3337788024193567,0.06480137922914923,16.357608712180824,16.357608712180824,0.0,0.2727931097101266,1.3199698278637202,2.0,0.8599953555093587,1.1937741579287153,-1.0,-1.0,-0.0,0.0,498.0,125.0,0,0,-1.0,-0.0,0.0,9843.75,1.0,1.0,5727.5,4116.25,-2.5,0.0
2842,2019-07-01,13:36:06,155.5,155.53125,155.46875,155.53125,286,44473.0625,155.50021853146853,0.03125,0.00020094443953944108,155.41809928948265,155.28750877128957,0.1305905181930882,0.9999999999999959,0.00244140625,-1.2000000000000004,0.0,0.00244140625000001,-1,2842,0.24727064188479536,0.8599953555093587,0.04941058844013103,26.42966261195611,20.0,0.0,0.2727931097101266,1.7179727020810263,2.0,0.9150219101874092,0.05502655467805051,-2.0,-1.0,-1.0,1.0,499.0,31.25,0,0,-2.0,-1.0,-31.25,9812.5,0.0,1.0,5730.0,4082.5,-33.75,-2.5
2843,2019-07-01,13:40:49,155.5,155.53125,155.46875,155.46875,286,44468.125,155.48295454545453,-0.0625,-0.0004019292658616891,155.42935500293098,155.29308542448067,0.1362695784503103,0.9999999999999937,0.00126953125,-0.17751479289940755,-0.4047960089109363,0.001269531250000008,0,2843,0.93226800383016,0.9150219101874092,0.035630482034348175,38.24522450157843,20.0,0.0,0.2727931097101266,1.7179727020810263,2.0,0.6829800723429411,-0.23204183784446808,-2.0,-1.0,-2.0,0.0,499.0,-31.25,0,0,-2.0,-2.0,125.0,9937.5,0.0,0.0,5730.0,4207.5,125.0,125.0
2844,2019-07-01,13:43:12,155.46875,155.46875,155.4375,155.46875,285,44308.5,155.46842105263158,0.0,0.0,155.43810944672413,155.2984904883428,0.13961895838133387,0.9999999999999963,0.00322265625,1.0743801652892582,0.2669003066972995,0.003222656250000012,0,2844,0.9994368012485252,0.6829800723429411,0.05676844413932807,24.59446625640539,20.0,0.0,0.2727931097101266,1.7179727020810263,2.0,0.47039674903161144,-0.21258332331132967,2.0,1.0,-2.0,0.0,499.0,-31.25,0,0,2.0,-2.0,-0.0,9937.5,0.0,4.0,5740.0,4197.5,-10.0,125.0
2845,2019-07-01,13:45:07,155.46875,155.59375,155.46875,155.46875,286,44482.5625,155.5334353146853,0.0,0.0,155.44491845856322,155.30372924254766,0.14118921601556167,0.9999999999999967,0.003125,2.3632812499999987,0.8210562104882035,0.003125000000000011,0,2845,0.95661067431681,0.47039674903161144,0.05590169943749484,25.256694776055788,20.0,0.0,0.2727931097101266,1.7179727020810263,2.0,0.18523600127703796,-0.28516074775457345,2.0,1.0,2.0,1.0,500.0,0.0,0,0,2.0,2.0,0.0,9937.5,0.0,0.0,5740.0,4197.5,0.0,0.0
2846,2019-07-01,13:47:38,155.46875,155.59375,155.46875,155.5625,286,44482.5,155.53321678321677,0.09375,0.0006028333348444548,155.4710476899936,155.31169141970005,0.15935627029355715,0.9999999999999917,0.0016601562499999997,2.664359861591702,1.714392328011769,0.0016601562500000136,-1,2846,0.8258512692565708,0.18523600127703796,0.04074501503251672,39.11061762190595,20.0,0.0,0.2727931097101266,1.7179727020810263,2.0,-0.1224915911992644,-0.3077275924763023,2.0,1.0,2.0,0.0,500.0,93.75,0,0,2.0,2.0,187.5,10125.0,0.0,0.0,5740.0,4385.0,187.5,187.5
2847,2019-07-01,13:51:14,155.5625,155.5625,155.53125,155.5625,285,44335.28125,155.5623903508772,0.0,0.0,155.4913704255506,155.31940860678623,0.17196181876437322,0.9999999999999992,0.011035156249999999,2.9736079567703064,-1.46371703196307,0.011035156250000008,0,2847,0.6151673150087434,-0.1224915911992644,0.10504835196232261,16.369777873911843,16.369777873911843,0.0,0.2727931097101266,1.3212995480840484,2.0,-0.45146314669712045,-0.32897155549785606,2.0,1.0,2.0,0.0,500.0,93.75,0,0,2.0,2.0,0.0,10125.0,0.0,0.0,5740.0,4385.0,0.0,187.5
2848,2019-07-01,13:57:37,155.5625,155.625,155.5625,155.59375,286,44498.5,155.58916083916083,0.03125,0.00020086371464511643,155.51412144209493,155.3278498804236,0.18627156167133307,0.9999999999999999,0.013378906250000001,-1.813096062656508,-0.37863466998537754,0.013378906250000003,-1,2848,0.31171149210049676,-0.45146314669712045,0.11566722202076093,16.10409227584799,16.10409227584799,0.0,0.2727931097101266,1.2922681719051123,2.0,-0.7380716247090504,-0.28660847801192996,2.0,1.0,2.0,0.0,500.0,125.0,0,0,2.0,2.0,62.5,10187.5,0.0,0.0,5740.0,4447.5,62.5,62.5
2849,2019-07-01,14:00:11,155.59375,155.59375,155.3125,155.40625,285,44311.03125,155.47730263157894,-0.1875,-0.0012057879274438577,155.4901500105183,155.33026219179519,0.15988781872312074,0.9999999999999999,0.0115234375,-2.0382074116633184,-0.6068929550675307,0.011523437500000002,0,2849,-0.04479468747211867,-0.7380716247090504,0.10734727523323544,14.894445935002027,14.894445935002027,0.0,0.2727931097101266,1.1600905220042979,1.0,-0.8939057169695188,-0.1558340922604684,2.0,1.0,2.0,0.0,500.0,-62.5,0,0,2.0,2.0,-375.0,9812.5,-1.0,0.0,5740.0,4072.5,-375.0,62.5
2850,2019-07-01,14:00:15,155.40625,155.40625,155.21875,155.28125,286,44421.46875,155.3198208041958,-0.125,-0.0008046671124182225,155.4437277859587,155.32875412435536,0.11497366160335787,0.9999999999999996,0.01533203125,-2.338025883402976,-0.6076343561059745,0.015332031250000006,0,2850,-0.3151226249664654,-0.8939057169695188,0.12382257972599346,9.285355050571768,9.285355050571768,0.0,0.2727931097101266,0.5471870425744507,1.0,-0.9988359456970257,-0.1049302287275069,1.0,1.0,2.0,0.0,500.0,-187.5,0,0,1.0,2.0,-250.0,9562.5,0.0,1.0,5742.5,3820.0,-252.5,-252.5
2851,2019-07-01,14:00:51,155.28125,155.375,155.25,155.34375,286,44419.6875,155.31359265734267,0.0625,0.00040241449235267623,155.42151050019012,155.32921553591365,0.09229496427647632,0.9999999999999999,0.014453125000000002,-2.2817750182615057,0.068497076187471,0.014453125000000004,-1,2851,-0.672175360778049,-0.9988359456970257,0.12022115038544592,7.677098745151389,7.677098745151389,0.0,0.2727931097101266,0.3714534155542025,1.0,-0.9760468590927102,0.022789086604315556,1.0,1.0,1.0,0.0,500.0,-125.0,0,0,1.0,1.0,62.5,9625.0,0.0,0.0,5742.5,3882.5,62.5,62.5
2852,2019-07-01,14:01:18,155.34375,155.4375,155.34375,155.4375,286,44441.6875,155.39051573426573,0.09375,0.0006033182686770999,155.4250637223701,155.33254736557788,0.09251635679223114,0.9999999999999988,0.00830078125,-1.5986159169550167,-0.6052891240323843,0.00830078125000001,-1,2852,-0.8440077889395722,-0.9760468590927102,0.09110862335695788,10.154511547140588,10.154511547140588,0.0,0.2727931097101266,0.6421594814049183,1.0,-0.8850595283456191,0.09098733074709109,1.0,1.0,1.0,0.0,500.0,-31.25,0,0,1.0,1.0,93.75,9718.75,0.0,0.0,5742.5,3976.25,93.75,93.75
2853,2019-07-01,14:02:45,155.4375,155.4375,155.375,155.375,286,44450.96875,155.42296765734267,-0.0625,-0.0004021717327482577,155.4139384507323,155.3338536004832,0.08008485024910783,0.999999999999996,0.00361328125,-0.021913805697585314,-0.5901286563843663,0.003613281250000015,0,2853,-0.9549741403304337,-0.8850595283456191,0.06011057519272307,13.3229219637883,13.3229219637883,0.0,0.2727931097101266,0.9883706248213268,1.0,-0.7239124397993405,0.16114708854627857,-1.0,1.0,1.0,0.0,500.0,-93.75,0,0,-1.0,1.0,-62.5,9656.25,0.0,2.0,5747.5,3908.75,-67.5,93.75
2854,2019-07-01,14:06:51,155.375,155.4375,155.34375,155.40625,286,44448.0625,155.41280594405595,0.03125,0.00020110608413670406,155.41222990612513,155.3360811820068,0.07614872411832607,0.999999999999996,0.00361328125,-0.021913805697585314,-0.5901286563843663,0.003613281250000015,-1,2854,-0.9997106081761608,-0.7239124397993405,0.06011057519272307,12.668107712192473,12.668107712192473,0.0,0.2727931097101266,0.9168192912001567,1.0,-0.46867407913960557,0.25523836065973493,-1.0,-1.0,-1.0,1.0,501.0,31.25,0,0,-1.0,-1.0,-31.25,9625.0,0.0,0.0,5747.5,3877.5,-31.25,-31.25
2855,2019-07-01,14:13:30,155.40625,155.4375,155.375,155.40625,285,44292.0625,155.41074561403508,0.0,0.0,155.41090103809734,155.33824022256047,0.07266081553686377,0.9999999999999942,0.00224609375,1.4555765595463157,-1.118079933149378,0.002246093750000013,0,2855,-0.9560403575560449,-0.46867407913960557,0.047392971525322326,15.331559342726734,15.331559342726734,0.0,0.2727931097101266,1.2078537574411796,1.0,-0.07596988062751893,0.39270419851208666,-1.0,-1.0,-1.0,0.0,501.0,31.25,0,0,-1.0,-1.0,-0.0,9625.0,0.0,0.0,5747.5,3877.5,-0.0,-0.0
2856,2019-07-01,14:17:34,155.40625,155.5,155.375,155.46875,286,44458.6875,155.4499562937063,0.0625,0.00040209087795428644,155.4237563629646,155.34225590802018,0.08150045494443248,0.999999999999968,0.0004882812499999999,1.9999999999999691,2.6168207644729593e-15,0.0004882812500000156,-1,2856,-0.7587821401753757,-0.07596988062751893,0.022097086912079962,36.882895591037425,20.0,0.0,0.2727931097101266,1.7179727020810263,2.0,0.08240540911127382,0.15837528973879275,-1.0,-1.0,-1.0,0.0,501.0,93.75,0,0,-1.0,-1.0,-62.5,9562.5,1.0,0.0,5747.5,3815.0,-62.5,-0.0
2857,2019-07-01,14:23:49,155.46875,155.5,155.4375,155.5,286,44461.8125,155.46088286713288,0.03125,0.000200984826322248,155.44069939341693,155.3471095723888,0.09358982102813229,0.999999999999968,0.0004882812499999999,1.9999999999999691,2.6168207644729593e-15,0.0004882812500000156,-1,2857,-0.6464324100077026,0.08240540911127382,0.022097086912079962,42.353918143377044,20.0,0.0,0.2727931097101266,1.7179727020810263,2.0,0.6255191358741681,0.5431137267628943,-2.0,-1.0,-1.0,0.0,501.0,125.0,0,0,-2.0,-1.0,-31.25,9531.25,0.0,1.0,5750.0,3781.25,-33.75,-33.75
2858,2019-07-01,14:26:18,155.5,155.5625,155.5,155.53125,285,44326.03125,155.5299342105263,0.03125,0.00020094443953944108,155.4608217504354,155.35277543169994,0.108046318735461,0.9999999999999963,0.0037109375,4.1689750692520775,-1.9439589828981871,0.003710937500000013,-1,2858,-0.10938212818197307,0.6255191358741681,0.06091746465505613,17.736509447212065,17.736509447212065,0.0,0.2727931097101266,1.4706418486425141,2.0,0.9519894370316134,0.32647030115744535,-2.0,-1.0,-2.0,0.0,501.0,156.25,0,0,-2.0,-2.0,-62.5,9468.75,0.0,0.0,5750.0,3718.75,-62.5,-33.75
2859,2019-07-01,14:31:06,155.53125,155.59375,155.53125,155.5625,286,44489.9375,155.55922202797203,0.03125,0.0002009040689827657,155.48341691700531,155.35922849533998,0.1241884216653375,0.9999999999999961,0.003125,4.999999999999997,-2.2360679774997894,0.003125000000000012,-1,2859,0.45669096987934854,0.9519894370316134,0.05590169943749485,22.21550022896814,20.0,0.0,0.2727931097101266,1.7179727020810263,2.0,0.9962818482518678,0.0442924112202544,-2.0,-1.0,-2.0,0.0,501.0,187.5,0,0,-2.0,-2.0,-62.5,9406.25,0.0,0.0,5750.0,3656.25,-62.5,-62.5
2860,2019-07-01,14:40:11,155.5625,155.59375,155.46875,155.46875,285,44326.125,155.53026315789472,-0.09375,-0.0006028333348444548,155.48015760211524,155.36259838779108,0.11755921432416017,0.9999999999999961,0.003125,4.999999999999997,-2.2360679774997894,0.003125000000000012,0,2860,0.7653975935994561,0.9962818482518678,0.05590169943749485,21.02963156882309,20.0,0.0,0.2727931097101266,1.7179727020810263,2.0,0.8586659000329192,-0.13761594821894862,2.0,-1.0,-2.0,0.0,501.0,93.75,0,0,2.0,-2.0,187.5,9593.75,0.0,4.0,5760.0,3833.75,177.5,177.5
2861,2019-07-01,14:46:25,155.46875,155.5,155.40625,155.5,286,44460.53125,155.45640297202797,0.03125,0.000200984826322248,155.4845670238674,155.36682612970523,0.11774089416218203,0.9999999999999963,0.0037109375,4.1689750692520775,-1.9439589828981871,0.003710937500000013,-1,2861,0.9695859693106531,0.8586659000329192,0.06091746465505613,19.327937370487657,19.327937370487657,0.0,0.2727931097101266,1.6445366439907092,2.0,0.6358171548904283,-0.22284874514249087,-2.0,-1.0,2.0,1.0,502.0,31.25,0,0,-2.0,2.0,62.5,9656.25,0.0,4.0,5770.0,3886.25,52.5,177.5
2862,2019-07-01,14:54:04,155.53125,155.5625,155.46875,155.53125,286,44476.78125,155.51322115384616,0.03125,0.00020094443953944108,155.49494101856357,155.37188532571432,0.123055692849249,0.9999999999999968,0.00361328125,2.6077428780131497,-1.517473687845512,0.003613281250000012,-1,2862,0.9953637182356027,0.6358171548904283,0.06011057519272305,20.471554706424776,20.0,0.0,0.2727931097101266,1.7179727020810263,2.0,0.199114689507576,-0.43670246538285235,2.0,1.0,-2.0,1.0,503.0,31.25,0,0,2.0,-2.0,-62.5,9593.75,0.0,4.0,5780.0,3813.75,-72.5,52.5
2863,2019-07-01,14:58:49,155.53125,155.625,155.53125,155.59375,285,44338.40625,155.5733552631579,0.0625,0.0004017677836278821,155.51689856999388,155.37871193107696,0.1381866389169204,0.9999999999999891,0.00126953125,-0.1775147928994123,-0.4047960089109363,0.0012695312500000141,-1,2863,0.833743159224753,0.199114689507576,0.03563048203434826,38.783263943414134,20.0,0.0,0.2727931097101266,1.7179727020810263,2.0,-0.1102869984037079,-0.30940168791128386,2.0,1.0,2.0,1.0,504.0,62.5,0,0,2.0,2.0,125.0,9718.75,0.0,0.0,5780.0,3938.75,125.0,125.0
2864,2019-07-01,15:03:24,155.59375,155.625,155.53125,155.59375,286,44497.75,155.58653846153845,0.0,0.0,155.53397666555082,155.38532848704384,0.14864817850698842,0.9999999999999906,0.0016601562499999997,-1.4878892733564004,-0.5413870509510853,0.0016601562500000151,0,2864,0.6248085916948426,-0.1102869984037079,0.04074501503251674,36.48254354265401,20.0,0.0,0.2727931097101266,1.7179727020810263,2.0,-0.4160679668127642,-0.30578096840905633,2.0,1.0,2.0,0.0,504.0,62.5,0,0,2.0,2.0,0.0,9718.75,0.0,0.0,5780.0,3938.75,0.0,125.0
2865,2019-07-01,15:09:37,155.59375,155.625,155.5625,155.5625,285,44339.5625,155.57741228070176,-0.03125,-0.00020086371464511643,155.5403151843173,155.39077991821173,0.14953526610557333,0.9999999999999972,0.00439453125,-0.9629629629629631,-0.5237828008789241,0.004394531250000011,0,2865,0.34879141618344794,-0.4160679668127642,0.06629126073623892,22.55731214715427,20.0,0.0,0.2727931097101266,1.7179727020810263,2.0,-0.8220482212447714,-0.4059802544320072,2.0,1.0,2.0,0.0,504.0,31.25,0,0,2.0,2.0,-62.5,9656.25,0.0,0.0,5780.0,3876.25,-62.5,0.0
2866,2019-07-01,15:14:20,155.5625,155.65625,155.5625,155.625,286,44499.8125,155.59375,0.0625,0.0004016870911609516,155.55913403224682,155.39798668995908,0.16114734228773386,0.999999999999997,0.00322265625,1.0743801652892582,-0.2669003066972995,0.0032226562500000094,-1,2866,-0.17863662749929404,-0.8220482212447714,0.05676844413932805,28.386781552833536,20.0,0.0,0.2727931097101266,1.7179727020810263,2.0,-0.9005509548847106,-0.0785027336399392,2.0,1.0,2.0,0.0,504.0,93.75,0,0,2.0,2.0,125.0,9781.25,0.0,0.0,5780.0,4001.25,125.0,125.0
2867,2019-07-01,15:21:03,155.625,155.65625,155.5,155.53125,285,44341.375,155.58377192982456,-0.09375,-0.0006025911601437173,155.55293758063644,155.4020870994988,0.15085048113763833,0.9999999999999974,0.0032226562500000003,1.0743801652892546,0.2669003066972995,0.0032226562500000085,0,2867,-0.32937067626325384,-0.9005509548847106,0.05676844413932804,26.572946189506737,20.0,0.0,0.2727931097101266,1.7179727020810263,2.0,-0.9428308378329667,-0.04227988294825613,2.0,1.0,2.0,0.0,504.0,0.0,0,0,2.0,2.0,-187.5,9593.75,0.0,0.0,5780.0,3813.75,-187.5,125.0
2868,2019-07-01,15:30:03,155.53125,155.59375,155.5,155.53125,286,44486.65625,155.54774912587413,0.0,0.0,155.5481181182728,155.40606134259116,0.14205677568165243,0.9999999999999984,0.00439453125,-0.9629629629629642,0.5237828008789239,0.004394531250000007,0,2868,-0.43102341558566826,-0.9428308378329667,0.06629126073623888,21.429186004905088,20.0,0.0,0.2727931097101266,1.7179727020810263,2.0,-0.9825327419588948,-0.03970190412592811,2.0,1.0,2.0,0.0,504.0,0.0,0,0,2.0,2.0,0.0,9593.75,0.0,0.0,5780.0,3813.75,0.0,0.0
2869,2019-07-01,15:38:18,155.53125,155.5625,155.46875,155.5,285,44323.65625,155.52160087719298,-0.03125,-0.00020094443953944108,155.5374252031011,155.40895176281916,0.12847344028193675,0.9999999999999991,0.0019531249999999996,-1.7499999999999964,0.8838834764831843,0.0019531250000000017,0,2869,-0.5631702101891277,-0.9825327419588948,0.04419417382415924,29.070221064231166,20.0,0.0,0.2727931097101266,1.7179727020810263,2.0,-0.9987808897718905,-0.01624814781299566,2.0,1.0,2.0,0.0,504.0,-31.25,0,0,2.0,2.0,-62.5,9531.25,0.0,0.0,5780.0,3751.25,-62.5,0.0
2870,2019-07-01,15:51:57,155.5,155.5,155.40625,155.40625,286,44453.9375,155.4333479020979,-0.09375,-0.0006030757042765345,155.50827515796752,155.4088686316555,0.09940652631200919,0.9999999999999979,0.0016601562499999993,-1.487889273356398,0.5413870509510844,0.0016601562500000028,0,2870,-0.7411498559377437,-0.9987808897718905,0.04074501503251659,24.397224110158685,20.0,0.0,0.2727931097101266,1.7179727020810263,2.0,-0.9487047537053901,0.05007613606650041,2.0,1.0,2.0,0.0,504.0,-125.0,0,0,2.0,2.0,-187.5,9343.75,0.0,0.0,5780.0,3563.75,-187.5,-62.5
2871,2019-07-01,16:01:32,155.40625,155.40625,155.3125,155.3125,286,44432.78125,155.359375,-0.09375,-0.0006034396240641726,155.46476956730808,155.4059034429892,0.058866124318882385,0.9999999999999984,0.0006835937499999995,-0.6122448979589924,0.5122408325718887,0.0006835937500000006,0,2871,-0.8943968429739374,-0.9487047537053901,0.026145625829189872,22.514712290100253,20.0,0.0,0.2727931097101266,1.7179727020810263,2.0,-0.7590818399234828,0.18962291378190732,2.0,1.0,2.0,0.0,504.0,-218.75,0,0,2.0,2.0,-187.5,9156.25,0.0,0.0,5780.0,3376.25,-187.5,-187.5
2872,2019-07-01,16:06:14,155.3125,155.34375,155.25,155.25,286,44418.125,155.30812937062936,-0.0625,-0.00040249547735982105,155.4170429967952,155.40110641397416,0.015936582821041156,0.9999999999999988,0.0014648437500000002,2.0000000000000013,1.3608276348795443,0.0014648437500000017,0,2872,-0.9970750422886141,-0.7590818399234828,0.03827327723098718,4.163892923216522,4.163892923216522,0.0,0.2727931097101266,-0.012433406139860992,0.0,-0.4830566363520077,0.2760252035714751,-2.0,1.0,2.0,0.0,504.0,-281.25,0,0,-2.0,2.0,-125.0,9031.25,-2.0,4.0,5790.0,3241.25,-135.0,-135.0
2873,2019-07-01,16:10:42,155.25,155.25,155.1875,155.1875,286,44398.5,155.23951048951048,-0.0625,-0.0004026575452025227,155.36603344195186,155.39453390892882,-0.028500466976964844,0.9999999999999988,0.0014648437500000002,2.0000000000000013,1.3608276348795443,0.0014648437500000017,0,2873,-0.9607076190728748,-0.4830566363520077,0.03827327723098718,-7.446570829291311,0.0,-7.446570829291311,-0.5863737077575678,-0.4674205891246751,-1.0,-0.21481866610023367,0.268237970251774,-0.0,-1.0,-2.0,1.0,505.0,-62.5,0,0,-0.0,-2.0,125.0,9156.25,-1.0,2.0,5795.0,3361.25,120.0,120.0
2874,2019-07-01,16:13:21,155.21875,155.21875,155.1875,155.1875,286,44386.1875,155.1964597902098,0.0,0.0,155.32635934374034,155.38816363480797,-0.06180429106763086,0.9999999999999988,0.0014648437500000002,2.0000000000000013,1.3608276348795443,0.0014648437500000017,0,2874,-0.8424983673998054,-0.21481866610023367,0.03827327723098718,-16.14815754988242,0.0,-16.14815754988242,-1.590341136663487,-0.4674205891246751,-2.0,-0.07721933382598645,0.13759933227424723,1.0,-1.0,-0.0,0.0,505.0,-62.5,0,0,1.0,-0.0,-0.0,9156.25,-1.0,1.0,5797.5,3358.75,-2.5,120.0
2875,2019-07-01,16:20:04,155.1875,155.1875,155.03125,155.09375,287,44517.0,155.1114982578397,-0.09375,-0.0006042904806715654,155.27466837846472,155.37910475373698,-0.10443637527225746,0.9999999999999982,0.00224609375,-3.081285444234387,0.31535587858059516,0.0022460937500000037,0,2875,-0.7595977665168858,-0.07721933382598645,0.04739297152532223,-22.036258101363565,0.0,-20.0,-2.034757136339064,-0.4674205891246751,-3.0,0.1037949081272864,0.18101424195327284,2.0,-1.0,1.0,1.0,506.0,-93.75,0,0,2.0,1.0,-93.75,9062.5,-1.0,1.0,5800.0,3262.5,-96.25,-2.5
2876,2019-07-01,16:26:01,155.0625,155.09375,155.0,155.0,286,44347.9375,155.06271853146853,-0.09375,-0.000604655868467141,155.21363096102814,155.36743999208355,-0.15380903105540256,0.9999999999999982,0.0022460937500000003,-3.081285444234408,-0.3153558785805946,0.0022460937500000046,0,2876,-0.6298934172270757,0.1037949081272864,0.047392971525322236,-32.453974947154734,0.0,-20.0,-2.034757136339064,-0.4674205891246751,-3.0,0.18541071320616184,0.08161580507887545,3.0,-1.0,2.0,0.0,506.0,-187.5,0,0,3.0,2.0,-187.5,8875.0,0.0,1.0,5802.5,3072.5,-190.0,-96.25
2877,2019-07-01,16:29:18,155.0,155.0625,155.0,155.0,287,44491.84375,155.02384581881532,0.0,0.0,155.16615741413304,155.3561341461733,-0.18997673204026455,0.9999999999999977,0.0017578124999999994,-2.407407407407393,-0.1656346649999839,0.0017578125000000035,0,2877,-0.5637411655903416,0.18541071320616184,0.0419262745781211,-45.31209461176463,0.0,-20.0,-2.034757136339064,-0.4674205891246751,-3.0,0.25436612655456076,0.06895541334839891,3.0,-1.0,3.0,0.0,506.0,-187.5,0,0,3.0,3.0,0.0,8875.0,0.0,0.0,5802.5,3072.5,0.0,0.0
2878,2019-07-01,16:32:29,155.0,155.03125,154.96875,154.96875,286,44329.125,154.99694055944056,-0.03125,-0.0002016332298397927,155.12228909988127,155.34421463398337,-0.22192553410209825,0.9999999999999952,0.001171875,2.916666666666662,-1.2932338163316435,0.0011718750000000056,0,2878,-0.5039846082922276,0.25436612655456076,0.03423265984407296,-64.82859792752049,0.0,-20.0,-2.034757136339064,-0.4674205891246751,-3.0,0.3715865667962522,0.11722044024169143,3.0,-1.0,3.0,0.0,506.0,-218.75,0,0,3.0,3.0,-93.75,8781.25,0.0,0.0,5802.5,2978.75,-93.75,0.0
2879,2019-07-01,16:34:56,154.96875,155.0,154.90625,154.9375,287,44473.8125,154.96101916376307,-0.03125,-0.00020167389399805558,155.0812248554632,155.33170033755314,-0.2504754820899393,0.9999999999999858,0.0004882812499999999,1.9999999999999691,-2.6168207644729593e-15,0.0004882812500000068,0,2879,-0.39372535998376657,0.3715865667962522,0.022097086912079764,-113.35226362032927,0.0,-20.0,-2.034757136339064,-0.4674205891246751,-3.0,0.4256573606443891,0.0540707938481369,3.0,-1.0,3.0,0.0,506.0,-250.0,0,0,3.0,3.0,-93.75,8687.5,0.0,0.0,5802.5,2885.0,-93.75,-93.75
2880,2019-07-01,16:40:39,154.9375,154.9375,154.875,154.90625,286,44304.5,154.91083916083917,-0.03125,-0.00020171457456186204,155.04234155424916,155.31860955793613,-0.27626800368696536,0.9999999999999721,0.00019531250000000017,5.000000000000166,-2.2360679774997756,0.0001953125000000056,0,2880,-0.3388647025273441,0.4256573606443891,0.013975424859373886,-197.6812916007066,0.0,-20.0,-2.034757136339064,-0.4674205891246751,-3.0,0.4691524386540225,0.043495078009633426,3.0,-1.0,3.0,0.0,506.0,-281.25,0,0,3.0,3.0,-93.75,8593.75,0.0,0.0,5802.5,2791.25,-93.75,-93.75
2881,2019-07-01,16:44:59,154.90625,154.90625,154.8125,154.84375,287,44446.84375,154.86705139372822,-0.0625,-0.00040355125648527945,154.99821009774936,155.30399849461503,-0.3057883968656654,0.9999999999999858,0.0004882812499999999,1.9999999999999691,-2.6168207644729593e-15,0.0004882812500000068,0,2881,-0.29271729006779706,0.4691524386540225,0.022097086912079764,-138.38403138039916,0.0,-20.0,-2.034757136339064,-0.4674205891246751,-3.0,0.5054204379692575,0.036267999315235,3.0,-1.0,3.0,0.0,506.0,-343.75,0,0,3.0,3.0,-187.5,8406.25,0.0,0.0,5802.5,2603.75,-187.5,-93.75
2882,2019-07-01,16:48:46,154.84375,154.84375,154.8125,154.8125,287,44439.78125,154.84244337979095,-0.03125,-0.0002018367147833544,154.95694118713843,155.2888754640115,-0.33193427687308485,0.9999999999999966,0.0012695312500000003,-0.17751479289942415,-0.4047960089109369,0.0012695312500000044,0,2882,-0.25275728083811183,0.5054204379692575,0.03563048203434813,-93.16019821261386,0.0,-20.0,-2.034757136339064,-0.4674205891246751,-3.0,0.5366529663816525,0.03123252841239499,3.0,-1.0,3.0,0.0,506.0,-375.0,0,0,3.0,3.0,-93.75,8312.5,0.0,0.0,5802.5,2510.0,-93.75,-93.75
2883,2019-07-01,16:53:09,154.8125,154.8125,154.78125,154.8125,287,44429.4375,154.8064024390244,0.0,0.0,154.9248431455521,155.27421775742658,-0.34937461187448093,0.9999999999999971,0.00244140625,-1.1999999999999993,0.0,0.002441406250000007,0,2883,-0.217187909685541,0.5366529663816525,0.049410588440131,-70.70844993028273,0.0,-20.0,-2.034757136339064,-0.4674205891246751,-3.0,0.5175311009570667,-0.019121865424585827,-3.0,-1.0,3.0,0.0,506.0,-375.0,0,0,-3.0,3.0,0.0,8312.5,0.0,6.0,5817.5,2495.0,-15.0,-15.0
2884,2019-07-01,16:57:46,154.8125,154.8125,154.71875,154.71875,287,44420.96875,154.77689459930315,-0.09375,-0.000605754687882154,154.87904466876276,155.25712644181348,-0.37808177305072377,0.9999999999999959,0.002734375,0.5357142857142883,-1.0885117692152515,0.0027343750000000107,0,2884,-0.239096346266524,0.5175311009570667,0.05229125165837983,-72.3030642908956,0.0,-20.0,-2.034757136339064,-0.4674205891246751,-3.0,0.4964325362028309,-0.02109856475423577,-3.0,-1.0,-3.0,1.0,507.0,-93.75,0,0,-3.0,-3.0,281.25,8593.75,0.0,0.0,5817.5,2776.25,281.25,281.25
2885,2019-07-01,16:59:50,154.75,154.78125,154.6875,154.75,287,44405.90625,154.72441202090593,0.03125,0.00020195900300912228,154.85036807570438,155.24152255129616,-0.39115447559177596,0.9999999999999959,0.002734375,0.5357142857142883,-1.0885117692152515,0.0027343750000000107,-1,2885,-0.26279112274823935,0.4964325362028309,0.05229125165837983,-74.80304318343704,0.0,-20.0,-2.034757136339064,-0.4674205891246751,-3.0,0.47572104445499763,-0.020711491747833266,-3.0,-1.0,-3.0,0.0,507.0,-62.5,0,0,-3.0,-3.0,-93.75,8500.0,0.0,0.0,5817.5,2682.5,-93.75,281.25
2886,2019-07-01,17:02:42,154.75,154.78125,154.71875,154.78125,287,44414.46875,154.75424651567945,0.03125,0.0002019182238059969,154.83500850332564,155.2273603189486,-0.39235181562295907,0.9999999999999971,0.005078125,-0.17751479289940994,-0.4047960089109366,0.005078125000000015,-1,2886,-0.28558286638689684,0.47572104445499763,0.07126096406869623,-55.058449005086196,0.0,-20.0,-2.034757136339064,-0.4674205891246751,-3.0,0.4113923594525922,-0.0643286850024054,-3.0,-1.0,-3.0,0.0,507.0,-31.25,0,0,-3.0,-3.0,-93.75,8406.25,0.0,0.0,5817.5,2588.75,-93.75,-93.75
2887,2019-07-01,17:09:39,154.78125,154.8125,154.71875,154.75,287,44421.875,154.78005226480838,-0.03125,-0.0002019182238059969,154.81611772480886,155.2126723091348,-0.3965545843259406,0.9999999999999909,0.0021484374999999997,0.8677685950413286,0.5516180692881066,0.0021484375000000193,0,2887,-0.3536000540426871,0.4113923594525922,0.0463512405443481,-85.55425478774914,0.0,-20.0,-2.034757136339064,-0.4674205891246751,-3.0,0.40249562721498955,-0.008896732237602678,-3.0,-1.0,-3.0,0.0,507.0,-62.5,0,0,-3.0,-3.0,93.75,8500.0,0.0,0.0,5817.5,2682.5,93.75,93.75
2888,2019-07-01,17:15:27,154.75,154.84375,154.75,154.84375,287,44434.59375,154.82436846689896,0.09375,0.0006056323996563862,154.8222582304069,155.20132085346916,-0.3790626230622536,0.9999999999999941,0.002734375,0.5357142857142883,1.0885117692152515,0.0027343750000000163,-1,2888,-0.3626936515565798,0.40249562721498955,0.052291251658379875,-72.49063869013496,0.0,-20.0,-2.034757136339064,-0.4674205891246751,-3.0,0.39996048962946634,-0.002535137585523206,-3.0,-1.0,-3.0,0.0,507.0,31.25,0,0,-3.0,-3.0,-281.25,8218.75,0.0,0.0,5817.5,2401.25,-281.25,93.75
2889,2019-07-01,17:27:48,154.84375,154.875,154.8125,154.84375,287,44440.6875,154.84560104529618,0.0,0.0,154.82703417920538,155.19031867336244,-0.36328449415705677,0.9999999999999986,0.00615234375,1.5041572184429317,0.19604278777442427,0.006152343750000009,0,2889,-0.3652714878652757,0.39996048962946634,0.07843687748756964,-46.315522212702646,0.0,-20.0,-2.034757136339064,-0.4674205891246751,-3.0,0.3991552753489901,-0.0008052142804762519,-3.0,-1.0,-3.0,0.0,507.0,31.25,0,0,-3.0,-3.0,-0.0,8218.75,0.0,0.0,5817.5,2401.25,-0.0,-0.0
2890,2019-07-01,17:33:17,154.8125,154.84375,154.78125,154.8125,287,44431.5,154.81358885017423,-0.03125,-0.0002018367147833544,154.8238043616042,155.17869348341284,-0.35488912180863963,0.999999999999998,0.00732421875,-0.13333333333333405,-0.6085806194501847,0.007324218750000014,0,2890,-0.36608902802126925,0.3991552753489901,0.08558164961018229,-41.46789918459527,0.0,-20.0,-2.034757136339064,-0.4674205891246751,-3.0,0.43704001152248895,0.037884736173498856,3.0,-1.0,-3.0,0.0,507.0,0.0,0,0,3.0,-3.0,93.75,8312.5,0.0,6.0,5832.5,2480.0,78.75,78.75
2891,2019-07-01,17:37:23,154.8125,154.8125,154.6875,154.6875,287,44414.78125,154.75533536585365,-0.125,-0.0008077544865692232,154.79351450346996,155.1635798377694,-0.3700653342994258,0.999999999999998,0.0060546875,0.3173777315296557,-0.9198156830980229,0.006054687500000012,0,2891,-0.3269676276630603,0.43704001152248895,0.07781187248742966,-47.55898071457014,0.0,-20.0,-2.034757136339064,-0.4674205891246751,-3.0,0.4707510735965772,0.03371106207408825,3.0,-1.0,3.0,1.0,508.0,-125.0,0,0,3.0,3.0,-375.0,7937.5,0.0,0.0,5832.5,2105.0,-375.0,78.75
2892,2019-07-01,17:49:09,154.71875,154.75,154.6875,154.75,287,44407.09375,154.72854965156793,0.0625,0.00040395880169619147,154.78384461381,155.15085430429957,-0.3670096904895672,0.9999999999999979,0.008105468749999999,-0.06241834809115806,-1.0831350893714544,0.008105468750000016,-1,2892,-0.2909850478967729,0.4707510735965772,0.09003037681804968,-40.7650954556471,0.0,-20.0,-2.034757136339064,-0.4674205891246751,-3.0,0.5041446038929291,0.03339353029635195,3.0,-1.0,3.0,0.0,508.0,-62.5,0,0,3.0,3.0,187.5,8125.0,0.0,0.0,5832.5,2292.5,187.5,187.5
2893,2019-07-01,18:01:09,154.75,154.8125,154.75,154.8125,287,44421.28125,154.77798344947735,0.0625,0.00040379568487303175,154.79021247740778,155.14044340262885,-0.35023092522106936,0.9999999999999973,0.0078125,4.578124999999997,-2.0992232566475635,0.00781250000000002,-1,2893,-0.25418696377315536,0.5041446038929291,0.08838834764831856,-39.62410595280903,0.0,-20.0,-2.034757136339064,-0.4674205891246751,-3.0,0.5406208930502775,0.03647628915734835,3.0,-1.0,3.0,0.0,508.0,0.0,0,0,3.0,3.0,187.5,8312.5,0.0,0.0,5832.5,2480.0,187.5,187.5
2894,2019-07-01,18:10:49,154.8125,154.90625,154.8125,154.90625,286,44292.53125,154.8689903846154,0.09375,0.0006053879712686339,154.8159985935394,155.13323745177874,-0.3172388582393353,0.9999999999999778,0.001171875,2.916666666666707,-1.293233816331645,0.0011718750000000262,-1,2894,-0.21258843224556057,0.5406208930502775,0.03423265984407326,-92.67140201326168,0.0,-20.0,-2.034757136339064,-0.4674205891246751,-3.0,0.5807171146162522,0.0400962215659747,3.0,-1.0,3.0,0.0,508.0,93.75,0,0,3.0,3.0,281.25,8593.75,0.0,0.0,5832.5,2761.25,281.25,281.25
2895,2019-07-01,18:25:58,154.90625,155.0,154.90625,154.96875,287,44470.96875,154.9511106271777,0.0625,0.0004033884685599176,154.84994335053065,155.12817629941634,-0.2782329488856874,0.9999999999999869,0.0017578125000000003,-2.4074074074074034,-0.16563466499998453,0.0017578125000000235,-1,2895,-0.1650304524824774,0.5807171146162522,0.041926274578121335,-66.36243064411917,0.0,-20.0,-2.034757136339064,-0.4674205891246751,-3.0,0.6575265016888293,0.07680938707257712,3.0,-1.0,3.0,0.0,508.0,156.25,0,0,3.0,3.0,187.5,8781.25,0.0,0.0,5832.5,2948.75,187.5,281.25
2896,2019-07-01,18:35:56,154.96875,154.96875,154.90625,154.96875,287,44470.0,154.94773519163763,0.0,0.0,154.87634482819053,155.12327087481893,-0.24692604662840267,0.9999999999999866,0.0016601562499999997,-1.4878892733564086,0.5413870509510866,0.001660156250000022,0,2896,-0.06781501570953981,0.6575265016888293,0.040745015032516825,-60.6027624315126,0.0,-20.0,-2.034757136339064,-0.4674205891246751,-3.0,0.7610252487069185,0.10349874701808914,3.0,-1.0,3.0,0.0,508.0,156.25,0,0,3.0,3.0,0.0,8781.25,0.0,0.0,5832.5,2948.75,0.0,187.5
2897,2019-07-01,18:55:56,154.9375,154.96875,154.90625,154.96875,286,44314.75,154.94667832167832,0.0,0.0,154.89687931081488,155.11851638636298,-0.2216370755481023,0.9999999999999768,0.00078125,0.3124999999999976,1.257788237343632,0.0007812500000000183,0,2897,0.07941020474714783,0.7610252487069185,0.027950849718747697,-79.29529076156919,0.0,-20.0,-2.034757136339064,-0.4674205891246751,-3.0,0.8499145525355596,0.08888930382864113,3.0,-1.0,3.0,0.0,508.0,156.25,0,0,3.0,3.0,0.0,8781.25,0.0,0.0,5832.5,2948.75,0.0,0.0
2898,2019-07-01,18:59:28,154.96875,155.03125,154.9375,155.0,287,44480.03125,154.98268728222996,0.03125,0.0002016332298397927,154.9197950195227,155.11486972832105,-0.19507470879835864,0.999999999999942,0.00029296875,-3.3333333333333304,0.6085806194501845,0.00029296875000001696,-1,2898,0.22839125794595183,0.8499145525355596,0.017116329922036936,-113.96993963478339,0.0,-20.0,-2.034757136339064,-0.4674205891246751,-3.0,0.9368563887507806,0.086941836215221,3.0,-1.0,3.0,0.0,508.0,187.5,0,0,3.0,3.0,93.75,8875.0,0.0,0.0,5832.5,3042.5,93.75,93.75
2899,2019-07-01,18:59:53,155.0,155.03125,154.96875,155.0,287,44485.6875,155.00239547038328,0.0,0.0,154.93761834851767,155.11133527514195,-0.17371692662428018,0.9999999999999376,0.00029296875,-3.333333333333344,-0.6085806194501838,0.00029296875000001826,0,2899,0.41517213707613726,0.9368563887507806,0.017116329922036974,-101.49192462142406,0.0,-20.0,-2.034757136339064,-0.4674205891246751,-3.0,0.9882517725996448,0.05139538384886422,3.0,-1.0,3.0,0.0,508.0,187.5,0,0,3.0,3.0,0.0,8875.0,0.0,0.0,5832.5,3042.5,0.0,93.75
2900,2019-07-01,19:04:00,155.0,155.03125,154.96875,155.03125,286,44330.25,155.00087412587413,0.03125,0.0002015925820755271,154.95842538218042,155.1088711128299,-0.15044573064946576,0.9999999999999571,0.0004882812499999999,1.9999999999999691,2.6168207644729593e-15,0.0004882812500000208,-1,2900,0.590729103920169,0.9882517725996448,0.02209708691208008,-68.08396565939186,0.0,-20.0,-2.034757136339064,-0.4674205891246751,-3.0,0.997599495839116,0.009347723239471195,3.0,-1.0,3.0,0.0,508.0,218.75,0,0,3.0,3.0,93.75,8968.75,0.0,0.0,5832.5,3136.25,93.75,93.75
2901,2019-07-01,19:23:20,155.03125,155.0625,155.0,155.0625,287,44497.0,155.04181184668988,0.03125,0.00020155195069726517,154.98155307502924,155.10744430935821,-0.1258912343289751,0.9999999999999711,0.0006835937499999997,-0.6122448979591795,0.5122408325718838,0.0006835937500000195,-1,2901,0.7543748966045386,0.997599495839116,0.026145625829190233,-48.15001757901089,0.0,-20.0,-2.034757136339064,-0.4674205891246751,-3.0,0.9825775725346078,-0.015021923304508245,-3.0,-1.0,3.0,0.0,508.0,250.0,0,0,-3.0,3.0,93.75,9062.5,0.0,6.0,5847.5,3215.0,78.75,93.75
2902,2019-07-01,19:45:09,155.0625,155.125,155.03125,155.125,286,44353.75,155.08304195804195,0.0625,0.00040298207275135667,155.0134301694672,155.1079844844549,-0.09455431498770395,0.9999999999999921,0.00224609375,1.4555765595463157,-1.118079933149378,0.002246093750000017,-1,2902,0.8262051361815123,0.9825775725346078,0.047392971525322375,-19.951126073026032,0.0,-19.951126073026032,-2.0291181842283557,-0.4674205891246751,-2.0,0.9309808242830385,-0.051596748251569235,-3.0,-1.0,-3.0,1.0,509.0,62.5,0,0,-3.0,-3.0,-187.5,8875.0,1.0,0.0,5847.5,3027.5,-187.5,78.75
2903,2019-07-01,20:04:56,155.125,155.21875,155.09375,155.125,286,44374.96875,155.1572333916084,0.0,0.0,155.03822346514116,155.1085080387794,-0.07028457363824714,0.9999999999999959,0.0048828125,0.1999999999999993,0.0,0.004882812500000021,0,2903,0.9164449706941002,0.9309808242830385,0.06987712429686857,-10.05830940318144,0.0,-10.05830940318144,-0.8877096071973842,-0.4674205891246751,-1.0,0.8304595998060083,-0.10052122447703027,-2.0,-1.0,-3.0,0.0,509.0,62.5,0,0,-2.0,-3.0,-0.0,8875.0,1.0,1.0,5850.0,3025.0,-2.5,-2.5
2904,2019-07-01,20:27:52,155.125,155.15625,155.03125,155.0625,287,44513.28125,155.09854094076655,-0.0625,-0.00040298207275135667,155.04361825066536,155.10709240681697,-0.06347415615161367,0.9999999999999959,0.0056640625,-0.9453032104637344,-0.6013638196305304,0.005664062500000023,0,2904,0.9811378520748337,0.8304595998060083,0.075259966117452,-8.433986809475147,0.0,-8.433986809475147,-0.7002993071588736,-0.4674205891246751,-1.0,0.5717568403912259,-0.2587027594147824,1.0,-1.0,-2.0,0.0,509.0,0.0,0,0,1.0,-2.0,125.0,9000.0,0.0,3.0,5857.5,3142.5,117.5,117.5
2905,2019-07-01,20:51:19,155.0625,155.1875,155.03125,155.1875,286,44355.6875,155.08981643356643,0.125,0.0008058018163659142,155.07559197273974,155.10956648660724,-0.033974513867491396,0.9999999999999969,0.0099609375,-1.3437139561707003,-0.30083323787423943,0.009960937500000029,-1,2905,0.9844198990863005,0.5717568403912259,0.09980449639169585,-3.4041065378611757,0.0,-3.4041065378611757,-0.11996423424083413,-0.4674205891246751,-1.0,0.2878349476977406,-0.2839218926934853,-1.0,1.0,1.0,1.0,510.0,125.0,0,0,-1.0,1.0,125.0,9125.0,0.0,2.0,5862.5,3262.5,120.0,120.0
2906,2019-07-01,22:27:07,155.1875,155.28125,155.125,155.28125,286,44390.875,155.21284965034965,0.09375,0.0006039255342082939,155.12129375657537,155.1148490562501,0.00644470032526101,0.999999999999998,0.012890625000000001,-2.5929752066115697,-0.2022603886690476,0.012890625000000027,-1,2906,0.8807120879155198,0.2878349476977406,0.11353688827865606,0.5676305228168348,0.5676305228168348,0.0,0.2727931097101266,-0.4053957923023004,-0.0,0.11677251406851356,-0.17106243362922702,-1.0,1.0,-1.0,1.0,511.0,93.75,0,0,-1.0,-1.0,-93.75,9031.25,1.0,0.0,5862.5,3168.75,-93.75,120.0
2907,2019-07-01,22:34:12,155.28125,155.625,155.28125,155.46875,286,44470.78125,155.49224213286712,0.1875,0.001206757990372509,155.19850625511418,155.1257383160578,0.07276793905637646,0.999999999999998,0.012890625000000001,-2.5929752066115697,-0.2022603886690476,0.012890625000000027,-1,2907,0.78483987977851,0.11677251406851356,0.11353688827865606,6.4091891331194955,6.4091891331194955,0.0,0.2727931097101266,0.23290935755471637,1.0,-0.025507736137569487,-0.14228025020608304,-0.0,1.0,-1.0,0.0,511.0,281.25,0,0,-0.0,-1.0,-187.5,8843.75,1.0,1.0,5865.0,2978.75,-190.0,-93.75
2908,2019-07-01,23:32:49,155.46875,155.53125,155.375,155.40625,286,44462.21875,155.46230332167832,-0.0625,-0.00040209087795428644,155.2446715317555,155.1343694447945,0.1103020869610134,0.999999999999998,0.011425781250000001,-1.1417926802542222,0.5297330486982627,0.011425781250000024,0,2908,0.6888400129551817,-0.025507736137569487,0.1068914461030443,10.319075190982188,10.319075190982188,0.0,0.2727931097101266,0.6601412955663082,1.0,-0.15066653637773675,-0.12515880024016726,1.0,1.0,-0.0,0.0,511.0,218.75,0,0,1.0,-0.0,0.0,8843.75,0.0,1.0,5867.5,2976.25,-2.5,-2.5
2909,2019-07-02,00:20:19,155.40625,155.40625,155.28125,155.34375,285,44279.625,155.3671052631579,-0.0625,-0.0004022526200655463,155.26668896914316,155.1408119234162,0.12587704572695202,0.9999999999999984,0.011035156249999999,2.3157647427363166,1.5953462614561515,0.011035156250000018,0,2909,0.5924975747138612,-0.15066653637773675,0.10504835196232265,11.982772064058647,11.982772064058647,0.0,0.2727931097101266,0.8419328948173679,1.0,-0.2599513069719449,-0.10928477059420816,1.0,1.0,1.0,1.0,512.0,-62.5,0,0,1.0,1.0,-62.5,8781.25,0.0,0.0,5867.5,2913.75,-62.5,-2.5
2910,2019-07-02,01:13:18,155.34375,155.40625,155.3125,155.375,286,44434.875,155.3666958041958,0.03125,0.00020114653592884224,155.29075808711136,155.14801771038805,0.1427403767233102,0.9999999999999953,0.0022460937500000003,-3.081285444234405,0.3153558785805939,0.002246093750000011,-1,2910,0.4989843386801409,-0.2599513069719449,0.047392971525322306,30.118469496482888,20.0,0.0,0.2727931097101266,1.7179727020810263,2.0,-0.29702716696385206,-0.037075859991907156,1.0,1.0,1.0,0.0,512.0,-31.25,0,0,1.0,1.0,31.25,8812.5,1.0,0.0,5867.5,2945.0,31.25,31.25
2911,2019-07-02,01:58:39,155.375,155.375,155.3125,155.34375,286,44429.90625,155.34932255244755,-0.03125,-0.00020114653592884224,155.3025340677533,155.1540402423761,0.14849382537718725,0.9999999999999917,0.0016601562499999997,-1.4878892733564004,-0.5413870509510851,0.0016601562500000136,0,2911,0.4651644414245739,-0.29702716696385206,0.04074501503251672,36.44466083978155,20.0,0.0,0.2727931097101266,1.7179727020810263,2.0,-0.2687062017577909,0.028320965206061144,2.0,1.0,1.0,0.0,512.0,-62.5,0,0,2.0,1.0,-31.25,8781.25,0.0,1.0,5870.0,2911.25,-33.75,31.25
2912,2019-07-02,03:21:08,155.3125,155.375,155.3125,155.375,286,44435.21875,155.36789772727272,0.03125,0.00020114653592884224,155.3186376082526,155.16083900414918,0.1577986041034194,0.9999999999999954,0.002734375,0.5357142857142883,-1.0885117692152515,0.0027343750000000124,-1,2912,0.491096961195067,-0.2687062017577909,0.05229125165837984,30.17686498199009,20.0,0.0,0.2727931097101266,1.7179727020810263,2.0,-0.23996874491249334,0.028737456845297576,2.0,1.0,2.0,0.0,512.0,-31.25,0,0,2.0,2.0,62.5,8843.75,0.0,0.0,5870.0,2973.75,62.5,62.5
2913,2019-07-02,04:33:26,155.375,155.40625,155.28125,155.375,286,44428.0625,155.34287587412587,0.0,0.0,155.33116258419648,155.16742857325232,0.16373401094415385,0.9999999999999964,0.00244140625,-1.1999999999999993,0.0,0.0024414062500000087,0,2913,0.5167620287482496,-0.23996874491249334,0.04941058844013101,33.137433921181554,20.0,0.0,0.2727931097101266,1.7179727020810263,2.0,-0.21579541764196644,0.0241733272705269,2.0,1.0,2.0,0.0,512.0,-31.25,0,0,2.0,2.0,0.0,8843.75,0.0,0.0,5870.0,2973.75,0.0,62.5
2914,2019-07-02,06:01:03,155.375,155.40625,155.28125,155.28125,286,44429.71875,155.34866695804195,-0.09375,-0.0006035610282815185,155.3200708988195,155.1709307709984,0.14914012782108443,0.999999999999998,0.00732421875,-0.13333333333333405,0.6085806194501847,0.007324218750000015,0,2914,0.5378559516405516,-0.21579541764196644,0.08558164961018229,17.426647943853155,17.426647943853155,0.0,0.2727931097101266,1.4367833861103405,2.0,-0.3388048089084324,-0.12300939126646596,2.0,1.0,2.0,0.0,512.0,-125.0,0,0,2.0,2.0,-187.5,8656.25,0.0,0.0,5870.0,2786.25,-187.5,0.0
2915,2019-07-02,06:25:41,155.28125,155.28125,155.21875,155.21875,286,44399.875,155.2443181818182,-0.0625,-0.0004025764949702193,155.2975551435263,155.17240213189078,0.1251530116355184,0.9999999999999978,0.0080078125,-1.5437239738251023,0.30662793472810745,0.008007812500000017,0,2915,0.4257149641169862,-0.3388048089084324,0.0894863816454773,13.985704789287759,13.985704789287759,0.0,0.2727931097101266,1.0607926818399704,1.0,-0.4487271227914725,-0.10992231388304008,2.0,1.0,2.0,0.0,512.0,-187.5,0,0,2.0,2.0,-125.0,8531.25,-1.0,0.0,5870.0,2661.25,-125.0,-125.0
2916,2019-07-02,06:58:02,155.21875,155.34375,155.21875,155.34375,286,44405.5,155.26398601398603,0.125,0.0008049909873228955,155.30782066718712,155.17767437398646,0.13014629320065296,0.9999999999999979,0.008105468749999999,-1.8043257366816654,-0.03763789885846763,0.008105468750000018,-1,2916,0.3146212950599323,-0.4487271227914725,0.09003037681804968,14.45582011321324,14.45582011321324,0.0,0.2727931097101266,1.1121620255899578,1.0,-0.5412817187258552,-0.0925545959343827,1.0,1.0,2.0,0.0,512.0,-62.5,0,0,1.0,2.0,250.0,8781.25,0.0,1.0,5872.5,2908.75,247.5,247.5
2917,2019-07-02,07:05:57,155.34375,155.5,155.3125,155.40625,286,44449.875,155.41914335664336,0.0625,0.0004022526200655463,155.32969385225667,155.18470747017153,0.14498638208513626,0.9999999999999948,0.0046875,1.7447916666666619,-0.8463074239229124,0.004687500000000024,-1,2917,0.21182061515146913,-0.5412817187258552,0.06846531968814594,21.176616533091153,20.0,0.0,0.2727931097101266,1.7179727020810263,2.0,-0.6597692059281899,-0.11848748720233471,1.0,1.0,1.0,0.0,512.0,0.0,0,0,1.0,1.0,62.5,8843.75,1.0,0.0,5872.5,2971.25,62.5,247.5
2918,2019-07-02,07:19:10,155.40625,155.46875,155.3125,155.4375,286,44440.34375,155.38581730769232,0.03125,0.00020106564861155363,155.35365077397742,155.19248570185857,0.16116507211884823,0.9999999999999961,0.006542968749999999,2.3991980396524837,-1.2281952102833766,0.006542968750000024,-1,2918,0.06484104607340209,-0.6597692059281899,0.08088861940965505,19.924319798640447,19.924319798640447,0.0,0.2727931097101266,1.7097031518646129,2.0,-0.7441059918094627,-0.0843367858812728,2.0,1.0,1.0,0.0,512.0,31.25,0,0,2.0,1.0,31.25,8875.0,0.0,1.0,5875.0,3000.0,28.75,62.5
2919,2019-07-02,07:33:27,155.4375,155.53125,155.4375,155.5,285,44311.53125,155.47905701754385,0.0625,0.0004020100556649808,155.3861728242047,155.20194768026292,0.1842251439417737,0.9999999999999954,0.00419921875,1.9307733910221774,-1.4467284665112368,0.004199218750000019,-1,2919,-0.053771520171463,-0.7441059918094627,0.06480137922914928,28.429201065353965,20.0,0.0,0.2727931097101266,1.7179727020810263,2.0,-0.822374453320936,-0.07826846151147326,2.0,1.0,2.0,0.0,512.0,93.75,0,0,2.0,2.0,125.0,9000.0,0.0,0.0,5875.0,3125.0,125.0,125.0
2920,2019-07-02,07:55:44,155.5,155.5,155.40625,155.40625,286,44460.875,155.4576048951049,-0.09375,-0.0006030757042765345,155.3906344188259,155.20823390548563,0.1824005133402693,0.9999999999999961,0.005175781249999999,1.128515485938055,-1.032658539398995,0.00517578125000002,0,2920,-0.1792005381679352,-0.822374453320936,0.0719429027076335,25.353510419439292,20.0,0.0,0.2727931097101266,1.7179727020810263,2.0,-0.8675016067192286,-0.04512715339829265,2.0,1.0,2.0,0.0,512.0,0.0,0,0,2.0,2.0,-187.5,8812.5,0.0,0.0,5875.0,2937.5,-187.5,125.0
2921,2019-07-02,08:18:48,155.40625,155.46875,155.375,155.40625,286,44449.90625,155.41925262237763,0.0,0.0,155.39410454797573,155.21432670839377,0.17977783958195914,0.999999999999998,0.00751953125,-2.7036599763872498,-0.009360389222810921,0.007519531250000015,0,2921,-0.26167704555527976,-0.8675016067192286,0.08671523078444764,20.731979602158,20.0,0.0,0.2727931097101266,1.7179727020810263,2.0,-0.9243356658617412,-0.056834059142512605,2.0,1.0,2.0,0.0,512.0,0.0,0,0,2.0,2.0,0.0,8812.5,0.0,0.0,5875.0,2937.5,0.0,0.0
2922,2019-07-02,08:35:00,155.40625,155.5,155.40625,155.5,286,44455.09375,155.43739073426573,0.09375,0.0006030757042765345,155.41763687064778,155.22311665582785,0.19452021481993143,0.9999999999999978,0.006640624999999999,-1.8122837370242202,0.16354400497480706,0.006640625000000014,-1,2922,-0.3837859520386764,-0.9243356658617412,0.08149003006503319,23.870431102393063,20.0,0.0,0.2727931097101266,1.7179727020810263,2.0,-0.9457463610745016,-0.0214106952127604,2.0,1.0,2.0,0.0,512.0,93.75,0,0,2.0,2.0,187.5,9000.0,0.0,0.0,5875.0,3125.0,187.5,187.5
2923,2019-07-02,08:44:53,155.5,155.5,155.34375,155.40625,285,44293.75,155.41666666666666,-0.09375,-0.0006030757042765345,155.41510645494827,155.22875152795623,0.18635492699203837,0.9999999999999962,0.004589843749999999,1.4350384789497521,-0.42200895686427736,0.004589843750000017,0,2923,-0.4390005254592036,-0.9457463610745016,0.06774838558962137,27.506917747215923,20.0,0.0,0.2727931097101266,1.7179727020810263,2.0,-0.9708203914777557,-0.025074030403254066,2.0,1.0,2.0,0.0,512.0,0.0,0,0,2.0,2.0,-187.5,8812.5,0.0,0.0,5875.0,2937.5,-187.5,187.5
2924,2019-07-02,09:11:00,155.40625,155.5,155.375,155.4375,286,44450.8125,155.42242132867133,0.03125,0.00020106564861155363,155.42008279829312,155.2351745578653,0.1849082404278306,0.9999999999999994,0.01484375,0.0008656509695252149,-0.8049205163562811,0.014843750000000008,-1,2924,-0.5169039803960725,-0.9708203914777557,0.12183492931011208,15.176948144088884,15.176948144088884,0.0,0.2727931097101266,1.1909594436287583,1.0,-0.9864641645808521,-0.015643773103096392,2.0,1.0,2.0,0.0,512.0,31.25,0,0,2.0,2.0,62.5,8875.0,-1.0,0.0,5875.0,3000.0,62.5,62.5
2925,2019-07-02,09:49:06,155.40625,155.46875,155.375,155.4375,286,44449.5,155.41783216783216,0.0,0.0,155.42395328756132,155.24139995608485,0.1825533314764698,0.9999999999999994,0.011523437499999999,0.5472565354783127,-1.243390444528598,0.011523437500000004,0,2925,-0.5815862612838051,-0.9864641645808521,0.10734727523323545,17.00586541016833,17.00586541016833,0.0,0.2727931097101266,1.3908046198017727,2.0,-0.9966663832017945,-0.010202218620942394,1.0,1.0,2.0,0.0,512.0,31.25,0,0,1.0,2.0,0.0,8875.0,1.0,1.0,5877.5,2997.5,-2.5,62.5
2926,2019-07-02,09:49:38,155.4375,155.4375,155.21875,155.21875,286,44415.78125,155.29993444055944,-0.21875,-0.0014083092559999955,155.37835255699216,155.2407030343592,0.13764952263295527,0.9999999999999994,0.01298828125,4.2721465317428935,-2.028699102080332,0.01298828125000001,0,2926,-0.6470602151257124,-0.9966663832017945,0.11396614080506547,12.078106853543392,12.078106853543392,0.0,0.2727931097101266,0.8523500952852915,1.0,-0.999966360101688,-0.0032999768998935863,2.0,1.0,1.0,0.0,512.0,-187.5,0,0,2.0,1.0,-218.75,8656.25,-1.0,1.0,5880.0,2776.25,-221.25,-2.5
2927,2019-07-02,09:51:08,155.21875,155.28125,155.21875,155.25,286,44401.65625,155.25054632867133,0.03125,0.00020130850596444816,155.34982976654948,155.24098909484047,0.1088406717090038,0.9999999999999994,0.015332031250000001,3.503996105318675,-1.803613088759004,0.015332031250000011,-1,2927,-0.7128829366421356,-0.999966360101688,0.12382257972599348,8.790050405173025,8.790050405173025,0.0,0.2727931097101266,0.49306527011657914,1.0,-0.9990360214094188,0.000930338692269217,1.0,1.0,2.0,0.0,512.0,-156.25,0,0,1.0,2.0,62.5,8718.75,0.0,1.0,5882.5,2836.25,60.0,60.0
2928,2019-07-02,10:01:10,155.25,155.375,155.25,155.3125,286,44421.46875,155.3198208041958,0.0625,0.00040249547735982105,155.34153426287182,155.24318943038384,0.09834483248798165,0.9999999999999993,0.0154296875,2.3561929178016308,-1.5381245216522852,0.015429687500000011,-1,2928,-0.7374656666985999,-0.9990360214094188,0.12421629321469874,7.917224861798108,7.917224861798108,0.0,0.2727931097101266,0.3976919157723534,1.0,-0.9979649406829453,0.00107108072647355,1.0,1.0,1.0,0.0,512.0,-93.75,0,0,1.0,1.0,62.5,8781.25,0.0,0.0,5882.5,2898.75,62.5,62.5
2929,2019-07-02,10:34:47,155.3125,155.4375,155.3125,155.40625,286,44445.03125,155.40220716783216,0.09375,0.0006034396240641726,155.3559155377892,155.24820667867974,0.10770885910946504,0.9999999999999946,0.003125,-2.3242187499999987,0.052407843222650706,0.0031250000000000167,-1,2929,-0.6605791022695081,-0.9979649406829453,0.055901699437494894,19.267546459816852,19.267546459816852,0.0,0.2727931097101266,1.6379377494392204,2.0,-0.9653761216749682,0.032588819007977055,1.0,1.0,1.0,0.0,512.0,0.0,0,0,1.0,1.0,93.75,8875.0,1.0,0.0,5882.5,2992.5,93.75,93.75
2930,2019-07-02,10:55:38,155.40625,155.40625,155.34375,155.375,286,44437.15625,155.3746722027972,-0.03125,-0.00020110608413670406,155.36015652939162,155.25210801164343,0.10804851774818758,0.999999999999997,0.004589843749999999,-2.3675871435038487,0.5594072218898559,0.004589843750000013,0,2930,-0.8670812378615445,-0.9653761216749682,0.06774838558962135,15.948500736634523,15.948500736634523,0.0,0.2727931097101266,1.2752667366068384,2.0,-0.7558751063945661,0.2095010152804021,2.0,1.0,1.0,0.0,512.0,-31.25,0,0,2.0,1.0,-31.25,8843.75,0.0,1.0,5885.0,2958.75,-33.75,93.75
2931,2019-07-02,11:22:37,155.375,155.40625,155.34375,155.34375,286,44437.46875,155.37576486013987,-0.03125,-0.00020114653592884224,155.35651063397128,155.25492776513136,0.10158286883992673,0.9999999999999979,0.00419921875,3.8777717685235253,1.9177563393288484,0.0041992187500000085,0,2931,-0.9974384195643607,-0.7558751063945661,0.06480137922914919,15.676034993130571,15.676034993130571,0.0,0.2727931097101266,1.245494496209993,2.0,-0.3878765682940941,0.367998538100472,-2.0,1.0,2.0,0.0,512.0,-62.5,0,0,-2.0,2.0,-62.5,8781.25,0.0,4.0,5895.0,2886.25,-72.5,-33.75
2932,2019-07-02,11:38:56,155.34375,155.34375,155.25,155.28125,286,44413.3125,155.29130244755245,-0.0625,-0.00040241449235267623,155.33978604864433,155.2557376800504,0.08404836859392617,0.999999999999996,0.0014648437500000002,2.0000000000000013,1.3608276348795436,0.001464843750000006,0,2932,-0.9260184803434804,-0.3878765682940941,0.03827327723098724,21.960065788638026,20.0,0.0,0.2727931097101266,1.7179727020810263,2.0,-0.12733741240647048,0.26053915588762366,-2.0,-1.0,-2.0,1.0,513.0,-62.5,0,0,-2.0,-2.0,125.0,8906.25,0.0,0.0,5895.0,3011.25,125.0,125.0
2933,2019-07-02,12:02:23,155.28125,155.3125,155.21875,155.21875,286,44401.71875,155.25076486013987,-0.0625,-0.0004025764949702193,155.3128891489456,155.25459959758734,0.058289551358257086,0.9999999999999954,0.0016601562499999997,-1.4878892733564004,0.5413870509510853,0.0016601562500000073,0,2933,-0.7913916961827268,-0.12733741240647048,0.040745015032516645,14.305934434369208,14.305934434369208,0.0,0.2727931097101266,1.0957840677402797,1.0,0.12899234409616475,0.25632975650263523,-2.0,-1.0,-2.0,0.0,513.0,-125.0,0,0,-2.0,-2.0,125.0,9031.25,-1.0,0.0,5895.0,3136.25,125.0,125.0
2934,2019-07-02,12:17:21,155.21875,155.25,155.21875,155.25,286,44396.09375,155.23109702797203,0.03125,0.00020130850596444816,155.29891378251327,155.25445807150774,0.0444557110055257,0.9999999999999949,0.0017578124999999998,-2.4074074074074083,-0.1656346649999846,0.0017578125000000085,-1,2934,-0.6099879596339889,0.12899234409616475,0.04192627457812116,10.603305791620345,10.603305791620345,0.0,0.2727931097101266,0.6911990779558079,1.0,0.5937175484941445,0.4647252043979797,-1.0,-1.0,-2.0,0.0,513.0,-93.75,0,0,-1.0,-2.0,-62.5,8968.75,0.0,1.0,5897.5,3071.25,-65.0,125.0
2935,2019-07-02,12:21:02,155.25,155.28125,155.21875,155.25,286,44397.03125,155.234375,0.0,0.0,155.2880440530659,155.25432090007675,0.03372315298915396,0.9999999999999967,0.004687500000000001,1.7447916666666632,0.846307423922913,0.004687500000000016,0,2935,-0.14916839746552513,0.5937175484941445,0.06846531968814588,4.92558176062863,4.92558176062863,0.0,0.2727931097101266,0.07079607762347356,0.0,0.7507458421827997,0.15702829368865523,-1.0,-1.0,-1.0,0.0,513.0,-93.75,0,0,-1.0,-1.0,-0.0,8968.75,-1.0,0.0,5897.5,3071.25,-0.0,-0.0
2936,2019-07-02,12:26:00,155.25,155.25,155.21875,155.25,286,44397.625,155.23645104895104,0.0,0.0,155.27958981905127,155.25418794930516,0.02540186974610492,0.9999999999999929,0.00322265625,-2.231404958677679,0.5671631517317608,0.0032226562500000224,0,2936,0.06374898724754757,0.7507458421827997,0.05676844413932817,4.474646105107355,4.474646105107355,0.0,0.2727931097101266,0.021522489806391598,0.0,0.8739217845852705,0.12317594240247076,-0.0,-1.0,-1.0,0.0,513.0,-93.75,0,0,-0.0,-1.0,-0.0,8968.75,0.0,1.0,5900.0,3068.75,-2.5,-0.0
2937,2019-07-02,12:29:41,155.25,155.375,155.25,155.375,286,44416.34375,155.3019012237762,0.125,0.0008048290172872896,155.30079208148433,155.25790524317273,0.04288683831160256,0.9999999999999934,0.0041015624999999984,-3.163265306122453,-0.44147860442909737,0.004101562500000026,-1,2937,0.27425504947450235,0.8739217845852705,0.06404344228724769,6.6965229818919605,6.6965229818919605,0.0,0.2727931097101266,0.2643062308268993,1.0,0.9630796358299915,0.08915785124472098,-0.0,-1.0,-0.0,0.0,513.0,31.25,0,0,-0.0,-0.0,-0.0,8968.75,1.0,0.0,5900.0,3068.75,-0.0,-0.0
2938,2019-07-02,12:30:57,155.375,155.46875,155.375,155.46875,286,44457.15625,155.44460227272728,0.09375,0.0006031969620909905,155.3381160633767,155.26439277415204,0.07372328922465954,0.9999999999999892,0.002734374999999999,0.5357142857143096,-1.0885117692152522,0.0027343750000000284,-1,2938,0.49063520882053696,0.9630796358299915,0.05229125165837999,14.098589512887465,14.098589512887465,0.0,0.2727931097101266,1.073127557721691,1.0,0.9948402013167151,0.03176056548672368,-1.0,-1.0,-0.0,0.0,513.0,125.0,0,0,-1.0,-0.0,-0.0,8968.75,0.0,1.0,5902.5,3066.25,-2.5,-0.0
2939,2019-07-02,12:34:29,155.46875,155.59375,155.46875,155.59375,285,44322.21875,155.51655701754385,0.125,0.0008036970494895712,155.39492360484857,155.2745268426397,0.12039676220888396,0.9999999999999892,0.002734374999999999,0.5357142857143096,-1.0885117692152522,0.0027343750000000284,-1,2939,0.7751972720706033,0.9948402013167151,0.05229125165837999,23.02426474612597,20.0,0.0,0.2727931097101266,1.7179727020810263,2.0,0.8587788101897627,-0.13606139112695248,1.0,-1.0,-1.0,1.0,514.0,125.0,0,0,1.0,-1.0,-125.0,8843.75,1.0,2.0,5907.5,2936.25,-130.0,-2.5
2940,2019-07-02,12:36:44,155.59375,155.65625,155.59375,155.65625,286,44509.03125,155.6259833916084,0.0625,0.00040160643110098704,155.45299613710446,155.28627217055848,0.16672396654598742,0.9999999999999944,0.004199218749999999,-1.963223363980531,-0.23551393640880577,0.004199218750000022,-1,2940,0.9695320178766645,0.8587788101897627,0.0648013792291493,25.728459568186285,20.0,0.0,0.2727931097101266,1.7179727020810263,2.0,0.6136900626476349,-0.24508874754212773,-2.0,-1.0,1.0,1.0,515.0,62.5,0,0,-2.0,1.0,62.5,8906.25,0.0,3.0,5915.0,2991.25,55.0,55.0
2941,2019-07-02,12:39:12,155.65625,155.6875,155.625,155.65625,285,44361.28125,155.65361842105264,0.0,0.0,155.49816366219235,155.29765610377208,0.20050755842027002,0.9999999999999943,0.0037109375,-0.8171745152354669,0.0809982909540922,0.003710937500000021,0,2941,0.9922384613275168,0.6136900626476349,0.060917464655056194,32.91462629898333,20.0,0.0,0.2727931097101266,1.7179727020810263,2.0,0.34165143773795587,-0.27203862490967906,2.0,1.0,-2.0,1.0,516.0,0.0,0,0,2.0,-2.0,-0.0,8906.25,0.0,4.0,5925.0,2981.25,-10.0,55.0
2942,2019-07-02,12:42:29,155.65625,155.65625,155.59375,155.625,286,44509.40625,155.62729458041957,-0.03125,-0.0002007830545851519,155.5263495150385,155.30772822365606,0.21862129138244768,0.9999999999999907,0.0017578124999999998,-2.4074074074074083,0.1656346649999846,0.0017578125000000163,0,2942,0.906141907116007,0.34165143773795587,0.04192627457812125,52.14422067839357,20.0,0.0,0.2727931097101266,1.7179727020810263,2.0,0.08186879728763302,-0.25978264045032284,2.0,1.0,2.0,1.0,517.0,-31.25,0,0,2.0,2.0,-62.5,8843.75,0.0,0.0,5925.0,2918.75,-62.5,-10.0
2943,2019-07-02,12:50:09,155.625,155.71875,155.59375,155.6875,285,44364.09375,155.66348684210527,0.0625,0.0004015258034275604,155.56216073391886,155.31941350908204,0.242747224836819,0.9999999999999915,0.00146484375,2.0000000000000013,1.3608276348795436,0.0014648437500000126,-1,2943,0.7626230872492995,0.08186879728763302,0.03827327723098732,63.424729314865864,20.0,0.0,0.2727931097101266,1.7179727020810263,2.0,-0.15237965719672966,-0.23424845448436268,2.0,1.0,2.0,0.0,517.0,31.25,0,0,2.0,2.0,125.0,8968.75,0.0,0.0,5925.0,3043.75,125.0,125.0
2944,2019-07-02,12:53:05,155.6875,155.75,155.6875,155.6875,285,44379.375,155.7171052631579,0.0,0.0,155.59001390415912,155.33073924726415,0.25927465689497353,0.9999999999999915,0.00146484375,2.0000000000000013,1.3608276348795436,0.0014648437500000126,0,2944,0.5911005223109607,-0.15237965719672966,0.03827327723098732,67.74299868030536,20.0,0.0,0.2727931097101266,1.7179727020810263,2.0,-0.3325891107770286,-0.1802094535802989,2.0,1.0,2.0,0.0,517.0,31.25,0,0,2.0,2.0,0.0,8968.75,0.0,0.0,5925.0,3043.75,0.0,125.0
2945,2019-07-02,13:01:59,155.6875,155.71875,155.65625,155.65625,285,44369.875,155.68377192982456,-0.03125,-0.0002007427488424085,155.6047330365682,155.34075496273294,0.2639780738352613,0.9999999999999915,0.00146484375,2.0000000000000013,1.3608276348795436,0.0014648437500000126,0,2945,0.43167647312892377,-0.3325891107770286,0.03827327723098732,68.97190231244055,20.0,0.0,0.2727931097101266,1.7179727020810263,2.0,-0.48420300192976284,-0.15161389115273427,2.0,1.0,2.0,0.0,517.0,0.0,0,0,2.0,2.0,-62.5,8906.25,0.0,0.0,5925.0,2981.25,-62.5,0.0
2946,2019-07-02,13:10:46,155.65625,155.6875,155.625,155.65625,286,44514.4375,155.64488636363637,0.0,0.0,155.61618125066417,155.35046250234117,0.26571874832299613,0.999999999999996,0.0014648437500000002,2.0000000000000058,-1.3608276348795423,0.0014648437500000063,0,2946,0.2763038728581707,-0.48420300192976284,0.03827327723098724,69.42670383811867,20.0,0.0,0.2727931097101266,1.7179727020810263,2.0,-0.6280385179821799,-0.14383551605241707,2.0,1.0,2.0,0.0,517.0,0.0,0,0,2.0,2.0,0.0,8906.25,0.0,0.0,5925.0,2981.25,0.0,0.0
2947,2019-07-02,13:19:00,155.625,155.65625,155.5625,155.625,285,44352.03125,155.62116228070175,-0.03125,-0.0002007830545851519,155.61814097273881,155.35890980996146,0.25923116277735403,0.999999999999996,0.0014648437500000002,2.0000000000000058,-1.3608276348795423,0.0014648437500000063,0,2947,0.10616765365927693,-0.6280385179821799,0.03827327723098724,67.73163458484093,20.0,0.0,0.2727931097101266,1.7179727020810263,2.0,-0.8413577194078564,-0.2133192014256765,2.0,1.0,2.0,0.0,517.0,-31.25,0,0,2.0,2.0,-62.5,8843.75,0.0,0.0,5925.0,2918.75,-62.5,0.0
2948,2019-07-02,13:32:58,155.625,155.625,155.5,155.53125,286,44484.75,155.54108391608392,-0.09375,-0.0006025911601437173,155.59883186768576,155.36421258503958,0.23461928264617882,0.999999999999996,0.0014648437500000002,2.0000000000000058,-1.3608276348795423,0.0014648437500000063,0,2948,-0.212753619248792,-0.8413577194078564,0.03827327723098724,61.30106947210252,20.0,0.0,0.2727931097101266,1.7179727020810263,2.0,-0.9511107053181045,-0.10975298591024807,2.0,1.0,2.0,0.0,517.0,-125.0,0,0,2.0,2.0,-187.5,8656.25,0.0,0.0,5925.0,2731.25,-187.5,-62.5
2949,2019-07-02,13:35:34,155.53125,155.53125,155.5,155.53125,285,44326.28125,155.53081140350878,0.0,0.0,155.58381367486672,155.36935219780761,0.21446147705910334,0.999999999999996,0.0014648437500000002,2.0000000000000058,-1.3608276348795423,0.0014648437500000063,0,2949,-0.45414678127689373,-0.9511107053181045,0.03827327723098724,56.034260083029594,20.0,0.0,0.2727931097101266,1.7179727020810263,2.0,-0.9986003504530048,-0.04748964513490028,2.0,1.0,2.0,0.0,517.0,-125.0,0,0,2.0,2.0,0.0,8656.25,0.0,0.0,5925.0,2731.25,0.0,0.0
2950,2019-07-02,13:41:22,155.53125,155.53125,155.4375,155.5,286,44469.625,155.4881993006993,-0.03125,-0.00020094443953944108,155.56518841378525,155.37337213018276,0.19181628360249192,0.9999999999999961,0.0022460937500000003,1.455576559546311,-1.1180799331493774,0.002246093750000009,0,2950,-0.668718282226231,-0.9986003504530048,0.047392971525322285,40.47357180378605,20.0,0.0,0.2727931097101266,1.7179727020810263,2.0,-0.9798180539850514,0.018782296467953374,2.0,1.0,2.0,0.0,517.0,-156.25,0,0,2.0,2.0,-62.5,8593.75,0.0,0.0,5925.0,2668.75,-62.5,0.0
2951,2019-07-02,13:48:18,155.5,155.5625,155.5,155.5,286,44477.75,155.5166083916084,0.0,0.0,155.5507020996108,155.377268372331,0.1734337272797859,0.9999999999999961,0.0022460937500000003,1.455576559546311,-1.1180799331493774,0.002246093750000009,0,2951,-0.8341805711759311,-0.9798180539850514,0.047392971525322285,36.59482022289306,20.0,0.0,0.2727931097101266,1.7179727020810263,2.0,-0.8959961088730855,0.08382194511196595,2.0,1.0,2.0,0.0,517.0,-156.25,0,0,2.0,2.0,0.0,8593.75,0.0,0.0,5925.0,2668.75,0.0,0.0
2952,2019-07-02,13:58:07,155.5,155.5625,155.5,155.53125,285,44324.6875,155.52521929824562,0.03125,0.00020094443953944108,155.54637941080838,155.38200626856698,0.1643731422414021,0.9999999999999961,0.0022460937500000003,1.455576559546311,-1.1180799331493774,0.002246093750000009,-1,2952,-0.9475641067325686,-0.8959961088730855,0.047392971525322285,34.68302091030033,20.0,0.0,0.2727931097101266,1.7179727020810263,2.0,-0.8339124029390564,0.06208370593402901,-2.0,1.0,2.0,0.0,517.0,-125.0,0,0,-2.0,2.0,62.5,8656.25,0.0,4.0,5935.0,2721.25,52.5,52.5
2953,2019-07-02,14:05:07,155.53125,155.5625,155.4375,155.4375,286,44473.0,155.5,-0.09375,-0.0006029544952044219,155.5221839861843,155.38371376799572,0.13847021818858707,0.9999999999999961,0.0022460937500000003,1.455576559546311,-1.1180799331493774,0.002246093750000009,0,2953,-0.9799151017246198,-0.8339124029390564,0.047392971525322285,29.21745856653065,20.0,0.0,0.2727931097101266,1.7179727020810263,2.0,-0.6367036841691155,0.19720871876994095,-2.0,-1.0,-2.0,1.0,518.0,-93.75,0,0,-2.0,-2.0,187.5,8843.75,0.0,0.0,5935.0,2908.75,187.5,187.5
2954,2019-07-02,14:10:44,155.4375,155.46875,155.40625,155.4375,286,44455.3125,155.4381555944056,0.0,0.0,155.5033653225878,155.38536872898047,0.11799659360733017,0.999999999999997,0.00361328125,-0.021913805697588867,-0.5901286563843656,0.0036132812500000114,0,2954,-0.9954735878182367,-0.6367036841691155,0.060110575192723045,19.629922560051426,19.629922560051426,0.0,0.2727931097101266,1.6775344643565164,2.0,-0.34419039996893397,0.2925132842001815,-2.0,-1.0,-2.0,0.0,518.0,-93.75,0,0,-2.0,-2.0,-0.0,8843.75,0.0,0.0,5935.0,2908.75,-0.0,187.5
2955,2019-07-02,14:18:34,155.4375,155.4375,155.40625,155.40625,285,44298.1875,155.43223684210525,-0.03125,-0.00020106564861155363,155.4817841397905,155.38601122962726,0.09577291016324807,0.999999999999997,0.00361328125,-0.021913805697588867,-0.5901286563843656,0.0036132812500000114,0,2955,-0.9072818317799037,-0.34419039996893397,0.060110575192723045,15.932788840596935,15.932788840596935,0.0,0.2727931097101266,1.273549902997205,2.0,0.02677514980170576,0.3709655497706397,-2.0,-1.0,-2.0,0.0,518.0,-125.0,0,0,-2.0,-2.0,62.5,8906.25,0.0,0.0,5935.0,2971.25,62.5,62.5
2956,2019-07-02,14:25:36,155.4375,155.5,155.40625,155.46875,286,44459.4375,155.45257867132867,0.0625,0.00040209087795428644,155.4788876642815,155.38855703794644,0.09033062633506006,0.9999999999999944,0.0036132812500000006,-0.021913805697593602,0.5901286563843656,0.0036132812500000206,-1,2956,-0.687920380267427,0.02677514980170576,0.06011057519272312,15.027410076421182,15.027410076421182,0.0,0.2727931097101266,1.174619469135715,1.0,0.15042126751067816,0.12364611770897241,-2.0,-1.0,-2.0,0.0,518.0,-62.5,0,0,-2.0,-2.0,-125.0,8781.25,-1.0,0.0,5935.0,2846.25,-125.0,62.5
2957,2019-07-02,14:35:35,155.46875,155.5,155.4375,155.5,286,44466.65625,155.47781905594405,0.03125,0.000200984826322248,155.48357929444117,155.39198605216347,0.09159324227769616,0.9999999999999932,0.00361328125,-0.021913805697588867,-0.5901286563843657,0.0036132812500000245,-1,2957,-0.5926974160009401,0.15042126751067816,0.060110575192723156,15.237458963590857,15.237458963590857,0.0,0.2727931097101266,1.197571440578007,1.0,0.5452759442220578,0.39485467671137964,-1.0,-1.0,-2.0,0.0,518.0,-31.25,0,0,-1.0,-2.0,-62.5,8718.75,0.0,1.0,5937.5,2781.25,-65.0,-65.0
2958,2019-07-02,14:40:22,155.5,155.625,155.5,155.625,285,44336.78125,155.56765350877194,0.125,0.0008035355996831584,155.5150061178987,155.39915571209693,0.11585040580177974,0.9999999999999812,0.0016601562500000004,-1.487889273356399,-0.5413870509510836,0.0016601562500000314,-1,2958,-0.20716861571542086,0.5452759442220578,0.04074501503251694,28.43302566199184,20.0,0.0,0.2727931097101266,1.7179727020810263,2.0,0.8500778005090474,0.3048018562869895,-1.0,-1.0,-1.0,0.0,518.0,93.75,0,0,-1.0,-1.0,-125.0,8593.75,1.0,0.0,5937.5,2656.25,-125.0,-65.0
2959,2019-07-02,14:43:36,155.625,155.71875,155.625,155.71875,286,44519.84375,155.66378933566435,0.09375,0.0006022282627062836,155.56028253614346,155.40898938249398,0.15129315364947615,0.999999999999994,0.0045898437499999984,-0.7378904481665849,-0.912717046241344,0.004589843750000027,-1,2959,0.22869294895593847,0.8500778005090474,0.06774838558962144,22.33162492844009,20.0,0.0,0.2727931097101266,1.7179727020810263,2.0,0.993991088893545,0.14391328838449768,-2.0,-1.0,-1.0,0.0,518.0,187.5,0,0,-2.0,-1.0,-93.75,8500.0,0.0,1.0,5940.0,2560.0,-96.25,-96.25
2960,2019-07-02,14:45:43,155.71875,155.84375,155.71875,155.84375,285,44396.09375,155.77576754385964,0.125,0.0008024072647181413,155.62327530588936,155.42236663226342,0.20090867362594622,0.999999999999994,0.0045898437499999984,-0.7378904481665849,-0.912717046241344,0.004589843750000027,-1,2960,0.6254572089065119,0.993991088893545,0.06774838558962144,29.655123421379944,20.0,0.0,0.2727931097101266,1.7179727020810263,2.0,0.9545978963438063,-0.03939319254973872,2.0,-1.0,-2.0,0.0,518.0,312.5,0,0,2.0,-2.0,-250.0,8250.0,0.0,4.0,5950.0,2300.0,-260.0,-96.25
2961,2019-07-02,14:48:15,155.84375,155.90625,155.8125,155.8125,285,44418.5,155.85438596491227,-0.03125,-0.00020054146261916372,155.66532523791395,155.4343707358861,0.23095450202785628,0.9999999999999937,0.003710937499999999,-0.8171745152354504,-0.08099829095409124,0.003710937500000023,0,2961,0.8856479119530135,0.9545978963438063,0.06091746465505621,37.91269110354986,20.0,0.0,0.2727931097101266,1.7179727020810263,2.0,0.780245998188211,-0.17435189815559526,2.0,-1.0,2.0,1.0,519.0,-31.25,0,0,2.0,2.0,-62.5,8187.5,0.0,0.0,5950.0,2237.5,-62.5,-62.5
2962,2019-07-02,14:55:09,155.8125,155.90625,155.8125,155.84375,285,44421.65625,155.8654605263158,0.03125,0.00020054146261916372,155.7049751850442,155.44696702093577,0.25800816410841776,0.999999999999996,0.0041015625,0.9183673469387763,1.0223715049937014,0.004101562500000017,-1,2962,0.9939932713355226,0.780245998188211,0.06404344228724762,40.28642978795544,20.0,0.0,0.2727931097101266,1.7179727020810263,2.0,0.6271780461396181,-0.15306795204859291,-2.0,-1.0,2.0,0.0,519.0,0.0,0,0,-2.0,2.0,62.5,8250.0,0.0,4.0,5960.0,2290.0,52.5,52.5
2963,2019-07-02,15:01:53,155.84375,155.90625,155.84375,155.875,285,44420.90625,155.86282894736843,0.03125,0.00020050125380421946,155.74275847725661,155.46013726644546,0.28262121081115765,0.9999999999999944,0.0027343750000000003,-0.6122448979591854,0.5122408325718829,0.0027343750000000154,-1,2963,0.9942302940284158,0.6271780461396181,0.05229125165837987,54.047513082595444,20.0,0.0,0.2727931097101266,1.7179727020810263,2.0,0.38622715421019577,-0.24095089192942237,2.0,1.0,-2.0,1.0,520.0,31.25,0,0,2.0,-2.0,-62.5,8187.5,0.0,4.0,5970.0,2217.5,-72.5,52.5
2964,2019-07-02,15:06:26,155.875,155.90625,155.8125,155.84375,285,44422.03125,155.86677631578948,-0.03125,-0.00020050125380421946,155.76520103786626,155.47194073517025,0.29326030269601233,0.9999999999999919,0.0021484374999999997,0.8677685950413286,0.5516180692881066,0.0021484375000000167,0,2964,0.925341750919841,0.38622715421019577,0.046351240544348075,63.269137837945436,20.0,0.0,0.2727931097101266,1.7179727020810263,2.0,0.2472482875181993,-0.13897886669199647,2.0,1.0,2.0,1.0,521.0,-31.25,0,0,2.0,2.0,-62.5,8125.0,0.0,0.0,5970.0,2155.0,-62.5,-62.5
2965,2019-07-02,15:10:16,155.84375,155.9375,155.8125,155.9375,284,44278.28125,155.90944102112675,0.09375,0.0006013831994415852,155.80348969611822,155.48626563562658,0.31722406049163965,0.9999999999999934,0.0022460937500000003,1.455576559546311,1.1180799331493774,0.002246093750000015,-1,2965,0.8599835822446976,0.2472482875181993,0.04739297152532235,66.93483237744334,20.0,0.0,0.2727931097101266,1.7179727020810263,2.0,0.02167575866148183,-0.22557252885671747,2.0,1.0,2.0,0.0,521.0,62.5,0,0,2.0,2.0,187.5,8312.5,0.0,0.0,5970.0,2342.5,187.5,187.5
2966,2019-07-02,15:15:02,155.9375,155.96875,155.90625,155.9375,285,44442.0625,155.93706140350878,0.0,0.0,155.8332697636475,155.50014976991503,0.33311999373248113,0.9999999999999938,0.00224609375,3.724007561436674,1.7487916903105656,0.0022460937500000137,0,2966,0.722267724607791,0.02167575866148183,0.04739297152532233,70.28890213277579,20.0,0.0,0.2727931097101266,1.7179727020810263,2.0,-0.19121184020926849,-0.21288759887075032,2.0,1.0,2.0,0.0,521.0,62.5,0,0,2.0,2.0,0.0,8312.5,0.0,0.0,5970.0,2342.5,0.0,187.5
2967,2019-07-02,15:23:57,155.9375,155.96875,155.90625,155.9375,285,44441.21875,155.93410087719298,0.0,0.0,155.8564320383925,155.5136067000715,0.34282533832100626,0.9999999999999899,0.0016601562499999997,2.664359861591702,1.714392328011769,0.0016601562500000167,0,2967,0.5588526184251139,-0.19121184020926849,0.040745015032516756,84.13921017022888,20.0,0.0,0.2727931097101266,1.7179727020810263,2.0,-0.4806530669791959,-0.28944122676992745,2.0,1.0,2.0,0.0,521.0,62.5,0,0,2.0,2.0,0.0,8312.5,0.0,0.0,5970.0,2342.5,0.0,0.0
2968,2019-07-02,15:26:59,155.9375,155.96875,155.90625,155.9375,285,44442.1875,155.9375,0.0,0.0,155.87444714097197,155.52664957083854,0.34779757013342305,0.999999999999953,0.00029296875,-3.3333333333333304,0.6085806194501845,0.0002929687500000137,0,2968,0.28019656158359224,-0.4806530669791959,0.017116329922036842,203.19634624806014,20.0,0.0,0.2727931097101266,1.7179727020810263,2.0,-0.6268986957761818,-0.14624562879698594,2.0,1.0,2.0,0.0,521.0,62.5,0,0,2.0,2.0,0.0,8312.5,0.0,0.0,5970.0,2342.5,0.0,0.0
2969,2019-07-02,15:33:52,155.9375,155.96875,155.9375,155.96875,285,44447.15625,155.95493421052632,0.03125,0.00020038072404471308,155.8954033318671,155.5402526609666,0.3551506709005139,0.999999999999953,0.00029296875,-3.3333333333333304,0.6085806194501845,0.0002929687500000137,-1,2969,0.10762312579165206,-0.6268986957761818,0.017116329922036842,207.49230268298717,20.0,0.0,0.2727931097101266,1.7179727020810263,2.0,-0.7370395623154664,-0.11014086653928457,2.0,1.0,2.0,0.0,521.0,93.75,0,0,2.0,2.0,62.5,8375.0,0.0,0.0,5970.0,2405.0,62.5,62.5
2970,2019-07-02,15:37:56,155.96875,156.03125,155.96875,156.0,284,44300.4375,155.9874559859155,0.03125,0.00020034057965467866,155.91864703589664,155.55439873293687,0.3642483029597656,0.9999999999999821,0.00068359375,-0.612244897959183,-0.5122408325718831,0.0006835937500000122,-1,2970,-0.04326783637224534,-0.7370395623154664,0.026145625829190094,139.3151976316831,20.0,0.0,0.2727931097101266,1.7179727020810263,2.0,-0.8179613775765278,-0.08092181526106135,2.0,1.0,2.0,0.0,521.0,125.0,0,0,2.0,2.0,62.5,8437.5,0.0,0.0,5970.0,2467.5,62.5,62.5
2971,2019-07-02,15:42:21,156.03125,156.0625,155.96875,156.0,285,44465.375,156.01885964912282,0.0,0.0,155.93672547236406,155.5681095411542,0.3686159312098596,0.9999999999999973,0.002734375,0.5357142857142883,-1.0885117692152515,0.0027343750000000076,0,2971,-0.17160649900383193,-0.8179613775765278,0.05229125165837979,70.49284909415398,20.0,0.0,0.2727931097101266,1.7179727020810263,2.0,-0.8816402116402994,-0.06367883406377162,2.0,1.0,2.0,0.0,521.0,125.0,0,0,2.0,2.0,0.0,8437.5,0.0,0.0,5970.0,2467.5,0.0,62.5
2972,2019-07-02,15:46:43,156.0,156.03125,155.9375,155.96875,285,44458.3125,155.99407894736842,-0.03125,-0.00020034057965467866,155.94384203406094,155.58043693988793,0.3634050941730038,0.9999999999999973,0.002734375,0.5357142857142883,-1.0885117692152515,0.0027343750000000076,0,2972,-0.289714403609529,-0.8816402116402994,0.05229125165837979,69.4963464533493,20.0,0.0,0.2727931097101266,1.7179727020810263,2.0,-0.9072651280522819,-0.0256249164119825,2.0,1.0,2.0,0.0,521.0,93.75,0,0,2.0,2.0,-62.5,8375.0,0.0,0.0,5970.0,2405.0,-62.5,0.0
2973,2019-07-02,15:55:09,155.96875,156.0,155.875,155.875,285,44440.40625,155.93125,-0.09375,-0.0006012626696820789,155.92854380426962,155.58950041866063,0.3390433856089885,0.9999999999999979,0.0048828125,0.1999999999999993,0.0,0.00488281250000001,0,2973,-0.3441531069642689,-0.9072651280522819,0.0698771242968685,48.51993968277577,20.0,0.0,0.2727931097101266,1.7179727020810263,2.0,-0.9568373280636114,-0.04957220001132956,2.0,1.0,2.0,0.0,521.0,0.0,0,0,2.0,2.0,-187.5,8187.5,0.0,0.0,5970.0,2217.5,-187.5,-62.5
2974,2019-07-02,16:02:37,155.875,155.96875,155.875,155.90625,285,44435.21875,155.91304824561402,0.03125,0.0002004610611106017,155.92358962554306,155.59924655962493,0.32434306591812856,0.999999999999998,0.005078125,-0.17751479289940994,-0.4047960089109366,0.0050781250000000114,-1,2974,-0.4710839397912558,-0.9568373280636114,0.0712609640686962,45.51482991521964,20.0,0.0,0.2727931097101266,1.7179727020810263,2.0,-0.9692024077409729,-0.012365079677361446,2.0,1.0,2.0,0.0,521.0,31.25,0,0,2.0,2.0,62.5,8250.0,0.0,0.0,5970.0,2280.0,62.5,62.5
2975,2019-07-02,16:10:26,155.90625,156.0,155.90625,156.0,284,44294.65625,155.96709947183098,0.09375,0.0006011421882261558,155.94056970875573,155.6115774347134,0.3289922740423208,0.9999999999999969,0.005859375,1.999999999999999,-1.3608276348795434,0.005859375000000017,-1,2975,-0.5111935950898391,-0.9692024077409729,0.07654655446197443,42.97937070515072,20.0,0.0,0.2727931097101266,1.7179727020810263,2.0,-0.9762664125904803,-0.0070640048495074215,2.0,1.0,2.0,0.0,521.0,125.0,0,0,2.0,2.0,187.5,8437.5,0.0,0.0,5970.0,2467.5,187.5,187.5
2976,2019-07-02,16:22:34,156.0,156.03125,155.96875,156.03125,285,44461.875,156.0065789473684,0.03125,0.00020030045134600272,155.9607208845878,155.62449043672225,0.336230447865546,0.9999999999999875,0.0017578124999999994,-2.407407407407393,0.1656346649999839,0.0017578125000000215,-1,2976,-0.5371843190679407,-0.9762664125904803,0.041926274578121314,80.1956413368059,20.0,0.0,0.2727931097101266,1.7179727020810263,2.0,-0.989324877608718,-0.013058465018237708,2.0,1.0,2.0,0.0,521.0,156.25,0,0,2.0,2.0,62.5,8500.0,0.0,0.0,5970.0,2530.0,62.5,187.5
2977,2019-07-02,16:27:40,156.03125,156.15625,156.0,156.125,285,44484.625,156.08640350877192,0.09375,0.0006006607448583168,155.9972273546794,155.639890730977,0.35733662370242314,0.9999999999999911,0.0022460937500000003,-3.081285444234408,0.3153558785805946,0.00224609375000002,-1,2977,-0.5965139544959865,-0.989324877608718,0.0473929715253224,75.39865347153757,20.0,0.0,0.2727931097101266,1.7179727020810263,2.0,-0.9866745407417961,0.002650336866921954,2.0,1.0,2.0,0.0,521.0,250.0,0,0,2.0,2.0,187.5,8687.5,0.0,0.0,5970.0,2717.5,187.5,187.5
2978,2019-07-02,16:34:23,156.125,156.15625,156.09375,156.125,284,44339.375,156.12455985915494,0.0,0.0,156.0256212758618,155.65481717002388,0.37080410583791945,0.9999999999999973,0.004589843749999999,1.4350384789497521,-0.42200895686427736,0.0045898437500000114,0,2978,-0.5826335074943425,-0.9866745407417961,0.06774838558962133,54.732537552116156,20.0,0.0,0.2727931097101266,1.7179727020810263,2.0,-0.9694504481052774,0.017224092636518695,2.0,1.0,2.0,0.0,521.0,250.0,0,0,2.0,2.0,0.0,8687.5,0.0,0.0,5970.0,2717.5,0.0,187.5
2979,2019-07-02,16:41:45,156.125,156.15625,156.0625,156.125,285,44492.46875,156.11392543859648,0.0,0.0,156.0477054367814,155.66928433402316,0.3784211027582387,0.9999999999999973,0.004589843749999999,1.4350384789497521,-0.42200895686427736,0.0045898437500000114,0,2979,-0.51206071721025,-0.9694504481052774,0.06774838558962133,55.856844331388864,20.0,0.0,0.2727931097101266,1.7179727020810263,2.0,-0.9486425878654823,0.020807860239795084,2.0,1.0,2.0,0.0,521.0,250.0,0,0,2.0,2.0,0.0,8687.5,0.0,0.0,5970.0,2717.5,0.0,0.0
2980,2019-07-02,16:50:55,156.125,156.125,156.03125,156.03125,284,44331.625,156.09727112676057,-0.09375,-0.0006006607448583168,156.0440486730522,155.68042173913017,0.3636269339220348,0.9999999999999967,0.00263671875,3.251028806584363,-1.7355817665801556,0.002636718750000009,0,2980,-0.4470984682306006,-0.9486425878654823,0.05134898976610941,70.81481750241373,20.0,0.0,0.2727931097101266,1.7179727020810263,2.0,-0.9298049105195105,0.01883767734597175,2.0,1.0,2.0,0.0,521.0,156.25,0,0,2.0,2.0,-187.5,8500.0,0.0,0.0,5970.0,2530.0,-187.5,0.0
2981,2019-07-02,16:55:35,156.03125,156.09375,156.03125,156.0625,285,44476.0625,156.0563596491228,0.03125,0.00020026033910891528,156.0481489679295,155.6921779933108,0.35597097461871385,0.9999999999999973,0.002734375,0.5357142857142883,-1.0885117692152515,0.0027343750000000076,-1,2981,-0.39721876052098415,-0.9298049105195105,0.05229125165837979,68.07467087310937,20.0,0.0,0.2727931097101266,1.7179727020810263,2.0,-0.9103062314078114,0.019498679111699113,2.0,1.0,2.0,0.0,521.0,187.5,0,0,2.0,2.0,62.5,8562.5,0.0,0.0,5970.0,2592.5,62.5,62.5
2982,2019-07-02,17:05:05,156.0625,156.09375,156.0625,156.09375,284,44325.65625,156.07625440140845,0.03125,0.00020022024293542273,156.05828253061188,155.7045340550551,0.35374847555678457,0.9999999999999973,0.002734375,0.5357142857142883,-1.0885117692152515,0.0027343750000000076,-1,2982,-0.35098713843270885,-0.9103062314078114,0.05229125165837979,67.64964775902348,20.0,0.0,0.2727931097101266,1.7179727020810263,2.0,-0.8910621178980465,0.01924411350976496,2.0,1.0,2.0,0.0,521.0,218.75,0,0,2.0,2.0,62.5,8625.0,0.0,0.0,5970.0,2655.0,62.5,62.5
2983,2019-07-02,17:16:16,156.09375,156.125,156.03125,156.0625,285,44481.53125,156.07554824561404,-0.03125,-0.00020022024293542273,156.05921974603146,155.71554839182264,0.3436713542088228,0.9999999999999893,0.0009765625,-3.0,0.0,0.0009765625000000104,0,2983,-0.3091334683162103,-0.8910621178980465,0.03125000000000017,109.9748333468227,20.0,0.0,0.2727931097101266,1.7179727020810263,2.0,-0.9210900225770355,-0.03002790467898908,2.0,1.0,2.0,0.0,521.0,187.5,0,0,2.0,2.0,-62.5,8562.5,0.0,0.0,5970.0,2592.5,-62.5,62.5
2984,2019-07-02,17:29:45,156.0625,156.09375,156.03125,156.0625,285,44476.84375,156.05910087719298,0.0,0.0,156.05994869135782,155.7262238259204,0.33372486543740365,0.9999999999999893,0.0009765625,-3.0,0.0,0.0009765625000000104,0,2984,-0.3759972047972804,-0.9210900225770355,0.03125000000000017,106.7919569399686,20.0,0.0,0.2727931097101266,1.7179727020810263,2.0,-0.946375373237817,-0.025285350660781414,2.0,1.0,2.0,0.0,521.0,187.5,0,0,2.0,2.0,0.0,8562.5,0.0,0.0,5970.0,2592.5,0.0,0.0
2985,2019-07-02,17:35:10,156.0625,156.09375,156.0,156.03125,284,44320.96875,156.0597491197183,-0.03125,-0.00020026033910891528,156.05357120438944,155.73560924666134,0.31796195772810165,0.9999999999999893,0.0009765625,-3.0,0.0,0.0009765625000000104,0,2985,-0.44074408210688665,-0.946375373237817,0.03125000000000017,101.74782647299197,20.0,0.0,0.2727931097101266,1.7179727020810263,2.0,-0.9757217505975441,-0.029346377359727116,2.0,1.0,2.0,0.0,521.0,156.25,0,0,2.0,2.0,-62.5,8500.0,0.0,0.0,5970.0,2530.0,-62.5,0.0
2986,2019-07-02,17:58:36,156.03125,156.0625,156.0,156.0625,285,44466.90625,156.02423245614034,0.03125,0.00020026033910891528,156.05555538119182,155.74566742368717,0.3098879575046567,0.9999999999999886,0.00126953125,-0.1775147928994123,-0.4047960089109363,0.0012695312500000146,-1,2986,-0.5350732896349466,-0.9757217505975441,0.035630482034348265,86.97270982916272,20.0,0.0,0.2727931097101266,1.7179727020810263,2.0,-0.9879931287203305,-0.012271378122786447,2.0,1.0,2.0,0.0,521.0,187.5,0,0,2.0,2.0,62.5,8562.5,0.0,0.0,5970.0,2592.5,62.5,62.5
2987,2019-07-02,18:09:39,156.0625,156.125,156.03125,156.09375,284,44326.15625,156.07801496478874,0.03125,0.00020022024293542273,156.06404307426033,155.7563776568045,0.3076654174558371,0.9999999999999926,0.0017578124999999998,-2.407407407407407,-0.1656346649999846,0.001757812500000013,-1,2987,-0.5893701820991112,-0.9879931287203305,0.04192627457812121,73.38248402742396,20.0,0.0,0.2727931097101266,1.7179727020810263,2.0,-0.9825396792592213,0.005453449461109261,2.0,1.0,2.0,0.0,521.0,218.75,0,0,2.0,2.0,62.5,8625.0,0.0,0.0,5970.0,2655.0,62.5,62.5
2988,2019-07-02,18:19:15,156.09375,156.15625,156.09375,156.15625,285,44499.8125,156.13969298245615,0.0625,0.0004003202615514567,156.08453350220248,155.76868142121052,0.3158520809919594,0.9999999999999886,0.00126953125,-0.1775147928994123,-0.4047960089109363,0.0012695312500000146,-1,2988,-0.5632010182548884,-0.9825396792592213,0.035630482034348265,88.64659217561909,20.0,0.0,0.2727931097101266,1.7179727020810263,2.0,-0.9486482783220935,0.033891400937127725,2.0,1.0,2.0,0.0,521.0,281.25,0,0,2.0,2.0,125.0,8750.0,0.0,0.0,5970.0,2780.0,125.0,125.0
2989,2019-07-02,18:29:54,156.15625,156.15625,156.0625,156.125,284,44337.34375,156.11740757042253,-0.03125,-0.00020014009873747796,156.0935260572686,155.77964506978867,0.31388098747993354,0.9999999999999927,0.0016601562499999997,-1.4878892733564004,0.5413870509510851,0.0016601562500000117,0,2989,-0.44711455845700016,-0.9486482783220935,0.0407450150325167,77.03543297982336,20.0,0.0,0.2727931097101266,1.7179727020810263,2.0,-0.8961745199612152,0.05247375836087831,2.0,1.0,2.0,0.0,521.0,250.0,0,0,2.0,2.0,-62.5,8687.5,0.0,0.0,5970.0,2717.5,-62.5,125.0
2990,2019-07-02,18:34:10,156.125,156.15625,156.09375,156.125,285,44497.25,156.13070175438597,0.0,0.0,156.1005202667645,155.79027137533365,0.31024889143085943,0.9999999999999927,0.0016601562499999997,-1.4878892733564004,0.5413870509510851,0.0016601562500000117,0,2990,-0.3199465744446311,-0.8961745199612152,0.0407450150325167,76.14401201797673,20.0,0.0,0.2727931097101266,1.7179727020810263,2.0,-0.8874258820097992,0.008748637951416005,2.0,1.0,2.0,0.0,521.0,250.0,0,0,2.0,2.0,0.0,8687.5,0.0,0.0,5970.0,2717.5,0.0,0.0
2991,2019-07-02,18:44:56,156.125,156.15625,156.09375,156.09375,284,44339.53125,156.12511003521126,-0.03125,-0.00020018016281397877,156.09901576303906,155.79960917916955,0.29940658386951213,0.9999999999999952,0.00126953125,-0.1775147928994123,0.4047960089109363,0.001269531250000006,0,2991,-0.3015636802738476,-0.8874258820097992,0.03563048203434815,84.03102253314484,20.0,0.0,0.2727931097101266,1.7179727020810263,2.0,-0.9085501783149516,-0.021124296305152335,2.0,1.0,2.0,0.0,521.0,218.75,0,0,2.0,2.0,-62.5,8625.0,0.0,0.0,5970.0,2655.0,-62.5,0.0
2992,2019-07-02,18:50:48,156.09375,156.125,156.09375,156.125,285,44493.71875,156.11831140350878,0.03125,0.00020018016281397877,156.1047900379193,155.8096212044259,0.29516883349339196,0.999999999999994,0.00126953125,-0.17751479289940755,-0.4047960089109363,0.0012695312500000074,-1,2992,-0.347029929513849,-0.9085501783149516,0.03563048203434817,82.84166158876155,20.0,0.0,0.2727931097101266,1.7179727020810263,2.0,-0.9493722172890773,-0.04082203897412573,2.0,1.0,2.0,0.0,521.0,250.0,0,0,2.0,2.0,62.5,8687.5,0.0,0.0,5970.0,2717.5,62.5,62.5
2993,2019-07-02,18:54:54,156.125,156.15625,156.03125,156.0625,284,44331.09375,156.09540052816902,-0.0625,-0.0004004004057494015,156.09539225171503,155.81740209044358,0.2779901612714468,0.9999999999999968,0.00361328125,-0.021913805697588867,0.5901286563843656,0.0036132812500000123,0,2993,-0.4491674946315533,-0.9493722172890773,0.06011057519272305,46.24646501554358,20.0,0.0,0.2727931097101266,1.7179727020810263,2.0,-0.9987513262119111,-0.049379108922833814,2.0,1.0,2.0,0.0,521.0,187.5,0,0,2.0,2.0,-125.0,8562.5,0.0,0.0,5970.0,2592.5,-125.0,62.5
2994,2019-07-02,19:02:00,156.0625,156.125,156.03125,156.0625,285,44483.84375,156.08366228070176,0.0,0.0,156.08808286244505,155.8249435645838,0.2631392978612439,0.9999999999999977,0.00439453125,-0.9629629629629631,0.5237828008789241,0.00439453125000001,0,2994,-0.6708982895574369,-0.9987513262119111,0.06629126073623891,39.69441747506179,20.0,0.0,0.2727931097101266,1.7179727020810263,2.0,-0.9988435184357451,-9.219222383405334e-05,2.0,1.0,2.0,0.0,521.0,187.5,0,0,2.0,2.0,0.0,8562.5,0.0,0.0,5970.0,2592.5,0.0,0.0
2995,2019-07-02,19:09:06,156.0625,156.1875,156.0625,156.15625,284,44346.3125,156.14898767605635,0.09375,0.0006005405044868795,156.10323111523508,155.83513760875047,0.26809350648460395,0.9999999999999979,0.00419921875,1.9307733910221774,1.4467284665112368,0.004199218750000008,-1,2995,-0.7402862727577126,-0.9988435184357451,0.06480137922914919,41.37157413526303,20.0,0.0,0.2727931097101266,1.7179727020810263,2.0,-0.9928864486141424,0.005957069821602712,2.0,1.0,2.0,0.0,521.0,281.25,0,0,2.0,2.0,187.5,8750.0,0.0,0.0,5970.0,2780.0,187.5,187.5
2996,2019-07-02,19:18:20,156.15625,156.15625,156.0625,156.09375,285,44492.125,156.11271929824562,-0.0625,-0.0004003202615514567,156.1011242007384,155.84309491309662,0.25802928764179,0.9999999999999967,0.00419921875,-1.9632233639805285,0.235513936408806,0.004199218750000014,0,2996,-0.6178849948543341,-0.9928864486141424,0.06480137922914923,39.81848699999925,20.0,0.0,0.2727931097101266,1.7179727020810263,2.0,-0.7152486947217427,0.27763775389239975,2.0,1.0,2.0,0.0,521.0,218.75,0,0,2.0,2.0,-125.0,8625.0,0.0,0.0,5970.0,2655.0,-125.0,187.5
2997,2019-07-02,19:35:53,156.09375,156.125,156.03125,156.0625,285,44481.28125,156.07467105263157,-0.03125,-0.00020022024293542273,156.09254104501878,155.8498458388475,0.24269520617127682,0.9999999999999967,0.00419921875,-1.9632233639805285,0.235513936408806,0.004199218750000014,0,2997,-0.0115814720414905,-0.7152486947217427,0.06480137922914923,37.452166768405235,20.0,0.0,0.2727931097101266,1.7179727020810263,2.0,-0.8554756112065636,-0.14022691648482088,2.0,1.0,2.0,0.0,521.0,187.5,0,0,2.0,2.0,-62.5,8562.5,0.0,0.0,5970.0,2592.5,-62.5,-62.5
2998,2019-07-02,19:50:24,156.0625,156.125,156.0625,156.125,284,44328.84375,156.08747799295776,0.0625,0.0004004004057494015,156.09975414612572,155.85831212072912,0.24144202539659432,0.9999999999999958,0.00244140625,-1.2000000000000004,0.0,0.0024414062500000104,-1,2998,-0.2387422365756469,-0.8554756112065636,0.049410588440131034,48.86443028079712,20.0,0.0,0.2727931097101266,1.7179727020810263,2.0,-0.9813650406845938,-0.12588942947803028,2.0,1.0,2.0,0.0,521.0,250.0,0,0,2.0,2.0,125.0,8687.5,0.0,0.0,5970.0,2717.5,125.0,125.0
2999,2019-07-02,20:05:51,156.125,156.125,156.0625,156.125,285,44489.21875,156.10252192982455,0.0,0.0,156.10536433587558,155.86651790162978,0.23884643424580076,0.9999999999999899,0.0016601562499999997,-1.4878892733564004,-0.5413870509510853,0.0016601562500000164,0,2999,-0.5580574037731607,-0.9813650406845938,0.040745015032516756,58.61979288882044,20.0,0.0,0.2727931097101266,1.7179727020810263,2.0,-0.9955007646772727,-0.014135723992678817,2.0,1.0,2.0,0.0,521.0,250.0,0,0,2.0,2.0,0.0,8687.5,0.0,0.0,5970.0,2717.5,0.0,125.0
3000,2019-07-02,20:42:15,156.125,156.1875,156.09375,156.15625,284,44343.59375,156.13941461267606,0.03125,0.00020014009873747796,156.11667226123657,155.8754327354258,0.24123952581078356,0.9999999999999899,0.0016601562499999997,-1.4878892733564004,-0.5413870509510853,0.0016601562500000164,-1,3000,-0.7709261903555281,-0.9955007646772727,0.040745015032516756,59.20712647136372,20.0,0.0,0.2727931097101266,1.7179727020810263,2.0,-0.9912277193969461,0.004273045280326571,2.0,1.0,2.0,0.0,521.0,281.25,0,0,2.0,2.0,62.5,8750.0,0.0,0.0,5970.0,2780.0,62.5,62.5
3001,2019-07-02,22:06:00,156.15625,156.25,156.125,156.21875,284,44352.875,156.17209507042253,0.0625,0.00040016006936482995,156.139356203184,155.88599634356655,0.2533598596174613,0.9999999999999947,0.0036132812500000006,-0.021913805697593602,0.5901286563843656,0.0036132812500000193,-1,3001,-0.6074490179749424,-0.9912277193969461,0.060110575192723115,42.14896610207993,20.0,0.0,0.2727931097101266,1.7179727020810263,2.0,-0.2327649257425016,0.7584627936544445,2.0,1.0,2.0,0.0,521.0,343.75,0,0,2.0,2.0,125.0,8875.0,0.0,0.0,5970.0,2905.0,125.0,125.0
3002,2019-07-02,23:26:08,156.25,156.28125,156.15625,156.1875,285,44524.75,156.22719298245613,-0.03125,-0.00020006001867223233,156.15005482469869,155.89527337914913,0.25478144554955406,0.9999999999999947,0.0036132812500000006,-0.021913805697593602,0.5901286563843656,0.0036132812500000193,0,3002,0.523095041173076,-0.2327649257425016,0.060110575192723115,42.38546124915429,20.0,0.0,0.2727931097101266,1.7179727020810263,2.0,0.13706197956803012,0.36982690531053175,2.0,1.0,2.0,0.0,521.0,312.5,0,0,2.0,2.0,-62.5,8812.5,0.0,0.0,5970.0,2842.5,-62.5,125.0
3003,2019-07-03,00:04:35,156.1875,156.3125,156.15625,156.3125,284,44376.375,156.25484154929578,0.125,0.0008000000426662268,156.18615375254345,155.90811112132917,0.2780426312142765,0.9999999999999947,0.0036132812500000006,-0.021913805697593602,0.5901286563843656,0.0036132812500000193,-1,3003,0.7973508973427998,0.13706197956803012,0.060110575192723115,46.25519391934481,20.0,0.0,0.2727931097101266,1.7179727020810263,2.0,0.10116154373089924,-0.03590043583713089,2.0,1.0,2.0,0.0,521.0,437.5,0,0,2.0,2.0,250.0,9062.5,0.0,0.0,5970.0,3092.5,250.0,250.0
3004,2019-07-03,00:22:13,156.3125,156.3125,156.21875,156.3125,284,44381.9375,156.2744278169014,0.0,0.0,156.2142306964227,155.92055385605752,0.2936768403651797,0.9999999999999958,0.005175781249999999,-2.7162691349234627,0.19669686464742786,0.0051757812500000215,0,3004,0.7750113459112979,0.10116154373089924,0.07194290270763351,40.82082169503832,20.0,0.0,0.2727931097101266,1.7179727020810263,2.0,-0.072746656623022,-0.17390820035392124,2.0,1.0,2.0,0.0,521.0,437.5,0,0,2.0,2.0,0.0,9062.5,0.0,0.0,5970.0,3092.5,0.0,250.0
3005,2019-07-03,00:35:00,156.3125,156.375,156.3125,156.34375,284,44404.03125,156.35222271126761,0.03125,0.0001999000506405224,156.24301276388434,155.93357527587116,0.30943748801317383,0.9999999999999944,0.004101562499999999,-3.163265306122455,0.4414786044290989,0.004101562500000023,-1,3005,0.6537936135671351,-0.072746656623022,0.06404344228724766,48.316810740010624,20.0,0.0,0.2727931097101266,1.7179727020810263,2.0,-0.2103612984730263,-0.13761464185000427,2.0,1.0,2.0,0.0,521.0,468.75,0,0,2.0,2.0,62.5,9125.0,0.0,0.0,5970.0,3155.0,62.5,62.5
3006,2019-07-03,00:59:33,156.34375,156.46875,156.34375,156.46875,284,44419.40625,156.40636003521126,0.125,0.000799200841740344,156.2931765941323,155.95004219045975,0.34313440367253634,0.9999999999999932,0.00263671875,3.2510288065843675,1.7355817665801556,0.002636718750000018,-1,3006,0.5425364562199383,-0.2103612984730263,0.0513489897661095,66.82398334134436,20.0,0.0,0.2727931097101266,1.7179727020810263,2.0,-0.33434851351197253,-0.12398721503894625,2.0,1.0,2.0,0.0,521.0,593.75,0,0,2.0,2.0,250.0,9375.0,0.0,0.0,5970.0,3405.0,250.0,250.0
3007,2019-07-03,01:18:57,156.46875,156.46875,156.40625,156.46875,284,44431.0,156.44718309859155,0.0,0.0,156.33219290654733,155.96600243075332,0.36619047579401354,0.9999999999999915,0.0022460937500000003,3.7240075614366623,1.7487916903105667,0.0022460937500000193,0,3007,0.4299923354918347,-0.33434851351197253,0.047392971525322396,77.2668317702669,20.0,0.0,0.2727931097101266,1.7179727020810263,2.0,-0.4307248174689396,-0.09637630395696706,2.0,1.0,2.0,0.0,521.0,593.75,0,0,2.0,2.0,0.0,9375.0,0.0,0.0,5970.0,3405.0,0.0,250.0
3008,2019-07-03,01:24:01,156.46875,156.5625,156.46875,156.5,284,44448.90625,156.51023327464787,0.03125,0.00019970044998895986,156.36948337175906,155.9824331251917,0.3870502465673553,0.9999999999999968,0.00458984375,1.4350384789497508,0.4220089568642765,0.004589843750000015,-1,3008,0.33358363181021555,-0.4307248174689396,0.06774838558962136,57.13054904538553,20.0,0.0,0.2727931097101266,1.7179727020810263,2.0,-0.5190737080383784,-0.08834889056943879,2.0,1.0,2.0,0.0,521.0,625.0,0,0,2.0,2.0,62.5,9437.5,0.0,0.0,5970.0,3467.5,62.5,62.5
3009,2019-07-03,01:51:48,156.5,156.53125,156.4375,156.53125,284,44449.40625,156.51199383802816,0.03125,0.00019966057768261436,156.40543151136816,155.99931979826275,0.4061117131054175,0.999999999999995,0.0016601562499999997,-1.4878892733564004,-0.5413870509510851,0.001660156250000008,-1,3009,0.23734447317776103,-0.5190737080383784,0.04074501503251665,99.67150896405833,20.0,0.0,0.2727931097101266,1.7179727020810263,2.0,-0.5676526563767202,-0.048578948338341865,2.0,1.0,2.0,0.0,521.0,656.25,0,0,2.0,2.0,62.5,9500.0,0.0,0.0,5970.0,3530.0,62.5,62.5
3010,2019-07-03,02:20:22,156.53125,156.59375,156.46875,156.46875,284,44452.75,156.5237676056338,-0.0625,-0.0003993610276715742,156.41950228661972,156.01376380447007,0.40573848214964414,0.9999999999999951,0.001953125,-1.750000000000001,-0.8838834764831844,0.0019531250000000095,0,3010,0.18074745531791975,-0.5676526563767202,0.04419417382415933,91.80813827723188,20.0,0.0,0.2727931097101266,1.7179727020810263,2.0,-0.6220808542704228,-0.05442819789370257,2.0,1.0,2.0,0.0,521.0,593.75,0,0,2.0,2.0,-125.0,9375.0,0.0,0.0,5970.0,3405.0,-125.0,62.5
3011,2019-07-03,03:33:12,156.46875,156.53125,156.40625,156.4375,283,44280.25,156.4673144876325,-0.03125,-0.0001997403382256735,156.423501778482,156.02680184125563,0.39669993722637287,0.9999999999999966,0.0037109375,-0.8171745152354575,0.08099829095409096,0.0037109375000000124,0,3011,0.11375378990943229,-0.6220808542704228,0.060917464655056125,65.12088765884758,20.0,0.0,0.2727931097101266,1.7179727020810263,2.0,-0.6297586657740204,-0.007677811503597587,2.0,1.0,2.0,0.0,521.0,562.5,0,0,2.0,2.0,-62.5,9312.5,0.0,0.0,5970.0,3342.5,-62.5,-62.5
3012,2019-07-03,04:12:55,156.4375,156.46875,156.375,156.46875,284,44421.59375,156.4140625,0.03125,0.0001997403382256735,156.43355693881935,156.04040024614008,0.3931566926792698,0.9999999999999967,0.00419921875,-1.963223363980531,-0.23551393640880577,0.004199218750000014,-1,3012,0.10396745371725785,-0.6297586657740204,0.06480137922914923,60.67103777050757,20.0,0.0,0.2727931097101266,1.7179727020810263,2.0,-0.665212593424004,-0.03545392764998356,2.0,1.0,2.0,0.0,521.0,593.75,0,0,2.0,2.0,62.5,9375.0,0.0,0.0,5970.0,3405.0,62.5,62.5
3013,2019-07-03,05:43:14,156.46875,156.5625,156.4375,156.5625,284,44447.75,156.50616197183098,0.09375,0.0005989817489657767,156.46221095241506,156.05646485395116,0.40574609846390786,0.9999999999999917,0.0021484375,0.867768595041318,-0.5516180692881069,0.002148437500000018,-1,3013,0.05758777551587645,-0.665212593424004,0.04635124054434809,87.53726840939603,20.0,0.0,0.2727931097101266,1.7179727020810263,2.0,-0.6459702193256424,0.019242374098361603,2.0,1.0,2.0,0.0,521.0,687.5,0,0,2.0,2.0,187.5,9562.5,0.0,0.0,5970.0,3592.5,187.5,187.5
3014,2019-07-03,06:03:58,156.5625,156.625,156.5625,156.625,284,44467.71875,156.57647447183098,0.0625,0.0003991219370478305,156.49838629632285,156.07395824306036,0.42442805326248845,0.9999999999999729,0.0007812499999999996,0.31250000000000827,1.2577882373436324,0.0007812500000000206,-1,3014,0.08300895615319762,-0.6459702193256424,0.02795084971874774,151.84799658445007,20.0,0.0,0.2727931097101266,1.7179727020810263,2.0,-0.6604847644790317,-0.014514545153389347,2.0,1.0,2.0,0.0,521.0,750.0,0,0,2.0,2.0,125.0,9687.5,0.0,0.0,5970.0,3717.5,125.0,187.5
3015,2019-07-03,06:12:44,156.625,156.65625,156.5625,156.65625,283,44325.5,156.62720848056537,0.03125,0.00019950124754508636,156.53346711936223,156.09187491250466,0.44159220685756395,0.9999999999999729,0.0007812499999999996,0.31250000000000827,1.2577882373436324,0.0007812500000000206,-1,3015,0.06389040906147761,-0.6604847644790317,0.02795084971874774,157.98883085882377,20.0,0.0,0.2727931097101266,1.7179727020810263,2.0,-0.6685749685731576,-0.008090204094125863,2.0,1.0,2.0,0.0,521.0,781.25,0,0,2.0,2.0,62.5,9750.0,0.0,0.0,5970.0,3780.0,62.5,125.0
3016,2019-07-03,06:24:47,156.625,156.71875,156.5625,156.6875,284,44482.125,156.62720070422534,0.03125,0.0001994614547351503,156.56769664839285,156.11020183827375,0.4574948101191012,0.9999999999999876,0.001171875,2.9166666666666714,-1.2932338163316428,0.0011718750000000147,-1,3016,0.053082350175445436,-0.6685749685731576,0.034232659844073095,133.64278797001222,20.0,0.0,0.2727931097101266,1.7179727020810263,2.0,-0.6693487226233283,-0.0007737540501707718,2.0,1.0,2.0,0.0,521.0,812.5,0,0,2.0,2.0,62.5,9812.5,0.0,0.0,5970.0,3842.5,62.5,62.5
3017,2019-07-03,06:30:29,156.6875,156.75,156.6875,156.71875,283,44352.96875,156.72427120141342,0.03125,0.00019942167779696263,156.60126405986114,156.1289263970961,0.4723376627650282,0.9999999999999876,0.001171875,2.9166666666666714,-1.2932338163316428,0.0011718750000000147,-1,3017,0.05204281310167663,-0.6693487226233283,0.034232659844073095,137.9786627496919,20.0,0.0,0.2727931097101266,1.7179727020810263,2.0,-0.638337949995086,0.031010772628242367,2.0,1.0,2.0,0.0,521.0,843.75,0,0,2.0,2.0,62.5,9875.0,0.0,0.0,5970.0,3905.0,62.5,62.5
3018,2019-07-03,06:45:32,156.71875,156.78125,156.6875,156.6875,284,44510.625,156.7275528169014,-0.03125,-0.00019942167779696263,156.62042760211423,156.14611327718546,0.4743143249287698,0.9999999999999984,0.005566406249999999,1.0987996306555878,-1.2639100390556428,0.005566406250000008,0,3018,0.09292676062505044,-0.638337949995086,0.07460835241445832,63.57389080164872,20.0,0.0,0.2727931097101266,1.7179727020810263,2.0,-0.6104370302590231,0.0279009197360629,2.0,1.0,2.0,0.0,521.0,812.5,0,0,2.0,2.0,-62.5,9812.5,0.0,0.0,5970.0,3842.5,-62.5,62.5
3019,2019-07-03,06:58:38,156.6875,156.78125,156.6875,156.75,283,44358.84375,156.7450309187279,0.0625,0.00039880359451771596,156.64922146831108,156.16469440711822,0.48452706119286404,0.9999999999999988,0.005175781250000001,1.1285154859380562,-1.032658539398995,0.005175781250000007,-1,3019,0.12843022080149877,-0.6104370302590231,0.07194290270763341,67.34883399991782,20.0,0.0,0.2727931097101266,1.7179727020810263,2.0,-0.5797123260420511,0.030724704216971932,2.0,1.0,2.0,0.0,521.0,875.0,0,0,2.0,2.0,125.0,9937.5,0.0,0.0,5970.0,3967.5,125.0,125.0
3020,2019-07-03,07:10:00,156.75,156.75,156.5625,156.625,284,44489.0625,156.65162852112675,-0.125,-0.0007977662967979526,156.64383891979753,156.17885765612996,0.46498126366756765,0.9999999999999991,0.004687500000000001,1.7447916666666632,-0.846307423922913,0.004687500000000005,0,3020,0.16624709257220235,-0.5797123260420511,0.0684653196881458,67.91486051412906,20.0,0.0,0.2727931097101266,1.7179727020810263,2.0,-0.5883731479411445,-0.00866082189909334,2.0,1.0,2.0,0.0,521.0,750.0,0,0,2.0,2.0,-250.0,9687.5,0.0,0.0,5970.0,3717.5,-250.0,125.0
3021,2019-07-03,07:18:11,156.625,156.65625,156.5625,156.625,283,44323.75,156.62102473498234,0.0,0.0,156.63965249317587,156.19258511286444,0.447067380311438,0.9999999999999991,0.004687500000000001,1.7447916666666632,-0.846307423922913,0.004687500000000005,0,3021,0.15571650178530416,-0.5883731479411445,0.0684653196881458,65.29837037901746,20.0,0.0,0.2727931097101266,1.7179727020810263,2.0,-0.6366707852933329,-0.048297637352188394,2.0,1.0,2.0,0.0,521.0,750.0,0,0,2.0,2.0,0.0,9687.5,0.0,0.0,5970.0,3717.5,0.0,0.0
3022,2019-07-03,07:35:00,156.625,156.6875,156.625,156.625,284,44487.21875,156.64513644366198,0.0,0.0,156.63639638358126,156.20589018631478,0.43050619726648165,1.0000000000000007,0.00322265625,-2.231404958677679,-0.5671631517317608,0.0032226562499999972,0,3022,0.09508107289121381,-0.6366707852933329,0.056768444139327946,75.835475816438,20.0,0.0,0.2727931097101266,1.7179727020810263,2.0,-0.7152864323735252,-0.07861564708019231,2.0,1.0,2.0,0.0,521.0,750.0,0,0,2.0,2.0,0.0,9687.5,0.0,0.0,5970.0,3717.5,0.0,0.0
3023,2019-07-03,07:49:06,156.625,156.65625,156.53125,156.59375,283,44317.71875,156.5997128975265,-0.03125,-0.0001995410562338762,156.62691940945209,156.21782433442817,0.40909507502391307,0.9999999999999983,0.00634765625,1.9999999999999976,0.9051513929454648,0.0063476562500000095,0,3023,-0.011635467993076399,-0.7152864323735252,0.07967217989988733,51.34729281136333,20.0,0.0,0.2727931097101266,1.7179727020810263,2.0,-0.804798750175403,-0.08951231780187785,2.0,1.0,2.0,0.0,521.0,718.75,0,0,2.0,2.0,-62.5,9625.0,0.0,0.0,5970.0,3655.0,-62.5,0.0
3024,2019-07-03,08:02:32,156.59375,156.65625,156.5,156.5,284,44466.53125,156.57229313380282,-0.09375,-0.0005988621797907712,156.59871509624054,156.22650666259963,0.37220843364090683,0.9999999999999983,0.00634765625,1.9999999999999976,0.9051513929454648,0.0063476562500000095,0,3024,-0.14937699081919775,-0.804798750175403,0.07967217989988733,46.71749086175477,20.0,0.0,0.2727931097101266,1.7179727020810263,2.0,-0.8788240697124451,-0.07402531953704206,2.0,1.0,2.0,0.0,521.0,625.0,0,0,2.0,2.0,-187.5,9437.5,0.0,0.0,5970.0,3467.5,-187.5,-62.5
3025,2019-07-03,08:11:53,156.5,156.65625,156.5,156.625,284,44460.125,156.54973591549296,0.125,0.0007984032360246474,156.60455618596487,156.23876799605813,0.36578818990673767,0.9999999999999984,0.00654296875,0.7952773446201805,0.5016571985664497,0.0065429687500000114,-1,3025,-0.2840293246053993,-0.8788240697124451,0.08088861940965497,45.221218086839635,20.0,0.0,0.2727931097101266,1.7179727020810263,2.0,-0.9446740781130473,-0.06585000840060218,2.0,1.0,2.0,0.0,521.0,750.0,0,0,2.0,2.0,250.0,9687.5,0.0,0.0,5970.0,3717.5,250.0,250.0
3026,2019-07-03,08:23:42,156.625,156.65625,156.625,156.625,283,44327.6875,156.63493816254416,0.0,0.0,156.60909925575046,156.2506520577179,0.35844719803256453,0.999999999999999,0.00849609375,-0.79667063020214,0.5182899194342977,0.008496093750000008,0,3026,-0.4360469999168105,-0.9446740781130473,0.09217425752345396,38.887994073763686,20.0,0.0,0.2727931097101266,1.7179727020810263,2.0,-0.9762431024732008,-0.03156902436015352,2.0,1.0,2.0,0.0,521.0,750.0,0,0,2.0,2.0,0.0,9687.5,0.0,0.0,5970.0,3717.5,0.0,250.0
3027,2019-07-03,08:43:02,156.625,156.6875,156.59375,156.65625,284,44486.25,156.64172535211267,0.03125,0.00019950124754508636,156.61957719891706,156.26313199440352,0.356445204513534,0.9999999999999974,0.00615234375,1.5041572184429317,-0.19604278777442427,0.006152343750000015,-1,3027,-0.5370935544489926,-0.9762431024732008,0.07843687748756968,45.44357398342659,20.0,0.0,0.2727931097101266,1.7179727020810263,2.0,-0.9940834682309809,-0.01784036575778014,2.0,1.0,2.0,0.0,521.0,781.25,0,0,2.0,2.0,62.5,9750.0,0.0,0.0,5970.0,3780.0,62.5,62.5
3028,2019-07-03,08:57:07,156.65625,156.71875,156.5625,156.5625,284,44483.71875,156.6328125,-0.09375,-0.0005986231845929169,156.6068933769355,156.27234331765266,0.334550059282833,0.9999999999999966,0.0029296875,3.666666666666669,-1.9245008972987523,0.0029296875000000104,0,3028,-0.6261180242865834,-0.9940834682309809,0.05412658773652751,61.80882137099154,20.0,0.0,0.2727931097101266,1.7179727020810263,2.0,-0.9999666665680305,-0.005883198337049533,2.0,1.0,2.0,0.0,521.0,687.5,0,0,2.0,2.0,-187.5,9562.5,0.0,0.0,5970.0,3592.5,-187.5,62.5
3029,2019-07-03,09:14:16,156.5625,156.625,156.53125,156.59375,283,44310.0625,156.57265901060072,0.03125,0.0001995808808139543,156.6039726265054,156.28223275403258,0.32173987247281843,0.9999999999999978,0.0037109375,-2.479224376731304,-0.7559840489048504,0.0037109375000000076,-1,3029,-0.7128566740118626,-0.9999666665680305,0.06091746465505609,52.81570306555992,20.0,0.0,0.2727931097101266,1.7179727020810263,2.0,-0.9841598136400613,0.01580685292796913,2.0,1.0,2.0,0.0,521.0,718.75,0,0,2.0,2.0,62.5,9625.0,0.0,0.0,5970.0,3655.0,62.5,62.5
3030,2019-07-03,09:29:44,156.5625,156.65625,156.53125,156.625,284,44472.53125,156.5934198943662,0.03125,0.0001995410562338762,156.6086453761709,156.2927794385239,0.3158659376470041,0.9999999999999991,0.00341796875,-2.897959183673469,0.381801774160606,0.003417968750000003,-1,3030,-0.821264486601183,-0.9841598136400613,0.05846339666834286,54.027982574957235,20.0,0.0,0.2727931097101266,1.7179727020810263,2.0,-0.9221511721563115,0.06200864148374985,2.0,1.0,2.0,0.0,521.0,750.0,0,0,2.0,2.0,62.5,9687.5,0.0,0.0,5970.0,3717.5,62.5,62.5
3031,2019-07-03,09:53:46,156.625,156.625,156.5625,156.5625,283,44314.625,156.5887809187279,-0.0625,-0.0003991219370478305,156.59839084813294,156.30107853272318,0.297312315409755,0.9999999999999974,0.00615234375,-0.612244897959183,0.5122408325718828,0.006152343750000015,0,3031,-0.9255892501294616,-0.9221511721563115,0.07843687748756968,37.904659763753564,20.0,0.0,0.2727931097101266,1.7179727020810263,2.0,-0.7242643277976549,0.19788684435865656,-2.0,1.0,2.0,0.0,521.0,687.5,0,0,-2.0,2.0,-125.0,9562.5,0.0,4.0,5980.0,3582.5,-135.0,62.5
3032,2019-07-03,10:04:02,156.5625,156.5625,156.46875,156.5,284,44448.96875,156.51045334507043,-0.0625,-0.00039928129897681686,156.57652621521453,156.3071991932548,0.26932702195972524,0.9999999999999986,0.007031249999999999,0.31249999999999883,1.2577882373436318,0.00703125000000001,0,3032,-0.9996982046194056,-0.7242643277976549,0.08385254915624217,32.11912156157461,20.0,0.0,0.2727931097101266,1.7179727020810263,2.0,-0.3242525152879504,0.4000118125097045,-2.0,-1.0,-2.0,1.0,522.0,-62.5,0,0,-2.0,-2.0,125.0,9687.5,0.0,0.0,5980.0,3707.5,125.0,125.0
3033,2019-07-03,10:22:48,156.5,156.625,156.5,156.625,284,44464.65625,156.56569102112675,0.125,0.0007984032360246474,156.5872981673891,156.31697767961623,0.27032048777286377,0.9999999999999984,0.006640624999999999,2.6643598615916986,1.7143923280117699,0.0066406250000000085,-1,3033,-0.8981833523768138,-0.3242525152879504,0.08149003006503316,33.17221598238881,20.0,0.0,0.2727931097101266,1.7179727020810263,2.0,0.34739346091091505,0.6716459761988655,-2.0,-1.0,-2.0,0.0,522.0,62.5,0,0,-2.0,-2.0,-250.0,9437.5,0.0,0.0,5980.0,3457.5,-250.0,125.0
3034,2019-07-03,10:42:44,156.625,156.625,156.53125,156.5625,284,44466.09375,156.57075264084506,-0.0625,-0.0003991219370478305,156.58178746352488,156.32453221255113,0.257255250973742,0.999999999999999,0.007617187499999999,2.0414201183431957,1.4964964675439432,0.007617187500000007,0,3034,-0.41742351618195683,0.34739346091091505,0.08727650027355592,29.475889863527023,20.0,0.0,0.2727931097101266,1.7179727020810263,2.0,0.8643753903445144,0.5169819294335993,-2.0,-1.0,-2.0,0.0,522.0,0.0,0,0,-2.0,-2.0,125.0,9562.5,0.0,0.0,5980.0,3582.5,125.0,125.0
3035,2019-07-03,11:02:56,156.5625,156.625,156.53125,156.5625,283,44313.0625,156.5832597173145,0.0,0.0,156.57750136051936,156.3318542983188,0.2456470622005611,0.9999999999999983,0.00732421875,-0.13333333333333405,0.6085806194501847,0.007324218750000011,0,3035,0.25563912074797845,0.8643753903445144,0.08558164961018228,28.703239925785994,20.0,0.0,0.2727931097101266,1.7179727020810263,2.0,0.9311097959997449,0.06673440565523048,-2.0,-1.0,-2.0,0.0,522.0,0.0,0,0,-2.0,-2.0,-0.0,9562.5,0.0,0.0,5980.0,3582.5,-0.0,125.0
3036,2019-07-03,11:16:00,156.5625,156.59375,156.4375,156.46875,284,44445.21875,156.4972491197183,-0.09375,-0.0005989817489657767,156.55333439151508,156.33606647375518,0.21726791775989795,0.999999999999998,0.0032226562500000003,-2.231404958677686,-0.5671631517317615,0.0032226562500000068,0,3036,0.4004846211417542,0.9311097959997449,0.05676844413932803,38.27265676449623,20.0,0.0,0.2727931097101266,1.7179727020810263,2.0,0.937941626397602,0.006831830397857175,-2.0,-1.0,-2.0,0.0,522.0,-93.75,0,0,-2.0,-2.0,187.5,9750.0,0.0,0.0,5980.0,3770.0,187.5,187.5
3037,2019-07-03,11:30:27,156.46875,156.5,156.4375,156.5,284,44436.90625,156.46797975352112,0.03125,0.00019970044998895986,156.54148230451173,156.34111058225506,0.20037172225667632,0.9999999999999967,0.002734375,0.5357142857142883,-1.0885117692152515,0.0027343750000000085,-1,3037,0.41800507944186643,0.937941626397602,0.052291251658379806,38.31840239084548,20.0,0.0,0.2727931097101266,1.7179727020810263,2.0,0.8574669476424979,-0.08047467875510417,2.0,-1.0,-2.0,0.0,522.0,-62.5,0,0,2.0,-2.0,-62.5,9687.5,0.0,4.0,5990.0,3697.5,-72.5,187.5
3038,2019-07-03,11:50:08,156.5,156.59375,156.5,156.53125,284,44459.21875,156.5465448943662,0.03125,0.00019966057768261436,156.5392084590647,156.346961025878,0.1922474331867079,0.9999999999999983,0.003125,-2.3242187499999987,-0.052407843222650706,0.0031250000000000054,-1,3038,0.24248664206949713,0.8574669476424979,0.05590169943749479,34.3902663284262,20.0,0.0,0.2727931097101266,1.7179727020810263,2.0,0.6645922680247088,-0.19287467961778904,2.0,-1.0,2.0,1.0,523.0,31.25,0,0,2.0,2.0,62.5,9750.0,0.0,0.0,5990.0,3760.0,62.5,62.5
3039,2019-07-03,12:00:50,156.53125,156.5625,156.46875,156.5,283,44297.0,156.52650176678446,-0.03125,-0.00019966057768261436,156.53049546816146,156.35166991738944,0.178825550772018,0.9999999999999949,0.0017578124999999998,-2.407407407407407,0.1656346649999846,0.0017578125000000085,0,3039,-0.05841687718086833,0.6645922680247088,0.04192627457812116,42.652382681607605,20.0,0.0,0.2727931097101266,1.7179727020810263,2.0,0.4331794667820131,-0.23141280124269575,2.0,-1.0,2.0,0.0,523.0,0.0,0,0,2.0,2.0,-62.5,9687.5,0.0,0.0,5990.0,3697.5,-62.5,62.5
3040,2019-07-03,12:08:09,156.5,156.5,156.40625,156.4375,284,44435.03125,156.46137764084506,-0.0625,-0.00039944078821463336,156.50982980857003,156.35431084300825,0.15551896556178235,0.9999999999999983,0.007617187500000001,2.041420118343197,1.4964964675439432,0.007617187500000015,0,3040,-0.3310166401236653,0.4331794667820131,0.08727650027355596,17.81911110944297,17.81911110944297,0.0,0.2727931097101266,1.4796677045666073,2.0,0.4113771228418902,-0.02180234394012287,2.0,-1.0,2.0,0.0,523.0,-62.5,0,0,2.0,2.0,-125.0,9562.5,0.0,0.0,5990.0,3572.5,-125.0,-62.5
3041,2019-07-03,12:11:58,156.46875,156.46875,156.375,156.40625,284,44420.625,156.41065140845072,-0.03125,-0.00019978024239808434,156.48681207333226,156.35590897091572,0.13090310241653924,0.9999999999999983,0.00751953125,3.7729802664867598,1.8814382337850106,0.007519531250000013,0,3041,-0.35361569071623533,0.4113771228418902,0.08671523078444762,15.095745145617109,15.095745145617109,0.0,0.2727931097101266,1.182086419224458,1.0,0.5185251080201794,0.10714798517828916,-2.0,-1.0,2.0,0.0,523.0,-93.75,0,0,-2.0,2.0,-62.5,9500.0,-1.0,4.0,6000.0,3500.0,-72.5,-72.5
3042,2019-07-03,12:15:21,156.40625,156.59375,156.40625,156.5625,284,44448.25,156.50792253521126,0.15625,0.0009985023295895346,156.5036316125918,156.36226561796448,0.14136599462730715,0.999999999999998,0.00712890625,3.372114843310191,1.703550401550653,0.007128906250000015,-1,3042,-0.23796780312476623,0.5185251080201794,0.08443285053816443,16.743008642519822,16.743008642519822,0.0,0.2727931097101266,1.3620823489734195,2.0,0.7160118314418782,0.19748672342169882,-1.0,-1.0,-2.0,1.0,524.0,156.25,0,0,-1.0,-2.0,-312.5,9187.5,1.0,1.0,6002.5,3185.0,-315.0,-72.5
3043,2019-07-03,12:16:36,156.5625,156.59375,156.53125,156.5625,284,44463.875,156.56294014084506,0.0,0.0,156.5167134764603,156.3684266758733,0.1482868005869875,0.9999999999999983,0.00849609375,2.532699167657551,1.2353225899298674,0.008496093750000013,0,3043,0.012673960710224528,0.7160118314418782,0.09217425752345398,16.087658807477297,16.087658807477297,0.0,0.2727931097101266,1.2904724923286848,2.0,0.8766310937082925,0.16061926226641432,-2.0,-1.0,-1.0,0.0,524.0,156.25,0,0,-2.0,-1.0,-0.0,9187.5,0.0,1.0,6005.0,3182.5,-2.5,-2.5
3044,2019-07-03,12:18:49,156.5625,156.59375,156.53125,156.5625,284,44462.3125,156.5574383802817,0.0,0.0,156.52688825946916,156.37439816276955,0.15249009669960856,0.9999999999999987,0.00927734375,2.0000000000000013,1.2806954299797046,0.009277343750000012,0,3044,0.27963810248717363,0.8766310937082925,0.09631896879639032,15.831782524785847,15.831782524785847,0.0,0.2727931097101266,1.2625129767500574,2.0,0.9569798030601298,0.08034870935183724,-2.0,-1.0,-2.0,0.0,524.0,156.25,0,0,-2.0,-2.0,-0.0,9187.5,0.0,0.0,6005.0,3182.5,-0.0,-0.0
3045,2019-07-03,12:20:19,156.5625,156.5625,156.4375,156.46875,283,44289.875,156.50132508833923,-0.09375,-0.0005989817489657767,156.5139686462538,156.3773012962228,0.13666735003099006,0.9999999999999982,0.001953125,-1.750000000000001,-0.883883476483184,0.0019531250000000035,0,3045,0.47151666604359194,0.9569798030601298,0.04419417382415926,30.924291191586725,20.0,0.0,0.2727931097101266,1.7179727020810263,2.0,0.9739407011705941,0.016960898110464306,-2.0,-1.0,-2.0,0.0,524.0,62.5,0,0,-2.0,-2.0,187.5,9375.0,0.0,0.0,6005.0,3370.0,187.5,187.5
3046,2019-07-03,12:21:01,156.46875,156.5,156.375,156.40625,284,44427.6875,156.43551936619718,-0.0625,-0.00039952058062375784,156.49003116930854,156.3781920255698,0.11183914373873449,0.9999999999999988,0.0016601562499999997,-1.4878892733564086,-0.5413870509510866,0.001660156250000002,0,3046,0.5283062755956331,0.9739407011705941,0.040745015032516575,27.448546441688933,20.0,0.0,0.2727931097101266,1.7179727020810263,2.0,0.9730068087677259,-0.0009338924028681195,2.0,-1.0,-2.0,0.0,524.0,0.0,0,0,2.0,-2.0,125.0,9500.0,0.0,4.0,6015.0,3485.0,115.0,187.5
3047,2019-07-03,12:22:09,156.40625,156.4375,156.375,156.40625,284,44418.5,156.4031690140845,0.0,0.0,156.47141313168444,156.37905534785997,0.09235778382446824,0.9999999999999984,0.00244140625,-1.1999999999999993,0.0,0.0024414062500000035,0,3047,0.524836150195007,0.9730068087677259,0.049410588440130965,18.69190121796968,18.69190121796968,0.0,0.2727931097101266,1.5750371869568556,2.0,0.9354966343038217,-0.037510174463904256,2.0,-1.0,2.0,1.0,525.0,0.0,0,0,2.0,2.0,0.0,9500.0,0.0,0.0,6015.0,3485.0,0.0,115.0
3048,2019-07-03,12:23:23,156.40625,156.40625,156.34375,156.375,284,44411.375,156.3780809859155,-0.03125,-0.00019982016251951507,156.44998799131014,156.37893056792583,0.07105742338430332,0.9999999999999966,0.00361328125,-0.021913805697588867,0.5901286563843656,0.0036132812500000128,0,3048,0.41165001411934155,0.9354966343038217,0.06011057519272306,11.821118523069046,11.821118523069046,0.0,0.2727931097101266,0.824269066618452,1.0,0.8204418886487338,-0.11505474565508789,2.0,-1.0,2.0,0.0,525.0,-31.25,0,0,2.0,2.0,-62.5,9437.5,-1.0,0.0,6015.0,3422.5,-62.5,0.0
3049,2019-07-03,12:25:41,156.375,156.4375,156.375,156.40625,284,44419.0,156.4049295774648,0.03125,0.00019982016251951507,156.4402684376857,156.37977116583582,0.06049727184986864,0.9999999999999966,0.00361328125,-0.021913805697588867,0.5901286563843656,0.0036132812500000128,-1,3049,0.17586591592838374,0.8204418886487338,0.06011057519272306,10.064330886188625,10.064330886188625,0.0,0.2727931097101266,0.6323054708328725,1.0,0.800095469836316,-0.020346418812417832,1.0,-1.0,2.0,0.0,525.0,0.0,0,0,1.0,2.0,62.5,9500.0,0.0,1.0,6017.5,3482.5,60.0,60.0
3050,2019-07-03,12:27:42,156.40625,156.5,156.40625,156.5,284,44431.875,156.45026408450704,0.09375,0.0005992210306127177,156.45354211819998,156.38347051457936,0.07007160362061882,0.9999999999999966,0.00361328125,-0.021913805697588867,0.5901286563843656,0.0036132812500000128,-1,3050,0.14157888835280086,0.800095469836316,0.06011057519272306,11.657117469922602,11.657117469922602,0.0,0.2727931097101266,0.8063487265536065,1.0,0.8110464154839863,0.010950945647670296,-1.0,-1.0,1.0,0.0,525.0,93.75,0,0,-1.0,1.0,93.75,9593.75,0.0,2.0,6022.5,3571.25,88.75,88.75
3051,2019-07-03,12:31:19,156.5,156.53125,156.4375,156.4375,284,44442.46875,156.48756602112675,-0.0625,-0.00039944078821463336,156.44997720304445,156.38513296028464,0.06484424275981837,0.999999999999998,0.005566406249999999,-1.1172668513388746,0.2057527970555698,0.00556640625000001,0,3051,0.15985181921090877,0.8110464154839863,0.07460835241445833,8.69128464325292,8.69128464325292,0.0,0.2727931097101266,0.4822731684415284,1.0,0.8071456707215159,-0.003900744762470376,1.0,-1.0,-1.0,1.0,526.0,-62.5,0,0,1.0,-1.0,62.5,9656.25,0.0,2.0,6027.5,3628.75,57.5,88.75
3052,2019-07-03,12:35:45,156.4375,156.5,156.4375,156.4375,284,44433.5625,156.4562059859155,0.0,0.0,156.4472044912568,156.38674425381436,0.06046023744244167,0.9999999999999984,0.005175781249999999,1.128515485938055,1.032658539398995,0.005175781250000007,0,3052,0.15329604571268068,0.8071456707215159,0.07194290270763341,8.403919659475543,8.403919659475543,0.0,0.2727931097101266,0.45087289305780254,1.0,0.796930052646283,-0.010215618075232857,1.0,-1.0,1.0,1.0,527.0,0.0,0,0,1.0,1.0,0.0,9656.25,0.0,0.0,6027.5,3628.75,0.0,57.5
3053,2019-07-03,12:36:48,156.4375,156.46875,156.3125,156.34375,284,44412.34375,156.3814920774648,-0.09375,-0.0005994605035146705,156.42421460431086,156.385421353697,0.03879325061384975,0.9999999999999988,0.0016601562499999997,-1.4878892733564086,-0.5413870509510866,0.001660156250000002,0,3053,0.1363715236186043,0.796930052646283,0.040745015032516575,9.520980807809442,9.520980807809442,0.0,0.2727931097101266,0.5729337900295746,1.0,0.7493153536152883,-0.04761469903099469,1.0,-1.0,1.0,0.0,527.0,-93.75,0,0,1.0,1.0,-93.75,9562.5,0.0,0.0,6027.5,3535.0,-93.75,0.0
3054,2019-07-03,12:39:47,156.34375,156.34375,156.28125,156.3125,284,44393.0,156.31338028169014,-0.03125,-0.0001999000506405224,156.39938913668624,156.38317761973713,0.016211516949113047,0.9999999999999971,0.0022460937500000003,1.455576559546311,-1.1180799331493774,0.0022460937500000068,0,3054,0.0615904281329228,0.7493153536152883,0.047392971525322264,3.42065847051839,3.42065847051839,0.0,0.2727931097101266,-0.09364638547583282,0.0,0.5919087903150239,-0.15740656330026448,1.0,-1.0,1.0,0.0,527.0,-125.0,0,0,1.0,1.0,-31.25,9531.25,-1.0,0.0,6027.5,3503.75,-31.25,-31.25
3055,2019-07-03,12:44:24,156.3125,156.3125,156.28125,156.3125,284,44387.96875,156.29566461267606,0.0,0.0,156.38008043964487,156.38100292374523,-0.0009224841003572237,0.9999999999999973,0.00361328125,-0.021913805697588867,-0.5901286563843656,0.0036132812500000097,0,3055,-0.15138884832338745,0.5919087903150239,0.06011057519272303,-0.15346452723162418,0.0,-0.15346452723162418,0.25508675433146877,-0.4674205891246751,-0.0,0.5254022841925335,-0.06650650612249032,0.0,-1.0,1.0,0.0,527.0,-125.0,0,0,0.0,1.0,0.0,9531.25,-0.0,1.0,6030.0,3501.25,-2.5,-2.5
3056,2019-07-03,12:48:46,156.3125,156.375,156.3125,156.34375,284,44401.6875,156.34397007042253,0.03125,0.0001999000506405224,156.37200700861268,156.3798566799377,-0.007849671325004692,0.999999999999992,0.0016601562499999997,-1.4878892733564004,0.5413870509510851,0.0016601562500000128,-1,3056,-0.23012907798544735,0.5254022841925335,0.040745015032516714,-1.9265353856760716,0.0,-1.9265353856760716,0.05051424954816197,-0.4674205891246751,-0.0,0.5718286208334966,0.04642633664096307,0.0,-1.0,0.0,0.0,527.0,-93.75,0,0,0.0,0.0,0.0,9531.25,0.0,0.0,6030.0,3501.25,0.0,0.0
3057,2019-07-03,12:55:11,156.34375,156.40625,156.3125,156.40625,284,44407.34375,156.36388644366198,0.0625,0.00039968026111658617,156.37961656225434,156.38066878209347,-0.001052219839124291,0.9999999999999953,0.00244140625,-1.2000000000000004,0.0,0.0024414062500000113,-1,3057,-0.1757474888827137,0.5718286208334966,0.04941058844013104,-0.21295432261431702,0.0,-0.21295432261431702,0.2482229697328312,-0.4674205891246751,-0.0,0.6557019041920059,0.0838732833585093,0.0,-1.0,0.0,0.0,527.0,-31.25,0,0,0.0,0.0,0.0,9531.25,0.0,0.0,6030.0,3501.25,0.0,0.0
3058,2019-07-03,13:00:46,156.40625,156.5,156.375,156.375,284,44425.1875,156.42671654929578,-0.03125,-0.00019982016251951507,156.37859065953117,156.38049435802907,-0.0019036984978981764,0.9999999999999976,0.00322265625,-2.2314049586776847,0.5671631517317617,0.003222656250000008,0,3058,-0.07022841121111713,0.6557019041920059,0.056768444139328036,-0.3353444905458193,0.0,-0.3353444905458193,0.2341018966266143,-0.4674205891246751,-0.0,0.6948404769750228,0.03913857278301691,0.0,-1.0,0.0,0.0,527.0,-62.5,0,0,0.0,0.0,-0.0,9531.25,0.0,0.0,6030.0,3501.25,-0.0,-0.0
3059,2019-07-03,13:11:25,156.375,156.375,156.28125,156.3125,284,44396.84375,156.32691461267606,-0.0625,-0.0003997601492375935,156.36390384630204,156.37840222393586,-0.014498377633827886,0.9999999999999977,0.0041015625,-3.163265306122449,0.4414786044290983,0.00410156250000001,0,3059,-0.01719925563897725,0.6948404769750228,0.06404344228724757,-2.2638348464780798,0.0,-2.2638348464780798,0.011597476859865341,-0.4674205891246751,-0.0,0.6951764891320289,0.00033601215700607145,0.0,-1.0,0.0,0.0,527.0,-125.0,0,0,0.0,0.0,-0.0,9531.25,0.0,0.0,6030.0,3501.25,-0.0,-0.0
3060,2019-07-03,13:18:35,156.3125,156.3125,156.25,156.25,285,44535.71875,156.2656798245614,-0.0625,-0.0003999200213264942,156.33859188045716,156.3744513862763,-0.035859505819132664,0.9999999999999982,0.0026367187499999997,3.2510288065843675,1.7355817665801567,0.002636718750000005,0,3060,-0.01673199126223338,0.6951764891320289,0.05134898976610937,-6.983488084667275,0.0,-6.983488084667275,-0.5329443726926515,-0.4674205891246751,-1.0,0.7136750074250084,0.01849851829297955,0.0,-1.0,0.0,0.0,527.0,-187.5,0,0,0.0,0.0,-0.0,9531.25,-1.0,0.0,6030.0,3501.25,-0.0,-0.0
3061,2019-07-03,13:22:21,156.25,156.3125,156.25,156.3125,284,44383.71875,156.28069982394365,0.0625,0.0003999200213264942,156.3327936848,156.37254518977548,-0.0397515049754702,0.9999999999999976,0.00322265625,-2.2314049586776847,0.5671631517317617,0.003222656250000008,-1,3061,0.009332422631466646,0.7136750074250084,0.056768444139328036,-7.002394653957261,0.0,-7.002394653957261,-0.535125765623504,-0.4674205891246751,-1.0,0.7371070931493682,0.02343208572435973,1.0,-1.0,0.0,0.0,527.0,-125.0,0,0,1.0,0.0,0.0,9531.25,0.0,1.0,6032.5,3498.75,-2.5,-0.0
3062,2019-07-03,13:29:15,156.3125,156.34375,156.25,156.28125,284,44395.1875,156.32108274647888,-0.03125,-0.00019994001866052713,156.32133953262223,156.36973610701318,-0.048396574390949354,0.9999999999999963,0.00419921875,-1.963223363980531,-0.23551393640880577,0.004199218750000016,0,3062,0.04336766793534532,0.7371070931493682,0.06480137922914925,-7.468448197654933,0.0,-7.468448197654933,-0.588897864095087,-0.4674205891246751,-1.0,0.7844640137781115,0.047356920628743304,1.0,-1.0,1.0,1.0,528.0,-31.25,0,0,1.0,1.0,-31.25,9500.0,0.0,0.0,6032.5,3467.5,-31.25,-2.5
3063,2019-07-03,13:33:25,156.28125,156.34375,156.28125,156.3125,284,44392.78125,156.31261003521126,0.03125,0.00019994001866052713,156.31937519203953,156.36797499602815,-0.048599803988622625,0.9999999999999906,0.0021484375,0.867768595041318,-0.5516180692881069,0.002148437500000021,-1,3063,0.11617034292466875,0.7844640137781115,0.04635124054434812,-10.485113972758317,0.0,-10.485113972758317,-0.9369532566744864,-0.4674205891246751,-1.0,0.8232866923320717,0.038822678553960266,1.0,-1.0,1.0,0.0,528.0,0.0,0,0,1.0,1.0,31.25,9531.25,0.0,0.0,6032.5,3498.75,31.25,31.25
3064,2019-07-03,13:38:41,156.3125,156.40625,156.3125,156.40625,284,44407.78125,156.3654269366197,0.09375,0.0005995803117571086,156.33868070491965,156.36915268845806,-0.030471983538404857,0.9999999999999943,0.0027343750000000003,-0.6122448979591854,0.5122408325718829,0.0027343750000000163,-1,3064,0.18077956721834013,0.8232866923320717,0.052291251658379875,-5.82735784132289,0.0,-5.82735784132289,-0.3995529413179391,-0.4674205891246751,-1.0,0.8483702265130559,0.02508353418098419,1.0,-1.0,1.0,0.0,528.0,93.75,0,0,1.0,1.0,93.75,9625.0,0.0,0.0,6032.5,3592.5,93.75,93.75
3065,2019-07-03,13:43:00,156.40625,156.46875,156.40625,156.4375,284,44427.375,156.4344190140845,0.03125,0.00019978024239808434,156.36064054827085,156.37125568265935,-0.010615134388501701,0.9999999999999916,0.0021484374999999997,0.8677685950413286,0.5516180692881066,0.002148437500000018,-1,3065,0.22554360677921056,0.8483702265130559,0.04635124054434809,-2.2901510863221275,0.0,-2.2901510863221275,0.00856117457350436,-0.4674205891246751,-0.0,0.9250887127492584,0.07671848623620248,1.0,-1.0,1.0,0.0,528.0,125.0,0,0,1.0,1.0,31.25,9656.25,1.0,0.0,6032.5,3623.75,31.25,93.75
3066,2019-07-03,13:47:10,156.4375,156.46875,156.40625,156.40625,284,44429.1875,156.44080105633802,-0.03125,-0.00019978024239808434,156.37077598198846,156.37233243088522,-0.0015564488967640955,0.999999999999992,0.00244140625,-1.1999999999999993,0.0,0.0024414062500000195,0,3066,0.38561194673460064,0.9250887127492584,0.049410588440131124,-0.31500310882757115,0.0,-0.31500310882757115,0.23644883464606048,-0.4674205891246751,-0.0,0.9625102227554623,0.03742151000620386,0.0,-1.0,1.0,0.0,528.0,93.75,0,0,0.0,1.0,-31.25,9625.0,0.0,1.0,6035.0,3590.0,-33.75,31.25
3067,2019-07-03,13:53:36,156.40625,156.4375,156.375,156.40625,284,44419.0,156.4049295774648,0.0,0.0,156.37865909710217,156.37337604839647,0.005283048705706506,0.9999999999999943,0.0036132812500000006,-0.021913805697593602,0.5901286563843656,0.003613281250000021,0,3067,0.4887980384609922,0.9625102227554623,0.06011057519272313,0.8788883967202599,0.8788883967202599,0.0,0.2727931097101266,-0.37138474882912553,-0.0,0.9876766389897669,0.0251664162343046,0.0,-1.0,0.0,0.0,528.0,93.75,0,0,0.0,0.0,0.0,9625.0,0.0,0.0,6035.0,3590.0,0.0,0.0
3068,2019-07-03,14:00:32,156.40625,156.5,156.40625,156.46875,284,44428.53125,156.4384903169014,0.0625,0.00039952058062375784,156.39867929774616,156.37631063152276,0.02236866622340017,0.9999999999999939,0.0037109375,-0.8171745152354669,0.0809982909540922,0.003710937500000023,-1,3068,0.5877247488715136,0.9876766389897669,0.06091746465505621,3.671962769636301,3.671962769636301,0.0,0.2727931097101266,-0.06618644900866122,0.0,0.9971503152063462,0.009473676216579352,0.0,-1.0,0.0,0.0,528.0,156.25,0,0,0.0,0.0,0.0,9625.0,0.0,0.0,6035.0,3590.0,0.0,0.0
3069,2019-07-03,14:06:07,156.46875,156.625,156.46875,156.59375,284,44453.5,156.52640845070422,0.125,0.000798562629779731,156.44202834269146,156.38300107362977,0.05902726906168709,0.9999999999999879,0.0021484374999999997,0.8677685950413263,0.5516180692881066,0.002148437500000026,-1,3069,0.6517473550818957,0.9971503152063462,0.04635124054434817,12.734776538550394,12.734776538550394,0.0,0.2727931097101266,0.9241041714929146,1.0,0.9990094992504025,0.0018591840440562724,-0.0,-1.0,0.0,0.0,528.0,281.25,0,0,-0.0,0.0,0.0,9625.0,1.0,0.0,6035.0,3590.0,0.0,0.0
3070,2019-07-03,14:11:23,156.59375,156.6875,156.5625,156.65625,283,44329.28125,156.64056978798587,0.0625,0.00039904230377896255,156.4896331554267,156.39140873290273,0.09822442252396968,0.9999999999999879,0.0021484374999999997,0.8677685950413263,0.5516180692881066,0.002148437500000026,-1,3070,0.7378708189823373,0.9990094992504025,0.04635124054434817,21.19132548998123,20.0,0.0,0.2727931097101266,1.7179727020810263,2.0,0.992976085420739,-0.006033413829663492,1.0,-1.0,-0.0,0.0,528.0,343.75,0,0,1.0,-0.0,-0.0,9625.0,1.0,1.0,6037.5,3587.5,-2.5,0.0
3071,2019-07-03,14:15:32,156.65625,156.71875,156.65625,156.6875,284,44497.875,156.68265845070422,0.03125,0.0001994614547351503,156.5336035653319,156.4005192334288,0.13308433190309188,0.9999999999999959,0.0048828125,0.1999999999999993,0.0,0.00488281250000002,-1,3071,0.7858016254038205,0.992976085420739,0.06987712429686857,19.045479224029233,19.045479224029233,0.0,0.2727931097101266,1.6136725370748775,2.0,0.9401229632575218,-0.05285312216321725,2.0,-1.0,1.0,1.0,529.0,31.25,0,0,2.0,1.0,31.25,9656.25,0.0,1.0,6040.0,3616.25,28.75,28.75
3072,2019-07-03,14:20:55,156.6875,156.6875,156.625,156.6875,283,44338.0625,156.67159893992934,0.0,0.0,156.56780277303596,156.40934941086178,0.15845336217418549,0.999999999999995,0.00244140625,-1.2000000000000004,0.0,0.0024414062500000117,0,3072,0.9057743907839111,0.9401229632575218,0.04941058844013105,32.06870575244767,20.0,0.0,0.2727931097101266,1.7179727020810263,2.0,0.8474745682748244,-0.09264839498269739,2.0,-1.0,2.0,0.0,529.0,31.25,0,0,2.0,2.0,0.0,9656.25,0.0,0.0,6040.0,3616.25,0.0,28.75
3073,2019-07-03,14:30:07,156.65625,156.71875,156.59375,156.625,284,44486.5625,156.64282570422534,-0.0625,-0.00039896270228023667,156.58051326791687,156.4159848136045,0.16452845431237506,0.9999999999999938,0.0016601562499999997,-1.4878892733564004,-0.5413870509510851,0.0016601562500000101,0,3073,0.974612747564238,0.8474745682748244,0.04074501503251668,40.38002052056495,20.0,0.0,0.2727931097101266,1.7179727020810263,2.0,0.6846702276615808,-0.16280434061324356,-2.0,-1.0,2.0,0.0,529.0,-31.25,0,0,-2.0,2.0,-125.0,9531.25,0.0,4.0,6050.0,3481.25,-135.0,0.0
3074,2019-07-03,14:35:14,156.625,156.65625,156.59375,156.59375,283,44319.84375,156.60722173144876,-0.03125,-0.0001995410562338762,156.58345476393538,156.42145451164745,0.1620002522879247,0.9999999999999966,0.00361328125,-0.021913805697588867,0.5901286563843656,0.003613281250000013,0,3074,0.9995118517591156,0.6846702276615808,0.06011057519272306,26.950374666775158,20.0,0.0,0.2727931097101266,1.7179727020810263,2.0,0.5949500757456301,-0.08972015191595073,2.0,1.0,-2.0,1.0,530.0,-31.25,0,0,2.0,-2.0,62.5,9593.75,0.0,4.0,6060.0,3533.75,52.5,52.5
3075,2019-07-03,14:41:59,156.59375,156.625,156.53125,156.625,284,44472.8125,156.59441021126761,0.03125,0.0001995410562338762,156.59268703861642,156.42771744975065,0.16496958886577318,0.9999999999999978,0.004589843749999999,-0.7378904481665908,0.912717046241344,0.00458984375000001,-1,3075,0.9890392576329129,0.5949500757456301,0.06774838558962132,24.350335056699212,20.0,0.0,0.2727931097101266,1.7179727020810263,2.0,0.45143227099906597,-0.14351780474656411,2.0,1.0,2.0,1.0,531.0,31.25,0,0,2.0,2.0,62.5,9656.25,0.0,0.0,6060.0,3596.25,62.5,62.5
3076,2019-07-03,14:46:01,156.625,156.75,156.59375,156.71875,283,44343.8125,156.69191696113074,0.09375,0.0005983843800771993,156.620701030035,156.43667229745066,0.18402873258435193,0.9999999999999964,0.005078125,-2.507396449704141,-0.2276977550124023,0.0050781250000000175,-1,3076,0.9501660105155378,0.45143227099906597,0.07126096406869625,25.824620111362297,20.0,0.0,0.2727931097101266,1.7179727020810263,2.0,0.3675557909142307,-0.08387648008483528,2.0,1.0,2.0,0.0,531.0,125.0,0,0,2.0,2.0,187.5,9843.75,0.0,0.0,6060.0,3783.75,187.5,187.5
3077,2019-07-03,14:51:21,156.71875,156.71875,156.65625,156.65625,284,44500.46875,156.69179137323943,-0.0625,-0.00039888313253211294,156.62860080113836,156.44342853445218,0.18517226668618036,0.9999999999999964,0.005078125,-2.507396449704141,-0.2276977550124023,0.0050781250000000175,0,3077,0.9175115405893769,0.3675557909142307,0.07126096406869625,25.985091432059846,20.0,0.0,0.2727931097101266,1.7179727020810263,2.0,0.16215764119002302,-0.20539814972420767,2.0,1.0,2.0,0.0,531.0,62.5,0,0,2.0,2.0,-125.0,9718.75,0.0,0.0,6060.0,3658.75,-125.0,187.5
3078,2019-07-03,14:57:56,156.65625,156.78125,156.65625,156.75,283,44350.25,156.71466431095408,0.09375,0.0005982650492528663,156.6555784008854,156.45286150262288,0.2027168982625085,0.9999999999999964,0.005175781249999999,-2.7162691349234627,0.19669686464742817,0.005175781250000016,-1,3078,0.8124108954016558,0.16215764119002302,0.07194290270763348,28.17746999816276,20.0,0.0,0.2727931097101266,1.7179727020810263,2.0,-0.059202162225452416,-0.22135980341547543,2.0,1.0,2.0,0.0,531.0,156.25,0,0,2.0,2.0,187.5,9906.25,0.0,0.0,6060.0,3846.25,187.5,187.5
3079,2019-07-03,15:01:10,156.75,156.75,156.6875,156.71875,284,44513.125,156.73635563380282,-0.03125,-0.00019938191672075334,156.669616534022,156.46104268715757,0.20857384686442515,0.9999999999999967,0.00341796875,2.000000000000002,1.1454053224818188,0.0034179687500000113,0,3079,0.664004275251648,-0.059202162225452416,0.05846339666834293,35.67597141980032,20.0,0.0,0.2727931097101266,1.7179727020810263,2.0,-0.18484335855289405,-0.12564119632744164,2.0,1.0,2.0,0.0,531.0,125.0,0,0,2.0,2.0,-62.5,9843.75,0.0,0.0,6060.0,3783.75,-62.5,187.5
3080,2019-07-03,15:06:58,156.71875,156.75,156.6875,156.71875,283,44350.5,156.71554770318022,0.0,0.0,156.68053508201712,156.46897214293736,0.2115629390797551,0.9999999999999932,0.00224609375,3.724007561436674,1.7487916903105656,0.0022460937500000146,0,3080,0.5642179215962845,-0.18484335855289405,0.04739297152532235,44.640150695492,20.0,0.0,0.2727931097101266,1.7179727020810263,2.0,-0.2933172480660374,-0.10847388951314332,2.0,1.0,2.0,0.0,531.0,125.0,0,0,2.0,2.0,0.0,9843.75,0.0,0.0,6060.0,3783.75,0.0,0.0
3081,2019-07-03,15:13:21,156.71875,156.75,156.6875,156.71875,284,44508.15625,156.71886003521126,0.0,0.0,156.68902728601333,156.4766576154624,0.2123696705509417,0.9999999999999915,0.00078125,0.3124999999999976,-1.257788237343632,0.0007812500000000068,0,3081,0.4685981895653611,-0.2933172480660374,0.027950849718747492,75.9796831537822,20.0,0.0,0.2727931097101266,1.7179727020810263,2.0,-0.43456302290273546,-0.1412457748366981,2.0,1.0,2.0,0.0,531.0,125.0,0,0,2.0,2.0,0.0,9843.75,0.0,0.0,6060.0,3783.75,0.0,0.0
3082,2019-07-03,15:20:41,156.6875,156.71875,156.65625,156.71875,283,44343.59375,156.69114399293287,0.0,0.0,156.69563233356595,156.4841066119097,0.21152572165624406,0.9999999999999917,0.001171875,2.9166666666666665,-1.2932338163316421,0.00117187500000001,0,3082,0.32956719974731624,-0.43456302290273546,0.034232659844073025,61.79061826329782,20.0,0.0,0.2727931097101266,1.7179727020810263,2.0,-0.598778622943426,-0.16421560004069052,2.0,1.0,2.0,0.0,531.0,125.0,0,0,2.0,2.0,0.0,9843.75,0.0,0.0,6060.0,3783.75,0.0,0.0
3083,2019-07-03,15:29:07,156.71875,156.75,156.65625,156.65625,283,44349.15625,156.71079946996466,-0.0625,-0.00039888313253211294,156.68688070388464,156.48940333154326,0.19747737234138185,0.9999999999999937,0.00126953125,-0.17751479289940755,-0.4047960089109363,0.0012695312500000083,0,3083,0.14293170430068147,-0.598778622943426,0.035630482034348175,55.42371617398033,20.0,0.0,0.2727931097101266,1.7179727020810263,2.0,-0.7434517479602869,-0.14467312501686092,2.0,1.0,2.0,0.0,531.0,62.5,0,0,2.0,2.0,-125.0,9718.75,0.0,0.0,6060.0,3658.75,-125.0,0.0
3084,2019-07-03,15:33:32,156.65625,156.71875,156.65625,156.6875,284,44498.90625,156.68628961267606,0.03125,0.0001994614547351503,156.68701832524363,156.49549861364963,0.1915197115939975,0.9999999999999966,0.00361328125,-0.021913805697588867,0.5901286563843656,0.003613281250000013,-1,3084,-0.05279412730432636,-0.7434517479602869,0.06011057519272306,31.861234230409217,20.0,0.0,0.2727931097101266,1.7179727020810263,2.0,-0.8411132167712211,-0.09766146881093418,2.0,1.0,2.0,0.0,531.0,93.75,0,0,2.0,2.0,62.5,9781.25,0.0,0.0,6060.0,3721.25,62.5,62.5
3085,2019-07-03,15:38:04,156.6875,156.71875,156.65625,156.65625,283,44341.0625,156.6821996466431,-0.03125,-0.0001994614547351503,156.68018091963395,156.50044481015274,0.17973610948121177,0.9999999999999963,0.00419921875,-1.963223363980531,-0.23551393640880577,0.004199218750000016,0,3085,-0.21231172824510225,-0.8411132167712211,0.06480137922914925,27.736463578287864,20.0,0.0,0.2727931097101266,1.7179727020810263,2.0,-0.9158636232220736,-0.07475040645085251,2.0,1.0,2.0,0.0,531.0,62.5,0,0,2.0,2.0,-62.5,9718.75,0.0,0.0,6060.0,3658.75,-62.5,62.5
3086,2019-07-03,15:51:03,156.65625,156.75,156.65625,156.75,284,44503.96875,156.7041153169014,0.09375,0.0005982650492528663,156.69569627082643,156.50812343137883,0.18757283944759706,0.999999999999992,0.00244140625,-1.1999999999999993,0.0,0.0024414062500000195,-1,3086,-0.3637174261516705,-0.9158636232220736,0.049410588440131124,37.96207358972697,20.0,0.0,0.2727931097101266,1.7179727020810263,2.0,-0.9680390188619652,-0.0521753956398916,2.0,1.0,2.0,0.0,531.0,156.25,0,0,2.0,2.0,187.5,9906.25,0.0,0.0,6060.0,3846.25,187.5,187.5
3087,2019-07-03,15:54:20,156.75,156.84375,156.75,156.8125,283,44374.71875,156.80112632508835,0.0625,0.0003986446136110544,156.72165265508724,156.5174888642595,0.20416379082774938,0.999999999999995,0.0032226562500000003,-2.231404958677686,0.5671631517317615,0.0032226562500000163,-1,3087,-0.5071648305902364,-0.9680390188619652,0.05676844413932811,35.96430973635026,20.0,0.0,0.2727931097101266,1.7179727020810263,2.0,-0.9806792405828344,-0.012640221720869205,2.0,1.0,2.0,0.0,531.0,218.75,0,0,2.0,2.0,125.0,10031.25,0.0,0.0,6060.0,3971.25,125.0,187.5
3088,2019-07-03,15:57:24,156.8125,156.84375,156.78125,156.8125,283,44377.96875,156.81261042402826,0.0,0.0,156.74184095395677,156.52656612997458,0.21527482398218467,0.9999999999999977,0.005566406249999999,-1.1172668513388746,-0.2057527970555698,0.005566406250000013,0,3088,-0.5551188281587944,-0.9806792405828344,0.07460835241445835,28.853984442158325,20.0,0.0,0.2727931097101266,1.7179727020810263,2.0,-0.9870321590211636,-0.0063529184383291915,2.0,1.0,2.0,0.0,531.0,218.75,0,0,2.0,2.0,0.0,10031.25,0.0,0.0,6060.0,3971.25,0.0,125.0
3089,2019-07-03,16:02:38,156.8125,156.84375,156.75,156.78125,284,44533.46875,156.80798855633802,-0.03125,-0.0001993024421151901,156.7505985197442,156.5344025567446,0.21619596299959198,0.9999999999999972,0.00439453125,-0.9629629629629631,-0.5237828008789241,0.004394531250000012,0,3089,-0.5844304875853534,-0.9870321590211636,0.06629126073623892,32.613041387129,20.0,0.0,0.2727931097101266,1.7179727020810263,2.0,-0.991232148563049,-0.004199989541885385,2.0,1.0,2.0,0.0,531.0,187.5,0,0,2.0,2.0,-62.5,9968.75,0.0,0.0,6060.0,3908.75,-62.5,0.0
3090,2019-07-03,16:10:09,156.78125,156.8125,156.6875,156.6875,283,44362.03125,156.7562941696113,-0.09375,-0.0005981457660135803,156.7365766264677,156.53911324730632,0.1974633791613769,0.9999999999999977,0.0032226562500000003,1.0743801652892546,0.2669003066972995,0.0032226562500000076,0,3090,-0.6074756418278812,-0.991232148563049,0.056768444139328036,34.784004063373345,20.0,0.0,0.2727931097101266,1.7179727020810263,2.0,-0.9933028734538263,-0.002070724890777309,2.0,1.0,2.0,0.0,531.0,93.75,0,0,2.0,2.0,-187.5,9781.25,0.0,0.0,6060.0,3721.25,-187.5,-62.5
3091,2019-07-03,16:22:53,156.6875,156.75,156.65625,156.75,283,44344.28125,156.69357332155477,0.0625,0.00039880359451771596,156.73955959836377,156.54560207046615,0.19395752789762355,0.9999999999999977,0.0032226562500000003,1.0743801652892546,0.2669003066972995,0.0032226562500000076,-1,3091,-0.6206723555298082,-0.9933028734538263,0.056768444139328036,34.16643363020296,20.0,0.0,0.2727931097101266,1.7179727020810263,2.0,-0.9956012127349619,-0.002298339281135653,2.0,1.0,2.0,0.0,531.0,156.25,0,0,2.0,2.0,125.0,9906.25,0.0,0.0,6060.0,3846.25,125.0,125.0
3092,2019-07-03,16:28:34,156.75,156.75,156.6875,156.71875,284,44508.84375,156.72128080985917,-0.03125,-0.00019938191672075334,156.73493524317183,156.5509296990672,0.18400554410462178,0.9999999999999977,0.0032226562500000003,1.0743801652892546,0.2669003066972995,0.0032226562500000076,0,3092,-0.6377459907677744,-0.9956012127349619,0.056768444139328036,32.413349862647806,20.0,0.0,0.2727931097101266,1.7179727020810263,2.0,-0.9873792369412101,0.008221975793751835,2.0,1.0,2.0,0.0,531.0,125.0,0,0,2.0,2.0,-62.5,9843.75,0.0,0.0,6060.0,3783.75,-62.5,125.0
3093,2019-07-03,16:38:48,156.71875,156.75,156.6875,156.71875,283,44350.0,156.7137809187279,0.0,0.0,156.731338522467,156.55609340063438,0.1752451218326314,0.9999999999999915,0.00146484375,2.0000000000000013,1.3608276348795436,0.0014648437500000126,0,3093,-0.5861954064389604,-0.9873792369412101,0.03827327723098732,45.78785369619383,20.0,0.0,0.2727931097101266,1.7179727020810263,2.0,-0.9751729836023503,0.01220625333885983,2.0,1.0,2.0,0.0,531.0,125.0,0,0,2.0,2.0,0.0,9843.75,0.0,0.0,6060.0,3783.75,0.0,0.0
3094,2019-07-03,16:49:00,156.6875,156.71875,156.65625,156.6875,284,44499.25,156.6875,-0.03125,-0.00019942167779696263,156.72159662858547,156.56013668061487,0.1614599479705987,0.999999999999968,0.00029296875,-3.3333333333333304,-0.6085806194501845,0.00029296875000000937,0,3094,-0.5329665451240158,-0.9751729836023503,0.017116329922036714,94.33093934624637,20.0,0.0,0.2727931097101266,1.7179727020810263,2.0,-0.9717740116460903,0.003398971956259933,2.0,1.0,2.0,0.0,531.0,93.75,0,0,2.0,2.0,-62.5,9781.25,0.0,0.0,6060.0,3721.25,-62.5,0.0
3095,2019-07-03,16:54:59,156.6875,156.6875,156.6875,156.6875,283,44342.5625,156.6875,0.0,0.0,156.71401960001094,156.56405555198057,0.14996404803036967,0.999999999999968,0.00029296875,-3.3333333333333304,-0.6085806194501845,0.00029296875000000937,0,3095,-0.5203318217038513,-0.9717740116460903,0.017116329922036714,87.61460471575502,20.0,0.0,0.2727931097101266,1.7179727020810263,2.0,-0.9870995822796303,-0.015325570633540009,2.0,1.0,2.0,0.0,531.0,93.75,0,0,2.0,2.0,0.0,9781.25,0.0,0.0,6060.0,3721.25,0.0,0.0
3096,2019-07-03,16:59:09,156.6875,156.71875,156.6875,156.6875,284,44500.46875,156.69179137323943,0.0,0.0,156.70812635556408,156.5678538426889,0.14027251287518538,0.9999999999999734,0.00029296875,-3.333333333333344,0.6085806194501838,0.0002929687500000078,0,3096,-0.5847717025062693,-0.9870995822796303,0.01711632992203667,81.95244746631666,20.0,0.0,0.2727931097101266,1.7179727020810263,2.0,-0.9995987958497172,-0.012499213570086876,2.0,1.0,2.0,0.0,531.0,93.75,0,0,2.0,2.0,0.0,9781.25,0.0,0.0,6060.0,3721.25,0.0,0.0
3097,2019-07-03,17:00:08,156.6875,156.71875,156.625,156.65625,283,44336.875,156.66740282685512,-0.03125,-0.0001994614547351503,156.69659827654985,156.57057372445232,0.12602455209753316,0.999999999999968,0.00029296875,-3.3333333333333304,-0.6085806194501845,0.00029296875000000937,0,3097,-0.7268511590077603,-0.9995987958497172,0.017116329922036714,73.62825598218966,20.0,0.0,0.2727931097101266,1.7179727020810263,2.0,-0.9262606933015733,0.07333810254814388,2.0,1.0,2.0,0.0,531.0,62.5,0,0,2.0,2.0,-62.5,9718.75,0.0,0.0,6060.0,3658.75,-62.5,0.0
3098,2019-07-03,17:10:12,156.65625,156.6875,156.625,156.625,284,44492.03125,156.66208186619718,-0.03125,-0.00019950124754508636,156.68068754842767,156.57224837908458,0.10843916934308595,0.9999999999999915,0.00146484375,2.0000000000000013,1.3608276348795436,0.0014648437500000126,0,3098,-0.9214620541760404,-0.9262606933015733,0.03827327723098732,28.332867522327035,20.0,0.0,0.2727931097101266,1.7179727020810263,2.0,-0.7581201045578806,0.16814058874369275,2.0,1.0,2.0,0.0,531.0,31.25,0,0,2.0,2.0,-62.5,9656.25,0.0,0.0,6060.0,3596.25,-62.5,-62.5
3099,2019-07-03,17:28:18,156.625,156.65625,156.5625,156.625,283,44322.75,156.61749116607774,0.0,0.0,156.668312537666,156.573871505882,0.09444103178398677,0.9999999999999915,0.00146484375,2.0000000000000013,1.3608276348795436,0.0014648437500000126,0,3099,-0.9971867696306944,-0.7581201045578806,0.03827327723098732,24.6754494562917,20.0,0.0,0.2727931097101266,1.7179727020810263,2.0,-0.48007773744812954,0.27804236710975105,-2.0,1.0,2.0,0.0,531.0,31.25,0,0,-2.0,2.0,0.0,9656.25,0.0,4.0,6070.0,3586.25,-10.0,-10.0
3100,2019-07-03,17:45:07,156.625,156.71875,156.625,156.6875,284,44495.65625,156.67484595070422,0.0625,0.00039896270228023667,156.6725764181847,156.5773677672395,0.09520865094518172,0.999999999999995,0.0021484375,0.8677685950413228,0.5516180692881075,0.002148437500000011,-1,3100,-0.9597586409813033,-0.48007773744812954,0.04635124054434801,20.540690999216693,20.0,0.0,0.2727931097101266,1.7179727020810263,2.0,-0.16557179923780616,0.31450593821032335,-2.0,-1.0,-2.0,1.0,532.0,62.5,0,0,-2.0,-2.0,-125.0,9531.25,0.0,0.0,6070.0,3461.25,-125.0,-10.0
3101,2019-07-03,18:07:11,156.6875,156.71875,156.65625,156.6875,283,44346.5,156.70141342756185,0.0,0.0,156.6758927696992,156.58075645132448,0.09513631837472758,0.9999999999999943,0.002734375,-0.612244897959183,-0.5122408325718831,0.0027343750000000154,0,3101,-0.8144240504535566,-0.16557179923780616,0.05229125165837987,18.19354392131511,18.19354392131511,0.0,0.2727931097101266,1.5205818523202406,2.0,0.060384103311277415,0.22595590254908357,-2.0,-1.0,-2.0,0.0,532.0,62.5,0,0,-2.0,-2.0,-0.0,9531.25,0.0,0.0,6070.0,3461.25,-0.0,-0.0
3102,2019-07-03,19:15:34,156.6875,156.71875,156.625,156.625,284,44493.65625,156.6678036971831,-0.0625,-0.00039896270228023667,156.66458326532162,156.58211779128374,0.08246547403788895,0.9999999999999969,0.00390625,-3.0,0.0,0.003906250000000012,0,3102,-0.6631184544919689,0.060384103311277415,0.0625000000000001,13.194475846062213,13.194475846062213,0.0,0.2727931097101266,0.9743353606233264,1.0,0.3699435482503958,0.3095594449391184,-2.0,-1.0,-2.0,0.0,532.0,0.0,0,0,-2.0,-2.0,125.0,9656.25,-1.0,0.0,6070.0,3586.25,125.0,125.0
3103,2019-07-03,22:06:54,156.625,156.6875,156.5625,156.6875,283,44326.0,156.62897526501766,0.0625,0.00039896270228023667,156.66967587302793,156.5853603207827,0.08431555224521503,0.9999999999999967,0.002734375,-0.612244897959183,0.5122408325718831,0.002734375000000009,-1,3103,-0.3953509578581162,0.3699435482503958,0.052291251658379806,16.124217640849537,16.124217640849537,0.0,0.2727931097101266,1.2944672637879848,2.0,0.5778697349195606,0.2079261866691648,-1.0,-1.0,-2.0,0.0,532.0,62.5,0,0,-1.0,-2.0,-125.0,9531.25,1.0,1.0,6072.5,3458.75,-127.5,125.0
3104,2019-07-04,00:13:48,156.6875,156.6875,156.59375,156.625,284,44490.4375,156.65647007042253,-0.0625,-0.00039896270228023667,156.65974790124395,156.5865800032202,0.07316789802374046,0.9999999999999967,0.003125,-2.32421875,0.052407843222651435,0.0031250000000000106,0,3104,-0.16847475277241591,0.5778697349195606,0.05590169943749484,13.088671500148475,13.088671500148475,0.0,0.2727931097101266,0.9627741552363118,1.0,0.7435785786005291,0.1657088436809685,-2.0,-1.0,-1.0,0.0,532.0,0.0,0,0,-2.0,-1.0,62.5,9593.75,-1.0,1.0,6075.0,3518.75,60.0,60.0
3105,2019-07-04,05:20:29,156.625,156.65625,156.59375,156.625,283,44325.625,156.62765017667846,0.0,0.0,156.65202614541198,156.5877621569673,0.0642639884446794,0.999999999999994,0.0027343750000000003,0.5357142857142847,-1.088511769215251,0.0027343750000000167,0,3105,0.05298352391982144,0.7435785786005291,0.05229125165837988,12.289625206242473,12.289625206242473,0.0,0.2727931097101266,0.8754626347330641,1.0,0.9528105834308691,0.20923200483034,-1.0,-1.0,-2.0,0.0,532.0,0.0,0,0,-1.0,-2.0,-0.0,9593.75,0.0,1.0,6077.5,3516.25,-2.5,60.0
3106,2019-07-04,06:58:49,156.625,156.6875,156.625,156.65625,284,44488.5625,156.64986795774647,0.03125,0.00019950124754508636,156.6529647797649,156.58986947521447,0.06309530455041568,0.999999999999994,0.0027343750000000003,0.5357142857142847,-1.088511769215251,0.0027343750000000167,-1,3106,0.4590856252408148,0.9528105834308691,0.05229125165837988,12.066130098131701,12.066130098131701,0.0,0.2727931097101266,0.8510413992389354,1.0,0.9922368194284484,0.03942623599757933,-1.0,-1.0,-1.0,0.0,532.0,31.25,0,0,-1.0,-1.0,-31.25,9562.5,0.0,0.0,6077.5,3485.0,-31.25,-2.5
3107,2019-07-04,08:18:39,156.65625,156.75,156.65625,156.71875,283,44346.78125,156.70240724381625,0.0625,0.00039888313253211294,156.6675837175949,156.59383502982328,0.07374868777162646,0.999999999999992,0.00341796875,1.999999999999999,1.145405322481819,0.0034179687500000278,-1,3107,0.6136796380515285,0.9922368194284484,0.05846339666834307,12.61450616528412,12.61450616528412,0.0,0.2727931097101266,0.9109622681495685,1.0,0.9994818878300352,0.007245068401586785,-1.0,-1.0,-1.0,0.0,532.0,93.75,0,0,-1.0,-1.0,-62.5,9500.0,0.0,0.0,6077.5,3422.5,-62.5,-31.25
3108,2019-07-04,09:17:35,156.71875,156.78125,156.65625,156.78125,284,44506.5,156.71302816901408,0.0625,0.00039872408821661764,156.69284289146273,156.5996016442903,0.09324124717244331,0.9999999999999885,0.0026367187499999993,3.2510288065843724,1.7355817665801574,0.0026367187500000292,-1,3108,0.7294995494921908,0.9994818878300352,0.05134898976610961,18.158341108004162,18.158341108004162,0.0,0.2727931097101266,1.5167352527181748,2.0,0.932164476433853,-0.06731741139618219,1.0,-1.0,-1.0,0.0,532.0,156.25,0,0,1.0,-1.0,-62.5,9437.5,1.0,2.0,6082.5,3355.0,-67.5,-62.5
3109,2019-07-04,10:05:08,156.78125,156.9375,156.75,156.9375,283,44388.75,156.8507067137809,0.15625,0.0009961152332778056,156.74721113780436,156.6099985167737,0.13721262103067033,0.9999999999999885,0.0026367187499999993,3.2510288065843724,1.7355817665801574,0.0026367187500000292,-1,3109,0.9151372725279331,0.932164476433853,0.05134898976610961,26.72158140903306,20.0,0.0,0.2727931097101266,1.7179727020810263,2.0,0.6799416382482399,-0.2522228381856131,2.0,-1.0,1.0,1.0,533.0,156.25,0,0,2.0,1.0,156.25,9593.75,0.0,1.0,6085.0,3508.75,153.75,153.75
3110,2019-07-04,11:20:36,156.9375,157.0,156.875,156.96875,283,44413.40625,156.9378312720848,0.03125,0.0001991040325144411,156.7964419960701,156.6210370239499,0.1754049721201909,0.9999999999999986,0.012890625,2.3657024793388453,-1.0363238470981087,0.012890625000000017,-1,3110,0.9992888690428705,0.6799416382482399,0.11353688827865602,15.449161482186364,15.449161482186364,0.0,0.2727931097101266,1.2207041037715052,1.0,0.5034595691300197,-0.17648206911822029,-2.0,-1.0,2.0,0.0,533.0,187.5,0,0,-2.0,2.0,62.5,9656.25,-1.0,4.0,6095.0,3561.25,52.5,153.75
3111,2019-07-04,11:57:41,157.0,157.0625,156.96875,157.0,283,44434.09375,157.0109319787986,0.03125,0.00019906439798944575,156.8416771080545,156.632697423213,0.2089796848415233,0.9999999999999989,0.0125,2.3632812499999987,-0.8210562104882038,0.012500000000000015,-1,3111,0.9669532179116168,0.5034595691300197,0.11180339887498955,18.691711248885127,18.691711248885127,0.0,0.2727931097101266,1.5750164290987099,2.0,0.27497138170069724,-0.22848818742932242,1.0,1.0,-2.0,1.0,534.0,31.25,0,0,1.0,-2.0,-62.5,9593.75,1.0,3.0,6102.5,3491.25,-70.0,52.5
3112,2019-07-04,12:48:17,157.0,157.0,156.8125,156.84375,283,44399.25,156.88780918727915,-0.15625,-0.000995718493100206,156.84213775070907,156.63919134865262,0.20294640205645464,0.9999999999999992,0.006640624999999999,2.6643598615916986,-1.71439232801177,0.006640625000000005,0,3112,0.8742836484699485,0.27497138170069724,0.08149003006503314,24.90444559837482,20.0,0.0,0.2727931097101266,1.7179727020810263,2.0,0.1362858245441425,-0.13868555715655473,2.0,1.0,1.0,1.0,535.0,-156.25,0,0,2.0,1.0,-156.25,9437.5,0.0,1.0,6105.0,3332.5,-158.75,-70.0
3113,2019-07-04,14:20:36,156.875,156.96875,156.84375,156.875,283,44401.5,156.8957597173145,0.03125,0.00019922303084118909,156.84944047277372,156.64644699946334,0.20299347331038575,0.9999999999999992,0.006640624999999999,2.6643598615916986,-1.71439232801177,0.006640625000000005,-1,3113,0.7968777934058457,0.1362858245441425,0.08149003006503314,24.91022191897423,20.0,0.0,0.2727931097101266,1.7179727020810263,2.0,0.08557291796980923,-0.05071290657433328,2.0,1.0,2.0,0.0,535.0,-125.0,0,0,2.0,2.0,62.5,9500.0,0.0,0.0,6105.0,3395.0,62.5,62.5
3114,2019-07-04,15:25:08,156.875,156.9375,156.84375,156.84375,283,44400.46875,156.89211572438163,-0.03125,-0.00019922303084118909,156.84817592326846,156.65251786101834,0.19565806225011784,1.0000000000000002,0.006054687500000001,0.31737773152965926,-0.9198156830980223,0.0060546875,0,3114,0.7650222407489866,0.08557291796980923,0.07781187248742957,25.14501399278448,20.0,0.0,0.2727931097101266,1.7179727020810263,2.0,0.05233248786803496,-0.03324043010177427,2.0,1.0,2.0,0.0,535.0,-156.25,0,0,2.0,2.0,-62.5,9437.5,0.0,0.0,6105.0,3332.5,-62.5,62.5
3115,2019-07-04,22:04:52,156.875,156.875,156.8125,156.875,283,44385.90625,156.84065812720848,0.03125,0.00019922303084118909,156.8541368292088,156.65936346529472,0.19477336391409494,0.999999999999995,0.0016601562499999997,-1.4878892733564004,-0.5413870509510851,0.001660156250000008,-1,3115,0.7431425014923828,0.05233248786803496,0.04074501503251665,47.80299228228426,20.0,0.0,0.2727931097101266,1.7179727020810263,2.0,-0.06386339000539544,-0.1161958778734304,2.0,1.0,2.0,0.0,535.0,-125.0,0,0,2.0,2.0,62.5,9500.0,0.0,0.0,6105.0,3395.0,62.5,62.5
3116,2019-07-04,23:48:01,156.875,156.9375,156.78125,156.8125,283,44394.0625,156.86947879858658,-0.0625,-0.0003984857594074853,156.84488420049576,156.6640753586703,0.18080884182546697,0.9999999999999962,0.00244140625,-1.2000000000000004,0.0,0.0024414062500000095,0,3116,0.6605050927252285,-0.06386339000539544,0.04941058844013102,36.59313672099784,20.0,0.0,0.2727931097101266,1.7179727020810263,2.0,-0.2608977508926032,-0.19703436088720777,2.0,1.0,2.0,0.0,535.0,-187.5,0,0,2.0,2.0,-125.0,9375.0,0.0,0.0,6105.0,3270.0,-125.0,62.5
3117,2019-07-05,00:08:49,156.8125,156.9375,156.75,156.8125,284,44542.34375,156.83923855633802,0.0,0.0,156.83768771149673,156.66864227071122,0.16904544078550998,0.9999999999999962,0.00244140625,-1.2000000000000004,0.0,0.0024414062500000095,0,3117,0.4981345872383941,-0.2608977508926032,0.04941058844013102,34.21239174075736,20.0,0.0,0.2727931097101266,1.7179727020810263,2.0,-0.5077021909231489,-0.24680444003054575,2.0,1.0,2.0,0.0,535.0,-187.5,0,0,2.0,2.0,0.0,9375.0,0.0,0.0,6105.0,3270.0,0.0,0.0
3118,2019-07-05,01:00:13,156.8125,156.90625,156.78125,156.875,283,44393.5625,156.86771201413427,0.0625,0.0003984857594074853,156.84597933116413,156.67499173930472,0.17098759185941503,0.9999999999999963,0.0021484375,0.8677685950413228,0.5516180692881075,0.002148437500000008,-1,3118,0.2501959081048933,-0.5077021909231489,0.04635124054434798,36.889539492652275,20.0,0.0,0.2727931097101266,1.7179727020810263,2.0,-0.6536567498496935,-0.14595455892654452,2.0,1.0,2.0,0.0,535.0,-125.0,0,0,2.0,2.0,125.0,9500.0,0.0,0.0,6105.0,3395.0,125.0,125.0
3119,2019-07-05,01:57:37,156.875,156.90625,156.75,156.84375,283,44378.09375,156.81305212014135,-0.03125,-0.00019922303084118909,156.8454839242388,156.6801843011723,0.1652996230665167,0.9999999999999898,0.00126953125,-0.17751479289940755,0.4047960089109363,0.0012695312500000128,0,3119,0.07292703776450286,-0.6536567498496935,0.035630482034348245,46.39275519965341,20.0,0.0,0.2727931097101266,1.7179727020810263,2.0,-0.8211560939526868,-0.16749934410299339,2.0,1.0,2.0,0.0,535.0,-156.25,0,0,2.0,2.0,-62.5,9437.5,0.0,0.0,6105.0,3332.5,-62.5,125.0
3120,2019-07-05,03:42:16,156.84375,156.84375,156.75,156.84375,283,44372.9375,156.79483215547702,0.0,0.0,156.8450986077413,156.68521709190546,0.1598815158358491,0.9999999999999979,0.00361328125,-0.021913805697588867,-0.5901286563843656,0.003613281250000008,0,3120,-0.1770966132808042,-0.8211560939526868,0.06011057519272302,26.59790150455994,20.0,0.0,0.2727931097101266,1.7179727020810263,2.0,-0.9019816417588558,-0.08082554780616891,2.0,1.0,2.0,0.0,535.0,-156.25,0,0,2.0,2.0,0.0,9437.5,0.0,0.0,6105.0,3332.5,0.0,0.0
3121,2019-07-05,06:00:11,156.84375,156.90625,156.75,156.875,284,44538.28125,156.82493397887325,0.03125,0.00019922303084118909,156.8517433615766,156.6910565660007,0.1606867955759128,0.9999999999999993,0.00244140625,-1.1999999999999993,0.0,0.0024414062500000017,-1,3121,-0.3324867411373836,-0.9019816417588558,0.049410588440130944,32.520720891760135,20.0,0.0,0.2727931097101266,1.7179727020810263,2.0,-0.9818266092263137,-0.07984496746745795,2.0,1.0,2.0,0.0,535.0,-125.0,0,0,2.0,2.0,62.5,9500.0,0.0,0.0,6105.0,3395.0,62.5,62.5
3122,2019-07-05,06:19:08,156.875,156.90625,156.71875,156.78125,283,44375.40625,156.80355565371025,-0.09375,-0.0005977882015226754,156.83607817011514,156.69383174858532,0.14224642152981914,0.9999999999999987,0.0026367187499999997,-1.6872427983539058,-0.5184205276797867,0.002636718750000003,0,3122,-0.5600614147307142,-0.9818266092263137,0.051348989766109354,27.701892905340593,20.0,0.0,0.2727931097101266,1.7179727020810263,2.0,-0.9947840021729298,-0.01295739294661613,2.0,1.0,2.0,0.0,535.0,-218.75,0,0,2.0,2.0,-187.5,9312.5,0.0,0.0,6105.0,3207.5,-187.5,62.5
3123,2019-07-05,06:36:47,156.78125,156.8125,156.6875,156.71875,283,44358.5625,156.7440371024735,-0.0625,-0.00039872408821661764,156.8100052434229,156.69459846401347,0.11540677940942601,0.9999999999999983,0.00419921875,-1.9632233639805285,-0.235513936408806,0.004199218750000007,0,3123,-0.7755461402931374,-0.9947840021729298,0.06480137922914918,17.809309119999924,17.809309119999924,0.0,0.2727931097101266,1.478596644468142,2.0,-0.8867623248243443,0.10802167734858559,2.0,1.0,2.0,0.0,535.0,-281.25,0,0,2.0,2.0,-125.0,9187.5,0.0,0.0,6105.0,3082.5,-125.0,-125.0
3124,2019-07-05,06:56:34,156.71875,156.75,156.6875,156.71875,284,44507.34375,156.7159991197183,0.0,0.0,156.78972630044004,156.6953415881977,0.0943847122423449,0.9999999999999983,0.00419921875,-1.9632233639805285,-0.235513936408806,0.004199218750000007,0,3124,-0.9538785659664087,-0.8867623248243443,0.06480137922914918,14.565232000476998,14.565232000476998,0.0,0.2727931097101266,1.1241174258101763,1.0,-0.596227925058697,0.2905343997656472,-2.0,1.0,2.0,0.0,535.0,-281.25,0,0,-2.0,2.0,0.0,9187.5,-1.0,4.0,6115.0,3072.5,-10.0,-10.0
3125,2019-07-05,07:09:16,156.71875,156.8125,156.6875,156.78125,283,44360.5,156.75088339222614,0.0625,0.00039872408821661764,156.78784267812006,156.69798492394546,0.08985775417460218,0.9999999999999973,0.003125,-2.32421875,0.052407843222651435,0.0031250000000000084,-1,3125,-0.9892728879605378,-0.596227925058697,0.05590169943749482,16.074243731190055,16.074243731190055,0.0,0.2727931097101266,1.289006631442727,2.0,-0.029545441182711987,0.5666824838759851,-1.0,-1.0,-2.0,1.0,536.0,62.5,0,0,-1.0,-2.0,-125.0,9062.5,1.0,1.0,6117.5,2945.0,-127.5,-10.0
3126,2019-07-05,07:24:54,156.78125,156.84375,156.78125,156.8125,283,44374.84375,156.8015680212014,0.03125,0.0001993024421151901,156.7933220829823,156.70150846474715,0.09181361823513612,0.9999999999999973,0.003125,-2.32421875,0.052407843222651435,0.0031250000000000084,-1,3126,-0.7276898671621943,-0.029545441182711987,0.05590169943749482,16.424119330718266,16.424119330718266,0.0,0.2727931097101266,1.3272374208410036,2.0,0.39202064597636876,0.4215660871590807,-2.0,-1.0,-1.0,0.0,536.0,93.75,0,0,-2.0,-1.0,-31.25,9031.25,0.0,1.0,6120.0,2911.25,-33.75,-33.75
3127,2019-07-05,07:42:13,156.8125,156.8125,156.75,156.75,284,44525.03125,156.77827904929578,-0.0625,-0.0003986446136110544,156.78369495343068,156.70300051198572,0.08069444144496174,0.9999999999999979,0.00322265625,-2.2314049586776847,0.5671631517317617,0.0032226562500000068,0,3127,-0.37330696523933976,0.39202064597636876,0.05676844413932803,14.21466497248218,14.21466497248218,0.0,0.2727931097101266,1.0858110842552864,1.0,0.6811709944015998,0.289150348425231,-2.0,-1.0,-2.0,0.0,536.0,31.25,0,0,-2.0,-2.0,125.0,9156.25,-1.0,0.0,6120.0,3036.25,125.0,125.0
3128,2019-07-05,07:53:57,156.75,156.78125,156.6875,156.6875,283,44354.625,156.73012367491165,-0.0625,-0.00039880359451771596,156.76231829711278,156.70252357315542,0.05979472395736707,0.9999999999999999,0.0016601562499999997,2.664359861591688,1.714392328011769,0.0016601562500000002,0,3128,-0.03602946931538172,0.6811709944015998,0.040745015032516554,14.675347133789959,14.675347133789959,0.0,0.2727931097101266,1.1361496694902946,1.0,0.7677184261002653,0.08654743169866552,-1.0,-1.0,-2.0,0.0,536.0,-31.25,0,0,-1.0,-2.0,125.0,9281.25,0.0,1.0,6122.5,3158.75,122.5,125.0
3129,2019-07-05,08:06:54,156.6875,156.6875,156.625,156.65625,283,44339.0,156.67491166077738,-0.03125,-0.0001994614547351503,156.7387475644211,156.7010997709045,0.03764779351658376,1.0000000000000218,0.00019531249999999963,5.000000000000057,2.2360679774997854,0.0001953124999999954,0,3129,0.08975383000239215,0.7677184261002653,0.01397542485937352,26.938568161906606,20.0,0.0,0.2727931097101266,1.7179727020810263,2.0,0.7178620512796652,-0.049856374820600124,1.0,-1.0,-1.0,0.0,536.0,-62.5,0,0,1.0,-1.0,31.25,9312.5,1.0,2.0,6127.5,3185.0,26.25,122.5
3130,2019-07-05,08:25:02,156.65625,156.65625,156.5625,156.59375,284,44480.375,156.62103873239437,-0.0625,-0.00039904230377896255,156.70652588343864,156.69779670103054,0.008729182408103497,1.0000000000000218,0.00019531249999999963,5.000000000000057,2.2360679774997854,0.0001953124999999954,0,3130,0.015327725314696007,0.7178620512796652,0.01397542485937352,6.246094480804788,6.246094480804788,0.0,0.2727931097101266,0.215088059604712,0.0,0.5690196744232393,-0.14884237685642587,2.0,-1.0,1.0,1.0,537.0,-62.5,0,0,2.0,1.0,-62.5,9250.0,-2.0,1.0,6130.0,3120.0,-65.0,26.25
3131,2019-07-05,08:38:03,156.59375,156.625,156.5,156.53125,284,44464.40625,156.5648107394366,-0.0625,-0.0003992016021081568,156.66757568711895,156.6926721871527,-0.02509650003375441,0.9999999999999994,0.0029296875,3.6666666666666643,1.924500897298752,0.002929687500000002,0,3131,-0.17911314145924115,0.5690196744232393,0.05412658773652743,-4.6366307360657775,0.0,-4.6366307360657775,-0.2621698100822646,-0.4674205891246751,-1.0,0.4605368329172757,-0.1084828415059636,0.0,-1.0,2.0,0.0,537.0,-125.0,0,0,0.0,2.0,-125.0,9125.0,-1.0,2.0,6135.0,2990.0,-130.0,-65.0
3132,2019-07-05,08:58:13,156.53125,156.59375,156.4375,156.46875,283,44296.75,156.5256183745583,-0.0625,-0.0003993610276715742,156.62339220109254,156.68578227370188,-0.06239007260933249,0.9999999999999999,0.003125,4.999999999999997,2.236067977499789,0.0031250000000000006,0,3132,-0.30200796629342735,0.4605368329172757,0.05590169943749475,-11.160675478049209,0.0,-11.160675478049209,-1.0148978625622544,-0.4674205891246751,-1.0,0.4320631041993553,-0.02847372871792042,-1.0,-1.0,0.0,0.0,537.0,-187.5,0,0,-1.0,0.0,-0.0,9125.0,0.0,1.0,6137.5,2987.5,-2.5,-2.5
3133,2019-07-05,09:08:01,156.46875,156.5625,156.4375,156.53125,284,44447.875,156.50660211267606,0.0625,0.0003993610276715742,156.60291615640534,156.68102743451107,-0.07811127810572316,0.9999999999999989,0.003125,0.3125000000000024,1.2577882373436315,0.0031250000000000036,-1,3133,-0.33218481552644596,0.4320631041993553,0.055901699437494776,-13.97297021230303,0.0,-13.97297021230303,-1.3393734328617668,-0.4674205891246751,-2.0,0.43980478596491424,0.00774168176555895,1.0,-1.0,-1.0,1.0,538.0,62.5,0,0,1.0,-1.0,-62.5,9062.5,-1.0,2.0,6142.5,2920.0,-67.5,-2.5
3134,2019-07-05,09:27:34,156.53125,156.53125,156.4375,156.46875,284,44438.75,156.47447183098592,-0.0625,-0.0003993610276715742,156.57310145498195,156.67449582114153,-0.10139436615958175,0.9999999999999973,0.003125,-2.32421875,0.052407843222651435,0.0031250000000000084,0,3134,-0.32405898480320466,0.43980478596491424,0.05590169943749482,-18.137975621466303,0.0,-18.137975621466303,-1.8199213956973128,-0.4674205891246751,-2.0,0.4577401029993481,0.01793531703443385,2.0,-1.0,1.0,1.0,539.0,-62.5,0,0,2.0,1.0,-62.5,9000.0,0.0,1.0,6145.0,2855.0,-65.0,-65.0
3135,2019-07-05,09:44:12,156.46875,156.5,156.40625,156.46875,284,44432.25,156.45158450704224,0.0,0.0,156.54991224276375,156.66816518049106,-0.11825293772730561,0.9999999999999946,0.0021484375,0.8677685950413228,-0.5516180692881075,0.0021484375000000114,0,3135,-0.30500764169661987,0.4577401029993481,0.04635124054434802,-25.512356592519538,0.0,-20.0,-2.034757136339064,-0.4674205891246751,-3.0,0.48844743216836634,0.03070732916901825,2.0,-1.0,2.0,0.0,539.0,-62.5,0,0,2.0,2.0,0.0,9000.0,-1.0,0.0,6145.0,2855.0,0.0,0.0
3136,2019-07-05,10:07:12,156.46875,156.53125,156.4375,156.5,284,44442.1875,156.48657570422534,0.03125,0.00019970044998895986,156.5388206332607,156.6629908672452,-0.12417023398450056,0.9999999999999928,0.001171875,2.9166666666666665,-1.2932338163316421,0.0011718750000000084,-1,3136,-0.2716321638306594,0.48844743216836634,0.034232659844073005,-36.27244699946949,0.0,-20.0,-2.034757136339064,-0.4674205891246751,-3.0,0.5249586290751351,0.036511196906768795,3.0,-1.0,2.0,0.0,539.0,-31.25,0,0,3.0,2.0,62.5,9062.5,0.0,1.0,6147.5,2915.0,60.0,60.0
3137,2019-07-05,10:30:40,156.5,156.5625,156.5,156.5,284,44456.21875,156.5359815140845,0.0,0.0,156.53019382586945,156.6579757636377,-0.12778193776824764,0.9999999999999547,0.00029296875,-3.3333333333333304,0.6085806194501845,0.00029296875000001327,0,3137,-0.23063639345594614,0.5249586290751351,0.01711632992203683,-74.6549864078816,0.0,-20.0,-2.034757136339064,-0.4674205891246751,-3.0,0.5725915813840043,0.047632952308869214,3.0,-1.0,3.0,0.0,539.0,-31.25,0,0,3.0,3.0,0.0,9062.5,0.0,0.0,6147.5,2915.0,0.0,60.0
3138,2019-07-05,10:45:01,156.5,156.53125,156.46875,156.5,283,44287.8125,156.4940371024735,0.0,0.0,156.52348408678736,156.6531149709104,-0.12963088412303136,0.9999999999999492,0.00029296875,-3.333333333333344,-0.6085806194501838,0.0002929687500000149,0,3138,-0.1748315747970437,0.5725915813840043,0.017116329922036877,-75.73521000908882,0.0,-20.0,-2.034757136339064,-0.4674205891246751,-3.0,0.6358893889561965,0.06329780757219217,3.0,-1.0,3.0,0.0,539.0,-31.25,0,0,3.0,3.0,0.0,9062.5,0.0,0.0,6147.5,2915.0,0.0,0.0
3139,2019-07-05,11:08:38,156.5,156.53125,156.46875,156.53125,284,44446.8125,156.50286091549296,0.03125,0.00019966057768261436,156.52520984527908,156.64936527949777,-0.12415543421869302,0.9999999999999983,0.00419921875,3.877771768523528,-1.9177563393288488,0.004199218750000007,-1,3139,-0.09608931760941312,0.6358893889561965,0.06480137922914918,-19.15938143533294,0.0,-19.15938143533294,-1.9377686575525144,-0.4674205891246751,-2.0,0.7350917391968507,0.09920235024065416,3.0,-1.0,3.0,0.0,539.0,0.0,0,0,3.0,3.0,93.75,9156.25,1.0,0.0,6147.5,3008.75,93.75,93.75
3140,2019-07-05,11:36:06,156.53125,156.5625,156.5,156.5625,284,44457.125,156.53917253521126,0.03125,0.0001996207212942025,156.5334965463282,156.64669250166708,-0.11319595533888105,0.9999999999999983,0.00419921875,3.877771768523528,-1.9177563393288488,0.004199218750000007,-1,3140,0.04039283057005254,0.7350917391968507,0.06480137922914918,-17.468139827487324,0.0,-17.468139827487324,-1.7426374081368754,-0.4674205891246751,-2.0,0.8030308764388276,0.06793913724197698,2.0,-1.0,3.0,0.0,539.0,31.25,0,0,2.0,3.0,93.75,9250.0,0.0,1.0,6150.0,3100.0,91.25,93.75
3141,2019-07-05,11:43:45,156.5625,156.5625,156.4375,156.4375,284,44452.625,156.52332746478874,-0.125,-0.0007987220871914502,156.51216398047748,156.64025580930812,-0.12809182883063386,0.9999999999999988,0.00419921875,1.9307733910221725,-1.446728466511237,0.004199218750000005,0,3141,0.14643718564918526,0.8030308764388276,0.06480137922914916,-19.766836810321344,0.0,-19.766836810321344,-2.007855347553434,-0.4674205891246751,-2.0,0.8796950420133494,0.07666416557452171,2.0,-1.0,2.0,0.0,539.0,-93.75,0,0,2.0,2.0,-250.0,9000.0,0.0,0.0,6150.0,2850.0,-250.0,91.25
3142,2019-07-05,11:52:04,156.4375,156.46875,156.375,156.4375,284,44426.25,156.43045774647888,0.0,0.0,156.49557198481583,156.63401716902175,-0.13844518420592067,0.999999999999999,0.00361328125,2.607742878013152,-1.5174736878455117,0.0036132812500000036,0,3142,0.2857820039502893,0.8796950420133494,0.06011057519272298,-23.03175169461378,0.0,-20.0,-2.034757136339064,-0.4674205891246751,-3.0,0.9118307151860721,0.0321356731727227,2.0,-1.0,2.0,0.0,539.0,-93.75,0,0,2.0,2.0,0.0,9000.0,-1.0,0.0,6150.0,2850.0,0.0,0.0
3143,2019-07-05,12:00:00,156.46875,156.46875,156.375,156.40625,284,44424.96875,156.4259463028169,-0.03125,-0.00019978024239808434,156.47572265485678,156.6270089484365,-0.1512862935797159,1.0000000000000007,0.00322265625,-2.231404958677679,-0.5671631517317608,0.0032226562499999972,0,3143,0.354447415350355,0.9118307151860721,0.056768444139327946,-26.649716382645767,0.0,-20.0,-2.034757136339064,-0.4674205891246751,-3.0,0.932479547200596,0.020648832014523943,3.0,-1.0,2.0,0.0,539.0,-125.0,0,0,3.0,2.0,-62.5,8937.5,0.0,1.0,6152.5,2785.0,-65.0,0.0
3144,2019-07-05,12:06:35,156.40625,156.40625,156.375,156.40625,284,44416.15625,156.39491637323943,0.0,0.0,156.46028428711085,156.62021636540769,-0.15993207829683342,0.9999999999999981,0.004589843749999999,1.4350384789497521,0.42200895686427736,0.004589843750000008,0,3144,0.40393953656646325,0.932479547200596,0.0677483855896213,-23.606773342999652,0.0,-20.0,-2.034757136339064,-0.4674205891246751,-3.0,0.9371884695921765,0.0047089223915804945,3.0,-1.0,3.0,0.0,539.0,-125.0,0,0,3.0,3.0,0.0,8937.5,0.0,0.0,6152.5,2785.0,0.0,0.0
3145,2019-07-05,12:13:50,156.40625,156.4375,156.3125,156.3125,284,44411.875,156.37984154929578,-0.09375,-0.0005995803117571086,156.42744333441956,156.610748169549,-0.18330483512943374,0.9999999999999988,0.005175781249999999,1.128515485938055,1.032658539398995,0.005175781250000005,0,3145,0.4160369223365008,0.9371884695921765,0.0719429027076334,-25.47921035023576,0.0,-20.0,-2.034757136339064,-0.4674205891246751,-3.0,0.9426630442923252,0.005474574700148671,3.0,-1.0,3.0,0.0,539.0,-218.75,0,0,3.0,3.0,-281.25,8656.25,0.0,0.0,6152.5,2503.75,-281.25,0.0
3146,2019-07-05,12:18:10,156.3125,156.40625,156.3125,156.40625,284,44408.25,156.36707746478874,0.09375,0.0005995803117571086,156.4227337045486,156.60445591817827,-0.18172221362968344,0.9999999999999988,0.005175781249999999,1.128515485938055,1.032658539398995,0.005175781250000005,-1,3146,0.43056937924013144,0.9426630442923252,0.0719429027076334,-25.259227358142454,0.0,-20.0,-2.034757136339064,-0.4674205891246751,-3.0,0.9611559218291534,0.018492877536828267,3.0,-1.0,3.0,0.0,539.0,-125.0,0,0,3.0,3.0,281.25,8937.5,0.0,0.0,6152.5,2785.0,281.25,281.25
3147,2019-07-05,12:20:43,156.40625,156.4375,156.34375,156.34375,284,44410.90625,156.37643045774647,-0.0625,-0.00039968026111658617,156.40518177020448,156.59643419761898,-0.1912524274144971,0.9999999999999987,0.00654296875,-2.412564045444421,0.36326900585846356,0.006542968750000008,0,3147,0.4844741790444163,0.9611559218291534,0.08088861940965496,-23.643922817610733,0.0,-20.0,-2.034757136339064,-0.4674205891246751,-3.0,0.9528650534531002,-0.008290868376053195,-3.0,-1.0,3.0,0.0,539.0,-187.5,0,0,-3.0,3.0,-187.5,8750.0,0.0,6.0,6167.5,2582.5,-202.5,281.25
3148,2019-07-05,12:23:26,156.34375,156.34375,156.25,156.3125,284,44385.46875,156.28686179577466,-0.03125,-0.0001999000506405224,156.38458582127015,156.5876977607692,-0.2031119394990526,0.9999999999999997,0.01240234375,-0.2250604501208997,-0.6031940731563135,0.012402343750000003,0,3148,0.45924507065995696,0.9528650534531002,0.11136581050753415,-18.238267074373926,0.0,-18.238267074373926,-1.8314927740389937,-0.4674205891246751,-2.0,0.9246143538563172,-0.028250699596783058,-3.0,-1.0,-3.0,1.0,540.0,-31.25,0,0,-3.0,-3.0,93.75,8843.75,1.0,0.0,6167.5,2676.25,93.75,93.75
3149,2019-07-05,12:27:53,156.28125,156.40625,156.28125,156.375,284,44397.375,156.32878521126761,0.0625,0.0003997601492375935,156.3824556387657,156.581153214284,-0.19869757551830958,1.0000000000000009,0.011523437499999997,-1.521114622234985,0.23683627514830483,0.011523437499999989,-1,3149,0.38446087033939574,0.9246143538563172,0.10734727523323537,-18.509792175590462,0.0,-18.509792175590462,-1.8628206647450312,-0.4674205891246751,-2.0,0.7281102779309642,-0.19650407592535302,-2.0,-1.0,-3.0,0.0,540.0,31.25,0,0,-2.0,-3.0,-187.5,8656.25,0.0,1.0,6170.0,2486.25,-190.0,93.75
3150,2019-07-05,12:30:01,156.375,156.5625,156.125,156.1875,284,44402.15625,156.34562059859155,-0.1875,-0.0011997601919038203,156.33913216348446,156.56904080769067,-0.22990864420620483,0.9999999999999999,0.023144531249999996,-2.1155797681995403,0.18027720489841148,0.023144531249999996,0,3150,0.030158294776118356,0.7281102779309642,0.15213326805797606,-15.112318767686602,0.0,-15.112318767686602,-1.4708286348273245,-0.4674205891246751,-2.0,0.4286662474707209,-0.29944403046024326,-2.0,-1.0,-2.0,0.0,540.0,-156.25,0,0,-2.0,-2.0,375.0,9031.25,0.0,0.0,6170.0,2861.25,375.0,375.0
3151,2019-07-05,12:30:11,156.15625,156.15625,155.96875,156.0,285,44475.8125,156.05548245614034,-0.1875,-0.001201201345634395,156.26376946048794,156.55153185976175,-0.2877623992738165,1.0000000000000002,0.0234375,-2.2968749999999987,-0.02126293179499292,0.023437499999999997,0,3151,-0.3357319470120135,0.4286662474707209,0.15309310892394862,-18.796561210130427,0.0,-18.796561210130427,-1.8959073625556304,-0.4674205891246751,-2.0,0.3967355813780302,-0.031930666092690685,-2.0,-1.0,-2.0,0.0,540.0,-343.75,0,0,-2.0,-2.0,375.0,9406.25,0.0,0.0,6170.0,3236.25,375.0,375.0
3152,2019-07-05,12:30:32,156.03125,156.15625,155.9375,156.15625,284,44318.3125,156.05039612676057,0.15625,0.0010011012949417974,156.23987624704617,156.53936934099988,-0.29949309395371415,1.0000000000000002,0.021289062499999997,-1.211598350307213,0.298668102777404,0.021289062499999994,-1,3152,-0.36854218512814607,0.3967355813780302,0.14590771912410938,-20.526199419166076,0.0,-20.0,-2.034757136339064,-0.4674205891246751,-3.0,0.4483344827821895,0.05159890140415929,2.0,-1.0,-2.0,0.0,540.0,-187.5,0,0,2.0,-2.0,-312.5,9093.75,-1.0,4.0,6180.0,2913.75,-322.5,375.0
3153,2019-07-05,12:30:52,156.15625,156.21875,156.15625,156.15625,285,44510.46875,156.17708333333334,0.0,0.0,156.22129263659147,156.52758105358453,-0.30628841699305553,0.9999999999999993,0.015820312500000003,1.6163694558756252,-0.7790963872221489,0.01582031250000001,0,3153,-0.31503826434113613,0.4483344827821895,0.12577882373436322,-24.351350084169727,0.0,-20.0,-2.034757136339064,-0.4674205891246751,-3.0,0.5316390195193318,0.08330453673714228,3.0,-1.0,2.0,1.0,541.0,0.0,0,0,3.0,2.0,0.0,9093.75,0.0,1.0,6182.5,2911.25,-2.5,-2.5
3154,2019-07-05,12:31:08,156.15625,156.1875,156.09375,156.15625,284,44346.0625,156.1481073943662,0.0,0.0,156.20683871734894,156.51615548270502,-0.30931676535607266,0.9999999999999976,0.0068359375,0.6734693877551029,0.8099238707340588,0.006835937500000017,0,3154,-0.22297341431747966,0.5316390195193318,0.08267972847076856,-37.411439427432526,0.0,-20.0,-2.034757136339064,-0.4674205891246751,-3.0,0.6327902956500119,0.10115127613068009,3.0,-1.0,3.0,0.0,541.0,0.0,0,0,3.0,3.0,0.0,9093.75,0.0,0.0,6182.5,2911.25,0.0,0.0
3155,2019-07-05,12:31:27,156.125,156.21875,156.125,156.21875,285,44510.875,156.1785087719298,0.0625,0.00040016006936482995,156.20948566904917,156.50700454477564,-0.2975188757264675,0.9999999999999968,0.0021484375,0.8677685950413228,0.5516180692881075,0.002148437500000007,-1,3155,-0.1000788872358846,0.6327902956500119,0.04635124054434797,-64.18789923040079,0.0,-20.0,-2.034757136339064,-0.4674205891246751,-3.0,0.6810293232987873,0.04823902764877541,3.0,-1.0,3.0,0.0,541.0,62.5,0,0,3.0,3.0,187.5,9281.25,0.0,0.0,6182.5,3098.75,187.5,187.5
3156,2019-07-05,12:31:43,156.21875,156.21875,156.15625,156.15625,284,44352.75,156.17165492957747,-0.0625,-0.00040016006936482995,156.1976555203716,156.4962120972441,-0.2985565768724996,0.999999999999997,0.003125,-2.32421875,-0.052407843222651435,0.00312500000000001,0,3156,-0.03622283248062803,0.6810293232987873,0.05590169943749483,-53.40742408132397,0.0,-20.0,-2.034757136339064,-0.4674205891246751,-3.0,0.6783009382274254,-0.0027283850713618607,-3.0,-1.0,3.0,0.0,541.0,0.0,0,0,-3.0,3.0,-187.5,9093.75,0.0,6.0,6197.5,2896.25,-202.5,187.5
3157,2019-07-05,12:32:18,156.15625,156.21875,156.125,156.125,284,44349.0,156.15845070422534,-0.03125,-0.00020014009873747796,156.18150984917793,156.48479018655968,-0.3032803373817501,0.9999999999999963,0.00322265625,-2.2314049586776847,-0.5671631517317617,0.003222656250000012,0,3157,-0.039939705424792075,0.6783009382274254,0.05676844413932807,-53.424105941216624,0.0,-20.0,-2.034757136339064,-0.4674205891246751,-3.0,0.6807518999685456,0.002450961741120139,3.0,-1.0,-3.0,1.0,542.0,-31.25,0,0,3.0,-3.0,93.75,9187.5,0.0,6.0,6212.5,2975.0,78.75,78.75
3158,2019-07-05,12:32:34,156.125,156.1875,156.09375,156.1875,285,44498.65625,156.13563596491227,0.0625,0.0004002401494300756,156.18284099380506,156.475642796204,-0.29280180239894094,0.9999999999999964,0.00244140625,-1.2000000000000004,0.0,0.0024414062500000087,-1,3158,-0.036601375617926944,0.6807518999685456,0.04941058844013101,-59.258918309325146,0.0,-20.0,-2.034757136339064,-0.4674205891246751,-3.0,0.7231388786993618,0.042386978730816205,3.0,-1.0,3.0,1.0,543.0,62.5,0,0,3.0,3.0,187.5,9375.0,0.0,0.0,6212.5,3162.5,187.5,187.5
3159,2019-07-05,12:33:23,156.1875,156.25,156.1875,156.21875,284,44360.40625,156.19861355633802,0.03125,0.00020006001867223233,156.1908207729595,156.46773840247465,-0.27691762951513965,0.9999999999999938,0.0016601562499999997,-1.4878892733564004,0.5413870509510851,0.0016601562500000101,-1,3159,0.022935871435901034,0.7231388786993618,0.04074501503251668,-67.96356052246998,0.0,-20.0,-2.034757136339064,-0.4674205891246751,-3.0,0.7986017050841361,0.0754628263847743,3.0,-1.0,3.0,0.0,543.0,93.75,0,0,3.0,3.0,93.75,9468.75,0.0,0.0,6212.5,3256.25,93.75,187.5
3160,2019-07-05,12:34:02,156.21875,156.25,156.1875,156.21875,285,44520.125,156.2109649122807,0.0,0.0,156.1970272678574,156.46007722086006,-0.2630499530026498,0.9999999999999981,0.00361328125,-0.021913805697588867,-0.5901286563843656,0.003613281250000007,0,3160,0.13911747778878805,0.7986017050841361,0.06011057519272301,-43.76101079706431,0.0,-20.0,-2.034757136339064,-0.4674205891246751,-3.0,0.836231797463133,0.03763009237899695,3.0,-1.0,3.0,0.0,543.0,93.75,0,0,3.0,3.0,0.0,9468.75,0.0,0.0,6212.5,3256.25,0.0,93.75
3161,2019-07-05,12:35:02,156.21875,156.21875,156.15625,156.1875,284,44358.09375,156.19047095070422,-0.03125,-0.00020006001867223233,156.19491009722245,156.45169022944899,-0.25678013222653817,0.9999999999999997,0.00244140625,-1.1999999999999993,0.0,0.002441406250000001,0,3161,0.2035446938486404,0.836231797463133,0.04941058844013094,-51.968644845764096,0.0,-20.0,-2.034757136339064,-0.4674205891246751,-3.0,0.8602377173303445,0.024005919867211456,3.0,-1.0,3.0,0.0,543.0,62.5,0,0,3.0,3.0,-93.75,9375.0,0.0,0.0,6212.5,3162.5,-93.75,0.0
3162,2019-07-05,12:35:47,156.1875,156.1875,156.09375,156.09375,284,44340.65625,156.1290713028169,-0.09375,-0.0006004203122440543,156.17243007561748,156.44067668392748,-0.2682466083099939,1.000000000000003,0.0016601562499999993,-1.487889273356398,0.5413870509510844,0.0016601562499999943,0,3162,0.2477309879247359,0.8602377173303445,0.040745015032516485,-65.83544222426232,0.0,-20.0,-2.034757136339064,-0.4674205891246751,-3.0,0.9218589431209905,0.061621225790645995,3.0,-1.0,3.0,0.0,543.0,-31.25,0,0,3.0,3.0,-281.25,9093.75,0.0,0.0,6212.5,2881.25,-281.25,-93.75
3163,2019-07-05,12:36:27,156.09375,156.09375,156.03125,156.03125,285,44477.65625,156.06195175438597,-0.0625,-0.000400480582044338,156.14105672548027,156.42807893980665,-0.28702221432638453,1.0000000000000073,0.0009765624999999998,-3.00000000000006,-3.70074341541719e-15,0.0009765624999999926,0,3163,0.37783073185625893,0.9218589431209905,0.031249999999999882,-91.8471085844434,0.0,-20.0,-2.034757136339064,-0.4674205891246751,-3.0,0.9550202018069626,0.033161258685972084,3.0,-1.0,3.0,0.0,543.0,-93.75,0,0,3.0,3.0,-187.5,8906.25,0.0,0.0,6212.5,2693.75,-187.5,-187.5
3164,2019-07-05,12:37:19,156.03125,156.03125,155.9375,155.9375,285,44451.0,155.96842105263158,-0.09375,-0.0006010217550453945,156.09582189759578,156.41298420319725,-0.31716230560147096,1.0000000000000129,0.0006835937499999995,-0.6122448979589924,0.5122408325718887,0.0006835937499999908,0,3164,0.46561528835110066,0.9550202018069626,0.026145625829189684,-121.30606766634838,0.0,-20.0,-2.034757136339064,-0.4674205891246751,-3.0,0.9507865599684541,-0.004233641838508495,-3.0,-1.0,3.0,0.0,543.0,-187.5,0,0,-3.0,3.0,-281.25,8625.0,0.0,6.0,6227.5,2397.5,-296.25,-187.5
3165,2019-07-05,12:39:13,155.9375,155.96875,155.875,155.90625,285,44437.5625,155.92127192982457,-0.03125,-0.0002004208845267641,156.0536948092412,156.39739238156045,-0.34369757231925746,1.0000000000000075,0.0006835937499999995,-0.612244897959202,-0.5122408325718871,0.0006835937499999943,0,3165,0.45321298991412184,0.9507865599684541,0.026145625829189754,-131.4550948463216,0.0,-20.0,-2.034757136339064,-0.4674205891246751,-3.0,0.9133960967255477,-0.0373904632429064,-3.0,-1.0,-3.0,1.0,544.0,-31.25,0,0,-3.0,-3.0,93.75,8718.75,0.0,0.0,6227.5,2491.25,93.75,93.75
3166,2019-07-05,12:41:01,155.90625,155.9375,155.8125,155.84375,285,44427.78125,155.88695175438596,-0.0625,-0.00040096231491482115,156.00704040718762,156.38035723135863,-0.3733168241710132,1.0000000000000075,0.0009765624999999998,-3.00000000000006,-3.70074341541719e-15,0.0009765624999999924,0,3166,0.35802523935673125,0.9133960967255477,0.03124999999999988,-119.46138373472468,0.0,-20.0,-2.034757136339064,-0.4674205891246751,-3.0,0.7937260381133293,-0.11967005861221836,-3.0,-1.0,-3.0,0.0,544.0,-93.75,0,0,-3.0,-3.0,187.5,8906.25,0.0,0.0,6227.5,2678.75,187.5,187.5
3167,2019-07-05,12:42:32,155.84375,155.875,155.78125,155.8125,285,44406.8125,155.81337719298244,-0.03125,-0.00020054146261916372,155.9638092055904,156.362884701163,-0.39907549557261746,1.0000000000000075,0.0009765624999999998,-3.00000000000006,-3.70074341541719e-15,0.0009765624999999924,0,3167,0.13113339554580433,0.7937260381133293,0.03124999999999988,-127.70415858323808,0.0,-20.0,-2.034757136339064,-0.4674205891246751,-3.0,0.5410383956354552,-0.2526876424778741,-3.0,-1.0,-3.0,0.0,544.0,-125.0,0,0,-3.0,-3.0,93.75,9000.0,0.0,0.0,6227.5,2772.5,93.75,187.5
3168,2019-07-05,12:44:05,155.8125,155.8125,155.71875,155.71875,285,44399.03125,155.7860745614035,-0.09375,-0.0006018658020989776,155.90935160434807,156.34306517189648,-0.4337135675484092,1.0000000000000002,0.006054687500000001,2.814776274713836,1.6712144101358444,0.0060546875,0,3168,-0.21210339400261383,0.5410383956354552,0.07781187248742957,-55.7387393059427,0.0,-20.0,-2.034757136339064,-0.4674205891246751,-3.0,0.26758230614200423,-0.27345608949345096,-3.0,-1.0,-3.0,0.0,544.0,-218.75,0,0,-3.0,-3.0,281.25,9281.25,0.0,0.0,6227.5,3053.75,281.25,281.25
3169,2019-07-05,12:45:13,155.71875,155.71875,155.59375,155.625,285,44359.75,155.6482456140351,-0.09375,-0.0006022282627062836,155.8461623589374,156.32097085891508,-0.4748084999776836,0.9999999999999988,0.006640624999999999,-1.4878892733564004,0.541387050951085,0.006640625000000006,0,3169,-0.49211287406096166,0.26758230614200423,0.08149003006503315,-58.2658393424033,0.0,-20.0,-2.034757136339064,-0.4674205891246751,-3.0,0.24907100548372577,-0.018511300658278468,-3.0,-1.0,-3.0,0.0,544.0,-312.5,0,0,-3.0,-3.0,281.25,9562.5,0.0,0.0,6227.5,3335.0,281.25,281.25
3170,2019-07-05,12:45:51,155.625,155.71875,155.625,155.71875,285,44366.625,155.67236842105262,0.09375,0.0006022282627062836,155.81784850139576,156.3024409863331,-0.48459248493733753,0.9999999999999988,0.006640624999999999,-1.8122837370242202,0.16354400497480706,0.006640625000000008,-1,3170,-0.5087026742643392,0.24907100548372577,0.08149003006503315,-59.46647516887751,0.0,-20.0,-2.034757136339064,-0.4674205891246751,-3.0,0.2837184009213014,0.03464739543757564,3.0,-1.0,-3.0,0.0,544.0,-218.75,0,0,3.0,-3.0,-281.25,9281.25,0.0,6.0,6242.5,3038.75,-296.25,281.25
3171,2019-07-05,12:46:35,155.71875,155.75,155.71875,155.75,286,44539.03125,155.7308784965035,0.03125,0.00020066218588432605,155.80277105664115,156.28544280213825,-0.48267174549710035,0.9999999999999988,0.006640624999999999,-1.8122837370242202,0.16354400497480706,0.006640625000000008,-1,3171,-0.4774308920912233,0.2837184009213014,0.08149003006503315,-59.23077278433987,0.0,-20.0,-2.034757136339064,-0.4674205891246751,-3.0,0.4829870226828471,0.1992686217615457,3.0,-1.0,3.0,1.0,545.0,31.25,0,0,3.0,3.0,93.75,9375.0,0.0,0.0,6242.5,3132.5,93.75,93.75
3172,2019-07-05,12:47:36,155.71875,155.78125,155.71875,155.75,285,44386.6875,155.74276315789473,0.0,0.0,155.79104415516534,156.26896763899555,-0.4779234838302102,0.9999999999999988,0.006640624999999999,-1.8122837370242202,0.16354400497480706,0.006640625000000008,0,3172,-0.2776387510094973,0.4829870226828471,0.08149003006503315,-58.64809271131735,0.0,-20.0,-2.034757136339064,-0.4674205891246751,-3.0,0.6208300013634658,0.13784297868061868,3.0,-1.0,3.0,0.0,545.0,31.25,0,0,3.0,3.0,0.0,9375.0,0.0,0.0,6242.5,3132.5,0.0,93.75
3173,2019-07-05,12:50:20,155.75,155.78125,155.65625,155.65625,285,44381.0,155.72280701754386,-0.09375,-0.0006021073940054578,155.76108989846193,156.25011478856493,-0.4890248901029963,1.0000000000000002,0.003125,-2.324218750000005,0.052407843222650706,0.003125,0,3173,-0.11533987786484079,0.6208300013634658,0.05590169943749474,-87.47943175677312,0.0,-20.0,-2.034757136339064,-0.4674205891246751,-3.0,0.7588640837946528,0.13803408243118698,3.0,-1.0,3.0,0.0,545.0,-62.5,0,0,3.0,3.0,-281.25,9093.75,0.0,0.0,6242.5,2851.25,-281.25,0.0
3174,2019-07-05,12:52:50,155.65625,155.6875,155.5625,155.5625,285,44358.5,155.64385964912282,-0.09375,-0.0006024701457461035,155.71695880991484,156.22895741045525,-0.5119986005404087,1.0000000000000007,0.0022460937500000003,-3.081285444234408,-0.3153558785805946,0.002246093749999998,0,3174,0.07609533253127271,0.7588640837946528,0.047392971525322174,-108.03260147274088,0.0,-20.0,-2.034757136339064,-0.4674205891246751,-3.0,0.8203529348749421,0.06148885108028934,3.0,-1.0,3.0,0.0,545.0,-156.25,0,0,3.0,3.0,-281.25,8812.5,0.0,0.0,6242.5,2570.0,-281.25,-281.25
3175,2019-07-05,12:55:13,155.5625,155.59375,155.53125,155.53125,286,44491.25,155.5638111888112,-0.03125,-0.0002009040689827657,155.67569018548934,156.20748949013358,-0.5317993046442382,1.0000000000000007,0.0022460937500000003,-3.081285444234408,-0.3153558785805946,0.002246093749999998,0,3175,0.1757127688018835,0.8203529348749421,0.047392971525322174,-112.21058471931784,0.0,-20.0,-2.034757136339064,-0.4674205891246751,-3.0,0.8676588115550509,0.04730587668010877,3.0,-1.0,3.0,0.0,545.0,-187.5,0,0,3.0,3.0,-93.75,8718.75,0.0,0.0,6242.5,2476.25,-93.75,-93.75
3176,2019-07-05,12:57:51,155.53125,155.5625,155.5,155.53125,285,44328.8125,155.53969298245613,0.0,0.0,155.64359236649173,156.18668212120642,-0.5430897547146856,0.9999999999999977,0.0022460937500000003,1.455576559546311,-1.1180799331493774,0.002246093750000006,0,3176,0.2619821359303944,0.8676588115550509,0.04739297152532225,-114.59288945925465,0.0,-20.0,-2.034757136339064,-0.4674205891246751,-3.0,0.8717614170361939,0.004102605481143051,3.0,-1.0,3.0,0.0,545.0,-187.5,0,0,3.0,3.0,0.0,8718.75,0.0,0.0,6242.5,2476.25,0.0,0.0
3177,2019-07-05,12:59:24,155.53125,155.5625,155.53125,155.53125,286,44488.84375,155.55539772727272,0.0,0.0,155.61862739616024,156.16651497901546,-0.5478875828552248,0.999999999999999,0.00361328125,2.607742878013152,-1.5174736878455117,0.003613281250000004,0,3177,0.2699951318839301,0.8717614170361939,0.06011057519272298,-91.14662122240885,0.0,-20.0,-2.034757136339064,-0.4674205891246751,-3.0,0.8775156224223501,0.00575420538615623,3.0,-1.0,3.0,0.0,545.0,-187.5,0,0,3.0,3.0,0.0,8718.75,0.0,0.0,6242.5,2476.25,0.0,0.0
3178,2019-07-05,13:01:12,155.53125,155.59375,155.5,155.5625,286,44483.78125,155.53769667832168,0.03125,0.0002009040689827657,155.60615464145798,156.14792990273807,-0.5417752612800939,0.9999999999999979,0.00419921875,3.877771768523528,-1.9177563393288488,0.004199218750000008,-1,3178,0.28140556904461606,0.8775156224223501,0.06480137922914919,-83.60551391418389,0.0,-20.0,-2.034757136339064,-0.4674205891246751,-3.0,0.8781702975971646,0.0006546751748144342,3.0,-1.0,3.0,0.0,545.0,-156.25,0,0,3.0,3.0,93.75,8812.5,0.0,0.0,6242.5,2570.0,93.75,93.75
3179,2019-07-05,13:02:50,155.5625,155.59375,155.4375,155.4375,285,44319.0625,155.50548245614036,-0.125,-0.0008038585641871876,155.5686758322451,156.12607052111537,-0.5573946888702608,1.0000000000000002,0.008105468749999999,-2.849470169835971,-0.5896604154493249,0.008105468749999997,0,3179,0.2827169697139033,0.8781702975971646,0.09003037681804957,-61.9118467088891,0.0,-20.0,-2.034757136339064,-0.4674205891246751,-3.0,0.8549404411422603,-0.023229856454904274,-3.0,-1.0,3.0,0.0,545.0,-281.25,0,0,-3.0,3.0,-375.0,8437.5,0.0,6.0,6257.5,2180.0,-390.0,93.75
3180,2019-07-05,13:03:48,155.40625,155.46875,155.375,155.46875,286,44451.25,155.42395104895104,0.03125,0.00020102522934273281,155.5464700917462,156.10584527431183,-0.5593751825656454,1.0000000000000009,0.007617187500000001,-2.6923076923076863,-0.3396955171725508,0.0076171874999999955,-1,3180,0.23773938924569363,0.8549404411422603,0.08727650027355585,-64.09230214460513,0.0,-20.0,-2.034757136339064,-0.4674205891246751,-3.0,0.8518750338543107,-0.003065407287949573,-3.0,-1.0,-3.0,1.0,546.0,31.25,0,0,-3.0,-3.0,-93.75,8343.75,0.0,0.0,6257.5,2086.25,-93.75,-93.75
3181,2019-07-05,13:06:16,155.4375,155.46875,155.3125,155.3125,286,44436.59375,155.37270541958043,-0.15625,-0.001005530502018459,155.49447673802482,156.08143465048687,-0.5869579124620543,1.0000000000000018,0.005566406249999999,-1.117266851338865,0.20575279705557048,0.00556640624999999,0,3181,0.23202290341667384,0.8518750338543107,0.07460835241445819,-78.67187700398931,0.0,-20.0,-2.034757136339064,-0.4674205891246751,-3.0,0.8650118416428024,0.013136807788491689,3.0,-1.0,-3.0,0.0,546.0,-125.0,0,0,3.0,-3.0,468.75,8812.5,0.0,6.0,6272.5,2540.0,453.75,453.75
3182,2019-07-05,13:07:29,155.3125,155.34375,155.28125,155.28125,286,44419.8125,155.31402972027973,-0.03125,-0.0002012274883540499,155.44709301846376,156.05681358431806,-0.6097205658543032,1.000000000000002,0.0048828125,0.20000000000000284,0.0,0.004882812499999991,0,3182,0.2568638889161073,0.8650118416428024,0.06987712429686836,-87.25610448191107,0.0,-20.0,-2.034757136339064,-0.4674205891246751,-3.0,0.8521175878538183,-0.012894253788984122,-3.0,-1.0,3.0,1.0,547.0,-31.25,0,0,-3.0,3.0,-93.75,8718.75,0.0,6.0,6287.5,2431.25,-108.75,453.75
3183,2019-07-05,13:08:29,155.28125,155.34375,155.1875,155.21875,286,44410.8125,155.2825611888112,-0.0625,-0.0004025764949702193,155.39635012547183,156.03102701249293,-0.6346768870211008,1.0000000000000027,0.003613281249999999,-0.021913805697603077,-0.5901286563843674,0.0036132812499999898,0,3183,0.23247352465607707,0.8521175878538183,0.060110575192722865,-105.5848966652271,0.0,-20.0,-2.034757136339064,-0.4674205891246751,-3.0,0.8313444325398125,-0.02077315531400581,-3.0,-1.0,-3.0,1.0,548.0,-62.5,0,0,-3.0,-3.0,187.5,8906.25,0.0,0.0,6287.5,2618.75,187.5,187.5
3184,2019-07-05,13:08:54,155.21875,155.21875,155.09375,155.125,286,44376.1875,155.16149475524475,-0.09375,-0.0006041687828526321,155.3360500975892,156.0031492582624,-0.6670991606731889,1.0000000000000027,0.0012695312500000003,-0.17751479289942415,-0.4047960089109369,0.0012695312499999968,0,3184,0.1948693661076984,0.8313444325398125,0.035630482034348016,-187.227093933251,0.0,-20.0,-2.034757136339064,-0.4674205891246751,-3.0,0.7945640077898566,-0.03678042474995591,-3.0,-1.0,-3.0,0.0,548.0,-156.25,0,0,-3.0,-3.0,281.25,9187.5,0.0,0.0,6287.5,2900.0,281.25,281.25
3185,2019-07-05,13:09:43,155.125,155.15625,155.09375,155.125,286,44366.6875,155.12827797202797,0.0,0.0,155.28915007590274,155.9761292810851,-0.6869792051823538,1.0000000000000036,0.00244140625,-1.2000000000000028,0.0,0.0024414062499999913,0,3185,0.13250022011198298,0.7945640077898566,0.04941058844013084,-139.034815587097,0.0,-20.0,-2.034757136339064,-0.4674205891246751,-3.0,0.7933758533292672,-0.0011881544605893968,-3.0,-1.0,-3.0,0.0,548.0,-156.25,0,0,-3.0,-3.0,-0.0,9187.5,0.0,0.0,6287.5,2900.0,-0.0,281.25
3186,2019-07-05,13:10:15,155.125,155.125,155.0625,155.09375,287,44513.71875,155.10006533101046,-0.03125,-0.0002014707370570079,155.24572783681327,155.94897914935942,-0.7032513125461435,1.0000000000000027,0.00263671875,-1.6872427983539187,-0.5184205276797864,0.0026367187499999932,0,3186,0.1305628583397607,0.7933758533292672,0.05134898976610926,-136.95523821391612,0.0,-20.0,-2.034757136339064,-0.4674205891246751,-3.0,0.7851358137034447,-0.008240039625822537,-3.0,-1.0,-3.0,0.0,548.0,-187.5,0,0,-3.0,-3.0,93.75,9281.25,0.0,0.0,6287.5,2993.75,93.75,93.75
3187,2019-07-05,13:11:15,155.09375,155.09375,154.96875,154.96875,286,44345.25,155.05332167832168,-0.125,-0.0008062890983069337,155.18417720641034,155.91881825245608,-0.7346410460457378,0.9999999999999997,0.00458984375,1.4350384789497508,-0.4220089568642765,0.004589843750000002,0,3187,0.1172469221466934,0.7851358137034447,0.06774838558962126,-108.4366866681885,0.0,-20.0,-2.034757136339064,-0.4674205891246751,-3.0,0.7525817123654558,-0.03255410133798886,-3.0,-1.0,-3.0,0.0,548.0,-312.5,0,0,-3.0,-3.0,375.0,9656.25,0.0,0.0,6287.5,3368.75,375.0,375.0
3188,2019-07-05,13:11:41,154.96875,155.0,154.9375,154.9375,287,44473.71875,154.9606925087108,-0.03125,-0.00020167389399805558,155.12936004943026,155.8886238446882,-0.7592637952579366,0.9999999999999991,0.00927734375,-0.6592797783933513,0.08537969533198031,0.009277343750000009,0,3188,0.0665266134558176,0.7525817123654558,0.0963189687963903,-78.82806520312239,0.0,-20.0,-2.034757136339064,-0.4674205891246751,-3.0,0.7174137091548977,-0.03516800321055813,-3.0,-1.0,-3.0,0.0,548.0,-343.75,0,0,-3.0,-3.0,93.75,9750.0,0.0,0.0,6287.5,3462.5,93.75,375.0
3189,2019-07-05,13:13:29,154.9375,155.0,154.90625,155.0,287,44469.25,154.9451219512195,0.0625,0.0004033071238378483,155.1006133717791,155.861281572544,-0.7606682007648828,0.9999999999999986,0.009570312499999999,-0.2478134110787155,-0.7692595374489072,0.009570312500000015,-1,3189,0.014684013254003026,0.7174137091548977,0.09782797401561587,-77.75569395349643,0.0,-20.0,-2.034757136339064,-0.4674205891246751,-3.0,0.7032779402185187,-0.014135768936378912,-3.0,-1.0,-3.0,0.0,548.0,-281.25,0,0,-3.0,-3.0,-187.5,9562.5,0.0,0.0,6287.5,3275.0,-187.5,93.75
3190,2019-07-05,13:14:13,155.0,155.125,155.0,155.125,286,44344.125,155.0493881118881,0.125,0.0008061266055241489,155.1060326224949,155.83862675492728,-0.7325941324323821,0.9999999999999941,0.0037109375,-0.8171745152354669,0.0809982909540922,0.0037109375000000215,-1,3190,-0.00540021754408743,0.7032779402185187,0.0609174646550562,-120.26011531843622,0.0,-20.0,-2.034757136339064,-0.4674205891246751,-3.0,0.7147959318296667,0.01151799161114797,3.0,-1.0,-3.0,0.0,548.0,-156.25,0,0,3.0,-3.0,-375.0,9187.5,0.0,6.0,6302.5,2885.0,-390.0,-187.5
3191,2019-07-05,13:15:01,155.125,155.1875,155.125,155.1875,286,44369.0625,155.13658216783216,0.0625,0.0004028197436145575,155.1241364841627,155.8185920855449,-0.6944556013822023,0.9999999999999911,0.002734374999999999,-0.6122448979591795,0.5122408325718838,0.0027343750000000232,-1,3191,0.010933877750583954,0.7147959318296667,0.052291251658379945,-132.80531242952418,0.0,-20.0,-2.034757136339064,-0.4674205891246751,-3.0,0.7391109182793115,0.024314986449644804,3.0,-1.0,3.0,1.0,549.0,62.5,0,0,3.0,3.0,187.5,9375.0,0.0,0.0,6302.5,3072.5,187.5,187.5
3192,2019-07-05,13:17:02,155.15625,155.1875,155.15625,155.1875,287,44535.40625,155.17563153310104,0.0,0.0,155.1382172654599,155.79917386752814,-0.6609566020682394,0.9999999999999978,0.006640624999999999,0.2638408304498275,-0.11842841739554957,0.006640625000000015,0,3192,0.04633471437666054,0.7391109182793115,0.08149003006503319,-81.10889166941801,0.0,-20.0,-2.034757136339064,-0.4674205891246751,-3.0,0.7892980951054271,0.05018717682611562,3.0,-1.0,3.0,0.0,549.0,62.5,0,0,3.0,3.0,0.0,9375.0,0.0,0.0,6302.5,3072.5,0.0,187.5
3193,2019-07-05,13:18:16,155.1875,155.21875,155.15625,155.1875,286,44383.78125,155.18804632867133,0.0,0.0,155.14916898424661,155.78035313314265,-0.6311841488960397,0.9999999999999977,0.005175781250000001,0.2741189035243856,-0.6064819993295688,0.005175781250000013,0,3193,0.12394726426459583,0.7892980951054271,0.07194290270763345,-87.73403979279088,0.0,-20.0,-2.034757136339064,-0.4674205891246751,-3.0,0.8499675989143538,0.06066950380892666,3.0,-1.0,3.0,0.0,549.0,62.5,0,0,3.0,3.0,0.0,9375.0,0.0,0.0,6302.5,3072.5,0.0,0.0
3194,2019-07-05,13:21:40,155.1875,155.21875,155.0625,155.09375,286,44362.40625,155.11330856643357,-0.09375,-0.0006042904806715654,155.13685365441404,155.75922688289214,-0.6223732284780965,0.9999999999999977,0.00439453125,1.9999999999999976,0.0,0.0043945312500000095,0,3194,0.2284892763620451,0.8499675989143538,0.06629126073623891,-93.88465712764288,0.0,-20.0,-2.034757136339064,-0.4674205891246751,-3.0,0.9058676379655322,0.05590003905117835,3.0,-1.0,3.0,0.0,549.0,-31.25,0,0,3.0,3.0,-281.25,9093.75,0.0,0.0,6302.5,2791.25,-281.25,0.0
3195,2019-07-05,13:25:28,155.09375,155.1875,155.09375,155.1875,286,44373.71875,155.15286276223776,0.09375,0.0006042904806715654,155.14810839787762,155.74163528649547,-0.5935268886178449,0.9999999999999997,0.00751953125,-0.8821049080789342,0.24337011979308618,0.007519531250000003,-1,3195,0.34104237631448364,0.9058676379655322,0.08671523078444757,-68.44551796133769,0.0,-20.0,-2.034757136339064,-0.4674205891246751,-3.0,0.9492103049370122,0.04334266697148004,3.0,-1.0,3.0,0.0,549.0,62.5,0,0,3.0,3.0,281.25,9375.0,0.0,0.0,6302.5,3072.5,281.25,281.25
3196,2019-07-05,13:30:13,155.1875,155.21875,155.125,155.1875,287,44536.59375,155.17976916376307,0.0,0.0,155.15686208723815,155.72458496998792,-0.5677228827497629,0.9999999999999993,0.008105468749999999,-1.8043257366816654,-0.03763789885846771,0.008105468750000004,0,3196,0.4487073168830903,0.9492103049370122,0.09003037681804961,-63.0590366068471,0.0,-20.0,-2.034757136339064,-0.4674205891246751,-3.0,0.9640874921820718,0.014877187245059598,3.0,-1.0,3.0,0.0,549.0,62.5,0,0,3.0,3.0,0.0,9375.0,0.0,0.0,6302.5,3072.5,0.0,281.25
3197,2019-07-05,13:33:05,155.1875,155.21875,155.0625,155.0625,286,44368.65625,155.13516171328672,-0.125,-0.0008058018163659142,155.1358927345186,155.70421312475753,-0.568320390238938,0.999999999999999,0.00712890625,-0.6811784574967147,-0.18252325730899852,0.007128906250000006,0,3197,0.4939159617947672,0.9640874921820718,0.08443285053816439,-67.31034030197195,0.0,-20.0,-2.034757136339064,-0.4674205891246751,-3.0,0.9847073469561654,0.02061985477409356,3.0,-1.0,3.0,0.0,549.0,-62.5,0,0,3.0,3.0,-375.0,9000.0,0.0,0.0,6302.5,2697.5,-375.0,0.0
3198,2019-07-05,13:37:03,155.0625,155.125,155.03125,155.09375,286,44348.6875,155.0653409090909,0.03125,0.00020151133569434876,155.12652768240335,155.68542964399577,-0.5589019615924258,1.0000000000000013,0.004199218749999999,-1.963223363980531,0.23551393640880577,0.004199218749999995,-1,3198,0.5731034684880854,0.9847073469561654,0.06480137922914908,-86.24846696797148,0.0,-20.0,-2.034757136339064,-0.4674205891246751,-3.0,0.9955825606832328,0.010875213727067456,3.0,-1.0,3.0,0.0,549.0,-31.25,0,0,3.0,3.0,93.75,9093.75,0.0,0.0,6302.5,2791.25,93.75,93.75
3199,2019-07-05,13:41:04,155.09375,155.125,155.0,155.03125,287,44499.75,155.051393728223,-0.0625,-0.00040306328639161393,155.1053548640915,155.66530103956518,-0.5599461754736694,1.0000000000000007,0.005175781250000001,-2.7162691349234627,0.19669686464742725,0.005175781249999996,0,3199,0.6375928008303465,0.9955825606832328,0.07194290270763334,-77.83202434147233,0.0,-20.0,-2.034757136339064,-0.4674205891246751,-3.0,0.9995447832154045,0.003962222532171711,3.0,-1.0,3.0,0.0,549.0,-93.75,0,0,3.0,3.0,-187.5,8906.25,0.0,0.0,6302.5,2603.75,-187.5,93.75
3200,2019-07-05,13:43:00,155.03125,155.0625,154.9375,154.9375,286,44329.46875,154.9981424825175,-0.09375,-0.0006048997059133754,155.0680537831823,155.64290716142474,-0.5748533782424374,0.9999999999999984,0.0037109375,-2.479224376731304,-0.7559840489048504,0.003710937500000006,0,3200,0.7281182759802445,0.9995447832154045,0.06091746465505607,-94.3659394719615,0.0,-20.0,-2.034757136339064,-0.4674205891246751,-3.0,0.9814544756323957,-0.01809030758300878,-3.0,-1.0,3.0,0.0,549.0,-187.5,0,0,-3.0,3.0,-281.25,8625.0,0.0,6.0,6317.5,2307.5,-296.25,-187.5
3201,2019-07-05,13:44:46,154.9375,154.96875,154.90625,154.96875,287,44469.25,154.9451219512195,0.03125,0.00020167389399805558,155.04598627580847,155.62216386415017,-0.5761775883416931,1.0000000000000002,0.0041015625,-3.1632653061224514,0.4414786044290978,0.0041015624999999984,-1,3201,0.8295422063655603,0.9814544756323957,0.06404344228724748,-89.96668007903493,0.0,-20.0,-2.034757136339064,-0.4674205891246751,-3.0,0.9399004224261966,-0.04155405320619909,-3.0,-1.0,-3.0,1.0,550.0,31.25,0,0,-3.0,-3.0,-93.75,8531.25,0.0,0.0,6317.5,2213.75,-93.75,-93.75
3202,2019-07-05,13:47:04,154.96875,155.03125,154.96875,155.0,287,44484.625,154.99869337979095,0.03125,0.0002016332298397927,155.0357671034066,155.60302036063788,-0.5672532572312718,1.0000000000000002,0.0041015625,-3.1632653061224514,0.4414786044290978,0.0041015624999999984,-1,3202,0.9060506340595772,0.9399004224261966,0.06404344228724748,-88.5731992179666,0.0,-20.0,-2.034757136339064,-0.4674205891246751,-3.0,0.9647108690569646,0.024810446630767924,3.0,-1.0,-3.0,0.0,550.0,62.5,0,0,3.0,-3.0,-93.75,8437.5,0.0,6.0,6332.5,2105.0,-108.75,-93.75
3203,2019-07-05,13:50:08,155.0,155.0,154.875,154.90625,286,44312.15625,154.93760926573427,-0.09375,-0.0006050216983997103,155.00698552487182,155.58158127261828,-0.5745957477464572,0.9999999999999993,0.003125,-2.3242187499999987,-0.052407843222650706,0.0031250000000000023,0,3203,0.8683429353322444,0.9647108690569646,0.05590169943749476,-102.78681212347195,0.0,-20.0,-2.034757136339064,-0.4674205891246751,-3.0,-0.3696270372391419,-1.3343379062961065,-3.0,-1.0,3.0,1.0,551.0,-93.75,0,0,-3.0,3.0,-281.25,8156.25,0.0,6.0,6347.5,1808.75,-296.25,-108.75
3204,2019-07-05,13:53:28,154.90625,154.90625,154.84375,154.84375,287,44445.71875,154.86313153310104,-0.0625,-0.00040355125648527945,154.9707109637892,155.55887877192234,-0.5881678081331358,1.0000000000000018,0.002734374999999999,0.5357142857142977,1.0885117692152522,0.0027343749999999946,0,3204,-0.9183954084331145,-0.3696270372391419,0.05229125165837967,-112.47919861923634,0.0,-20.0,-2.034757136339064,-0.4674205891246751,-3.0,-0.2885477933168957,0.08107924392224625,3.0,-1.0,-3.0,1.0,552.0,-62.5,0,0,3.0,-3.0,187.5,8343.75,0.0,6.0,6362.5,1981.25,172.5,172.5
3205,2019-07-05,13:57:32,154.84375,154.875,154.8125,154.8125,287,44439.8125,154.84255226480838,-0.03125,-0.0002018367147833544,154.93555297183607,155.53591327124784,-0.6003602994117614,1.0000000000000018,0.002734374999999999,0.5357142857142977,1.0885117692152522,0.0027343749999999946,0,3205,-0.8810644444566044,-0.2885477933168957,0.05229125165837967,-114.81084892248008,0.0,-20.0,-2.034757136339064,-0.4674205891246751,-3.0,-0.11598744379426583,0.17256034952262983,3.0,-1.0,3.0,1.0,553.0,-31.25,0,0,3.0,3.0,-93.75,8250.0,0.0,0.0,6362.5,1887.5,-93.75,172.5
3206,2019-07-05,14:00:14,154.8125,154.8125,154.71875,154.71875,287,44420.21875,154.77428135888502,-0.09375,-0.000605754687882154,154.8873745336503,155.51076978597868,-0.623395252328379,1.0000000000000007,0.0021484375,0.867768595041318,0.5516180692881069,0.002148437499999999,0,3206,-0.7843497991295207,-0.11598744379426583,0.04635124054434788,-134.49375788161004,0.0,-20.0,-2.034757136339064,-0.4674205891246751,-3.0,0.14769125763117114,0.263678701425437,3.0,-1.0,3.0,0.0,553.0,-125.0,0,0,3.0,3.0,-281.25,7968.75,0.0,0.0,6362.5,1606.25,-281.25,-93.75
3207,2019-07-05,14:02:46,154.71875,154.75,154.6875,154.75,287,44408.65625,154.733993902439,0.03125,0.00020195900300912228,154.8568468595058,155.48736148487166,-0.630514625365862,0.9999999999999996,0.001953125,2.0000000000000013,6.542051911182396e-16,0.001953125000000001,-1,3207,-0.5949188149931519,0.14769125763117114,0.04419417382415923,-142.66917351471886,0.0,-20.0,-2.034757136339064,-0.4674205891246751,-3.0,0.4662047233358927,0.31851346570472155,3.0,-1.0,3.0,0.0,553.0,-93.75,0,0,3.0,3.0,93.75,8062.5,0.0,0.0,6362.5,1700.0,93.75,93.75
3208,2019-07-05,14:07:00,154.75,154.8125,154.71875,154.71875,287,44420.5625,154.77547909407664,-0.03125,-0.00020195900300912228,154.82615866850452,155.46371190072176,-0.6375532322172432,1.0000000000000013,0.0027343750000000003,-0.6122448979591854,0.5122408325718826,0.002734374999999997,0,3208,-0.2959044892974083,0.4662047233358927,0.05229125165837969,-121.92349809914623,0.0,-20.0,-2.034757136339064,-0.4674205891246751,-3.0,0.6043702687165128,0.1381655453806201,3.0,-1.0,3.0,0.0,553.0,-125.0,0,0,3.0,3.0,-93.75,7968.75,0.0,0.0,6362.5,1606.25,-93.75,93.75
3209,2019-07-05,14:12:40,154.75,154.78125,154.6875,154.6875,287,44413.40625,154.7505444250871,-0.03125,-0.0002019997986870692,154.7953456310591,155.43982845762267,-0.6444828265635749,1.0000000000000013,0.0027343750000000003,-0.6122448979591854,0.5122408325718826,0.002734374999999997,0,3209,-0.13600018151489437,0.6043702687165128,0.05229125165837969,-123.248690005357,0.0,-20.0,-2.034757136339064,-0.4674205891246751,-3.0,0.6801071592901161,0.07573689057360333,3.0,-1.0,3.0,0.0,553.0,-156.25,0,0,3.0,3.0,-93.75,7875.0,0.0,0.0,6362.5,1512.5,-93.75,-93.75
3210,2019-07-05,14:15:29,154.6875,154.71875,154.59375,154.59375,287,44383.03125,154.64470818815332,-0.09375,-0.0006062443350272062,154.75054660193487,155.4137952743112,-0.6632486723763407,1.0000000000000027,0.0017578124999999994,-2.407407407407393,-0.1656346649999839,0.0017578124999999946,0,3210,-0.037480587394804483,0.6801071592901161,0.041926274578120995,-158.19403919146527,0.0,-20.0,-2.034757136339064,-0.4674205891246751,-3.0,0.7082314774437007,0.028124318153584627,3.0,-1.0,3.0,0.0,553.0,-250.0,0,0,3.0,3.0,-281.25,7593.75,0.0,0.0,6362.5,1231.25,-281.25,-93.75
3211,2019-07-05,14:17:08,154.59375,154.59375,154.5,154.5,287,44358.1875,154.55814459930315,-0.09375,-0.0006066120901815353,154.6948695792827,155.3856784966401,-0.6908089173574012,1.0000000000000027,0.0017578124999999994,-2.407407407407393,-0.1656346649999839,0.0017578124999999946,0,3211,0.0015918276588665666,0.7082314774437007,0.041926274578120995,-164.76754119191315,0.0,-20.0,-2.034757136339064,-0.4674205891246751,-3.0,0.7041299743868576,-0.004101503056843092,-3.0,-1.0,3.0,0.0,553.0,-343.75,0,0,-3.0,3.0,-281.25,7312.5,0.0,6.0,6377.5,935.0,-296.25,-281.25
3212,2019-07-05,14:18:56,154.5,154.53125,154.5,154.5,288,44496.125,154.50043402777777,0.0,0.0,154.651565228331,155.35842685058967,-0.706861622258657,0.9999999999999993,0.010546875,2.093621399176955,1.4341089597228887,0.010546875000000008,0,3212,-0.004201016241023027,0.7041299743868576,0.10269797953221868,-68.82916543035772,0.0,-20.0,-2.034757136339064,-0.4674205891246751,-3.0,0.700263112252903,-0.003866862133954596,-3.0,-1.0,-3.0,1.0,554.0,0.0,0,0,-3.0,-3.0,-0.0,7312.5,0.0,0.0,6377.5,935.0,-0.0,-0.0
3213,2019-07-05,14:20:10,154.5,154.5,154.46875,154.46875,287,44336.625,154.48301393728224,-0.03125,-0.0002022858305679165,154.61093962203523,155.33105217826383,-0.7201125562285995,0.9999999999999983,0.00849609375,2.532699167657551,1.2353225899298674,0.008496093750000013,0,3213,-0.00963202043752802,0.700263112252903,0.09217425752345398,-78.12512686043226,0.0,-20.0,-2.034757136339064,-0.4674205891246751,-3.0,0.7152200315730138,0.014956919320110784,3.0,-1.0,-3.0,0.0,554.0,-31.25,0,0,3.0,-3.0,93.75,7406.25,0.0,6.0,6392.5,1013.75,78.75,78.75
3214,2019-07-05,14:24:33,154.46875,154.625,154.46875,154.625,288,44501.90625,154.5205078125,0.15625,0.0010110202054196549,154.61406415047188,155.30932749585574,-0.6952633453838644,0.9999999999999961,0.005566406250000001,1.0987996306555867,1.2639100390556421,0.005566406250000024,-1,3214,0.011540462081331901,0.7152200315730138,0.07460835241445841,-93.18840624191678,0.0,-20.0,-2.034757136339064,-0.4674205891246751,-3.0,0.7408784534990694,0.025658421926055608,3.0,-1.0,3.0,1.0,555.0,156.25,0,0,3.0,3.0,468.75,7875.0,0.0,0.0,6392.5,1482.5,468.75,468.75
3215,2019-07-05,14:27:26,154.625,154.65625,154.59375,154.625,287,44378.25,154.6280487804878,0.0,0.0,154.61649433925592,155.28827126521404,-0.6717769259581132,0.9999999999999966,0.00634765625,0.5798816568047324,1.2068685239272858,0.006347656250000022,0,3215,0.04895959717462764,0.7408784534990694,0.0796721798998874,-84.31762841210558,0.0,-20.0,-2.034757136339064,-0.4674205891246751,-3.0,0.7532597447177203,0.012381291218650836,3.0,-1.0,3.0,0.0,555.0,156.25,0,0,3.0,3.0,0.0,7875.0,0.0,0.0,6392.5,1482.5,0.0,468.75
3216,2019-07-05,14:29:00,154.625,154.6875,154.625,154.6875,287,44386.03125,154.65516114982577,0.0625,0.0004041220503570031,154.63227337497685,155.26978599551515,-0.6375126205383026,0.9999999999999973,0.00751953125,0.12987012987012747,0.9266785330582887,0.00751953125000002,-1,3216,0.06755456594449669,0.7532597447177203,0.08671523078444766,-73.51795235637431,0.0,-20.0,-2.034757136339064,-0.4674205891246751,-3.0,0.7108717211401572,-0.042388023577563105,-3.0,-1.0,3.0,0.0,555.0,218.75,0,0,-3.0,3.0,187.5,8062.5,0.0,6.0,6407.5,1655.0,172.5,172.5
3217,2019-07-05,14:33:00,154.65625,154.71875,154.625,154.65625,287,44393.84375,154.6823824041812,-0.03125,-0.00020204061084960756,154.6376015138709,155.2509079648839,-0.6133064510130168,0.9999999999999979,0.0027343750000000003,0.5357142857142847,1.088511769215251,0.002734375000000006,0,3217,0.005338679997516409,0.7108717211401572,0.05229125165837978,-117.28662664641597,0.0,-20.0,-2.034757136339064,-0.4674205891246751,-3.0,0.7440601903285212,0.033188469188364045,3.0,-1.0,-3.0,1.0,556.0,-31.25,0,0,3.0,-3.0,93.75,8156.25,0.0,6.0,6422.5,1733.75,78.75,172.5
3218,2019-07-05,14:34:53,154.65625,154.65625,154.5625,154.59375,288,44525.78125,154.60340711805554,-0.0625,-0.00040420372417759864,154.6278567330107,155.2306877198106,-0.6028309867998871,0.9999999999999994,0.0029296875,3.6666666666666643,1.924500897298752,0.0029296875000000017,0,3218,0.05370306307390726,0.7440601903285212,0.05412658773652743,-111.374282401524,0.0,-20.0,-2.034757136339064,-0.4674205891246751,-3.0,0.7227876071868174,-0.02127258314170377,-3.0,-1.0,3.0,1.0,557.0,-62.5,0,0,-3.0,3.0,-187.5,7968.75,0.0,6.0,6437.5,1531.25,-202.5,78.75
3219,2019-07-05,14:38:09,154.59375,154.59375,154.5,154.53125,287,44356.0,154.55052264808361,-0.0625,-0.0004043671708959806,154.60638857011944,155.20916655920104,-0.6027779890816021,0.9999999999999994,0.0029296875,3.6666666666666643,1.924500897298752,0.0029296875000000017,0,3219,0.02242756629734971,0.7227876071868174,0.05412658773652743,-111.36449096251013,0.0,-20.0,-2.034757136339064,-0.4674205891246751,-3.0,0.6947896936640361,-0.02799791352278136,-3.0,-1.0,-3.0,1.0,558.0,-62.5,0,0,-3.0,-3.0,187.5,8156.25,0.0,0.0,6437.5,1718.75,187.5,187.5
3220,2019-07-05,14:42:58,154.53125,154.5625,154.46875,154.46875,288,44500.6875,154.51627604166666,-0.0625,-0.00040453074985347115,154.57580222120401,155.18638451122564,-0.6105822900216253,0.9999999999999987,0.0078125,-1.750000000000001,0.8838834764831844,0.00781250000000001,0,3220,-0.01726985712015735,0.6947896936640361,0.0883883476483185,-69.07950043947235,0.0,-20.0,-2.034757136339064,-0.4674205891246751,-3.0,0.6758202091595856,-0.018969484504450462,-3.0,-1.0,-3.0,0.0,558.0,-125.0,0,0,-3.0,-3.0,187.5,8343.75,0.0,0.0,6437.5,1906.25,187.5,187.5
3221,2019-07-05,14:46:57,154.5,154.59375,154.46875,154.53125,287,44357.59375,154.55607578397212,0.0625,0.00040453074985347115,154.56590172760315,155.1662265262649,-0.6003247986617453,0.9999999999999976,0.006640624999999999,-1.8122837370242226,0.16354400497480734,0.006640625000000016,-1,3221,-0.04330767691471696,0.6758202091595856,0.0814900300650332,-73.66849640166477,0.0,-20.0,-2.034757136339064,-0.4674205891246751,-3.0,0.6756430585341918,-0.0001771506253938071,-3.0,-1.0,-3.0,0.0,558.0,-62.5,0,0,-3.0,-3.0,-187.5,8156.25,0.0,0.0,6437.5,1718.75,-187.5,187.5
3222,2019-07-05,14:50:26,154.53125,154.65625,154.53125,154.65625,287,44363.25,154.57578397212544,0.125,0.0008085708950735793,154.5859791214691,155.15053494084137,-0.5645558193722593,0.9999999999999951,0.00458984375,1.4350384789497497,-0.4220089568642772,0.004589843750000022,-1,3222,-0.043547769223268994,0.6756430585341918,0.06774838558962142,-83.33125792723618,0.0,-20.0,-2.034757136339064,-0.4674205891246751,-3.0,0.7103940425044019,0.034750983970210036,3.0,-1.0,-3.0,0.0,558.0,62.5,0,0,3.0,-3.0,-375.0,7781.25,0.0,6.0,6452.5,1328.75,-390.0,-187.5
3223,2019-07-05,14:53:29,154.65625,154.75,154.65625,154.6875,287,44393.78125,154.68216463414635,0.03125,0.00020204061084960756,154.6085393166982,155.13628771189244,-0.5277483951942372,0.9999999999999797,0.0014648437500000002,2.0000000000000404,1.3608276348795403,0.00146484375000003,-1,3223,0.004659746215102354,0.7103940425044019,0.03827327723098755,-137.88952328517908,0.0,-20.0,-2.034757136339064,-0.4674205891246751,-3.0,0.8013766693410674,0.09098262683666558,3.0,-1.0,3.0,1.0,559.0,31.25,0,0,3.0,3.0,93.75,7875.0,0.0,0.0,6452.5,1422.5,93.75,93.75
3224,2019-07-05,14:56:08,154.6875,154.75,154.6875,154.71875,288,44558.4375,154.716796875,0.03125,0.0002019997986870692,154.63303057965416,155.12344039768038,-0.4904098180262224,0.9999999999999925,0.00322265625,1.0743801652892557,0.2669003066973004,0.003222656250000024,-1,3224,0.14369585643055344,0.8013766693410674,0.05676844413932818,-86.38775035345299,0.0,-20.0,-2.034757136339064,-0.4674205891246751,-3.0,0.9020894729689041,0.10071280362783663,3.0,-1.0,3.0,0.0,559.0,62.5,0,0,3.0,3.0,93.75,7968.75,0.0,0.0,6452.5,1516.25,93.75,93.75
3225,2019-07-05,14:57:08,154.71875,154.78125,154.6875,154.78125,287,44408.0625,154.731925087108,0.0625,0.00040387722681511917,154.6659682286199,155.11291146236715,-0.4469432337472483,0.999999999999992,0.0017578124999999998,-2.407407407407407,-0.1656346649999846,0.0017578125000000141,-1,3225,0.33272232373756583,0.9020894729689041,0.041926274578121224,-106.60218162585828,0.0,-20.0,-2.034757136339064,-0.4674205891246751,-3.0,0.9648508818888105,0.06276140891990645,3.0,-1.0,3.0,0.0,559.0,125.0,0,0,3.0,3.0,187.5,8156.25,0.0,0.0,6452.5,1703.75,187.5,187.5
3226,2019-07-05,14:58:20,154.78125,154.8125,154.75,154.75,287,44419.625,154.77221254355402,-0.03125,-0.0002019182238059969,154.68464195559326,155.1017449558328,-0.4171030002395355,0.999999999999992,0.0017578124999999998,-2.407407407407407,-0.1656346649999846,0.0017578125000000141,0,3226,0.4964263711397751,0.9648508818888105,0.041926274578121224,-99.4848706298356,0.0,-20.0,-2.034757136339064,-0.4674205891246751,-3.0,0.9787163700355638,0.013865488146753258,3.0,-1.0,3.0,0.0,559.0,93.75,0,0,3.0,3.0,-93.75,8062.5,0.0,0.0,6452.5,1610.0,-93.75,187.5
3227,2019-07-05,15:00:51,154.75,154.8125,154.71875,154.71875,287,44415.21875,154.75685975609755,-0.03125,-0.00020195900300912228,154.692221521017,155.08996049565334,-0.3977389746363542,0.9999999999999988,0.005175781249999999,0.2741189035243856,-0.6064819993295691,0.005175781250000004,0,3227,0.5469462192008345,0.9787163700355638,0.0719429027076334,-55.285366543064534,0.0,-20.0,-2.034757136339064,-0.4674205891246751,-3.0,0.9882275153057335,0.009511145270169719,3.0,-1.0,3.0,0.0,559.0,62.5,0,0,3.0,3.0,-93.75,7968.75,0.0,0.0,6452.5,1516.25,-93.75,-93.75
3228,2019-07-05,15:03:32,154.71875,154.78125,154.71875,154.75,287,44414.84375,154.7555531358885,0.03125,0.00020195900300912228,154.7050611830132,155.0795001727102,-0.3744389896969835,0.9999999999999993,0.0041015625,0.9183673469387763,-1.0223715049937014,0.004101562500000002,-1,3228,0.5906010990274944,0.9882275153057335,0.06404344228724751,-58.466405977609796,0.0,-20.0,-2.034757136339064,-0.4674205891246751,-3.0,0.9936815123791108,0.005453997073377348,3.0,-1.0,3.0,0.0,559.0,93.75,0,0,3.0,3.0,93.75,8062.5,0.0,0.0,6452.5,1610.0,93.75,93.75
3229,2019-07-05,15:07:21,154.75,154.75,154.59375,154.625,287,44389.71875,154.66800958188153,-0.125,-0.0008080808520531946,154.6872698090103,155.06551555201145,-0.3782457430011448,0.9999999999999988,0.00419921875,1.9307733910221725,-1.446728466511237,0.004199218750000004,0,3229,0.6232756824201574,0.9936815123791108,0.06480137922914916,-58.37001426522123,0.0,-20.0,-2.034757136339064,-0.4674205891246751,-3.0,0.9973630331892728,0.0036815208101619312,3.0,-1.0,3.0,0.0,559.0,-31.25,0,0,3.0,3.0,-375.0,7687.5,0.0,0.0,6452.5,1235.0,-375.0,93.75
3230,2019-07-05,15:10:55,154.625,154.6875,154.625,154.65625,287,44385.1875,154.6522212543554,0.03125,0.00020208143950739554,154.68037651811912,155.05292276579573,-0.3725462476766097,0.9999999999999981,0.00537109375,3.3223140495867725,-1.7443694974549941,0.00537109375000001,-1,3230,0.6539246230781784,0.9973630331892728,0.07328774624724116,-50.83336120335858,0.0,-20.0,-2.034757136339064,-0.4674205891246751,-3.0,0.9977557702628497,0.0003927370735768987,3.0,-1.0,3.0,0.0,559.0,0.0,0,0,3.0,3.0,93.75,7781.25,0.0,0.0,6452.5,1328.75,93.75,93.75
3231,2019-07-05,15:15:00,154.65625,154.6875,154.625,154.65625,287,44386.4375,154.65657665505228,0.0,0.0,154.6750150696482,155.0407174499251,-0.3657023802769004,0.999999999999998,0.0060546875,2.814776274713838,-1.6712144101358444,0.006054687500000012,0,3231,0.7528665864619954,0.9977557702628497,0.07781187248742966,-46.998275274249295,0.0,-20.0,-2.034757136339064,-0.4674205891246751,-3.0,0.9746987572411022,-0.023057013021747452,-3.0,-1.0,3.0,0.0,559.0,0.0,0,0,-3.0,3.0,0.0,7781.25,0.0,6.0,6467.5,1313.75,-15.0,93.75
3232,2019-07-05,15:18:20,154.65625,154.75,154.625,154.71875,287,44396.75,154.6925087108014,0.0625,0.00040404040953667675,154.6847339430597,155.03081075915821,-0.3460768160985026,0.9999999999999787,0.0009765625,-2.9999999999999964,-9.251858538542974e-16,0.0009765625000000208,-1,3232,0.8472704153094924,0.9746987572411022,0.03125000000000033,-110.74458115151967,0.0,-20.0,-2.034757136339064,-0.4674205891246751,-3.0,0.8858426091936689,-0.08885614804743336,-3.0,-1.0,-3.0,1.0,560.0,62.5,0,0,-3.0,-3.0,-187.5,7593.75,0.0,0.0,6467.5,1126.25,-187.5,-15.0
3233,2019-07-05,15:24:34,154.71875,154.8125,154.6875,154.78125,287,44416.1875,154.76023519163763,0.0625,0.00040387722681511917,154.70618195571313,155.02313196656874,-0.3169500108556065,0.9999999999999839,0.001171875,-3.3333333333333304,0.6085806194501845,0.0011718750000000188,-1,3233,0.9544728590197981,0.8858426091936689,0.03423265984407316,-92.58702429179817,0.0,-20.0,-2.034757136339064,-0.4674205891246751,-3.0,0.7381463168779262,-0.14769629231574266,3.0,-1.0,-3.0,0.0,560.0,125.0,0,0,3.0,-3.0,-187.5,7406.25,0.0,6.0,6482.5,923.75,-202.5,-187.5
3234,2019-07-05,15:30:00,154.78125,154.8125,154.75,154.78125,287,44420.6875,154.77591463414635,0.0,0.0,154.72286374333245,155.0156894445205,-0.2928257011880362,0.9999999999999943,0.002734375,-0.612244897959183,-0.5122408325718831,0.002734375000000015,0,3234,0.9989912489733614,0.7381463168779262,0.05229125165837987,-55.99898489733508,0.0,-20.0,-2.034757136339064,-0.4674205891246751,-3.0,0.3373302513789595,-0.4008160654989667,-3.0,1.0,3.0,1.0,561.0,0.0,0,0,-3.0,3.0,0.0,7406.25,0.0,6.0,6497.5,908.75,-15.0,-15.0
3235,2019-07-05,15:34:50,154.78125,154.8125,154.75,154.78125,287,44419.375,154.77134146341464,0.0,0.0,154.73583846703636,155.00847592315066,-0.27263745611429613,0.9999999999999953,0.0037109375,-0.8171745152354575,-0.08099829095409096,0.003710937500000017,0,3235,0.9041891956512752,0.3373302513789595,0.06091746465505617,-44.755220470533345,0.0,-20.0,-2.034757136339064,-0.4674205891246751,-3.0,-0.2554903414207996,-0.5928205927997592,-3.0,1.0,-3.0,1.0,562.0,0.0,0,0,-3.0,-3.0,-0.0,7406.25,0.0,0.0,6497.5,908.75,-0.0,-0.0
3236,2019-07-05,15:41:45,154.78125,154.8125,154.71875,154.71875,287,44417.25,154.76393728222996,-0.0625,-0.00040387722681511917,154.73204102991718,154.99956127936142,-0.2675202494442317,0.9999999999999967,0.00341796875,2.000000000000002,1.1454053224818188,0.0034179687500000113,0,3236,0.5029800912285649,-0.2554903414207996,0.05846339666834293,-45.758588226039556,0.0,-20.0,-2.034757136339064,-0.4674205891246751,-3.0,-0.5869699795370754,-0.3314796381162758,-3.0,1.0,-3.0,0.0,562.0,-62.5,0,0,-3.0,-3.0,187.5,7593.75,0.0,0.0,6497.5,1096.25,187.5,187.5
3237,2019-07-05,15:47:52,154.71875,154.8125,154.65625,154.8125,287,44412.125,154.74608013937282,0.09375,0.000605754687882154,154.74992080104673,154.99380554768877,-0.2438847466420384,0.9999999999999966,0.00361328125,-0.021913805697588867,0.5901286563843656,0.003613281250000013,-1,3237,0.1574293472501063,-0.5869699795370754,0.06011057519272306,-40.572685564912526,0.0,-20.0,-2.034757136339064,-0.4674205891246751,-3.0,-0.8254537762331955,-0.23848379669612008,-3.0,1.0,-3.0,0.0,562.0,31.25,0,0,-3.0,-3.0,-281.25,7312.5,0.0,0.0,6497.5,815.0,-281.25,187.5
3238,2019-07-05,15:57:04,154.8125,154.875,154.78125,154.78125,287,44432.0625,154.8155487804878,-0.03125,-0.00020187746106703486,154.75688284525856,154.98726537699065,-0.23038253173209,0.9999999999999988,0.0056640625,-0.9453032104637332,0.601363819630531,0.005664062500000008,0,3238,-0.18454359688015146,-0.8254537762331955,0.07525996611745189,-30.611564636177402,0.0,-20.0,-2.034757136339064,-0.4674205891246751,-3.0,-0.8085454219371089,0.016908354296086614,-3.0,1.0,-3.0,0.0,562.0,0.0,0,0,-3.0,-3.0,93.75,7406.25,0.0,0.0,6497.5,908.75,93.75,93.75
3239,2019-07-05,16:04:47,154.78125,154.84375,154.78125,154.8125,287,44430.8125,154.81119337979095,0.03125,0.00020187746106703486,154.7692422129789,154.98188798077558,-0.21264576779668687,0.9999999999999979,0.009765625,-1.1999999999999993,0.0,0.00976562500000002,-1,3239,-0.15564244231087296,-0.8085454219371089,0.09882117688026196,-21.518238753050074,0.0,-20.0,-2.034757136339064,-0.4674205891246751,-3.0,-0.8817342987020274,-0.07318887676491848,-3.0,1.0,-3.0,0.0,562.0,31.25,0,0,-3.0,-3.0,-93.75,7312.5,0.0,0.0,6497.5,815.0,-93.75,93.75
3240,2019-07-05,16:11:39,154.8125,154.8125,154.71875,154.71875,287,44419.71875,154.77253919860627,-0.09375,-0.000605754687882154,154.7580217212058,154.97379142752095,-0.21576970631514314,0.9999999999999981,0.008984375,-0.13941398865784294,0.22576614034747036,0.008984375000000018,0,3240,-0.28990525292058883,-0.8817342987020274,0.09478594305064447,-22.76389297512782,0.0,-20.0,-2.034757136339064,-0.4674205891246751,-3.0,-0.9546366030695156,-0.07290230436748824,-3.0,1.0,-3.0,0.0,562.0,-62.5,0,0,-3.0,-3.0,281.25,7593.75,0.0,0.0,6497.5,1096.25,281.25,281.25
3241,2019-07-05,16:18:32,154.71875,154.875,154.71875,154.875,287,44426.09375,154.7947517421603,0.15625,0.0010093873876098058,154.7840168942712,154.97075169128956,-0.18673479701837437,0.9999999999999981,0.008984375,-0.13941398865784294,0.22576614034747036,0.008984375000000018,-1,3241,-0.464472474675378,-0.9546366030695156,0.09478594305064447,-19.70068461719068,0.0,-19.70068461719068,-2.0002228720766664,-0.4674205891246751,-2.0,-0.842615861182225,0.11202074188729061,-3.0,1.0,-3.0,0.0,562.0,93.75,0,0,-3.0,-3.0,-468.75,7125.0,1.0,0.0,6497.5,627.5,-468.75,281.25
3242,2019-07-05,16:25:04,154.875,154.96875,154.84375,154.9375,287,44457.5,154.904181184669,0.0625,0.0004034698461028441,154.81812425109982,154.96972856232685,-0.15160431122703244,0.9999999999999981,0.009082031249999999,-0.003468609087756628,0.5429955844662838,0.009082031250000016,-1,3242,-0.21503171200042728,-0.842615861182225,0.09529969176235575,-15.908163859027036,0.0,-15.908163859027036,-1.5626512616443071,-0.4674205891246751,-2.0,-0.571484103909487,0.27113175727273797,-2.0,1.0,-3.0,0.0,562.0,156.25,0,0,-2.0,-3.0,-187.5,6937.5,0.0,1.0,6500.0,437.5,-190.0,-190.0
3243,2019-07-05,16:34:31,154.9375,154.9375,154.875,154.90625,286,44303.78125,154.90832604895104,-0.03125,-0.00020171457456186204,154.83770775085543,154.96777537579374,-0.13006762493830593,0.999999999999995,0.005175781249999999,0.2741189035243856,0.6064819993295686,0.005175781250000026,0,3243,0.1761608279829422,-0.571484103909487,0.07194290270763354,-18.07928510570161,0.0,-18.07928510570161,-1.8131498299926345,-0.4674205891246751,-2.0,-0.3394248330039341,0.2320592709055529,-2.0,1.0,-2.0,0.0,562.0,125.0,0,0,-2.0,-2.0,62.5,7000.0,0.0,0.0,6500.0,500.0,62.5,62.5
3244,2019-07-05,16:50:49,154.90625,154.96875,154.875,154.90625,287,44460.25,154.91376306620208,0.0,0.0,154.85293936177646,154.96588228730778,-0.11294292553131413,0.9999999999999887,0.0016601562499999997,-1.4878892733564004,-0.5413870509510853,0.0016601562500000184,0,3244,0.4251185003535948,-0.3394248330039341,0.04074501503251678,-27.719446278564238,0.0,-20.0,-2.034757136339064,-0.4674205891246751,-3.0,-0.43952491081220574,-0.10010007780827163,-2.0,1.0,-2.0,0.0,562.0,125.0,0,0,-2.0,-2.0,-0.0,7000.0,-1.0,0.0,6500.0,500.0,-0.0,62.5
3245,2019-07-05,16:53:29,154.90625,155.0,154.90625,154.96875,287,44473.375,154.95949477351917,0.0625,0.0004033884685599176,154.8786750591595,154.9659705246214,-0.08729546546192068,0.999999999999987,0.00126953125,-0.1775147928994123,-0.4047960089109363,0.0012695312500000165,-1,3245,0.3243537624804764,-0.43952491081220574,0.03563048203434829,-24.500220170405388,0.0,-20.0,-2.034757136339064,-0.4674205891246751,-3.0,-0.5278175730587888,-0.08829266224658311,-3.0,1.0,-2.0,0.0,562.0,187.5,0,0,-3.0,-2.0,-125.0,6875.0,0.0,1.0,6502.5,372.5,-127.5,-0.0
3246,2019-07-05,16:57:14,154.96875,155.0,154.9375,155.0,286,44321.46875,154.97017045454547,0.03125,0.0002016332298397927,154.90563615712406,154.9670175854023,-0.06138142827822435,0.9999999999999727,0.0006835937499999997,-0.6122448979591795,0.5122408325718838,0.0006835937500000184,-1,3246,0.22736324873225924,-0.5278175730587888,0.026145625829190212,-23.476748531180775,0.0,-20.0,-2.034757136339064,-0.4674205891246751,-3.0,-0.6420550185662302,-0.1142374455074413,-3.0,1.0,-3.0,0.0,562.0,218.75,0,0,-3.0,-3.0,-93.75,6781.25,0.0,0.0,6502.5,278.75,-93.75,-93.75
3247,2019-07-05,17:00:45,155.0,155.0625,154.96875,155.03125,287,44490.65625,155.01970818815332,0.03125,0.0002015925820755271,154.93355034442985,154.96899396738993,-0.03544362296008785,0.999999999999987,0.00126953125,-0.1775147928994123,-0.4047960089109363,0.0012695312500000165,-1,3247,0.08810801164989676,-0.6420550185662302,0.03563048203434829,-9.94755640014067,0.0,-9.94755640014067,-0.8749312012265136,-0.4674205891246751,-1.0,-0.6492765700427906,-0.0072215514765604505,-3.0,1.0,-3.0,0.0,562.0,250.0,0,0,-3.0,-3.0,-93.75,6687.5,2.0,0.0,6502.5,185.0,-93.75,-93.75
3248,2019-07-05,17:08:45,155.03125,155.09375,155.0,155.03125,286,44345.28125,155.05343094405595,0.0,0.0,154.95526137900103,154.97090953762412,-0.015648158623093877,0.9999999999999812,0.00068359375,-0.612244897959183,-0.5122408325718831,0.0006835937500000128,0,3248,0.07868388578547662,-0.6492765700427906,0.026145625829190104,-5.985000598311783,0.0,-5.985000598311783,-0.41774137045181875,-0.4674205891246751,-1.0,-0.6597229460963281,-0.010446376053537487,-1.0,1.0,-3.0,0.0,562.0,250.0,0,0,-1.0,-3.0,-0.0,6687.5,0.0,2.0,6507.5,180.0,-5.0,-5.0
3249,2019-07-05,17:20:51,155.03125,155.03125,154.96875,155.0,287,44488.96875,155.01382839721254,-0.03125,-0.0002015925820755271,154.96520329477858,154.97180462877415,-0.006601333995575942,0.9999999999999812,0.00068359375,-0.612244897959183,-0.5122408325718831,0.0006835937500000128,0,3249,0.06490247400539256,-0.6597229460963281,0.026145625829190104,-2.524833040410885,0.0,-2.524833040410885,-0.01851584547153662,-0.4674205891246751,-0.0,-0.6810880228324961,-0.021365076736168054,-1.0,1.0,-1.0,0.0,562.0,218.75,0,0,-1.0,-1.0,31.25,6718.75,1.0,0.0,6507.5,211.25,31.25,31.25
3250,2019-07-05,17:32:04,155.0,155.0,154.9375,155.0,286,44328.34375,154.99420891608392,0.0,0.0,154.9729358959389,154.97267217865806,0.00026371728083063317,0.9999999999999868,0.00068359375,-0.612244897959183,0.5122408325718831,0.000683593750000009,0,3250,0.03614271941636222,-0.6810880228324961,0.02614562582919003,0.10086478042388589,0.10086478042388589,0.0,0.2727931097101266,-0.4563991284018104,-0.0,-0.7194066435888727,-0.0383186207563766,-0.0,1.0,-1.0,0.0,562.0,218.75,0,0,-0.0,-1.0,-0.0,6718.75,0.0,1.0,6510.0,208.75,-2.5,31.25
3251,2019-07-05,17:50:05,155.0,155.03125,154.9375,155.03125,287,44482.03125,154.98965592334494,0.03125,0.0002015925820755271,154.98589458573025,154.9744745731609,0.011420012569345772,0.9999999999999911,0.00078125,0.3125000000000024,1.2577882373436315,0.000781250000000007,-1,3251,-0.01754862113281473,-0.7194066435888727,0.027950849718747495,4.0857479054334505,4.0857479054334505,0.0,0.2727931097101266,-0.020972286020074615,0.0,-0.7856922447470375,-0.06628560115816473,-0.0,1.0,-0.0,0.0,562.0,250.0,0,0,-0.0,-0.0,-0.0,6718.75,0.0,0.0,6510.0,208.75,-0.0,-0.0
3252,2019-07-05,17:59:10,155.0,155.03125,154.96875,155.0,287,44487.65625,155.00925522648083,-0.03125,-0.0002015925820755271,154.98902912223465,154.9752599709098,0.013769151324851236,0.9999999999999868,0.00068359375,-0.612244897959183,0.5122408325718831,0.000683593750000009,0,3252,-0.11813963626020559,-0.7856922447470375,0.02614562582919003,5.266330748709331,5.266330748709331,0.0,0.2727931097101266,0.10802960525030841,0.0,-0.8358413503414778,-0.0501491055944403,0.0,1.0,-0.0,0.0,562.0,218.75,0,0,0.0,-0.0,0.0,6718.75,0.0,0.0,6510.0,208.75,0.0,0.0
3253,2019-07-05,18:07:42,155.0,155.0,154.9375,154.96875,286,44321.71875,154.97104458041957,-0.03125,-0.0002016332298397927,154.98452265062699,154.9750596641126,0.009462986514392924,0.999999999999992,0.0016601562499999997,-1.4878892733564004,0.5413870509510851,0.0016601562500000128,0,3253,-0.20284791967292592,-0.8358413503414778,0.040745015032516714,2.3224893908717306,2.3224893908717306,0.0,0.2727931097101266,-0.21364295243930032,0.0,-0.9044016746983564,-0.06856032435687864,0.0,1.0,0.0,0.0,562.0,187.5,0,0,0.0,0.0,-0.0,6718.75,0.0,0.0,6510.0,208.75,-0.0,-0.0
3254,2019-07-05,18:17:24,154.96875,155.0,154.9375,154.96875,287,44477.09375,154.97245209059233,0.0,0.0,154.98101761715432,154.97486552060144,0.006152096552881403,0.9999999999999943,0.0016601562499999997,2.6643598615916986,1.7143923280117699,0.0016601562500000088,0,3254,-0.3377987538054891,-0.9044016746983564,0.040745015032516665,1.509901652501958,1.509901652501958,0.0,0.2727931097101266,-0.3024341420367661,-0.0,-0.9548618289404832,-0.0504601542421268,0.0,1.0,0.0,0.0,562.0,187.5,0,0,0.0,0.0,0.0,6718.75,-0.0,0.0,6510.0,208.75,0.0,0.0
3255,2019-07-05,18:30:45,154.96875,155.0625,154.96875,155.03125,286,44327.1875,154.99016608391608,0.0625,0.0004032258119153198,154.9921803688978,154.9766004276599,0.015579941237916728,0.9999999999999926,0.00146484375,2.0000000000000013,1.3608276348795436,0.0014648437500000108,-1,3255,-0.4651429846412391,-0.9548618289404832,0.0382732772309873,4.07071000058043,4.07071000058043,0.0,0.2727931097101266,-0.02261547283905374,0.0,-0.9697756437183478,-0.014913814777864576,-0.0,1.0,0.0,0.0,562.0,250.0,0,0,-0.0,0.0,0.0,6718.75,0.0,0.0,6510.0,208.75,0.0,0.0
3256,2019-07-05,18:36:36,155.03125,155.0625,154.96875,155.0,287,44492.6875,155.02678571428572,-0.03125,-0.0002015925820755271,154.9939180646983,154.97732041450115,0.016597650197155644,0.9999999999999926,0.00146484375,2.0000000000000013,1.3608276348795436,0.0014648437500000108,0,3256,-0.5132020372560029,-0.9697756437183478,0.0382732772309873,4.336615883971818,4.336615883971818,0.0,0.2727931097101266,0.006439973843729518,0.0,-0.9803270300948917,-0.010551386376543959,0.0,1.0,-0.0,0.0,562.0,218.75,0,0,0.0,-0.0,0.0,6718.75,0.0,0.0,6510.0,208.75,0.0,0.0
3257,2019-07-05,18:51:07,155.0,155.0625,154.96875,155.0,286,44330.90625,155.0031687062937,0.0,0.0,154.99526960587647,154.97801824790113,0.017251357975339943,0.999999999999992,0.0016601562499999997,-1.4878892733564004,0.5413870509510851,0.0016601562500000128,0,3257,-0.5536270653278621,-0.9803270300948917,0.040745015032516714,4.233980024690734,4.233980024690734,0.0,0.2727931097101266,-0.004775012071771112,0.0,-0.9896704334842878,-0.009343403389396099,0.0,1.0,0.0,0.0,562.0,218.75,0,0,0.0,0.0,0.0,6718.75,0.0,0.0,6510.0,208.75,0.0,0.0
3258,2019-07-05,18:59:50,155.0,155.03125,154.9375,154.96875,287,44479.875,154.98214285714286,-0.03125,-0.0002016332298397927,154.98937636012616,154.97773307104265,0.011643289083508535,0.9999999999999868,0.00068359375,-0.612244897959183,0.5122408325718831,0.0006835937500000088,0,3258,-0.5984309994040081,-0.9896704334842878,0.02614562582919003,4.453245510195245,4.453245510195245,0.0,0.2727931097101266,0.01918405397895484,0.0,-0.9996242620315585,-0.009953828547270671,0.0,1.0,0.0,0.0,562.0,187.5,0,0,0.0,0.0,-0.0,6718.75,0.0,0.0,6510.0,208.75,-0.0,-0.0
3259,2019-07-05,19:00:48,154.96875,155.03125,154.96875,155.0,287,44484.0625,154.99673344947735,0.03125,0.0002016332298397927,154.99173716898704,154.97841820731827,0.013318961668773,0.9999999999999812,0.00068359375,-0.612244897959183,-0.5122408325718831,0.0006835937500000128,-1,3259,-0.6874589536000509,-0.9996242620315585,0.026145625829190104,5.09414529060656,5.09414529060656,0.0,0.2727931097101266,0.08921495800125961,0.0,-0.9952311320781535,0.004393129953405017,0.0,1.0,0.0,0.0,562.0,218.75,0,0,0.0,0.0,0.0,6718.75,0.0,0.0,6510.0,208.75,0.0,0.0
3260,2019-07-05,19:13:48,155.0,155.03125,154.96875,155.0,286,44329.59375,154.99857954545453,0.0,0.0,154.99357335365661,154.9790822624777,0.01449109117891112,0.9999999999999812,0.00078125,0.3125000000000024,-1.2577882373436315,0.0007812500000000147,0,3260,-0.7727092926779884,-0.9952311320781535,0.027950849718747634,5.1844903910708044,5.1844903910708044,0.0,0.2727931097101266,0.09908693682365283,0.0,-0.977565802808306,0.01766532926984754,0.0,1.0,0.0,0.0,562.0,218.75,0,0,0.0,0.0,0.0,6718.75,0.0,0.0,6510.0,208.75,0.0,0.0
3261,2019-07-05,19:26:37,155.0,155.0625,154.96875,155.03125,287,44489.625,155.0161149825784,0.03125,0.0002015925820755271,155.00194594173294,154.98068742363225,0.021258518100694346,0.9999999999999578,0.0004882812499999999,1.9999999999999691,2.6168207644729593e-15,0.0004882812500000204,-1,3261,-0.8401814845820222,-0.977565802808306,0.022097086912080073,9.620507076465678,9.620507076465678,0.0,0.2727931097101266,0.5838089920205782,1.0,-0.9520424456169972,0.025523357191308715,0.0,1.0,0.0,0.0,562.0,250.0,0,0,0.0,0.0,0.0,6718.75,1.0,0.0,6510.0,208.75,0.0,0.0
3262,2019-07-05,19:42:48,155.03125,155.09375,155.0,155.0625,286,44345.75,155.05506993006992,0.03125,0.00020155195069726517,155.01540239912563,154.98320473367434,0.03219766545129232,0.9999999999999726,0.0006835937499999997,-0.6122448979591795,0.5122408325718838,0.0006835937500000185,-1,3262,-0.8895462894983452,-0.9520424456169972,0.026145625829190215,12.31474268837173,12.31474268837173,0.0,0.2727931097101266,0.8782072135799269,1.0,-0.9554181042434882,-0.0033756586264909183,1.0,1.0,0.0,0.0,562.0,281.25,0,0,1.0,0.0,0.0,6718.75,0.0,1.0,6512.5,206.25,-2.5,0.0
3263,2019-07-05,19:59:48,155.0625,155.15625,155.0625,155.125,286,44360.5625,155.1068618881119,0.0625,0.00040298207275135667,155.03975742154216,154.9875676649459,0.052189756596249026,0.999999999999999,0.00751953125,3.7729802664867598,-1.8814382337850106,0.007519531250000009,-1,3263,-0.8843603084634204,-0.9554181042434882,0.0867152307844476,6.018522481474994,6.018522481474994,0.0,0.2727931097101266,0.190221343574632,0.0,-0.9994172952330651,-0.04399919098957694,1.0,1.0,1.0,1.0,563.0,62.5,0,0,1.0,1.0,62.5,6781.25,-1.0,0.0,6512.5,268.75,62.5,62.5
3264,2019-07-05,20:18:44,155.125,155.15625,155.09375,155.125,287,44520.4375,155.1234756097561,0.0,0.0,155.05870021675503,154.99179635217837,0.06690386457665909,0.9999999999999988,0.00830078125,3.3840830449827,-1.8158673720971528,0.00830078125000001,0,3264,-0.7308305084290767,-0.9994172952330651,0.09110862335695788,7.343307593896347,7.343307593896347,0.0,0.2727931097101266,0.3349801684233727,1.0,-0.8766240203064627,0.12279327492660241,0.0,1.0,1.0,0.0,563.0,62.5,0,0,0.0,1.0,0.0,6781.25,1.0,1.0,6515.0,266.25,-2.5,62.5
3265,2019-07-07,22:00:00,155.125,155.15625,154.9375,154.96875,286,44355.6875,155.08981643356643,-0.15625,-0.0010077598353639416,155.0387112796984,154.99108723364984,0.04762404604855419,0.9999999999999988,0.00830078125,3.3840830449827,-1.8158673720971528,0.00830078125000001,0,3265,-0.27962398848820086,-0.8766240203064627,0.09110862335695788,5.227172170296786,5.227172170296786,0.0,0.2727931097101266,0.10375076052251198,0.0,-0.514868167348816,0.3617558529576467,1.0,1.0,0.0,0.0,563.0,-93.75,0,0,1.0,0.0,-0.0,6781.25,-1.0,1.0,6517.5,263.75,-2.5,-2.5
3266,2019-07-07,22:46:49,155.0,155.09375,154.96875,155.03125,287,44492.84375,155.02733013937282,0.0625,0.0004032258119153198,155.0370532175432,154.992323011076,0.04473020646719306,0.9999999999999986,0.011035156249999999,2.03383193672175,-1.1688675578985666,0.011035156250000015,-1,3266,0.24211421125443866,-0.514868167348816,0.10504835196232264,4.258058849246517,4.258058849246517,0.0,0.2727931097101266,-0.0021439269895547897,0.0,-0.5977151036583292,-0.08284693630951323,0.0,1.0,1.0,1.0,564.0,62.5,0,0,0.0,1.0,62.5,6843.75,0.0,1.0,6520.0,323.75,60.0,60.0
3267,2019-07-07,23:58:12,155.03125,155.09375,155.0,155.0625,286,44347.84375,155.06239073426573,0.03125,0.00020155195069726517,155.04270805808915,154.9944823030429,0.04822575504624638,0.9999999999999986,0.01103515625,2.9736079567702993,-1.4637170319630688,0.011035156250000016,-1,3267,0.14424517379638754,-0.5977151036583292,0.10504835196232265,4.5908150052219145,4.5908150052219145,0.0,0.2727931097101266,0.03421622655424683,0.0,-0.3030529546599771,0.29466214899835214,0.0,1.0,0.0,0.0,564.0,93.75,0,0,0.0,0.0,0.0,6843.75,0.0,0.0,6520.0,323.75,0.0,60.0
3268,2019-07-08,00:19:39,155.0625,155.1875,155.0625,155.1875,286,44368.75,155.13548951048952,0.125,0.0008058018163659142,155.07488404518045,155.00042130910313,0.07446273607732223,0.9999999999999832,0.0016601562499999993,2.664359861591695,1.7143923280117723,0.001660156250000027,-1,3268,0.45956337879619286,-0.3030529546599771,0.04074501503251689,18.275299694428053,18.275299694428053,0.0,0.2727931097101266,1.5295152782241583,2.0,-0.23234402477895494,0.07070892988102218,0.0,1.0,0.0,0.0,564.0,218.75,0,0,0.0,0.0,0.0,6843.75,2.0,0.0,6520.0,323.75,0.0,0.0
3269,2019-07-08,00:40:15,155.15625,155.21875,155.125,155.21875,287,44537.1875,155.18183797909407,0.03125,0.00020134903923807457,155.10685425736258,155.0071391149769,0.09971514238569057,0.9999999999999855,0.0017578124999999994,5.000000000000031,2.23606797749979,0.0017578125000000252,-1,3269,0.5234638274989089,-0.23234402477895494,0.041926274578121356,23.78344925445046,20.0,0.0,0.2727931097101266,1.7179727020810263,2.0,-0.09946043695866577,0.13288358782028917,2.0,1.0,0.0,0.0,564.0,250.0,0,0,2.0,0.0,0.0,6843.75,0.0,2.0,6525.0,318.75,-5.0,0.0
3270,2019-07-08,00:51:29,155.21875,155.25,155.1875,155.25,286,44398.3125,155.2388548951049,0.03125,0.00020130850596444816,155.13866442239313,155.014611757593,0.1240526648001321,0.9999999999999855,0.0017578124999999994,5.000000000000031,2.23606797749979,0.0017578125000000252,-1,3270,0.6332714551287387,-0.09946043695866577,0.041926274578121356,29.588287070196134,20.0,0.0,0.2727931097101266,1.7179727020810263,2.0,-0.1264525029497242,-0.02699206599105844,2.0,1.0,2.0,1.0,565.0,31.25,0,0,2.0,2.0,62.5,6906.25,0.0,0.0,6525.0,381.25,62.5,62.5
3271,2019-07-08,01:14:11,155.25,155.28125,155.21875,155.28125,286,44402.75,155.25437062937064,0.03125,0.00020126798900577114,155.1703501063058,155.02281601120555,0.14753409510024085,0.0,0.0,,,1.973247953923618e-17,-1,3271,0.6120151745529686,-0.1264525029497242,4.442125565451317e-09,332124999.45451564,20.0,0.0,0.2727931097101266,1.7179727020810263,2.0,-0.1338483911304443,-0.007395888180720095,2.0,1.0,2.0,0.0,565.0,62.5,0,0,2.0,2.0,62.5,6968.75,0.0,0.0,6525.0,443.75,62.5,62.5
3272,2019-07-08,01:28:59,155.28125,155.34375,155.25,155.3125,286,44412.34375,155.2879152097902,0.03125,0.0002012274883540499,155.2019389715712,155.03172936470693,0.1702096068642618,0.9999999999999082,0.0001953124999999999,4.999999999999986,-2.2360679774997894,0.00019531250000001782,-1,3272,0.6060990024093467,-0.1338483911304443,0.013975424859374324,121.79208043903577,20.0,0.0,0.2727931097101266,1.7179727020810263,2.0,-0.19757116203750996,-0.06372277090706566,2.0,1.0,2.0,0.0,565.0,93.75,0,0,2.0,2.0,62.5,7031.25,0.0,0.0,6525.0,506.25,62.5,62.5
3273,2019-07-08,01:58:48,155.3125,155.375,155.28125,155.34375,286,44425.0,155.33216783216784,0.03125,0.00020118700399862632,155.23345253344428,155.04132999963906,0.19212253380521815,0.9999999999999594,0.0004882812499999999,1.9999999999999691,2.6168207644729593e-15,0.0004882812500000197,-1,3273,0.5534647708585834,-0.19757116203750996,0.022097086912080056,86.94473374234158,20.0,0.0,0.2727931097101266,1.7179727020810263,2.0,-0.30183564401146623,-0.10426448197395627,2.0,1.0,2.0,0.0,565.0,125.0,0,0,2.0,2.0,62.5,7093.75,0.0,0.0,6525.0,568.75,62.5,62.5
3274,2019-07-08,02:36:15,155.34375,155.375,155.3125,155.34375,286,44428.5625,155.34462412587413,0.0,0.0,155.2579630815678,155.0506352304194,0.20732785114839203,0.9999999999999735,0.0006835937499999997,-0.6122448979591795,0.5122408325718838,0.0006835937500000178,0,3274,0.46069727331848953,-0.30183564401146623,0.0261456258291902,79.29733734540082,20.0,0.0,0.2727931097101266,1.7179727020810263,2.0,-0.4019845891592074,-0.10014894514774114,2.0,1.0,2.0,0.0,565.0,125.0,0,0,2.0,2.0,0.0,7093.75,0.0,0.0,6525.0,568.75,0.0,62.5
3275,2019-07-08,03:33:53,155.34375,155.40625,155.3125,155.40625,286,44437.125,155.37456293706293,0.0625,0.0004022526200655463,155.29091573010828,155.0615772233296,0.2293385067786744,0.9999999999999735,0.0006835937499999997,-0.6122448979591795,0.5122408325718838,0.0006835937500000178,-1,3275,0.3632137729443582,-0.4019845891592074,0.0261456258291902,87.71582224764731,20.0,0.0,0.2727931097101266,1.7179727020810263,2.0,-0.4531431176094121,-0.05115852845020474,2.0,1.0,2.0,0.0,565.0,187.5,0,0,2.0,2.0,125.0,7218.75,0.0,0.0,6525.0,693.75,125.0,125.0
3276,2019-07-08,04:15:00,155.40625,155.4375,155.375,155.40625,285,44290.6875,155.40592105263158,0.0,0.0,155.316545567862,155.07218253953488,0.24436302832711476,0.9999999999999795,0.00078125,0.3124999999999976,1.257788237343632,0.000781250000000016,0,3276,0.30992112767720764,-0.4531431176094121,0.02795084971874766,87.42597480434074,20.0,0.0,0.2727931097101266,1.7179727020810263,2.0,-0.5055318091038358,-0.052388691494423656,2.0,1.0,2.0,0.0,565.0,187.5,0,0,2.0,2.0,0.0,7218.75,0.0,0.0,6525.0,693.75,0.0,125.0
3277,2019-07-08,05:18:25,155.40625,155.46875,155.40625,155.4375,286,44458.21875,155.44831730769232,0.03125,0.00020106564861155363,155.34342433055934,155.08342307677998,0.26000125377936456,0.99999999999998,0.0009765625,-2.9999999999999964,-9.251858538542974e-16,0.0009765625000000197,-1,3277,0.25263239485104694,-0.5055318091038358,0.03125000000000031,83.20040120939582,20.0,0.0,0.2727931097101266,1.7179727020810263,2.0,-0.5925133072133154,-0.08698149810947964,2.0,1.0,2.0,0.0,565.0,218.75,0,0,2.0,2.0,62.5,7281.25,0.0,0.0,6525.0,756.25,62.5,62.5
3278,2019-07-08,05:59:24,155.4375,155.46875,155.40625,155.4375,286,44452.78125,155.42930506993008,0.0,0.0,155.3643300348795,155.0943177513406,0.2700122835388754,0.9999999999999869,0.0016601562499999997,-1.4878892733564086,0.5413870509510866,0.0016601562500000216,0,3278,0.15064722955267565,-0.5925133072133154,0.04074501503251682,66.26878977057449,20.0,0.0,0.2727931097101266,1.7179727020810263,2.0,-0.6508472506439831,-0.05833394343066767,2.0,1.0,2.0,0.0,565.0,218.75,0,0,2.0,2.0,0.0,7281.25,0.0,0.0,6525.0,756.25,0.0,62.5
3279,2019-07-08,06:09:55,155.40625,155.53125,155.40625,155.5,286,44468.5625,155.48448426573427,0.0625,0.0004020100556649808,155.3944789160174,155.1068002820686,0.28767863394878646,0.9999999999999917,0.00244140625,-1.1999999999999993,0.0,0.00244140625000002,-1,3279,0.07662311853374894,-0.6508472506439831,0.04941058844013113,58.222061916416024,20.0,0.0,0.2727931097101266,1.7179727020810263,2.0,-0.697962805854386,-0.04711555521040289,2.0,1.0,2.0,0.0,565.0,281.25,0,0,2.0,2.0,125.0,7406.25,0.0,0.0,6525.0,881.25,125.0,125.0
3280,2019-07-08,06:25:31,155.5,155.59375,155.4375,155.59375,285,44314.8125,155.4905701754386,0.09375,0.0006027122231673232,155.43876137912466,155.12178335031265,0.3169780288120023,0.9999999999999967,0.00419921875,-1.9632233639805285,0.235513936408806,0.004199218750000015,-1,3280,0.012848982347680575,-0.697962805854386,0.06480137922914923,48.91532133770046,20.0,0.0,0.2727931097101266,1.7179727020810263,2.0,-0.7094846999045327,-0.011521894050146697,2.0,1.0,2.0,0.0,565.0,375.0,0,0,2.0,2.0,187.5,7593.75,0.0,0.0,6525.0,1068.75,187.5,187.5
3281,2019-07-08,06:29:31,155.59375,155.65625,155.5625,155.5625,286,44499.75,155.59353146853147,-0.03125,-0.00020086371464511643,155.4662588504303,155.13534386261074,0.3309149878195683,0.9999999999999963,0.00419921875,-1.963223363980531,-0.23551393640880577,0.004199218750000016,0,3281,-0.0033685585105096643,-0.7094846999045327,0.06480137922914925,51.06604083987068,20.0,0.0,0.2727931097101266,1.7179727020810263,2.0,-0.7384682626634372,-0.02898356275890457,2.0,1.0,2.0,0.0,565.0,343.75,0,0,2.0,2.0,-62.5,7531.25,0.0,0.0,6525.0,1006.25,-62.5,187.5
3282,2019-07-08,06:52:08,155.5625,155.59375,155.46875,155.5,285,44326.25,155.53070175438597,-0.0625,-0.00040184850852220677,155.47375688366805,155.1465640514535,0.32719283221453566,0.9999999999999973,0.00390625,-0.1875000000000012,0.9375000000000003,0.00390625000000001,0,3282,-0.0453821321591397,-0.7384682626634372,0.06250000000000008,52.350853154325634,20.0,0.0,0.2727931097101266,1.7179727020810263,2.0,-0.755676772245256,-0.017208509581818743,2.0,1.0,2.0,0.0,565.0,281.25,0,0,2.0,2.0,-125.0,7406.25,0.0,0.0,6525.0,881.25,-125.0,-62.5
3283,2019-07-08,07:04:07,155.5,155.53125,155.40625,155.53125,286,44465.6875,155.4744318181818,0.03125,0.00020094443953944108,155.48653313174182,155.15840054217804,0.3281325895637792,0.9999999999999992,0.0014648437500000002,2.0000000000000013,1.3608276348795436,0.0014648437500000013,-1,3283,-0.07122830122886,-0.755676772245256,0.038273277230987175,85.73412399033167,20.0,0.0,0.2727931097101266,1.7179727020810263,2.0,-0.7632457497042666,-0.0075689774590106396,2.0,1.0,2.0,0.0,565.0,312.5,0,0,2.0,2.0,62.5,7468.75,0.0,0.0,6525.0,943.75,62.5,62.5
3284,2019-07-08,07:10:19,155.53125,155.625,155.46875,155.5,285,44326.375,155.5311403508772,-0.03125,-0.00020094443953944108,155.48952576913254,155.16891129472643,0.32061447440611346,0.9999999999999982,0.0016601562499999997,-1.4878892733564004,0.5413870509510853,0.001660156250000003,0,3284,-0.08282869036325635,-0.7632457497042666,0.04074501503251659,78.68802457190084,20.0,0.0,0.2727931097101266,1.7179727020810263,2.0,-0.7740313012936484,-0.01078555158938177,2.0,1.0,2.0,0.0,565.0,281.25,0,0,2.0,2.0,-62.5,7406.25,0.0,0.0,6525.0,881.25,-62.5,62.5
3285,2019-07-08,07:17:14,155.5,155.5,155.40625,155.4375,286,44459.0,155.45104895104896,-0.0625,-0.0004020100556649808,155.4779644871031,155.177175562581,0.30078892452209516,1.0000000000000004,0.0036132812500000006,-0.021913805697593602,-0.5901286563843656,0.0036132812499999993,0,3285,-0.09962000971356268,-0.7740313012936484,0.06011057519272295,50.03926905668821,20.0,0.0,0.2727931097101266,1.7179727020810263,2.0,-0.7860239425993941,-0.011992641305745733,2.0,1.0,2.0,0.0,565.0,218.75,0,0,2.0,2.0,-125.0,7281.25,0.0,0.0,6525.0,756.25,-125.0,-62.5
3286,2019-07-08,07:31:06,155.4375,155.4375,155.375,155.4375,286,44446.1875,155.40625,0.0,0.0,155.46897237885798,155.18518554527083,0.2837868335871576,1.0000000000000004,0.0036132812500000006,-0.021913805697593602,-0.5901286563843656,0.0036132812499999993,0,3286,-0.11867223782671531,-0.7860239425993941,0.06011057519272295,47.210799876277534,20.0,0.0,0.2727931097101266,1.7179727020810263,2.0,-0.8245569960403638,-0.03853305344096969,2.0,1.0,2.0,0.0,565.0,218.75,0,0,2.0,2.0,0.0,7281.25,0.0,0.0,6525.0,756.25,0.0,0.0
3287,2019-07-08,07:42:50,155.4375,155.4375,155.3125,155.3125,286,44436.59375,155.37270541958043,-0.125,-0.0008045052726757262,155.4342007391118,155.18910291310866,0.245097826003132,1.0000000000000004,0.0036132812500000006,-0.021913805697593602,-0.5901286563843656,0.0036132812499999993,0,3287,-0.18298374866003292,-0.8245569960403638,0.06011057519272295,40.77449354249463,20.0,0.0,0.2727931097101266,1.7179727020810263,2.0,-0.8407409715752873,-0.016183975534923456,2.0,1.0,2.0,0.0,565.0,93.75,0,0,2.0,2.0,-250.0,7031.25,0.0,0.0,6525.0,506.25,-250.0,0.0
3288,2019-07-08,08:00:05,155.3125,155.375,155.3125,155.34375,286,44429.53125,155.34801136363637,0.03125,0.00020118700399862632,155.41410057486473,155.193861285013,0.22023928985171892,0.9999999999999994,0.00341796875,1.999999999999999,-1.145405322481819,0.0034179687500000013,-1,3288,-0.21163948022669435,-0.8407409715752873,0.05846339666834285,37.67131271915571,20.0,0.0,0.2727931097101266,1.7179727020810263,2.0,-0.8367308125125923,0.0040101590626949735,2.0,1.0,2.0,0.0,565.0,125.0,0,0,2.0,2.0,62.5,7093.75,0.0,0.0,6525.0,568.75,62.5,62.5
3289,2019-07-08,08:13:31,155.34375,155.375,155.3125,155.3125,286,44423.1875,155.32583041958043,-0.03125,-0.00020118700399862632,155.39152266933925,155.19751170701264,0.1940109623266153,0.9999999999999993,0.0041015625,0.9183673469387763,-1.0223715049937014,0.004101562500000003,0,3289,-0.2044361653132914,-0.8367308125125923,0.06404344228724751,30.29364996597743,20.0,0.0,0.2727931097101266,1.7179727020810263,2.0,-0.8725681819965151,-0.0358373694839228,2.0,1.0,2.0,0.0,565.0,93.75,0,0,2.0,2.0,-62.5,7031.25,0.0,0.0,6525.0,506.25,-62.5,62.5
3290,2019-07-08,08:25:11,155.3125,155.3125,155.25,155.28125,286,44417.34375,155.30539772727272,-0.03125,-0.0002012274883540499,155.36701763170834,155.2000882698738,0.16692936183454776,0.9999999999999959,0.0017578124999999998,-2.407407407407407,0.1656346649999846,0.0017578125000000068,0,3290,-0.2715826312593074,-0.8725681819965151,0.04192627457812114,39.81497605362208,20.0,0.0,0.2727931097101266,1.7179727020810263,2.0,-0.9201596966325455,-0.047591514636030396,2.0,1.0,2.0,0.0,565.0,62.5,0,0,2.0,2.0,-62.5,6968.75,0.0,0.0,6525.0,443.75,-62.5,-62.5
3291,2019-07-08,08:39:41,155.28125,155.3125,155.25,155.3125,286,44414.3125,155.29479895104896,0.03125,0.0002012274883540499,155.35490260243984,155.20354709233925,0.15135551010058634,0.9999999999999964,0.00126953125,-0.1775147928994123,0.4047960089109363,0.0012695312500000048,-1,3291,-0.37378825954752415,-0.9201596966325455,0.03563048203434813,42.47922044800802,20.0,0.0,0.2727931097101266,1.7179727020810263,2.0,-0.9465357123235218,-0.026376015690976362,2.0,1.0,2.0,0.0,565.0,93.75,0,0,2.0,2.0,62.5,7031.25,0.0,0.0,6525.0,506.25,62.5,62.5
3292,2019-07-08,09:00:12,155.3125,155.3125,155.21875,155.25,286,44407.03125,155.26934003496504,-0.0625,-0.00040249547735982105,155.33159091300877,155.20497641257498,0.12661450043378863,0.9999999999999948,0.0016601562499999997,-1.4878892733564004,-0.5413870509510851,0.0016601562500000086,0,3292,-0.4411898468938907,-0.9465357123235218,0.04074501503251666,31.07484445219707,20.0,0.0,0.2727931097101266,1.7179727020810263,2.0,-0.987412383113429,-0.0408766707899072,2.0,1.0,2.0,0.0,565.0,31.25,0,0,2.0,2.0,-125.0,6906.25,0.0,0.0,6525.0,381.25,-125.0,62.5
3293,2019-07-08,09:20:26,155.25,155.3125,155.21875,155.25,286,44405.8125,155.26507867132867,0.0,0.0,155.31345959900682,155.20636175372655,0.10709784528026489,0.9999999999999929,0.00146484375,2.0000000000000013,-1.3608276348795436,0.0014648437500000104,0,3293,-0.5863650654415998,-0.987412383113429,0.03827327723098729,27.982407838740023,20.0,0.0,0.2727931097101266,1.7179727020810263,2.0,-0.9998066502920762,-0.012394267178647111,2.0,1.0,2.0,0.0,565.0,31.25,0,0,2.0,2.0,0.0,6906.25,0.0,0.0,6525.0,381.25,0.0,0.0
3294,2019-07-08,09:35:33,155.25,155.3125,155.21875,155.28125,286,44406.78125,155.2684659090909,0.03125,0.00020126798900577114,155.30630191033865,155.20866600745805,0.09763590288059731,0.9999999999999929,0.00146484375,2.0000000000000013,-1.3608276348795436,0.0014648437500000104,-1,3294,-0.7208744147043283,-0.9998066502920762,0.03827327723098729,25.51020188089566,20.0,0.0,0.2727931097101266,1.7179727020810263,2.0,-0.9588792409439405,0.04092740934813566,2.0,1.0,2.0,0.0,565.0,62.5,0,0,2.0,2.0,62.5,6968.75,0.0,0.0,6525.0,443.75,62.5,62.5
3295,2019-07-08,09:55:57,155.28125,155.34375,155.25,155.28125,286,44410.53125,155.2815777972028,0.0,0.0,155.3007348191523,155.21089936107475,0.08983545807754467,0.9999999999999519,0.00029296875,-3.3333333333333304,0.6085806194501845,0.00029296875000001414,0,3295,-0.8787170850510243,-0.9588792409439405,0.017116329922036853,52.485233976405034,20.0,0.0,0.2727931097101266,1.7179727020810263,2.0,-0.8527200845172566,0.10615915642668394,2.0,1.0,2.0,0.0,565.0,62.5,0,0,2.0,2.0,0.0,6968.75,0.0,0.0,6525.0,443.75,0.0,62.5
3296,2019-07-08,10:06:31,155.28125,155.34375,155.25,155.3125,286,44419.0625,155.31140734265733,0.03125,0.0002012274883540499,155.30334930378513,155.21402553458014,0.08932376920498086,0.9999999999999929,0.00146484375,2.0000000000000013,-1.3608276348795436,0.0014648437500000104,-1,3296,-0.9723341973035907,-0.8527200845172566,0.03827327723098729,23.338416688462054,20.0,0.0,0.2727931097101266,1.7179727020810263,2.0,-0.5687454923744674,0.2839745921427892,-2.0,1.0,2.0,0.0,565.0,93.75,0,0,-2.0,2.0,62.5,7031.25,0.0,4.0,6535.0,496.25,52.5,52.5
3297,2019-07-08,10:32:33,155.3125,155.375,155.28125,155.3125,286,44424.0625,155.32888986013987,0.0,0.0,155.3053827918329,155.21705551813156,0.08832727370133853,1.0,0.00390625,-0.1874999999999988,-0.9374999999999997,0.003906250000000001,0,3297,-0.9837687139833718,-0.5687454923744674,0.0625,14.132363792214164,14.132363792214164,0.0,0.2727931097101266,1.076818061894485,1.0,-0.22381013317385756,0.3449353592006098,-2.0,-1.0,-2.0,1.0,566.0,0.0,0,0,-2.0,-2.0,-0.0,7031.25,-1.0,0.0,6535.0,496.25,-0.0,52.5
3298,2019-07-08,10:56:26,155.3125,155.34375,155.25,155.25,286,44411.5625,155.28518356643357,-0.0625,-0.00040249547735982105,155.29307550475892,155.21806919449676,0.07500631026215387,0.999999999999999,0.008984375000000001,-0.13941398865784413,0.22576614034747067,0.008984375000000008,0,3298,-0.8474270993209689,-0.22381013317385756,0.09478594305064443,7.913231418932844,7.913231418932844,0.0,0.2727931097101266,0.39725555361002535,1.0,0.14181028120572992,0.3656204143795875,-1.0,-1.0,-2.0,0.0,566.0,-62.5,0,0,-1.0,-2.0,125.0,7156.25,0.0,1.0,6537.5,618.75,122.5,122.5
3299,2019-07-08,11:04:51,155.25,155.28125,155.125,155.125,286,44385.46875,155.19394667832168,-0.125,-0.0008054772888170803,155.25572539259028,155.2152055269738,0.04051986561648846,0.9999999999999994,0.008984375,1.4555765595463157,1.118079933149378,0.008984375000000003,0,3299,-0.5996856460348464,0.14181028120572992,0.0947859430506444,4.2748813075414125,4.2748813075414125,0.0,0.2727931097101266,-0.0003057426145921527,0.0,0.45772501741168564,0.3159147362059557,-1.0,-1.0,-1.0,0.0,566.0,-187.5,0,0,-1.0,-1.0,125.0,7281.25,-1.0,0.0,6537.5,743.75,125.0,125.0
3300,2019-07-08,11:15:00,155.125,155.25,155.09375,155.25,286,44380.59375,155.1769012237762,0.125,0.0008054772888170803,155.25445308312578,155.21627612614384,0.03817695698194257,1.0000000000000002,0.008984375000000001,3.7240075614366694,1.7487916903105647,0.008984375,-1,3300,-0.3050238006007253,0.45772501741168564,0.09478594305064438,4.0277023948102215,4.0277023948102215,0.0,0.2727931097101266,-0.02731489949510535,0.0,0.6896219704004023,0.23189695298871665,-0.0,-1.0,-1.0,0.0,566.0,-62.5,0,0,-0.0,-1.0,-125.0,7156.25,0.0,1.0,6540.0,616.25,-127.5,125.0
3301,2019-07-08,11:28:19,155.25,155.25,155.1875,155.1875,287,44546.28125,155.21352351916377,-0.0625,-0.0004026575452025227,155.23957462020894,155.2153907068779,0.024183913331029316,0.9999999999999996,0.0087890625,2.925925925925931,1.4814814814814816,0.008789062500000002,0,3301,-0.02442882819603717,0.6896219704004023,0.09375000000000001,2.57961742197646,2.57961742197646,0.0,0.2727931097101266,-0.18554665873144005,0.0,0.7749452120562131,0.08532324165581084,-0.0,-1.0,-0.0,0.0,566.0,-125.0,0,0,-0.0,-0.0,0.0,7156.25,0.0,0.0,6540.0,616.25,0.0,0.0
3302,2019-07-08,11:41:15,155.1875,155.21875,155.125,155.125,286,44381.125,155.17875874125875,-0.0625,-0.0004028197436145575,155.21411359349585,155.2126094543586,0.0015041391372392354,0.9999999999999981,0.008105468749999999,-2.84947016983597,0.5896604154493245,0.008105468750000015,0,3302,0.10105743581598739,0.7749452120562131,0.09003037681804966,0.16707018124328005,0.16707018124328005,0.0,0.2727931097101266,-0.44916488646219577,-0.0,0.8307622220041053,0.05581700994789218,-0.0,-1.0,-0.0,0.0,566.0,-187.5,0,0,-0.0,-0.0,0.0,7156.25,-0.0,0.0,6540.0,616.25,0.0,0.0
3303,2019-07-08,11:50:38,155.125,155.15625,155.09375,155.09375,286,44365.5625,155.1243444055944,-0.03125,-0.0002014707370570079,155.18736612827456,155.20895224037835,-0.021586112103790356,0.9999999999999983,0.00419921875,1.9307733910221774,1.4467284665112368,0.004199218750000007,0,3303,0.19384254836873122,0.8307622220041053,0.06480137922914918,-3.3311192385979984,0.0,-3.3311192385979984,-0.11154314122217357,-0.4674205891246751,-1.0,0.8770985614131143,0.04633633940900894,0.0,-1.0,-0.0,0.0,566.0,-218.75,0,0,0.0,-0.0,0.0,7156.25,-1.0,0.0,6540.0,616.25,0.0,0.0
3304,2019-07-08,12:02:03,155.125,155.1875,155.09375,155.1875,286,44371.46875,155.14499562937064,0.09375,0.0006042904806715654,155.1873958775469,155.20829217144367,-0.020896293896782936,0.9999999999999964,0.005175781249999999,-2.7162691349234627,0.19669686464742817,0.005175781250000016,-1,3304,0.2805715751775489,0.8770985614131143,0.07194290270763348,-2.9045664145221846,0.0,-2.9045664145221846,-0.06232853751471751,-0.4674205891246751,-1.0,0.924979359607695,0.04788079819458069,1.0,-1.0,0.0,0.0,566.0,-125.0,0,0,1.0,0.0,0.0,7156.25,0.0,1.0,6542.5,613.75,-2.5,0.0
3305,2019-07-08,12:10:48,155.15625,155.1875,155.125,155.1875,287,44533.625,155.169425087108,0.0,0.0,155.18741901586984,155.20765241232235,-0.020233396452510988,0.9999999999999925,0.00322265625,-2.2314049586776874,-0.5671631517317608,0.003222656250000024,0,3305,0.3853463343445664,0.924979359607695,0.05676844413932818,-3.5641978143441215,0.0,-3.5641978143441215,-0.13843516746276163,-0.4674205891246751,-1.0,0.9399571445496364,0.014977784941941463,1.0,-1.0,1.0,1.0,567.0,0.0,0,0,1.0,1.0,0.0,7156.25,0.0,0.0,6542.5,613.75,0.0,0.0
3306,2019-07-08,12:15:25,155.1875,155.28125,155.1875,155.28125,286,44398.84375,155.2407124125874,0.09375,0.0006039255342082939,155.20827034567654,155.20991695348167,-0.001646607805128042,0.999999999999989,0.00322265625,1.0743801652892664,-0.266900306697301,0.0032226562500000354,-1,3306,0.4233198341127885,0.9399571445496364,0.05676844413932828,-0.29005688461123386,0.0,-0.29005688461123386,0.23932706793748082,-0.4674205891246751,-0.0,0.9649927582015101,0.025035613651873678,1.0,-1.0,1.0,0.0,567.0,93.75,0,0,1.0,1.0,93.75,7250.0,1.0,0.0,6542.5,707.5,93.75,93.75
3307,2019-07-08,12:20:15,155.28125,155.34375,155.25,155.34375,286,44414.03125,155.29381555944056,0.0625,0.00040241449235267623,155.23837693552622,155.21403489337456,0.024342042151658916,0.999999999999995,0.005566406249999999,-1.1172668513388757,0.20575279705556992,0.005566406250000028,-1,3307,0.4968954123277771,0.9649927582015101,0.07460835241445844,3.2626430371275217,3.2626430371275217,0.0,0.2727931097101266,-0.11091267887780121,0.0,0.9908983969196395,0.025905638718129453,0.0,-1.0,1.0,0.0,567.0,156.25,0,0,0.0,1.0,62.5,7312.5,0.0,1.0,6545.0,767.5,60.0,93.75
3308,2019-07-08,12:22:28,155.34375,155.5,155.34375,155.5,285,44301.9375,155.4453947368421,0.15625,0.0010053283243420807,155.29651539429818,155.22283381973227,0.07368157456591007,0.999999999999995,0.005566406249999999,-1.1172668513388757,0.20575279705556992,0.005566406250000028,-1,3308,0.6054859797841736,0.9908983969196395,0.07460835241445844,9.87578095232555,9.87578095232555,0.0,0.2727931097101266,0.6117026828067904,1.0,0.9956843566069996,0.004785959687360064,-0.0,-1.0,0.0,0.0,567.0,312.5,0,0,-0.0,0.0,0.0,7312.5,1.0,0.0,6545.0,767.5,0.0,60.0
3309,2019-07-08,12:26:01,155.5,155.5,155.4375,155.46875,286,44465.5625,155.47399475524475,-0.03125,-0.000200984826322248,155.3347897511208,155.23040047143283,0.10438927968797884,0.9999999999999953,0.005175781250000001,1.128515485938049,1.0326585393989962,0.005175781250000024,0,3309,0.7696778014190307,0.9956843566069996,0.07194290270763354,14.510017772316345,14.510017772316345,0.0,0.2727931097101266,1.1180841856201067,1.0,0.890406052780339,-0.10527830382666059,1.0,-1.0,-0.0,0.0,567.0,281.25,0,0,1.0,-0.0,0.0,7312.5,0.0,1.0,6547.5,765.0,-2.5,0.0
3310,2019-07-08,12:32:24,155.46875,155.53125,155.46875,155.46875,286,44471.59375,155.49508304195805,0.0,0.0,155.3645586953162,155.23773430308108,0.12682439223510755,0.9999999999999969,0.006054687499999999,2.814776274713843,1.6712144101358455,0.006054687500000018,0,3310,0.9514638793583712,0.890406052780339,0.0778118724874297,16.298848515128036,16.298848515128036,0.0,0.2727931097101266,1.3135491208422656,2.0,0.637551178844302,-0.252854873936037,-1.0,-1.0,1.0,1.0,568.0,0.0,0,0,-1.0,1.0,0.0,7312.5,1.0,2.0,6552.5,760.0,-5.0,-2.5
3311,2019-07-08,12:39:16,155.46875,155.5625,155.46875,155.5,285,44318.9375,155.50504385964913,0.03125,0.000200984826322248,155.3946567630237,155.24580401683244,0.14885274619126676,0.9999999999999882,0.00068359375,-0.612244897959183,0.5122408325718831,0.000683593750000008,-1,3311,0.9955774866156152,0.637551178844302,0.026145625829190014,56.9321794642535,20.0,0.0,0.2727931097101266,1.7179727020810263,2.0,0.39038801458340966,-0.24716316426089235,2.0,1.0,-1.0,1.0,569.0,31.25,0,0,2.0,-1.0,-31.25,7281.25,0.0,3.0,6560.0,721.25,-38.75,-5.0
3312,2019-07-08,12:45:43,155.5,155.5,155.4375,155.46875,286,44458.40625,155.4489729020979,-0.03125,-0.000200984826322248,155.41112192679623,155.2526638932376,0.15845803355861676,0.9999999999999952,0.00126953125,-0.17751479289940755,-0.4047960089109363,0.001269531250000006,0,3312,0.9270441683439855,0.39038801458340966,0.03563048203434815,44.47260449798619,20.0,0.0,0.2727931097101266,1.7179727020810263,2.0,0.14917904366557286,-0.2412089709178368,2.0,1.0,2.0,1.0,570.0,-31.25,0,0,2.0,2.0,-62.5,7218.75,0.0,0.0,6560.0,658.75,-62.5,-38.75
3313,2019-07-08,12:51:47,155.46875,155.53125,155.46875,155.46875,286,44470.34375,155.4907124125874,0.0,0.0,155.423928165286,155.25931269652264,0.1646154687633441,0.9999999999999968,0.00361328125,-0.021913805697588867,0.5901286563843656,0.0036132812500000123,0,3313,0.8046799115805948,0.14917904366557286,0.06011057519272305,27.38544228458362,20.0,0.0,0.2727931097101266,1.7179727020810263,2.0,-0.08519803396347941,-0.23437707762905227,2.0,1.0,2.0,0.0,570.0,-31.25,0,0,2.0,2.0,0.0,7218.75,0.0,0.0,6560.0,658.75,0.0,0.0
3314,2019-07-08,12:59:40,155.46875,155.5,155.40625,155.40625,286,44453.875,155.43312937062936,-0.0625,-0.00040209087795428644,155.41999968411133,155.26383384432197,0.1561658397893666,0.9999999999999976,0.00361328125,2.6077428780131497,1.517473687845512,0.0036132812500000084,0,3314,0.64429165981119,-0.08519803396347941,0.060110575192723024,25.97976134626508,20.0,0.0,0.2727931097101266,1.7179727020810263,2.0,-0.3846992100593857,-0.29950117609590626,2.0,1.0,2.0,0.0,570.0,-93.75,0,0,2.0,2.0,-125.0,7093.75,0.0,0.0,6560.0,533.75,-125.0,0.0
3315,2019-07-08,13:07:21,155.40625,155.5,155.40625,155.5,285,44303.5,155.45087719298246,0.09375,0.0006030757042765345,155.4377775320866,155.27110049526593,0.1666770368206869,0.9999999999999968,0.00361328125,-0.021913805697588867,0.5901286563843656,0.0036132812500000123,-1,3315,0.3806658312474105,-0.3846992100593857,0.06011057519272305,27.728404908170752,20.0,0.0,0.2727931097101266,1.7179727020810263,2.0,-0.5850855644038431,-0.2003863543444574,2.0,1.0,2.0,0.0,570.0,0.0,0,0,2.0,2.0,187.5,7281.25,0.0,0.0,6560.0,721.25,187.5,187.5
3316,2019-07-08,13:17:09,155.5,155.53125,155.46875,155.46875,286,44475.46875,155.508631993007,-0.03125,-0.000200984826322248,155.44466030273404,155.27718201848853,0.16747828424550448,0.9999999999999963,0.00419921875,-1.963223363980531,-0.23551393640880577,0.004199218750000016,0,3316,0.15972552414276767,-0.5850855644038431,0.06480137922914925,25.84486414297933,20.0,0.0,0.2727931097101266,1.7179727020810263,2.0,-0.8294047734536115,-0.24431920904976845,2.0,1.0,2.0,0.0,570.0,-31.25,0,0,2.0,2.0,-62.5,7218.75,0.0,0.0,6560.0,658.75,-62.5,187.5
3317,2019-07-08,13:24:17,155.46875,155.5625,155.4375,155.5,285,44318.9375,155.50504385964913,0.03125,0.000200984826322248,155.4569580132376,155.2840379563812,0.172920056856384,0.9999999999999917,0.00244140625,-1.1999999999999993,0.0,0.0024414062500000204,-1,3317,-0.19145386583953736,-0.8294047734536115,0.04941058844013113,34.99655889868716,20.0,0.0,0.2727931097101266,1.7179727020810263,2.0,-0.908947487527891,-0.07954271407427949,2.0,1.0,2.0,0.0,570.0,0.0,0,0,2.0,2.0,62.5,7281.25,0.0,0.0,6560.0,721.25,62.5,62.5
3318,2019-07-08,13:31:33,155.5,155.5625,155.5,155.5625,286,44484.5,155.5402097902098,0.0625,0.00040184850852220677,155.48041178807372,155.2926060192618,0.187805768811927,0.9999999999999923,0.0016601562499999997,-1.4878892733564004,0.5413870509510851,0.0016601562500000123,-1,3318,-0.3479226057517023,-0.908947487527891,0.04074501503251671,46.092943802339484,20.0,0.0,0.2727931097101266,1.7179727020810263,2.0,-0.9599600813347441,-0.05101259380685308,2.0,1.0,2.0,0.0,570.0,62.5,0,0,2.0,2.0,125.0,7406.25,0.0,0.0,6560.0,846.25,125.0,125.0
3319,2019-07-08,13:36:12,155.5625,155.625,155.5625,155.5625,285,44346.625,155.60219298245613,0.0,0.0,155.49865361294624,155.3009104494384,0.1977431635078517,0.9999999999999958,0.00244140625,-1.2000000000000004,0.0,0.0024414062500000104,0,3319,-0.4807076326408439,-0.9599600813347441,0.049410588440131034,40.02040245836167,20.0,0.0,0.2727931097101266,1.7179727020810263,2.0,-0.9876356661446077,-0.02767558480986365,2.0,1.0,2.0,0.0,570.0,62.5,0,0,2.0,2.0,0.0,7406.25,0.0,0.0,6560.0,846.25,0.0,125.0
3320,2019-07-08,13:40:47,155.5625,155.59375,155.5,155.53125,286,44486.15625,155.54600087412587,-0.03125,-0.0002009040689827657,155.50589725451377,155.30799782022493,0.1978994342888427,0.9999999999999977,0.00751953125,0.12987012987012747,0.9266785330582887,0.007519531250000018,0,3320,-0.5875130966337554,-0.9876356661446077,0.08671523078444765,22.82176181722576,20.0,0.0,0.2727931097101266,1.7179727020810263,2.0,-0.9990623832648692,-0.011426717120261443,2.0,1.0,2.0,0.0,570.0,31.25,0,0,2.0,2.0,-62.5,7343.75,0.0,0.0,6560.0,783.75,-62.5,0.0
3321,2019-07-08,13:46:16,155.53125,155.5625,155.4375,155.46875,286,44479.25,155.52185314685315,-0.0625,-0.0004019292658616891,155.4976423090663,155.3129440411411,0.1846982679251994,0.9999999999999988,0.00830078125,3.3840830449827,1.8158673720971528,0.00830078125000001,0,3321,-0.6758304364541239,-0.9990623832648692,0.09110862335695788,20.272314641563966,20.0,0.0,0.2727931097101266,1.7179727020810263,2.0,-0.999998678996215,-0.0009362957313457931,2.0,1.0,2.0,0.0,570.0,-31.25,0,0,2.0,2.0,-125.0,7218.75,0.0,0.0,6560.0,658.75,-125.0,-62.5
3322,2019-07-08,13:51:20,155.46875,155.65625,155.46875,155.625,285,44342.53125,155.58782894736842,0.15625,0.0010045204260054064,155.52594401816268,155.32254576295216,0.2033982552105158,0.999999999999999,0.00849609375,4.435196195005946,2.0770565944246666,0.008496093750000008,-1,3322,-0.7059564981877172,-0.999998678996215,0.09217425752345396,22.066709369344327,20.0,0.0,0.2727931097101266,1.7179727020810263,2.0,-0.9996582168005643,0.00034046219565064817,2.0,1.0,2.0,0.0,570.0,125.0,0,0,2.0,2.0,312.5,7531.25,0.0,0.0,6560.0,971.25,312.5,312.5
3323,2019-07-08,13:57:44,155.625,155.6875,155.5625,155.5625,286,44505.71875,155.6144012237762,-0.0625,-0.0004016870911609516,155.5340675696821,155.32992897024596,0.20413859943613488,0.9999999999999992,0.009082031249999999,4.575095386749918,2.129670993621009,0.009082031250000006,0,3323,-0.6883793042412275,-0.9996582168005643,0.0952996917623557,21.42069881455499,20.0,0.0,0.2727931097101266,1.7179727020810263,2.0,-0.9880379061465696,0.011620310653994714,2.0,1.0,2.0,0.0,570.0,62.5,0,0,2.0,2.0,-125.0,7406.25,0.0,0.0,6560.0,846.25,-125.0,312.5
3324,2019-07-08,14:03:27,155.5625,155.59375,155.5,155.53125,285,44335.59375,155.56348684210528,-0.03125,-0.0002009040689827657,155.53344144308608,155.3361234634692,0.19731797961688358,0.9999999999999983,0.009082031249999999,-0.41970169961845016,1.0436798246884413,0.009082031250000015,0,3324,-0.5896045140962449,-0.9880379061465696,0.09529969176235574,20.70499662359097,20.0,0.0,0.2727931097101266,1.7179727020810263,2.0,-0.949745064504727,0.038292841641842656,2.0,1.0,2.0,0.0,570.0,31.25,0,0,2.0,2.0,-62.5,7343.75,0.0,0.0,6560.0,783.75,-62.5,-62.5
3325,2019-07-08,14:13:50,155.53125,155.5625,155.40625,155.46875,286,44464.0625,155.46875,-0.0625,-0.0004019292658616891,155.51906556684474,155.34020427997785,0.17886128686689062,0.9999999999999981,0.00322265625,-2.2314049586776847,0.5671631517317617,0.003222656250000006,0,3325,-0.45022945729003205,-0.949745064504727,0.05676844413932802,31.507167331890848,20.0,0.0,0.2727931097101266,1.7179727020810263,2.0,-0.8956942317855855,0.05405083271914146,2.0,1.0,2.0,0.0,570.0,-31.25,0,0,2.0,2.0,-125.0,7218.75,0.0,0.0,6560.0,658.75,-125.0,-62.5
3326,2019-07-08,14:24:25,155.46875,155.5625,155.4375,155.53125,285,44316.71875,155.49725877192984,0.0625,0.0004019292658616891,155.52177321865702,155.3460826098247,0.17569060883232623,1.0,0.00732421875,-0.13333333333333167,-0.6085806194501847,0.00732421875,-1,3326,-0.31892194750985103,-0.8956942317855855,0.0855816496101822,20.529004714513377,20.0,0.0,0.2727931097101266,1.7179727020810263,2.0,-0.8927977897121627,0.002896442073422767,2.0,1.0,2.0,0.0,570.0,31.25,0,0,2.0,2.0,125.0,7343.75,0.0,0.0,6560.0,783.75,125.0,125.0
3327,2019-07-08,14:29:36,155.53125,155.59375,155.5,155.5625,286,44485.96875,155.54534527972027,0.03125,0.0002009040689827657,155.53082361451104,155.3527416064455,0.17808200806553032,1.0,0.00732421875,-0.13333333333333167,-0.6085806194501847,0.00732421875,-1,3327,-0.31278170277337275,-0.8927977897121627,0.0855816496101822,20.808433686039013,20.0,0.0,0.2727931097101266,1.7179727020810263,2.0,-0.9688983377326267,-0.07610054802046395,2.0,1.0,2.0,0.0,570.0,62.5,0,0,2.0,2.0,62.5,7406.25,0.0,0.0,6560.0,846.25,62.5,125.0
3328,2019-07-08,14:38:51,155.5625,155.625,155.40625,155.40625,286,44479.15625,155.52152534965035,-0.15625,-0.0010049242127987412,155.50314058906415,155.35438801855489,0.14875257050925939,0.999999999999999,0.00849609375,1.5814506539833542,-1.4301684243036634,0.008496093750000008,0,3328,-0.5101345701194939,-0.9688983377326267,0.09217425752345396,16.138190261137602,16.138190261137602,0.0,0.2727931097101266,1.2959940473198899,2.0,-0.9916457166658152,-0.022747378933188567,2.0,1.0,2.0,0.0,570.0,-93.75,0,0,2.0,2.0,-312.5,7093.75,0.0,0.0,6560.0,533.75,-312.5,62.5
3329,2019-07-08,14:42:20,155.40625,155.4375,155.375,155.375,285,44285.53125,155.38782894736843,-0.03125,-0.00020110608413670406,155.47466490260547,155.3550222333686,0.1196426692368675,0.9999999999999992,0.007617187500000001,2.041420118343197,-1.4964964675439432,0.007617187500000006,0,3329,-0.7924100807194929,-0.9916457166658152,0.08727650027355592,13.708463201648138,13.708463201648138,0.0,0.2727931097101266,1.0304985865564285,1.0,-0.8606949688848933,0.13095074778092197,2.0,1.0,2.0,0.0,570.0,-125.0,0,0,2.0,2.0,-62.5,7031.25,-1.0,0.0,6560.0,471.25,-62.5,-62.5
3330,2019-07-08,14:48:05,155.375,155.4375,155.34375,155.4375,286,44444.78125,155.40133304195805,0.0625,0.0004021717327482577,155.46640603535982,155.35756001080344,0.10884602455638515,0.9999999999999996,0.007031249999999999,1.238425925925925,-0.9989840732811562,0.007031250000000002,-1,3330,-0.9686061452257198,-0.8606949688848933,0.08385254915624213,12.980645866063389,12.980645866063389,0.0,0.2727931097101266,0.9509702304359224,1.0,-0.6355574436036369,0.2251375252812564,-1.0,1.0,2.0,0.0,570.0,-62.5,0,0,-1.0,2.0,125.0,7156.25,0.0,3.0,6567.5,588.75,117.5,117.5
3331,2019-07-08,14:56:43,155.4375,155.46875,155.375,155.46875,286,44451.75,155.4256993006993,0.03125,0.00020102522934273281,155.46692691639097,155.36098124124027,0.10594567515070707,0.9999999999999929,0.0022460937500000003,-3.081285444234405,-0.3153558785805939,0.0022460937500000163,-1,3331,-0.9953313025767845,-0.6355574436036369,0.04739297152532236,22.35472301923496,20.0,0.0,0.2727931097101266,1.7179727020810263,2.0,-0.48658360527199235,0.14897383833164451,-1.0,-1.0,-1.0,1.0,571.0,31.25,0,0,-1.0,-1.0,-31.25,7125.0,1.0,0.0,6567.5,557.5,-31.25,117.5
3332,2019-07-08,15:02:53,155.46875,155.5,155.4375,155.4375,286,44463.71875,155.46754807692307,-0.03125,-0.00020102522934273281,155.46038760163742,155.36333566458674,0.09705193705067927,0.9999999999999887,0.0016601562499999997,-1.4878892733564004,-0.5413870509510853,0.0016601562500000184,0,3332,-0.9618191043636317,-0.48658360527199235,0.04074501503251678,23.819340101660643,20.0,0.0,0.2727931097101266,1.7179727020810263,2.0,-0.19920535289136307,0.2873782523806293,-2.0,-1.0,-1.0,0.0,571.0,0.0,0,0,-2.0,-1.0,31.25,7156.25,0.0,1.0,6570.0,586.25,28.75,28.75
3333,2019-07-08,15:14:50,155.4375,155.53125,155.40625,155.5,285,44308.0,155.46666666666667,0.0625,0.0004020100556649808,155.4691903568291,155.367540721061,0.10164963576809782,0.999999999999987,0.00126953125,-0.1775147928994123,-0.4047960089109363,0.0012695312500000163,-1,3333,-0.8337942390213421,-0.19920535289136307,0.03563048203434829,28.528841027215442,20.0,0.0,0.2727931097101266,1.7179727020810263,2.0,0.15076218174125777,0.34996753463262087,-2.0,-1.0,-2.0,0.0,571.0,62.5,0,0,-2.0,-2.0,-125.0,7031.25,0.0,0.0,6570.0,461.25,-125.0,28.75
3334,2019-07-08,15:21:04,155.5,155.5,155.46875,155.5,286,44472.84375,155.49945367132867,0.0,0.0,155.47603694420042,155.37161639118224,0.10442055301817277,0.9999999999999991,0.005175781250000001,1.1285154859380562,-1.032658539398995,0.005175781250000006,0,3334,-0.5924196324160013,0.15076218174125777,0.0719429027076334,14.514364737620376,14.514364737620376,0.0,0.2727931097101266,1.1185591770607333,1.0,0.5083905371404425,0.3576283553991847,-2.0,-1.0,-2.0,0.0,571.0,62.5,0,0,-2.0,-2.0,-0.0,7031.25,-1.0,0.0,6570.0,461.25,-0.0,-0.0
3335,2019-07-08,15:30:35,155.5,155.53125,155.46875,155.53125,286,44476.625,155.51267482517483,0.03125,0.00020094443953944108,155.4883065121559,155.3765281945305,0.11177831762540791,0.9999999999999991,0.0056640625,-0.9453032104637344,-0.6013638196305312,0.005664062500000004,-1,3335,-0.24942207865274488,0.5083905371404425,0.07525996611745188,14.852294439113209,14.852294439113209,0.0,0.2727931097101266,1.1554846421878124,1.0,0.7575695950481967,0.2491790579077542,-1.0,-1.0,-2.0,0.0,571.0,93.75,0,0,-1.0,-2.0,-62.5,6968.75,0.0,1.0,6572.5,396.25,-65.0,-0.0
3336,2019-07-08,15:41:07,155.53125,155.5625,155.40625,155.40625,285,44311.84375,155.48015350877193,-0.125,-0.0008040201438159755,155.47007173167682,155.37744271162188,0.09262902005494311,1.0,0.00390625,-0.1874999999999988,-0.9374999999999997,0.00390625,0,3336,0.07411553413966185,0.7575695950481967,0.0625,14.820643208790898,14.820643208790898,0.0,0.2727931097101266,1.1520261228675732,1.0,0.8680385781515294,0.11046898310333275,-1.0,-1.0,-1.0,0.0,571.0,-31.25,0,0,-1.0,-1.0,125.0,7093.75,0.0,0.0,6572.5,521.25,125.0,125.0
3337,2019-07-08,15:49:16,155.40625,155.40625,155.34375,155.34375,286,44436.46875,155.37226835664336,-0.0625,-0.0004022526200655463,155.44200023574865,155.37640601280276,0.06559422294589012,0.9999999999999997,0.00458984375,-0.7378904481665908,-0.9127170462413431,0.004589843750000002,0,3337,0.26271974327496395,0.8680385781515294,0.06774838558962126,9.682034837438083,9.682034837438083,0.0,0.2727931097101266,0.5905321098231784,1.0,0.924224451754961,0.056185873603431635,-1.0,-1.0,-1.0,0.0,571.0,-93.75,0,0,-1.0,-1.0,62.5,7156.25,0.0,0.0,6572.5,583.75,62.5,125.0
3338,2019-07-08,15:54:49,155.375,155.375,155.34375,155.34375,286,44431.625,155.35533216783216,0.0,0.0,155.42016685002676,155.37540121240886,0.044765637617899756,1.0,0.00390625,-0.1874999999999988,-0.9374999999999997,0.00390625,0,3338,0.38351689325371535,0.924224451754961,0.0625,7.162502018863961,7.162502018863961,0.0,0.2727931097101266,0.3152236038889545,1.0,0.894168766859685,-0.03005568489527599,1.0,-1.0,-1.0,0.0,571.0,-93.75,0,0,1.0,-1.0,-0.0,7156.25,0.0,2.0,6577.5,578.75,-5.0,62.5
3339,2019-07-08,16:04:06,155.34375,155.375,155.3125,155.375,286,44426.96875,155.3390515734266,0.03125,0.00020114653592884224,155.41012977224304,155.3753888674117,0.03474090483135228,0.9999999999999926,0.00146484375,2.0000000000000013,-1.3608276348795436,0.0014648437500000108,-1,3339,0.3156798293094035,0.894168766859685,0.0382732772309873,9.077065604203057,9.077065604203057,0.0,0.2727931097101266,0.5244273246382942,1.0,0.8805481585016289,-0.013620608358056119,1.0,-1.0,1.0,1.0,572.0,31.25,0,0,1.0,1.0,31.25,7187.5,0.0,0.0,6577.5,610.0,31.25,31.25
3340,2019-07-08,16:19:04,155.375,155.40625,155.34375,155.375,286,44434.375,155.36494755244755,0.0,0.0,155.40232315618906,155.37537690226057,0.02694625392848593,0.9999999999999478,0.00029296875,-3.3333333333333304,0.6085806194501845,0.0002929687500000152,0,3340,0.2875035871134946,0.8805481585016289,0.017116329922036887,15.74300919135313,15.74300919135313,0.0,0.2727931097101266,1.252812744383966,2.0,0.8312158952706784,-0.049332263230950524,1.0,-1.0,1.0,0.0,572.0,31.25,0,0,1.0,1.0,0.0,7187.5,1.0,0.0,6577.5,610.0,0.0,31.25
3341,2019-07-08,16:34:43,155.375,155.46875,155.375,155.40625,286,44450.5,155.42132867132867,0.03125,0.00020110608413670406,155.40319578814706,155.3763268437295,0.026868944417572038,0.9999999999999808,0.00068359375,-0.612244897959183,-0.5122408325718831,0.0006835937500000131,-1,3341,0.19464255100472422,0.8312158952706784,0.02614562582919011,10.27664994255918,10.27664994255918,0.0,0.2727931097101266,0.6555055029022393,1.0,0.6611300041268874,-0.17008589114379102,2.0,-1.0,1.0,0.0,572.0,62.5,0,0,2.0,1.0,31.25,7218.75,-1.0,1.0,6580.0,638.75,28.75,28.75
3342,2019-07-08,16:45:10,155.40625,155.4375,155.40625,155.40625,285,44293.5,155.4157894736842,0.0,0.0,155.40387450189218,155.37724755623015,0.02662694566203072,0.9999999999999808,0.00068359375,-0.612244897959183,-0.5122408325718831,0.0006835937500000131,0,3342,-0.06303245911024402,0.6611300041268874,0.02614562582919011,10.184091915024364,10.184091915024364,0.0,0.2727931097101266,0.6453917182811484,1.0,0.6584363840424649,-0.002693620084422532,1.0,-1.0,2.0,0.0,572.0,62.5,0,0,1.0,2.0,0.0,7218.75,0.0,1.0,6582.5,636.25,-2.5,28.75
3343,2019-07-08,16:58:01,155.40625,155.4375,155.34375,155.375,286,44437.71875,155.37663898601397,-0.03125,-0.00020110608413670406,155.39745794591613,155.37717840065386,0.020279545262269494,0.9999999999999808,0.00068359375,-0.612244897959183,-0.5122408325718831,0.0006835937500000131,0,3343,-0.06660945953212838,0.6584363840424649,0.02614562582919011,7.756381658161928,7.756381658161928,0.0,0.2727931097101266,0.3801166328642264,1.0,0.696736485499999,0.03830010145753415,-1.0,-1.0,1.0,0.0,572.0,31.25,0,0,-1.0,1.0,-31.25,7187.5,0.0,2.0,6587.5,600.0,-36.25,-2.5
3344,2019-07-08,17:08:22,155.375,155.40625,155.3125,155.40625,286,44434.0625,155.3638548951049,0.03125,0.00020110608413670406,155.39941173571256,155.378072911403,0.021338824309566462,0.9999999999999778,0.00048828125,2.0,0.0,0.0004882812500000108,-1,3344,-0.014559813108885373,0.696736485499999,0.022097086912079855,9.656849517979282,9.656849517979282,0.0,0.2727931097101266,0.5877801184140715,1.0,0.7270623622455897,0.03032587674559073,-1.0,-1.0,-1.0,1.0,573.0,31.25,0,0,-1.0,-1.0,-31.25,7156.25,0.0,0.0,6587.5,568.75,-31.25,-31.25
3345,2019-07-08,17:22:59,155.40625,155.40625,155.34375,155.40625,286,44439.125,155.38155594405595,0.0,0.0,155.40093134999867,155.37893989874445,0.021991451254223193,0.9999999999999882,0.00126953125,-0.17751479289940755,0.4047960089109363,0.0012695312500000152,0,3345,0.028631416416589464,0.7270623622455897,0.03563048203434827,6.172089177189108,6.172089177189108,0.0,0.2727931097101266,0.2070015249029446,0.0,0.9027490204186207,0.17568665817303097,-1.0,-1.0,-1.0,0.0,573.0,31.25,0,0,-1.0,-1.0,-0.0,7156.25,-1.0,0.0,6587.5,568.75,-0.0,-0.0
3346,2019-07-08,17:37:49,155.40625,155.46875,155.40625,155.40625,286,44454.65625,155.43586101398603,0.0,0.0,155.4021132722212,155.37978020955234,0.02233306266884938,0.999999999999971,0.0006835937499999997,-0.6122448979591795,0.5122408325718838,0.0006835937500000196,0,3346,0.33416549248539196,0.9027490204186207,0.026145625829190236,8.541796939477223,8.541796939477223,0.0,0.2727931097101266,0.4659386971940706,1.0,0.989156451247778,0.08640743082915725,-0.0,-1.0,-1.0,0.0,573.0,31.25,0,0,-0.0,-1.0,-0.0,7156.25,1.0,1.0,6590.0,566.25,-2.5,-0.0
3347,2019-07-08,17:45:41,155.40625,155.46875,155.40625,155.46875,285,44307.28125,155.46414473684212,0.0625,0.00040209087795428644,155.41692143394982,155.38251774156612,0.03440369238370522,0.999999999999971,0.0006835937499999997,-0.6122448979591795,0.5122408325718838,0.0006835937500000196,-1,3347,0.8032889212713157,0.989156451247778,0.026145625829190236,13.158488769197973,13.158488769197973,0.0,0.2727931097101266,0.9704030648058657,1.0,0.8378570248754902,-0.15129942637228777,1.0,-1.0,-0.0,0.0,573.0,93.75,0,0,1.0,-0.0,-0.0,7156.25,0.0,1.0,6592.5,563.75,-2.5,-2.5
3348,2019-07-08,18:00:14,155.46875,155.5,155.4375,155.5,286,44466.1875,155.47618006993008,0.03125,0.000200984826322248,155.43538333751656,155.38613258028718,0.04925075722937322,0.999999999999993,0.00224609375,1.4555765595463157,-1.118079933149378,0.0022460937500000154,-1,3348,0.9784567193531335,0.8378570248754902,0.047392971525322354,10.391996037441594,10.391996037441594,0.0,0.2727931097101266,0.6681093319983794,1.0,0.5497127947287048,-0.28814423014678536,-1.0,-1.0,1.0,1.0,574.0,31.25,0,0,-1.0,1.0,31.25,7187.5,0.0,2.0,6597.5,590.0,26.25,26.25
3349,2019-07-08,18:24:30,155.5,155.53125,155.46875,155.53125,286,44473.8125,155.5028409090909,0.03125,0.00020094443953944108,155.4566870402907,155.39059773166298,0.0660893086277099,0.999999999999993,0.00224609375,1.4555765595463157,-1.118079933149378,0.0022460937500000154,-1,3349,0.9793899274112057,0.5497127947287048,0.047392971525322354,13.944959874988632,13.944959874988632,0.0,0.2727931097101266,1.0563404987219673,1.0,0.18574437409977093,-0.36396842062893386,1.0,1.0,-1.0,1.0,575.0,31.25,0,0,1.0,-1.0,-31.25,7156.25,0.0,2.0,6602.5,553.75,-36.25,26.25
3350,2019-07-08,18:43:44,155.53125,155.53125,155.46875,155.46875,285,44315.96875,155.49462719298245,-0.0625,-0.0004019292658616891,155.4593676980039,155.3930024168426,0.06636528116129625,0.9999999999999969,0.00224609375,-3.081285444234402,-0.31535587858059355,0.0022460937500000068,0,3350,0.826142886675966,0.18574437409977093,0.047392971525322264,14.003190562937586,14.003190562937586,0.0,0.2727931097101266,1.0627033464612643,1.0,-0.46151676906474093,-0.6472611431645119,1.0,1.0,1.0,1.0,576.0,-62.5,0,0,1.0,1.0,-62.5,7093.75,0.0,0.0,6602.5,491.25,-62.5,-36.25
3351,2019-07-08,18:51:26,155.46875,155.5,155.40625,155.46875,286,44460.03125,155.45465472027973,0.0,0.0,155.46145265400304,155.395333111709,0.0661195422940466,0.9999999999999984,0.0016601562499999997,-1.4878892733564004,0.5413870509510853,0.0016601562500000023,0,3351,0.300955051887819,-0.46151676906474093,0.04074501503251658,16.227639685806928,16.227639685806928,0.0,0.2727931097101266,1.3057681559486176,2.0,-0.7304455648819913,-0.2689287958172504,1.0,1.0,1.0,0.0,576.0,-62.5,0,0,1.0,1.0,0.0,7093.75,1.0,0.0,6602.5,491.25,0.0,0.0
3352,2019-07-08,18:57:07,155.46875,155.46875,155.40625,155.40625,286,44457.59375,155.446131993007,-0.0625,-0.00040209087795428644,155.44918539755793,155.39566901596413,0.053516381593794904,1.0000000000000044,0.0012695312499999994,-0.17751479289940994,0.40479600891093587,0.0012695312499999938,0,3352,-0.03356964375570251,-0.7304455648819913,0.035630482034347974,15.01983092516257,15.01983092516257,0.0,0.2727931097101266,1.1737912978200349,1.0,-0.8762147605593295,-0.14576919567733815,2.0,1.0,1.0,0.0,576.0,-125.0,0,0,2.0,1.0,-62.5,7031.25,-1.0,1.0,6605.0,426.25,-65.0,0.0
3353,2019-07-08,18:59:55,155.40625,155.4375,155.375,155.375,286,44448.8125,155.41542832167832,-0.03125,-0.00020110608413670406,155.43269975365618,155.3950330462422,0.03766670741399025,1.0000000000000009,0.0016601562499999997,-1.4878892733564086,-0.5413870509510866,0.0016601562499999982,0,3353,-0.2788079069510493,-0.8762147605593295,0.040745015032516534,9.244494666140229,9.244494666140229,0.0,0.2727931097101266,0.5427222420738121,1.0,-0.9974460218242849,-0.12123126126495543,1.0,1.0,2.0,0.0,576.0,-156.25,0,0,1.0,2.0,-62.5,6968.75,0.0,1.0,6607.5,361.25,-65.0,-65.0
3354,2019-07-08,19:03:13,155.40625,155.40625,155.28125,155.28125,286,44424.8125,155.33151223776224,-0.09375,-0.0006035610282815185,155.3990442528437,155.39153202943476,0.007512223408951968,1.0000000000000009,0.0016601562499999997,-1.4878892733564086,-0.5413870509510866,0.0016601562499999982,0,3354,-0.6547962245915993,-0.9974460218242849,0.040745015032516534,1.8437159497810574,1.8437159497810574,0.0,0.2727931097101266,-0.26595836574765164,0.0,-0.9239739265753178,0.07347209524896703,1.0,1.0,1.0,0.0,576.0,-250.0,0,0,1.0,1.0,-93.75,6875.0,-1.0,0.0,6607.5,267.5,-93.75,-65.0
3355,2019-07-08,19:05:12,155.28125,155.3125,155.25,155.28125,286,44407.65625,155.27152534965035,0.0,0.0,155.3728677522118,155.38813873622138,-0.015270984009589483,1.0,0.0014648437500000002,2.0000000000000058,-1.3608276348795423,0.0014648437500000004,0,3355,-0.9237850822022275,-0.9239739265753178,0.03827327723098716,-3.989985993994172,0.0,-3.989985993994172,-0.1875615483985772,-0.4674205891246751,-1.0,-0.6725537348368821,0.25142019173843577,0.0,1.0,1.0,0.0,576.0,-250.0,0,0,0.0,1.0,0.0,6875.0,-1.0,1.0,6610.0,265.0,-2.5,-2.5
3356,2019-07-08,19:22:08,155.28125,155.3125,155.21875,155.28125,286,44404.6875,155.2611451048951,0.0,0.0,155.3525082517203,155.38484985203,-0.03234160030967814,1.0,0.0014648437500000002,2.0000000000000058,-1.3608276348795423,0.0014648437500000004,0,3356,-0.9988604719430044,-0.6725537348368821,0.03827327723098716,-8.45017794386665,0.0,-8.45017794386665,-0.70216739996632,-0.4674205891246751,-1.0,-0.3483625120727649,0.32419122276411716,1.0,1.0,0.0,0.0,576.0,-250.0,0,0,1.0,0.0,0.0,6875.0,0.0,1.0,6612.5,262.5,-2.5,-2.5
3357,2019-07-08,19:30:57,155.28125,155.28125,155.21875,155.25,286,44401.9375,155.25152972027973,-0.03125,-0.00020126798900577114,155.3297286402269,155.3807006258137,-0.050971985586784285,0.9999999999999956,0.0006835937499999997,-0.6122448979591795,-0.5122408325718838,0.0006835937500000027,0,3357,-0.909143028022714,-0.3483625120727649,0.026145625829189913,-19.49541614332954,0.0,-19.49541614332954,-1.9765395062084454,-0.4674205891246751,-2.0,-0.0430939725170817,0.3052685395556832,1.0,-1.0,1.0,1.0,577.0,-31.25,0,0,1.0,1.0,-31.25,6843.75,-1.0,0.0,6612.5,231.25,-31.25,-2.5
3358,2019-07-08,19:48:14,155.25,155.3125,155.21875,155.21875,286,44401.125,155.2486888111888,-0.03125,-0.00020130850596444816,155.30506672017648,155.37571752963484,-0.07065080945835689,0.9999999999999991,0.0004882812499999999,1.9999999999999691,-2.6168207644729593e-15,0.0004882812500000004,0,3358,-0.7369219356345024,-0.0430939725170817,0.02209708691207962,-31.972906537166597,0.0,-20.0,-2.034757136339064,-0.4674205891246751,-3.0,0.2145191135924869,0.2576130861095686,2.0,-1.0,1.0,0.0,577.0,-62.5,0,0,2.0,1.0,-31.25,6812.5,-1.0,1.0,6615.0,197.5,-33.75,-31.25
3359,2019-07-08,19:59:36,155.1875,155.21875,155.15625,155.15625,286,44379.3125,155.17242132867133,-0.0625,-0.00040273862807715943,155.27199633791506,155.36896468256916,-0.0969683446541012,1.0000000000000158,0.00029296875000000053,-3.3333333333331896,-0.6085806194501694,0.0002929687499999959,0,3359,-0.5389572675374494,0.2145191135924869,0.017116329922036322,-56.65253304638622,0.0,-20.0,-2.034757136339064,-0.4674205891246751,-3.0,0.41585422149267465,0.20133510790018774,3.0,-1.0,2.0,0.0,577.0,-125.0,0,0,3.0,2.0,-125.0,6687.5,0.0,1.0,6617.5,70.0,-127.5,-33.75
3360,2019-07-08,20:07:59,155.15625,155.15625,155.09375,155.125,286,44365.875,155.12543706293707,-0.03125,-0.00020143015477547266,155.23933048504506,155.36145807695166,-0.1221275919066045,0.9999999999999996,0.0014648437500000002,2.0000000000000013,1.3608276348795436,0.0014648437500000007,0,3360,-0.34901169032750595,0.41585422149267465,0.03827327723098717,-31.909363593177336,0.0,-20.0,-2.034757136339064,-0.4674205891246751,-3.0,0.5656003287422201,0.14974610724954546,3.0,-1.0,3.0,0.0,577.0,-156.25,0,0,3.0,3.0,-93.75,6593.75,0.0,0.0,6617.5,-23.75,-93.75,-93.75
3361,2019-07-08,20:16:21,155.09375,155.125,155.0625,155.0625,287,44509.875,155.0866724738676,-0.0625,-0.00040298207275135667,155.20003482170173,155.35225936689164,-0.15222454518990958,0.9999999999999977,0.0022460937500000003,-3.081285444234405,0.3153558785805939,0.0022460937500000055,0,3361,-0.18319663474765427,0.5656003287422201,0.04739297152532225,-32.119645654329865,0.0,-20.0,-2.034757136339064,-0.4674205891246751,-3.0,0.6891831372435439,0.12358280850132375,3.0,-1.0,3.0,0.0,577.0,-218.75,0,0,3.0,3.0,-187.5,6406.25,0.0,0.0,6617.5,-211.25,-187.5,-93.75
3362,2019-07-08,20:27:22,155.0625,155.09375,155.03125,155.09375,286,44352.25,155.0777972027972,0.03125,0.00020151133569434876,155.1764159724347,155.34430523252576,-0.16788926009104443,0.9999999999999938,0.0016601562499999997,-1.4878892733564004,-0.5413870509510851,0.0016601562500000101,-1,3362,-0.025034449409514083,0.6891831372435439,0.04074501503251668,-41.20485903786265,0.0,-20.0,-2.034757136339064,-0.4674205891246751,-3.0,0.7284561848103537,0.03927304756680983,3.0,-1.0,3.0,0.0,577.0,-187.5,0,0,3.0,3.0,93.75,6500.0,0.0,0.0,6617.5,-117.5,93.75,93.75
3363,2019-07-08,20:48:22,155.09375,155.15625,155.0625,155.125,287,44516.0,155.10801393728224,0.03125,0.0002014707370570079,155.16499020078257,155.3375573792173,-0.17256717843471847,0.9999999999999941,0.0032226562500000003,1.0743801652892546,-0.2669003066972995,0.0032226562500000198,-1,3363,0.030662831316691886,0.7284561848103537,0.05676844413932814,-30.398433681075133,0.0,-20.0,-2.034757136339064,-0.4674205891246751,-3.0,0.8176316579738361,0.0891754731634824,3.0,-1.0,3.0,0.0,577.0,-156.25,0,0,3.0,3.0,93.75,6593.75,0.0,0.0,6617.5,-23.75,93.75,93.75
3364,2019-07-08,22:00:00,155.125,155.15625,155.09375,155.125,286,44366.75,155.1284965034965,0.0,0.0,155.15610348949755,155.33101715216446,-0.17491366266690989,0.9999999999999907,0.00390625,-0.1875000000000012,0.9374999999999997,0.003906250000000036,0,3364,0.17104204999631908,0.8176316579738361,0.06250000000000029,-27.986186026705454,0.0,-20.0,-2.034757136339064,-0.4674205891246751,-3.0,0.8601068136535014,0.04247515567966531,3.0,-1.0,3.0,0.0,577.0,-156.25,0,0,3.0,3.0,0.0,6593.75,0.0,0.0,6617.5,-23.75,0.0,93.75
3365,2019-07-08,23:16:59,155.15625,155.28125,155.15625,155.21875,286,44396.28125,155.23175262237763,0.09375,0.0006041687828526321,155.1700249362759,155.32756277825172,-0.15753784197582377,0.9999999999999971,0.008984375000000001,-0.1394139886578465,-0.22576614034747075,0.008984375000000027,-1,3365,0.24748230845823055,0.8601068136535014,0.09478594305064453,-16.620380291163073,0.0,-16.620380291163073,-1.6448250218050968,-0.4674205891246751,-2.0,0.877168870104777,0.017062056451275565,3.0,-1.0,3.0,0.0,577.0,-62.5,0,0,3.0,3.0,281.25,6875.0,1.0,0.0,6617.5,257.5,281.25,281.25
3366,2019-07-09,00:12:11,155.25,155.40625,155.25,155.375,286,44419.0,155.3111888111888,0.15625,0.0010061375232517378,155.2155749504368,155.32902238507475,-0.11344743463794771,0.9999999999999972,0.00927734375,-0.6592797783933513,0.08537969533198052,0.009277343750000024,-1,3366,0.2807120930236468,0.877168870104777,0.09631896879639039,-11.778306605188574,0.0,-11.778306605188574,-1.0861586055321584,-0.4674205891246751,-2.0,0.9287332862823375,0.05156441617756058,2.0,-1.0,3.0,0.0,577.0,93.75,0,0,2.0,3.0,468.75,7343.75,0.0,1.0,6620.0,723.75,466.25,466.25
3367,2019-07-09,00:38:55,155.375,155.40625,155.28125,155.28125,286,44430.59375,155.3517263986014,-0.09375,-0.0006035610282815185,155.2301694058953,155.32755246553398,-0.09738305963867333,0.9999999999999971,0.008984375000000001,-0.1394139886578465,-0.22576614034747075,0.008984375000000027,0,3367,0.39455479499676926,0.9287332862823375,0.09478594305064453,-10.273998074444556,0.0,-10.273998074444556,-0.9125952295195456,-0.4674205891246751,-1.0,0.9666870814131758,0.0379537951308383,2.0,-1.0,2.0,0.0,577.0,0.0,0,0,2.0,2.0,-187.5,7156.25,1.0,0.0,6620.0,536.25,-187.5,466.25
3368,2019-07-09,00:58:15,155.28125,155.28125,155.25,155.28125,286,44404.8125,155.26158216783216,0.0,0.0,155.2415206490297,155.32612777428682,-0.0846071252571221,0.999999999999998,0.00859375,1.4488636363636367,0.8848873194830054,0.008593750000000018,0,3368,0.5025591583766539,0.9666870814131758,0.09270248108869589,-9.126737953881914,0.0,-9.126737953881914,-0.7802272108452082,-0.4674205891246751,-1.0,0.9897481102015219,0.02306102878834604,1.0,-1.0,2.0,0.0,577.0,0.0,0,0,1.0,2.0,0.0,7156.25,0.0,1.0,6622.5,533.75,-2.5,-2.5
3369,2019-07-09,01:44:27,155.28125,155.3125,155.1875,155.3125,286,44400.78125,155.2474868881119,0.03125,0.0002012274883540499,155.25729383813425,155.32570845815493,-0.06841462002068965,0.9999999999999967,0.002734375,0.5357142857142883,-1.0885117692152515,0.0027343750000000085,-1,3369,0.5988658226244584,0.9897481102015219,0.052291251658379806,-13.083377783275157,0.0,-13.083377783275157,-1.2367344714374284,-0.4674205891246751,-2.0,0.9991221044202314,0.009373994218709547,1.0,-1.0,1.0,0.0,577.0,31.25,0,0,1.0,1.0,31.25,7187.5,-1.0,0.0,6622.5,565.0,31.25,31.25
3370,2019-07-09,02:32:37,155.3125,155.3125,155.25,155.28125,286,44411.46875,155.28485576923077,-0.03125,-0.0002012274883540499,155.26261742965997,155.32434050559633,-0.06172307593635651,0.9999999999999768,0.00078125,0.3125000000000024,-1.2577882373436315,0.0007812500000000183,0,3370,0.6768632161195463,0.9991221044202314,0.027950849718747697,-22.082718971851683,0.0,-20.0,-2.034757136339064,-0.4674205891246751,-3.0,0.998313562956201,-0.0008085414640304212,-2.0,-1.0,1.0,0.0,577.0,0.0,0,0,-2.0,1.0,-31.25,7156.25,-1.0,3.0,6630.0,526.25,-38.75,31.25
3371,2019-07-09,03:17:02,155.28125,155.375,155.28125,155.3125,286,44422.3125,155.322770979021,0.03125,0.0002012274883540499,155.2737024452911,155.32397618234722,-0.050273737056130585,0.9999999999999863,0.001171875,-3.3333333333333326,-0.6085806194501847,0.0011718750000000158,-1,3371,0.7469632244373198,0.998313562956201,0.034232659844073116,-14.685898579053811,0.0,-14.685898579053811,-1.4216293342673274,-0.4674205891246751,-2.0,0.9876148489771135,-0.010698713979087504,-3.0,-1.0,-2.0,1.0,578.0,31.25,0,0,-3.0,-2.0,-62.5,7093.75,1.0,1.0,6632.5,461.25,-65.0,-38.75
3372,2019-07-09,04:26:25,155.3125,155.34375,155.28125,155.34375,286,44423.46875,155.3268138111888,0.03125,0.00020118700399862632,155.28926856855975,155.32458460750578,-0.03531603894603563,0.9999999999999897,0.0017578124999999998,-2.407407407407407,-0.1656346649999846,0.0017578125000000183,-1,3372,0.8092926336918947,0.9876148489771135,0.04192627457812127,-8.423366803132298,0.0,-8.423366803132298,-0.6990739972463993,-0.4674205891246751,-1.0,0.9345004068053115,-0.053114442171801945,-2.0,-1.0,-3.0,0.0,578.0,62.5,0,0,-2.0,-3.0,-93.75,7000.0,1.0,1.0,6635.0,365.0,-96.25,-65.0
3373,2019-07-09,05:58:17,155.34375,155.375,155.28125,155.3125,286,44421.3125,155.31927447552448,-0.03125,-0.00020118700399862632,155.29443110887982,155.3242127734287,-0.029781664548892195,0.9999999999999897,0.0017578124999999998,-2.407407407407407,-0.1656346649999846,0.0017578125000000183,0,3373,0.9124947626557256,0.9345004068053115,0.04192627457812127,-7.103341484204609,0.0,-7.103341484204609,-0.5467727597722618,-0.4674205891246751,-1.0,0.8341575886875569,-0.1003428181177547,-1.0,-1.0,-2.0,0.0,578.0,31.25,0,0,-1.0,-2.0,62.5,7062.5,0.0,1.0,6637.5,425.0,60.0,60.0
3374,2019-07-09,06:16:13,155.3125,155.40625,155.3125,155.375,286,44435.71875,155.369645979021,0.0625,0.00040233353992746856,155.31233530690653,155.32577545732323,-0.01344015041669877,0.9999999999999998,0.00927734375,2.0000000000000013,-1.2806954299797046,0.009277343750000002,-1,3374,0.9798263830147812,0.8341575886875569,0.09631896879639026,-1.3953793925171742,0.0,-1.3953793925171742,0.11179770668337774,-0.4674205891246751,-0.0,0.5736995490200871,-0.2604580396674697,1.0,-1.0,-1.0,0.0,578.0,93.75,0,0,1.0,-1.0,-62.5,7000.0,1.0,2.0,6642.5,357.5,-67.5,60.0
3375,2019-07-09,06:45:39,155.375,155.375,155.3125,155.34375,286,44425.21875,155.33293269230768,-0.03125,-0.00020114653592884224,155.3193163498162,155.32632852017485,-0.007012170358649428,1.0000000000000004,0.008496093750000001,2.5326991676575497,-1.2353225899298668,0.00849609375,0,3375,0.984833841335976,0.5736995490200871,0.0921742575234539,-0.7607514882194921,0.0,-0.7607514882194921,0.18501949551896768,-0.4674205891246751,-0.0,0.13106038354467897,-0.44263916547540816,-0.0,1.0,1.0,1.0,579.0,-31.25,0,0,-0.0,1.0,-31.25,6968.75,0.0,1.0,6645.0,323.75,-33.75,-33.75
3376,2019-07-09,07:00:36,155.34375,155.34375,155.15625,155.15625,286,44410.03125,155.27982954545453,-0.1875,-0.001207729615400055,155.2830793831904,155.32109533493872,-0.03801595174832073,1.0000000000000007,0.009082031249999999,-0.003468609087756628,-0.5429955844662835,0.009082031249999994,0,3376,0.7936812379290444,0.13106038354467897,0.09529969176235563,-3.9890949325543805,0.0,-3.9890949325543805,-0.18745873994634543,-0.4674205891246751,-1.0,-0.43438398950307405,-0.565444373047753,-0.0,1.0,-0.0,0.0,579.0,-218.75,0,0,-0.0,-0.0,0.0,6968.75,-1.0,0.0,6645.0,323.75,0.0,0.0
3377,2019-07-09,07:11:04,155.15625,155.25,155.125,155.15625,286,44383.625,155.1875,0.0,0.0,155.25489507581477,155.3160231707868,-0.06112809497201965,1.0000000000000018,0.006347656249999999,0.5798816568047407,-1.206868523927287,0.006347656249999989,0,3377,0.32975486290479844,-0.43438398950307405,0.07967217989988719,-7.672451669934314,0.0,-7.672451669934314,-0.6124352772277458,-0.4674205891246751,-1.0,-0.7736627462841725,-0.3392787567810985,-1.0,1.0,-0.0,0.0,579.0,-218.75,0,0,-1.0,-0.0,-0.0,6968.75,0.0,1.0,6647.5,321.25,-2.5,0.0
3378,2019-07-09,07:14:46,155.15625,155.1875,155.0625,155.0625,286,44360.3125,155.10598776223776,-0.09375,-0.0006044122275268293,155.2121406145226,155.30822245783952,-0.0960818433169095,1.0000000000000022,0.0060546875,0.31737773152966514,-0.9198156830980223,0.006054687499999986,0,3378,-0.09904099449734531,-0.7736627462841725,0.07781187248742949,-12.347966993395708,0.0,-12.347966993395708,-1.1518846039807509,-0.4674205891246751,-2.0,-0.9981733247331761,-0.22451057844900357,-1.0,1.0,-1.0,1.0,580.0,-93.75,0,0,-1.0,-1.0,93.75,7062.5,-1.0,0.0,6647.5,415.0,93.75,93.75
3379,2019-07-09,07:22:01,155.0625,155.09375,155.0625,155.0625,287,44504.59375,155.06827090592336,0.0,0.0,155.17888714462873,155.30066176682908,-0.1217746222003484,0.999999999999999,0.0026367187499999997,-1.6872427983539058,-0.5184205276797867,0.0026367187500000028,0,3379,-0.663095027285429,-0.9981733247331761,0.05134898976610935,-23.71509600384006,0.0,-20.0,-2.034757136339064,-0.4674205891246751,-3.0,-0.9410930302436498,0.05708029448952634,-2.0,1.0,-1.0,0.0,580.0,-93.75,0,0,-2.0,-1.0,-0.0,7062.5,-1.0,1.0,6650.0,412.5,-2.5,93.75
3380,2019-07-09,07:25:03,155.0625,155.0625,154.96875,155.0,286,44333.1875,155.0111451048951,-0.0625,-0.0004031445327727923,155.13913444582235,155.29141063554204,-0.15227618971968582,0.9999999999999998,0.00244140625,-1.1999999999999993,0.0,0.0024414062500000004,0,3380,-0.9045598384235173,-0.9410930302436498,0.04941058844013093,-30.818533947271952,0.0,-20.0,-2.034757136339064,-0.4674205891246751,-3.0,-0.7743752450310283,0.16671778521262148,-3.0,1.0,-2.0,0.0,580.0,-156.25,0,0,-3.0,-2.0,125.0,7187.5,0.0,1.0,6652.5,535.0,122.5,122.5
3381,2019-07-09,07:30:26,155.0,155.03125,155.0,155.03125,287,44488.3125,155.01154181184668,0.03125,0.0002015925820755271,155.1151601245285,155.28340569290998,-0.16824556838147942,0.9999999999999933,0.0016601562499999997,-1.4878892733564004,-0.5413870509510851,0.0016601562500000106,-1,3381,-0.9949712729453571,-0.7743752450310283,0.040745015032516686,-41.29230735274255,0.0,-20.0,-2.034757136339064,-0.4674205891246751,-3.0,-0.5582827102945644,0.21609253473646384,3.0,1.0,-3.0,0.0,580.0,-125.0,0,0,3.0,-3.0,-93.75,7093.75,0.0,6.0,6667.5,426.25,-108.75,122.5
3382,2019-07-09,07:40:31,155.03125,155.0625,154.96875,155.0,286,44329.75,154.99912587412587,-0.03125,-0.0002015925820755271,155.0895689857444,155.27468551774354,-0.18511653199914235,0.9999999999999933,0.001953125,-1.750000000000001,-0.8838834764831844,0.001953125000000013,0,3382,-0.9814171822400373,-0.5582827102945644,0.04419417382415937,-41.88708962762548,0.0,-20.0,-2.034757136339064,-0.4674205891246751,-3.0,-0.4332342827841245,0.12504842751043993,3.0,-1.0,3.0,1.0,581.0,-31.25,0,0,3.0,3.0,-93.75,7000.0,0.0,0.0,6667.5,332.5,-93.75,-93.75
3383,2019-07-09,07:55:33,155.0,155.03125,154.96875,155.03125,287,44484.59375,154.99858449477352,0.03125,0.0002015925820755271,155.07660921113455,155.26719519412066,-0.19058598298610718,0.9999999999999911,0.003125,2.36328125,0.8210562104882039,0.003125000000000028,-1,3383,-0.9436450474069338,-0.4332342827841245,0.05590169943749499,-34.09305708124417,0.0,-20.0,-2.034757136339064,-0.4674205891246751,-3.0,-0.19453133466908393,0.2387029481150406,3.0,-1.0,3.0,0.0,581.0,0.0,0,0,3.0,3.0,93.75,7093.75,0.0,0.0,6667.5,426.25,93.75,93.75
3384,2019-07-09,08:04:52,155.03125,155.09375,154.96875,155.0625,287,44490.4375,155.01894599303137,0.03125,0.00020155195069726517,155.07347383088242,155.26089688045542,-0.18742304957299893,0.9999999999999993,0.013378906250000001,1.6394054025254394,-0.9702513418375298,0.01337890625000001,-1,3384,-0.8311528543244389,-0.19453133466908393,0.11566722202076096,-16.203644066022317,0.0,-16.203644066022317,-1.5967430328620387,-0.4674205891246751,-2.0,0.07884788643970009,0.273379221108784,3.0,-1.0,3.0,0.0,581.0,31.25,0,0,3.0,3.0,93.75,7187.5,1.0,0.0,6667.5,520.0,93.75,93.75
3385,2019-07-09,08:13:03,155.0625,155.1875,155.0625,155.1875,286,44362.09375,155.1122159090909,0.125,0.0008058018163659142,155.09881297957523,155.25863851490297,-0.1598255353277409,0.999999999999999,0.01318359375,2.6584362139917688,-1.260025587851429,0.013183593750000012,-1,3385,-0.6491514414382854,0.07884788643970009,0.11481983169296153,-13.919680334938015,0.0,-13.919680334938015,-1.3332249793804882,-0.4674205891246751,-2.0,0.33781188800569883,0.25896400156599875,2.0,-1.0,3.0,0.0,581.0,156.25,0,0,2.0,3.0,375.0,7562.5,0.0,1.0,6670.0,892.5,372.5,372.5
3386,2019-07-09,08:29:26,155.1875,155.21875,154.96875,155.0,286,44360.09375,155.1052229020979,-0.1875,-0.0012089463491387065,155.07685453966965,155.2506804067521,-0.1738258670824564,0.9999999999999998,0.01435546875,-0.5011800638622788,-0.25372311539759873,0.014355468750000003,0,3386,-0.42666947519775944,0.33781188800569883,0.1198143094542551,-14.507938815840927,0.0,-14.507938815840927,-1.4010967794978901,-0.4674205891246751,-2.0,0.6623416661877143,0.32452977818201545,2.0,-1.0,2.0,0.0,581.0,-31.25,0,0,2.0,2.0,-375.0,7187.5,0.0,0.0,6670.0,517.5,-375.0,372.5
3387,2019-07-09,08:46:05,155.0,155.0625,155.0,155.0,287,44491.84375,155.02384581881532,0.0,0.0,155.05977575307642,155.24296716346745,-0.18319141039103215,1.0000000000000002,0.0134765625,0.5891619407687448,0.47596081196446494,0.013476562499999995,0,3387,-0.061419474627822095,0.6623416661877143,0.11608859763129192,-15.780310394726701,0.0,-15.780310394726701,-1.5478998469940835,-0.4674205891246751,-2.0,0.7640404044587918,0.10169873827107756,2.0,-1.0,2.0,0.0,581.0,-31.25,0,0,2.0,2.0,0.0,7187.5,0.0,0.0,6670.0,517.5,0.0,0.0
3388,2019-07-09,08:50:18,155.0,155.0,154.84375,154.90625,286,44305.875,154.91564685314685,-0.09375,-0.0006050216983997103,155.02565891905945,155.23260663536078,-0.2069477163013289,1.000000000000004,0.004687499999999999,1.7447916666666938,-0.8463074239229125,0.00468749999999998,0,3388,0.08405520264031069,0.7640404044587918,0.06846531968814562,-30.226648651311375,0.0,-20.0,-2.034757136339064,-0.4674205891246751,-3.0,0.8610438338970213,0.09700342943822948,2.0,-1.0,2.0,0.0,581.0,-125.0,0,0,2.0,2.0,-187.5,7000.0,-1.0,0.0,6670.0,330.0,-187.5,0.0
3389,2019-07-09,08:56:41,154.90625,154.96875,154.84375,154.84375,287,44457.40625,154.90385452961672,-0.0625,-0.00040355125648527945,154.98523471482403,155.22064181581123,-0.23540710098720297,1.0000000000000013,0.00263671875,-1.6872427983539093,0.5184205276797864,0.0026367187499999967,0,3389,0.24926439735583653,0.8610438338970213,0.05134898976610929,-45.84454378936456,0.0,-20.0,-2.034757136339064,-0.4674205891246751,-3.0,0.8801543070480213,0.019110473151000007,3.0,-1.0,2.0,0.0,581.0,-187.5,0,0,3.0,2.0,-125.0,6875.0,0.0,1.0,6672.5,202.5,-127.5,-127.5
3390,2019-07-09,09:03:26,154.84375,154.875,154.78125,154.78125,287,44439.65625,154.84200783972125,-0.0625,-0.00040371417585038927,154.93990477819648,155.20712206763244,-0.2672172894359619,0.9999999999999993,0.00615234375,-1.2169312169312185,0.8284388773693415,0.006152343750000004,0,3390,0.28670819986134144,0.8801543070480213,0.07843687748756961,-34.06781325254941,0.0,-20.0,-2.034757136339064,-0.4674205891246751,-3.0,0.8883654570746812,0.008211150026659841,3.0,-1.0,3.0,0.0,581.0,-250.0,0,0,3.0,3.0,-187.5,6687.5,0.0,0.0,6672.5,15.0,-187.5,-127.5
3391,2019-07-09,09:13:04,154.78125,154.875,154.78125,154.8125,287,44439.5,154.84146341463415,0.03125,0.00020187746106703486,154.91159260526393,155.19497985016685,-0.28338724490291156,0.9999999999999972,0.00439453125,-0.9629629629629631,0.5237828008789241,0.004394531250000011,-1,3391,0.3035103296458113,0.8883654570746812,0.06629126073623892,-42.74880908215923,0.0,-20.0,-2.034757136339064,-0.4674205891246751,-3.0,0.8954560843014294,0.007090627226748247,3.0,-1.0,3.0,0.0,581.0,-218.75,0,0,3.0,3.0,93.75,6781.25,0.0,0.0,6672.5,108.75,93.75,93.75
3392,2019-07-09,09:18:12,154.8125,154.9375,154.8125,154.90625,287,44446.9375,154.8673780487805,0.09375,0.0006053879712686339,154.91040535964973,155.1860958547771,-0.2756904951273782,0.9999999999999962,0.00361328125,-0.021913805697588867,0.5901286563843656,0.003613281250000014,-1,3392,0.31841458224904573,0.8954560843014294,0.060110575192723066,-45.86389237558869,0.0,-20.0,-2.034757136339064,-0.4674205891246751,-3.0,0.8992061556102892,0.003750071308859737,3.0,-1.0,3.0,0.0,581.0,-125.0,0,0,3.0,3.0,281.25,7062.5,0.0,0.0,6672.5,390.0,281.25,281.25
3393,2019-07-09,09:36:29,154.90625,154.9375,154.875,154.90625,286,44301.46875,154.9002403846154,0.0,0.0,154.90948194639424,155.17748521309167,-0.26800326669743413,0.9999999999999962,0.00361328125,-0.021913805697588867,0.5901286563843656,0.003613281250000014,0,3393,0.32645774328290567,0.8992061556102892,0.060110575192723066,-44.58504445152579,0.0,-20.0,-2.034757136339064,-0.4674205891246751,-3.0,0.8994202317895911,0.00021407617930191414,3.0,-1.0,3.0,0.0,581.0,-125.0,0,0,3.0,3.0,0.0,7062.5,0.0,0.0,6672.5,390.0,0.0,281.25
3394,2019-07-09,09:46:05,154.90625,154.90625,154.8125,154.875,287,44446.71875,154.86661585365854,-0.03125,-0.00020175527154098205,154.90181929163998,155.1681779757658,-0.2663586841258052,0.9999999999999963,0.00419921875,-1.9632233639805285,0.235513936408806,0.004199218750000016,0,3394,0.3269204184914296,0.8994202317895911,0.06480137922914925,-41.10386033357614,0.0,-20.0,-2.034757136339064,-0.4674205891246751,-3.0,0.8003420005180678,-0.09907823127152326,-3.0,-1.0,3.0,0.0,581.0,-156.25,0,0,-3.0,3.0,-93.75,6968.75,0.0,6.0,6687.5,281.25,-108.75,0.0
3395,2019-07-09,10:00:47,154.875,154.875,154.8125,154.8125,287,44438.9375,154.83950348432055,-0.0625,-0.0004036326997276518,154.88197056016446,155.15723403804992,-0.2752634778854599,0.9999999999999953,0.00244140625,-1.2000000000000004,0.0,0.0024414062500000113,0,3395,0.1419858198988616,0.8003420005180678,0.04941058844013104,-55.7094109937562,0.0,-20.0,-2.034757136339064,-0.4674205891246751,-3.0,0.777821489328651,-0.02252051118941678,-3.0,-1.0,-3.0,1.0,582.0,-62.5,0,0,-3.0,-3.0,187.5,7156.25,0.0,0.0,6687.5,468.75,187.5,187.5
3396,2019-07-09,10:11:10,154.8125,154.9375,154.8125,154.875,287,44454.1875,154.8926393728223,0.0625,0.0004036326997276518,154.8804215467946,155.14854991380224,-0.2681283670076482,0.9999999999999949,0.00322265625,-2.2314049586776847,-0.5671631517317617,0.0032226562500000163,-1,3396,0.10559665554022062,0.777821489328651,0.05676844413932811,-47.23193863646756,0.0,-20.0,-2.034757136339064,-0.4674205891246751,-3.0,0.791616808668459,0.013795319339807932,3.0,-1.0,-3.0,0.0,582.0,0.0,0,0,3.0,-3.0,-187.5,6968.75,0.0,6.0,6702.5,266.25,-202.5,187.5
3397,2019-07-09,10:26:42,154.875,154.90625,154.8125,154.90625,287,44449.65625,154.87685104529618,0.03125,0.00020175527154098205,154.88616120306247,155.14109453183912,-0.25493332877664443,0.9999999999999919,0.0026367187499999997,3.2510288065843675,-1.7355817665801567,0.002636718750000021,-1,3397,0.12770273954587136,0.791616808668459,0.05134898976610953,-49.647194606523904,0.0,-20.0,-2.034757136339064,-0.4674205891246751,-3.0,0.890072462465297,0.09845565379683807,3.0,-1.0,3.0,1.0,583.0,31.25,0,0,3.0,3.0,93.75,7062.5,0.0,0.0,6702.5,360.0,93.75,93.75
3398,2019-07-09,10:38:06,154.90625,154.96875,154.90625,154.96875,286,44310.625,154.93225524475525,0.0625,0.0004033884685599176,154.9045142690486,155.13579162316717,-0.23127735411856065,0.999999999999984,0.0014648437500000002,2.0000000000000013,-1.3608276348795436,0.0014648437500000234,-1,3398,0.30706352866025266,0.890072462465297,0.03827327723098747,-60.42789404282054,0.0,-20.0,-2.034757136339064,-0.4674205891246751,-3.0,0.9950432968937446,0.10497083442844757,3.0,-1.0,3.0,0.0,583.0,93.75,0,0,3.0,3.0,187.5,7250.0,0.0,0.0,6702.5,547.5,187.5,187.5
3399,2019-07-09,10:54:39,154.96875,155.03125,154.9375,155.0,287,44481.9375,154.9893292682927,0.03125,0.0002016332298397927,154.92573332037114,155.13161341937743,-0.20588009900629345,0.9999999999999855,0.00126953125,-0.1775147928994123,-0.4047960089109363,0.0012695312500000185,-1,3399,0.633285302500746,0.9950432968937446,0.03563048203434832,-57.78201339174192,0.0,-20.0,-2.034757136339064,-0.4674205891246751,-3.0,0.9764593397184538,-0.01858395717529082,-3.0,-1.0,3.0,0.0,583.0,125.0,0,0,-3.0,3.0,93.75,7343.75,0.0,6.0,6717.5,626.25,78.75,187.5
3400,2019-07-09,11:06:38,155.0,155.03125,154.9375,154.96875,287,44477.6875,154.97452090592336,-0.03125,-0.0002016332298397927,154.9352925825109,155.12660223724276,-0.19130965473186734,0.9999999999999917,0.0016601562499999997,-1.4878892733564004,0.5413870509510851,0.0016601562500000134,0,3400,0.8429850480809198,0.9764593397184538,0.04074501503251672,-46.952898306502505,0.0,-20.0,-2.034757136339064,-0.4674205891246751,-3.0,0.8553082796985652,-0.12115106001988862,-3.0,-1.0,-3.0,1.0,584.0,-31.25,0,0,-3.0,-3.0,93.75,7437.5,0.0,0.0,6717.5,720.0,93.75,93.75
3401,2019-07-09,11:25:41,154.96875,155.03125,154.9375,154.96875,286,44321.4375,154.9700611888112,0.0,0.0,154.94272756417516,155.12174524532762,-0.17901768115245886,0.9999999999999889,0.0009765625,-3.0,0.0,0.0009765625000000108,0,3401,0.971160049000524,0.8553082796985652,0.031250000000000173,-57.285657968786516,0.0,-20.0,-2.034757136339064,-0.4674205891246751,-3.0,0.6400244881661211,-0.21528379153244404,3.0,-1.0,-3.0,0.0,584.0,-31.25,0,0,3.0,-3.0,-0.0,7437.5,0.0,6.0,6732.5,705.0,-15.0,93.75
3402,2019-07-09,11:34:23,154.96875,155.0,154.9375,154.9375,287,44476.21875,154.96940331010452,-0.03125,-0.00020167389399805558,154.94156588324736,155.116076160856,-0.1745102776086469,0.9999999999999976,0.00126953125,-0.1775147928994123,0.4047960089109363,0.0012695312500000033,0,3402,0.9958743407789604,0.6400244881661211,0.035630482034348106,-48.97780429701103,0.0,-20.0,-2.034757136339064,-0.4674205891246751,-3.0,0.32146323299547647,-0.31856125517064465,-3.0,1.0,3.0,1.0,585.0,-31.25,0,0,-3.0,3.0,-93.75,7343.75,0.0,6.0,6747.5,596.25,-108.75,-15.0
3403,2019-07-09,11:49:17,154.9375,154.96875,154.9375,154.96875,286,44317.0,154.95454545454547,0.03125,0.00020167389399805558,154.9476067980813,155.1115430482143,-0.1639362501329913,0.9999999999999958,0.00244140625,-1.2000000000000004,0.0,0.002441406250000011,-1,3403,0.8968838426249832,0.32146323299547647,0.049410588440131034,-33.178364255189294,0.0,-20.0,-2.034757136339064,-0.4674205891246751,-3.0,-0.11292584877237699,-0.43438908176785346,-3.0,1.0,-3.0,1.0,586.0,31.25,0,0,-3.0,-3.0,-93.75,7250.0,0.0,0.0,6747.5,502.5,-93.75,-93.75
3404,2019-07-09,12:07:12,154.9375,154.9375,154.84375,154.90625,287,44459.40625,154.9108231707317,-0.0625,-0.0004033884685599176,154.93841639850768,155.1052263390385,-0.16680994053081122,0.9999999999999951,0.00263671875,-1.6872427983539093,-0.5184205276797869,0.002636718750000013,0,3404,0.6227330813883871,-0.11292584877237699,0.05134898976610945,-32.485535020380574,0.0,-20.0,-2.034757136339064,-0.4674205891246751,-3.0,-0.5556168652898079,-0.4426910165174309,-3.0,1.0,-3.0,0.0,586.0,-31.25,0,0,-3.0,-3.0,187.5,7437.5,0.0,0.0,6747.5,690.0,187.5,187.5
3405,2019-07-09,12:12:26,154.90625,155.0,154.875,154.96875,287,44467.25,154.93815331010452,0.0625,0.0004033884685599176,154.94515719883933,155.1010270670681,-0.1558698682287627,0.9999999999999919,0.0026367187499999997,3.2510288065843675,-1.7355817665801567,0.002636718750000021,-1,3405,0.19503531416538694,-0.5556168652898079,0.05134898976610953,-30.355001907289175,0.0,-20.0,-2.034757136339064,-0.4674205891246751,-3.0,-0.8157822362788555,-0.2601653709890476,-3.0,1.0,-3.0,0.0,586.0,31.25,0,0,-3.0,-3.0,-187.5,7250.0,0.0,0.0,6747.5,502.5,-187.5,187.5
3406,2019-07-09,12:18:46,154.96875,155.03125,154.96875,155.0,286,44329.25,154.99737762237763,0.03125,0.0002016332298397927,154.95734448798615,155.09791854192756,-0.14057405394140687,0.9999999999999919,0.0026367187499999997,3.2510288065843675,-1.7355817665801567,0.002636718750000021,-1,3406,-0.16788345195458543,-0.8157822362788555,0.05134898976610953,-27.37620634441111,0.0,-20.0,-2.034757136339064,-0.4674205891246751,-3.0,-0.8155854346974306,0.00019680158142487691,-3.0,1.0,-3.0,0.0,586.0,62.5,0,0,-3.0,-3.0,-93.75,7156.25,0.0,0.0,6747.5,408.75,-93.75,-93.75
3407,2019-07-09,12:25:20,155.0,155.0625,154.9375,155.0625,287,44484.0625,154.99673344947735,0.0625,0.0004031445327727923,154.9807123795448,155.09682874063748,-0.1161163610926792,0.9999999999999047,0.00029296875000000053,-3.3333333333331896,0.6085806194501694,0.00029296875000002845,-1,3407,-0.167548076575621,-0.8155854346974306,0.017116329922037272,-67.83952028359737,0.0,-20.0,-2.034757136339064,-0.4674205891246751,-3.0,-0.8635406361962322,-0.047955201498801614,-3.0,1.0,-3.0,0.0,586.0,125.0,0,0,-3.0,-3.0,-187.5,6968.75,0.0,0.0,6747.5,221.25,-187.5,-93.75
3408,2019-07-09,12:30:09,155.0625,155.125,155.03125,155.09375,286,44354.9375,155.08719405594405,0.03125,0.00020151133569434876,155.0058318507571,155.09673401015635,-0.09090215939926338,0.9999999999999958,0.0037109375,4.1689750692520775,-1.9439589828981871,0.0037109375000000154,-1,3408,-0.25403615702929216,-0.8635406361962322,0.06091746465505615,-14.922183632230087,0.0,-14.922183632230087,-1.4488913158970607,-0.4674205891246751,-2.0,-0.8167713718018165,0.046769264394415755,-3.0,1.0,-3.0,0.0,586.0,156.25,0,0,-3.0,-3.0,-93.75,6875.0,1.0,0.0,6747.5,127.5,-93.75,-93.75
3409,2019-07-09,12:33:12,155.09375,155.15625,155.09375,155.125,287,44517.75,155.11411149825784,0.03125,0.0002014707370570079,155.0323136617,155.0976037329208,-0.06529007122080088,0.9999999999999966,0.00361328125,2.6077428780131497,-1.517473687845512,0.0036132812500000128,-1,3409,-0.16957121490456267,-0.8167713718018165,0.06011057519272306,-10.861661365154404,0.0,-10.861661365154404,-0.980398358073125,-0.4674205891246751,-1.0,-0.7498662020468396,0.06690516975497685,-2.0,1.0,-3.0,0.0,586.0,187.5,0,0,-2.0,-3.0,-93.75,6781.25,1.0,1.0,6750.0,31.25,-96.25,-93.75
3410,2019-07-09,12:37:00,155.125,155.125,155.03125,155.03125,286,44356.25,155.09178321678323,-0.09375,-0.0006045340234486218,155.03207729243334,155.09556207960017,-0.06348478716682848,0.9999999999999966,0.0029296875,3.666666666666669,-1.9245008972987523,0.0029296875000000104,0,3410,-0.062421047948700986,-0.7498662020468396,0.05412658773652751,-11.728946867268629,0.0,-11.728946867268629,-1.0804636017630538,-0.4674205891246751,-2.0,-0.739369614186136,0.010496587860703621,-1.0,1.0,-2.0,0.0,586.0,93.75,0,0,-1.0,-2.0,187.5,6968.75,-1.0,1.0,6752.5,216.25,185.0,185.0
3411,2019-07-09,12:42:27,155.03125,155.03125,154.96875,155.03125,287,44490.75,155.02003484320556,0.0,0.0,155.03189344967038,155.0935832463817,-0.061689796711334566,0.9999999999999966,0.0029296875,3.666666666666669,-1.9245008972987523,0.0029296875000000104,0,3411,-0.04671843835515759,-0.739369614186136,0.05412658773652751,-11.397318636013516,0.0,-11.397318636013516,-1.042201161431574,-0.4674205891246751,-2.0,-0.7676902945023387,-0.028320680316202718,-2.0,1.0,-1.0,0.0,586.0,93.75,0,0,-2.0,-1.0,-0.0,6968.75,0.0,1.0,6755.0,213.75,-2.5,185.0
3412,2019-07-09,12:53:39,155.03125,155.0625,154.96875,155.0625,286,44337.8125,155.02731643356643,0.03125,0.00020155195069726517,155.0386949052992,155.09262683880075,-0.053931933501559115,0.9999999999999966,0.0029296875,3.666666666666669,-1.9245008972987523,0.0029296875000000104,-1,3412,-0.08971010664051986,-0.7676902945023387,0.05412658773652751,-9.96403722401347,0.0,-9.96403722401347,-0.8768327176856523,-0.4674205891246751,-1.0,-0.7912220602509377,-0.023531765748598943,-2.0,1.0,-2.0,0.0,586.0,125.0,0,0,-2.0,-2.0,-62.5,6906.25,1.0,0.0,6755.0,151.25,-62.5,-2.5
3413,2019-07-09,13:01:37,155.0625,155.125,155.03125,155.09375,286,44348.96875,155.0663243006993,0.03125,0.00020151133569434876,155.05092937078828,155.09266139760692,-0.04173202681863586,0.9999999999999775,0.001171875,2.916666666666662,1.2932338163316435,0.0011718750000000264,-1,3413,-0.1270622198642755,-0.7912220602509377,0.03423265984407327,-12.190705311454483,0.0,-12.190705311454483,-1.1337401423378717,-0.4674205891246751,-2.0,-0.8033352670040487,-0.012113206753111005,-1.0,1.0,-2.0,0.0,586.0,156.25,0,0,-1.0,-2.0,-62.5,6843.75,-1.0,1.0,6757.5,86.25,-65.0,-62.5
3414,2019-07-09,13:08:47,155.09375,155.15625,155.03125,155.125,287,44508.5625,155.0820993031359,0.03125,0.0002014707370570079,155.0673895106131,155.0936564315267,-0.02626692091359928,0.999999999999988,0.001953125,2.0000000000000013,-6.542051911182396e-16,0.0019531250000000234,-1,3414,-0.14694261040949474,-0.8033352670040487,0.04419417382415949,-5.9435257276469375,0.0,-5.9435257276469375,-0.41295610305144265,-0.4674205891246751,-1.0,-0.7521329365552719,0.051202330448776756,-2.0,1.0,-1.0,0.0,586.0,187.5,0,0,-2.0,-1.0,-31.25,6812.5,1.0,1.0,6760.0,52.5,-33.75,-33.75
3415,2019-07-09,13:14:41,155.125,155.21875,155.09375,155.21875,286,44372.1875,155.14750874125875,0.09375,0.0006041687828526321,155.10102517492132,155.09750546440284,0.0035197105184749944,0.9999999999999934,0.0027343750000000003,-0.6122448979591854,0.5122408325718829,0.002734375000000018,-1,3415,-0.06584685901825948,-0.7521329365552719,0.052291251658379896,0.6730973933210385,0.6730973933210385,0.0,0.2727931097101266,-0.393871462740083,-0.0,-0.647117560701535,0.10501537585373688,-1.0,1.0,-2.0,0.0,586.0,281.25,0,0,-1.0,-2.0,-187.5,6625.0,1.0,1.0,6762.5,-137.5,-190.0,-33.75
3416,2019-07-09,13:22:54,155.21875,155.28125,155.15625,155.1875,286,44391.78125,155.21601835664336,-0.03125,-0.00020134903923807457,155.1202418027166,155.10027452703662,0.01996727567998846,1.0000000000000007,0.016796875,2.4479448350459685,-1.3415883163287345,0.016796874999999992,0,3416,0.0815100860686223,-0.647117560701535,0.12960275845829822,1.5406520599955638,1.5406520599955638,0.0,0.2727931097101266,-0.29907405532484765,-0.0,-0.6506440257435437,-0.0035264650420087085,-0.0,1.0,-1.0,0.0,586.0,250.0,0,0,-0.0,-1.0,31.25,6656.25,0.0,1.0,6765.0,-108.75,28.75,28.75
3417,2019-07-09,13:31:07,155.1875,155.1875,155.15625,155.15625,287,44533.09375,155.16757404181186,-0.03125,-0.00020138958883908487,155.12824362433517,155.10199684928165,0.026246775053522242,1.000000000000001,0.01630859375,0.4148589049446028,-0.34727509539843665,0.01630859374999998,0,3417,0.07688997811644668,-0.6506440257435437,0.12770510463564086,2.055264363034483,2.055264363034483,0.0,0.2727931097101266,-0.24284254159318908,0.0,-0.747656060772152,-0.09701203502860822,-0.0,1.0,-0.0,0.0,586.0,218.75,0,0,-0.0,-0.0,0.0,6656.25,0.0,0.0,6765.0,-108.75,0.0,28.75
3418,2019-07-09,13:35:15,155.15625,155.15625,154.90625,154.90625,286,44347.125,155.05987762237763,-0.25,-0.001612578458699332,155.07891170781627,155.09597386930378,-0.017062161487501726,1.000000000000001,0.01630859375,0.4148589049446028,-0.34727509539843665,0.01630859374999998,0,3418,-0.059092850520251455,-0.747656060772152,0.12770510463564086,-1.3360594735960065,0.0,-1.3360594735960065,0.11864189135848568,-0.4674205891246751,-0.0,-0.8948627353700486,-0.1472066745978966,0.0,1.0,-0.0,0.0,586.0,-31.25,0,0,0.0,-0.0,0.0,6656.25,-0.0,0.0,6765.0,-108.75,0.0,0.0
3419,2019-07-09,13:37:41,154.90625,154.90625,154.78125,154.78125,287,44443.09375,154.85398519163763,-0.125,-0.0008072654323356687,155.01276466163492,155.0862900579406,-0.07352539630568344,1.0000000000000007,0.01826171875,-0.5155995310131788,-0.5972892810170347,0.018261718749999985,0,3419,-0.317152446464773,-0.8948627353700486,0.13513592694024779,-5.4408474467484655,0.0,-5.4408474467484655,-0.35495833351289996,-0.4674205891246751,-1.0,-0.9846091956837953,-0.08974646031374678,-0.0,1.0,0.0,0.0,586.0,-156.25,0,0,-0.0,0.0,-0.0,6656.25,-1.0,0.0,6765.0,-108.75,-0.0,-0.0
3420,2019-07-09,13:39:52,154.78125,154.875,154.75,154.875,287,44437.0,154.83275261324042,0.09375,0.0006055101607946867,154.98215029238273,155.0797888253886,-0.09763853300586334,1.0000000000000013,0.018261718750000003,-0.9273928336526657,-0.1446849811159274,0.01826171874999998,-1,3420,-0.5726424250817268,-0.9846091956837953,0.13513592694024776,-7.225209107348306,0.0,-7.225209107348306,-0.5608335429607951,-0.4674205891246751,-1.0,-0.9964884939375458,-0.011879298253750448,-1.0,1.0,-0.0,0.0,586.0,-62.5,0,0,-1.0,-0.0,-0.0,6656.25,0.0,1.0,6767.5,-111.25,-2.5,-0.0
3421,2019-07-09,13:43:06,154.875,154.9375,154.84375,154.90625,286,44299.21875,154.89237325174824,0.03125,0.00020175527154098205,154.96528356074214,155.07444916922282,-0.10916560848068002,1.0,0.008105468749999999,-1.8043257366816654,-0.03763789885846771,0.00810546875,-1,3421,-0.7638296894276273,-0.9964884939375458,0.09003037681804958,-12.125419479394441,0.0,-12.125419479394441,-1.126207625446188,-0.4674205891246751,-2.0,-0.9497913437568728,0.046697150180673,-1.0,1.0,-1.0,1.0,587.0,31.25,0,0,-1.0,-1.0,-31.25,6625.0,-1.0,0.0,6767.5,-142.5,-31.25,-2.5
3422,2019-07-09,13:46:57,154.90625,154.90625,154.75,154.8125,287,44438.0,154.83623693379792,-0.09375,-0.0006053879712686339,154.931331658355,155.06638919478522,-0.13505753643022445,0.9999999999999964,0.005175781249999999,1.128515485938055,-1.032658539398995,0.005175781250000016,0,3422,-0.8928463046388562,-0.9497913437568728,0.07194290270763348,-18.77287840040046,0.0,-18.77287840040046,-1.8931748988846544,-0.4674205891246751,-2.0,-0.8147473745047656,0.13504396925210715,-2.0,1.0,-1.0,0.0,587.0,-62.5,0,0,-2.0,-1.0,93.75,6718.75,0.0,1.0,6770.0,-51.25,91.25,91.25
3423,2019-07-09,13:50:18,154.8125,154.8125,154.78125,154.8125,287,44427.03125,154.79801829268294,0.0,0.0,154.904924623165,155.05857721956107,-0.15365259639608553,0.9999999999999977,0.00341796875,2.000000000000002,-1.1454053224818188,0.0034179687500000082,0,3423,-0.9861052932262331,-0.8147473745047656,0.0584633966683429,-26.281845590967215,0.0,-20.0,-2.034757136339064,-0.4674205891246751,-3.0,-0.6234837284006477,0.19126364610411795,2.0,1.0,-2.0,0.0,587.0,-62.5,0,0,2.0,-2.0,-0.0,6718.75,-1.0,4.0,6780.0,-61.25,-10.0,91.25
3424,2019-07-09,13:53:02,154.8125,154.875,154.8125,154.875,287,44440.3125,154.8442944250871,0.0625,0.0004036326997276518,154.8982747069061,155.05292868972842,-0.15465398282231035,0.9999999999999977,0.00341796875,2.000000000000002,-1.1454053224818188,0.0034179687500000082,-1,3424,-0.993711340098532,-0.6234837284006477,0.0584633966683429,-26.453129930107757,0.0,-20.0,-2.034757136339064,-0.4674205891246751,-3.0,-0.3094004550409571,0.3140832733596906,3.0,-1.0,2.0,1.0,588.0,62.5,0,0,3.0,2.0,125.0,6843.75,0.0,1.0,6782.5,61.25,122.5,122.5
3425,2019-07-09,13:57:40,154.875,154.90625,154.84375,154.875,287,44449.25,154.87543554006967,0.0,0.0,154.8931025498159,155.04745396081373,-0.15435141099783323,0.9999999999999719,0.0006835937499999997,-0.6122448979591795,0.5122408325718838,0.0006835937500000188,0,3425,-0.8911895101762801,-0.3094004550409571,0.026145625829190222,-59.0352711410365,0.0,-20.0,-2.034757136339064,-0.4674205891246751,-3.0,-0.1703904641106891,0.139009990930268,3.0,-1.0,3.0,0.0,588.0,62.5,0,0,3.0,3.0,0.0,6843.75,0.0,0.0,6782.5,61.25,0.0,122.5
3426,2019-07-09,14:04:01,154.875,154.90625,154.8125,154.90625,287,44444.40625,154.85855836236934,0.03125,0.00020175527154098205,154.89602420541237,155.04310922355793,-0.1470850181455603,0.9999999999999719,0.0006835937499999997,-0.6122448979591795,0.5122408325718838,0.0006835937500000188,-1,3426,-0.8172507449781828,-0.1703904641106891,0.026145625829190222,-56.25607094145269,0.0,-20.0,-2.034757136339064,-0.4674205891246751,-3.0,0.19720857856446877,0.36759904267515786,3.0,-1.0,3.0,0.0,588.0,93.75,0,0,3.0,3.0,93.75,6937.5,0.0,0.0,6782.5,155.0,93.75,93.75
3427,2019-07-09,14:08:48,154.90625,154.96875,154.875,154.9375,286,44306.84375,154.9190340909091,0.03125,0.00020171457456186204,154.9052410486541,155.03985970898694,-0.13461866033284764,0.9999999999999943,0.00146484375,2.0000000000000013,-1.3608276348795436,0.0014648437500000082,-1,3427,-0.5537727796294158,0.19720857856446877,0.038273277230987265,-35.17301628506902,0.0,-20.0,-2.034757136339064,-0.4674205891246751,-3.0,0.45201946021185907,0.2548108816473903,3.0,-1.0,3.0,0.0,588.0,125.0,0,0,3.0,3.0,93.75,7031.25,0.0,0.0,6782.5,248.75,93.75,93.75
3428,2019-07-09,14:17:53,154.9375,154.96875,154.875,154.9375,287,44463.15625,154.9238893728223,0.0,0.0,154.91240970450875,155.03671017947966,-0.12430047497090868,0.9999999999999964,0.0016601562499999997,-1.4878892733564004,-0.5413870509510851,0.0016601562500000056,0,3428,-0.3111189338451165,0.45201946021185907,0.040745015032516624,-30.506915967931413,0.0,-20.0,-2.034757136339064,-0.4674205891246751,-3.0,0.7363821433232922,0.28436268311143315,3.0,-1.0,3.0,0.0,588.0,125.0,0,0,3.0,3.0,0.0,7031.25,0.0,0.0,6782.5,248.75,0.0,93.75
3429,2019-07-09,14:28:23,154.9375,154.96875,154.84375,154.875,287,44459.96875,154.9127831010453,-0.0625,-0.0004034698461028441,154.90409643684015,155.03173448164955,-0.12763804480940166,0.9999999999999998,0.00126953125,-0.1775147928994123,0.4047960089109363,0.0012695312500000003,0,3429,0.042296512064702536,0.7363821433232922,0.035630482034348064,-35.82271064600181,0.0,-20.0,-2.034757136339064,-0.4674205891246751,-3.0,0.8885969146821231,0.15221477135883088,3.0,-1.0,3.0,0.0,588.0,62.5,0,0,3.0,3.0,-187.5,6843.75,0.0,0.0,6782.5,61.25,-187.5,0.0
3430,2019-07-09,14:36:02,154.875,154.90625,154.84375,154.84375,287,44452.28125,154.88599738675958,-0.03125,-0.0002017959849442974,154.89068611754234,155.02595034375267,-0.13526422621032452,0.9999999999999987,0.00224609375,1.4555765595463157,1.118079933149378,0.002246093750000003,0,3430,0.30399085995499475,0.8885969146821231,0.04739297152532222,-28.540988643865134,0.0,-20.0,-2.034757136339064,-0.4674205891246751,-3.0,0.9821031376385992,0.09350622295647615,3.0,-1.0,3.0,0.0,588.0,31.25,0,0,3.0,3.0,-93.75,6750.0,0.0,0.0,6782.5,-32.5,-93.75,-93.75
3431,2019-07-09,14:41:37,154.84375,154.84375,154.78125,154.8125,286,44275.28125,154.8086756993007,-0.03125,-0.0002018367147833544,154.87331142475517,155.01938264086797,-0.1460712161128015,0.9999999999999977,0.00341796875,-2.897959183673469,0.38180177416060623,0.003417968750000008,0,3431,0.5612725351088035,0.9821031376385992,0.0584633966683429,-24.985071760617863,0.0,-20.0,-2.034757136339064,-0.4674205891246751,-3.0,0.9999920718099348,0.017888934171335524,3.0,-1.0,3.0,0.0,588.0,0.0,0,0,3.0,3.0,-93.75,6656.25,0.0,0.0,6782.5,-126.25,-93.75,-93.75
3432,2019-07-09,14:45:46,154.8125,154.875,154.8125,154.875,287,44439.03125,154.83983013937282,0.0625,0.0004036326997276518,154.87368666369846,155.01494009807206,-0.1412534343735956,0.9999999999999931,0.0026367187499999997,-3.333333333333331,-0.6085806194501848,0.0026367187500000184,-1,3432,0.7099168737151142,0.9999920718099348,0.0513489897661095,-27.508512828975526,0.0,-20.0,-2.034757136339064,-0.4674205891246751,-3.0,0.976592507469585,-0.023399564340349732,-3.0,-1.0,3.0,0.0,588.0,62.5,0,0,-3.0,3.0,187.5,6843.75,0.0,6.0,6797.5,46.25,172.5,172.5
3433,2019-07-09,14:50:58,154.875,154.9375,154.875,154.9375,287,44457.4375,154.90396341463415,0.0625,0.0004034698461028441,154.88786740509883,155.0125573258237,-0.12468992072487595,0.9999999999999852,0.0017578125000000003,4.9999999999999885,-2.236067977499788,0.0017578125000000263,-1,3433,0.8426523152204645,0.976592507469585,0.04192627457812137,-29.740281477320572,0.0,-20.0,-2.034757136339064,-0.4674205891246751,-3.0,0.8136460731348861,-0.1629464343346989,-3.0,-1.0,-3.0,1.0,589.0,62.5,0,0,-3.0,-3.0,-187.5,6656.25,0.0,0.0,6797.5,-141.25,-187.5,172.5
3434,2019-07-09,14:55:58,154.9375,155.03125,154.9375,155.0,287,44481.5,154.9878048780488,0.0625,0.0004033071238378483,154.9127857595213,155.0121709465676,-0.09938518704629473,0.9999999999998079,0.0001953124999999991,4.999999999998603,2.2360679774998586,0.0001953125000000366,-1,3434,0.9864186299897818,0.8136460731348861,0.013975424859374995,-71.11425094144823,0.0,-20.0,-2.034757136339064,-0.4674205891246751,-3.0,0.611105530585557,-0.20254054254932907,3.0,-1.0,-3.0,0.0,589.0,125.0,0,0,3.0,-3.0,-187.5,6468.75,0.0,6.0,6812.5,-343.75,-202.5,-187.5
3435,2019-07-09,14:59:57,155.0,155.0625,155.0,155.0625,286,44343.53125,155.04731206293707,0.0625,0.0004031445327727923,154.9460555907388,155.01371953282708,-0.06766394208827364,0.9999999999999958,0.005566406250000001,4.422899353647277,-2.0428313421945856,0.0055664062500000245,-1,3435,0.991826624523109,0.611105530585557,0.07460835241445843,-9.069218110110816,0.0,-9.069218110110816,-0.7735907143628729,-0.4674205891246751,-1.0,0.29447832240161537,-0.3166272081839417,-3.0,1.0,3.0,1.0,590.0,62.5,0,0,-3.0,3.0,187.5,6656.25,2.0,6.0,6827.5,-171.25,172.5,172.5
3436,2019-07-09,15:02:44,155.0625,155.15625,155.0625,155.15625,286,44363.15625,155.11593094405595,0.09375,0.0006044122275268293,154.99276545946353,155.0181050856632,-0.02533962619966701,0.999999999999997,0.00615234375,-1.2169312169312185,-0.8284388773693415,0.006152343750000017,-1,3436,0.8839799836934766,0.29447832240161537,0.0784368774875697,-3.230575592926008,0.0,-3.230575592926008,-0.09994266550671937,-0.4674205891246751,-1.0,-0.12133970479534617,-0.41581802719696154,-1.0,1.0,-3.0,1.0,591.0,93.75,0,0,-1.0,-3.0,-281.25,6375.0,0.0,2.0,6832.5,-457.5,-286.25,172.5
3437,2019-07-09,15:05:59,155.15625,155.15625,155.0625,155.0625,287,44518.28125,155.11596254355402,-0.09375,-0.0006044122275268293,155.0082620240272,155.0194710830274,-0.011209059000208299,0.9999999999999977,0.005566406249999999,-1.1172668513388746,-0.2057527970555698,0.005566406250000012,0,3437,0.616081869131006,-0.12133970479534617,0.07460835241445835,-1.5023866145630227,0.0,-1.5023866145630227,0.09945147960533085,-0.4674205891246751,-0.0,-0.23174635062759427,-0.1104066458322481,-1.0,1.0,-1.0,0.0,591.0,0.0,0,0,-1.0,-1.0,93.75,6468.75,1.0,0.0,6832.5,-363.75,93.75,93.75
3438,2019-07-09,15:14:07,155.0625,155.09375,155.0,155.03125,286,44344.375,155.05026223776224,-0.03125,-0.00020155195069726517,155.0133704631323,155.01983351124198,-0.006463048109679903,0.9999999999999979,0.0048828125,0.1999999999999993,0.0,0.0048828125000000095,0,3438,0.5239872656022468,-0.23174635062759427,0.0698771242968685,-0.924916154566129,0.0,-0.924916154566129,0.16607858470792947,-0.4674205891246751,-0.0,-0.36464731260531125,-0.13290096197771697,-0.0,1.0,-1.0,0.0,591.0,-31.25,0,0,-0.0,-1.0,31.25,6500.0,0.0,1.0,6835.0,-335.0,28.75,93.75
3439,2019-07-09,15:25:48,155.03125,155.0625,155.0,155.03125,287,44495.875,155.0378919860627,0.0,0.0,155.01734369354736,155.02018478781915,-0.0028410942717869148,1.0000000000000013,0.00244140625,-1.1999999999999993,0.0,0.002441406249999997,0,3439,0.40057485990799846,-0.36464731260531125,0.049410588440130895,-0.5749970525506634,0.0,-0.5749970525506634,0.2064513802055845,-0.4674205891246751,-0.0,-0.47680364405448933,-0.11215633144917808,-0.0,1.0,-0.0,0.0,591.0,-31.25,0,0,-0.0,-0.0,-0.0,6500.0,0.0,0.0,6835.0,-335.0,-0.0,28.75
3440,2019-07-09,15:38:33,155.0625,155.09375,155.0625,155.0625,286,44349.78125,155.0691652097902,0.03125,0.00020155195069726517,155.02737842831465,155.02148679434782,0.005891633966825793,0.9999999999999964,0.00126953125,-0.17751479289940755,-0.4047960089109363,0.0012695312500000046,-1,3440,0.28440272303752306,-0.47680364405448933,0.03563048203434813,1.6535375415763955,1.6535375415763955,0.0,0.2727931097101266,-0.28673909661878394,-0.0,-0.5962130071179738,-0.11940936306348443,-0.0,1.0,-0.0,0.0,591.0,0.0,0,0,-0.0,-0.0,-0.0,6500.0,0.0,0.0,6835.0,-335.0,-0.0,-0.0
3441,2019-07-09,15:48:50,155.0625,155.0625,154.96875,155.0,287,44487.40625,155.00838414634146,-0.0625,-0.0004031445327727923,155.02129433313362,155.02082566221407,0.0004686709195595995,1.0,0.0026367187499999997,-1.6872427983539058,-0.5184205276797867,0.0026367187499999993,0,3441,0.14609765262881,-0.5962130071179738,0.05134898976610932,0.091271692334038,0.091271692334038,0.0,0.2727931097101266,-0.4574473619194852,-0.0,-0.7086078244309719,-0.11239481731299816,-0.0,1.0,-0.0,0.0,591.0,-62.5,0,0,-0.0,-0.0,0.0,6500.0,0.0,0.0,6835.0,-335.0,0.0,0.0
3442,2019-07-09,15:58:09,155.0,155.03125,154.96875,155.0,286,44327.15625,154.9900568181818,0.0,0.0,155.01656225910395,155.0201848726075,-0.0036226135035519746,0.9999999999999988,0.00419921875,-1.9632233639805285,-0.235513936408806,0.004199218750000004,0,3442,-0.0021250536430155553,-0.7086078244309719,0.06480137922914916,-0.5590333950673753,0.0,-0.5590333950673753,0.20829322729325472,-0.4674205891246751,-0.0,-0.8404899871309707,-0.13188216269999875,-0.0,1.0,-0.0,0.0,591.0,-62.5,0,0,-0.0,-0.0,-0.0,6500.0,0.0,0.0,6835.0,-335.0,-0.0,-0.0
3443,2019-07-09,16:06:23,155.0,155.03125,154.90625,154.90625,287,44471.5625,154.9531794425087,-0.09375,-0.0006050216983997103,154.99204842374752,155.01667918421958,-0.02463076047206414,0.9999999999999997,0.0037109375,-0.8171745152354575,0.08099829095409096,0.0037109375000000016,0,3443,-0.2111865689366679,-0.8404899871309707,0.060917464655056035,-4.043300326357202,0.0,-4.043300326357202,-0.1937128234366901,-0.4674205891246751,-1.0,-0.9681217725281333,-0.12763178539716258,-0.0,1.0,-0.0,0.0,591.0,-156.25,0,0,-0.0,-0.0,0.0,6500.0,-1.0,0.0,6835.0,-335.0,0.0,0.0
3444,2019-07-09,16:22:36,154.90625,154.96875,154.875,154.96875,287,44462.34375,154.92105836236934,0.0625,0.0004033884685599176,154.9868709962481,155.01520444008978,-0.028333443841688677,0.9999999999999979,0.003125,2.3632812499999987,-0.8210562104882035,0.0031250000000000067,-1,3444,-0.5074493593612809,-0.9681217725281333,0.0559016994374948,-5.0684405173350875,0.0,-5.0684405173350875,-0.3119909484329868,-0.4674205891246751,-1.0,-0.9986185546147597,-0.03049678208662643,-1.0,1.0,-0.0,0.0,591.0,-93.75,0,0,-1.0,-0.0,-0.0,6500.0,0.0,1.0,6837.5,-337.5,-2.5,0.0
3445,2019-07-09,16:35:03,154.96875,155.03125,154.96875,154.96875,286,44331.8125,155.0063374125874,0.0,0.0,154.98284410819298,155.0137750727024,-0.03093096450942312,0.9999999999999986,0.00322265625,1.0743801652892582,-0.2669003066972995,0.003222656250000004,0,3445,-0.7432849136299304,-0.9986185546147597,0.05676844413932801,-5.448619383245487,0.0,-5.448619383245487,-0.355855040211699,-0.4674205891246751,-1.0,-0.9296982333650373,0.06892032124972236,-1.0,1.0,-1.0,1.0,592.0,0.0,0,0,-1.0,-1.0,-0.0,6500.0,0.0,0.0,6837.5,-337.5,-0.0,-0.0
3446,2019-07-09,16:52:50,154.96875,155.0,154.96875,154.96875,287,44477.59375,154.97419425087108,0.0,0.0,154.97971208415012,155.01238968585005,-0.03267760169993039,0.9999999999999891,0.00126953125,-0.17751479289940755,0.4047960089109363,0.0012695312500000141,0,3446,-0.9178390043462945,-0.9296982333650373,0.03563048203434826,-9.171248839246337,0.0,-9.171248839246337,-0.7853627660689353,-0.4674205891246751,-1.0,-0.7591588674805303,0.17053936588450702,-1.0,1.0,-1.0,0.0,592.0,0.0,0,0,-1.0,-1.0,-0.0,6500.0,0.0,0.0,6837.5,-337.5,-0.0,-0.0
3447,2019-07-09,17:06:53,154.96875,154.96875,154.9375,154.9375,286,44318.90625,154.96121066433565,-0.03125,-0.00020167389399805558,154.97033162100567,155.01008538782392,-0.039753766818250824,0.9999999999999829,0.00068359375,-0.612244897959183,-0.5122408325718831,0.0006835937500000117,0,3447,-0.9970659914177403,-0.7591588674805303,0.026145625829190083,-15.204748617594014,0.0,-15.204748617594014,-1.4814929609721312,-0.4674205891246751,-2.0,-0.24997373816190754,0.5091851293186227,1.0,1.0,-1.0,0.0,592.0,-31.25,0,0,1.0,-1.0,31.25,6531.25,-1.0,2.0,6842.5,-311.25,26.25,26.25
3448,2019-07-09,17:30:10,154.9375,155.0,154.9375,154.96875,287,44475.4375,154.966681184669,0.03125,0.00020167389399805558,154.96998014967107,155.00881352973704,-0.038833380065966594,0.9999999999999867,0.00126953125,-0.1775147928994123,-0.4047960089109363,0.0012695312500000167,-1,3448,-0.8614161167193769,-0.24997373816190754,0.0356304820343483,-10.898920769169123,0.0,-10.898920769169123,-0.9846972554182156,-0.4674205891246751,-1.0,0.2391127285699113,0.4890864667318189,2.0,-1.0,1.0,1.0,593.0,31.25,0,0,2.0,1.0,31.25,6562.5,1.0,1.0,6845.0,-282.5,28.75,28.75
3449,2019-07-09,17:50:40,154.96875,155.0,154.9375,155.0,287,44476.65625,154.97092770034843,0.03125,0.0002016332298397927,154.97665122752196,155.0085423442067,-0.03189111668473288,0.9999999999999836,0.001171875,2.9166666666666714,-1.2932338163316428,0.0011718750000000193,-1,3449,-0.5175166643820714,0.2391127285699113,0.034232659844073164,-9.315991462537292,0.0,-9.315991462537292,-0.8020628098683777,-0.4674205891246751,-1.0,0.7466325849651007,0.5075198563951894,1.0,-1.0,2.0,0.0,593.0,62.5,0,0,1.0,2.0,62.5,6625.0,0.0,1.0,6847.5,-222.5,60.0,60.0
3450,2019-07-09,18:03:06,155.0,155.09375,155.0,155.0625,286,44343.34375,155.04665646853147,0.0625,0.0004031445327727923,154.9957287325171,155.01020257976958,-0.014473847252475025,0.9999999999998773,0.00019531250000000017,5.000000000000166,2.2360679774997756,0.00019531250000002413,-1,3450,0.05755562684096523,0.7466325849651007,0.01397542485937455,-10.35664203279383,0.0,-10.35664203279383,-0.9221304838407131,-0.4674205891246751,-1.0,0.9922171017190979,0.24558451675399728,1.0,-1.0,1.0,0.0,593.0,125.0,0,0,1.0,1.0,62.5,6687.5,0.0,0.0,6847.5,-160.0,62.5,62.5
3451,2019-07-09,18:17:36,155.0625,155.125,155.03125,155.09375,286,44354.6875,155.08631993006992,0.03125,0.00020151133569434876,155.0175112364022,155.01277326962287,0.004737966779345015,0.9999999999999554,0.0004882812499999999,1.9999999999999691,2.6168207644729593e-15,0.0004882812500000217,-1,3451,0.6135545254930959,0.9922171017190979,0.0220970869120801,2.144159000775278,2.144159000775278,0.0,0.2727931097101266,-0.23312905434604436,0.0,0.9306084934107218,-0.06160860830837611,-1.0,-1.0,1.0,0.0,593.0,156.25,0,0,-1.0,1.0,31.25,6718.75,1.0,2.0,6852.5,-133.75,26.25,62.5
3452,2019-07-09,18:28:29,155.09375,155.15625,155.0625,155.125,287,44517.6875,155.113893728223,0.03125,0.0002014707370570079,155.04139762831284,155.01622639978834,0.025171228524499156,0.9999999999999718,0.0006835937499999997,-0.6122448979591795,0.5122408325718838,0.0006835937500000191,-1,3452,0.9168520876021661,0.9306084934107218,0.026145625829190226,9.627319188663977,9.627319188663977,0.0,0.2727931097101266,0.5845533492354335,1.0,0.7162224479758623,-0.2143860454348595,0.0,-1.0,-1.0,1.0,594.0,31.25,0,0,0.0,-1.0,-31.25,6687.5,1.0,1.0,6855.0,-167.5,-33.75,26.25
3453,2019-07-09,18:42:41,155.125,155.15625,155.125,155.125,286,44368.96875,155.13625437062936,0.0,0.0,155.05997593313222,155.01957327979486,0.0404026533373667,0.9999999999999937,0.00146484375,2.0000000000000013,-1.3608276348795436,0.001464843750000009,0,3453,0.9999158122247332,0.7162224479758623,0.03827327723098728,10.556361059317755,10.556361059317755,0.0,0.2727931097101266,0.6860694428042315,1.0,0.26549906740841595,-0.4507233805674464,-1.0,-1.0,0.0,0.0,594.0,31.25,0,0,-1.0,0.0,0.0,6687.5,0.0,1.0,6857.5,-170.0,-2.5,-2.5
3454,2019-07-09,18:57:36,155.125,155.15625,155.09375,155.125,286,44358.59375,155.09997814685315,0.0,0.0,155.07442572576952,155.02281717887809,0.051608546891429796,1.0000000000000009,0.00390625,-0.1874999999999988,-0.9374999999999997,0.0039062499999999965,0,3454,0.8694656993480315,0.26549906740841595,0.06249999999999997,8.257367502628771,8.257367502628771,0.0,0.2727931097101266,0.4348591880385695,1.0,-0.08810329186207634,-0.3536023592704923,1.0,1.0,-1.0,1.0,595.0,0.0,0,0,1.0,-1.0,-0.0,6687.5,0.0,2.0,6862.5,-175.0,-5.0,-2.5
3455,2019-07-09,19:00:00,155.125,155.15625,155.03125,155.0625,287,44511.09375,155.09091898954705,-0.0625,-0.00040298207275135667,155.0717755644874,155.0240381887588,0.047737375728615916,1.0000000000000004,0.005078125,-0.17751479289940755,-0.4047960089109363,0.005078124999999999,0,3455,0.6420586511514336,-0.08810329186207634,0.07126096406869611,6.698951712552853,6.698951712552853,0.0,0.2727931097101266,0.26457161741152235,1.0,-0.48067697935343473,-0.3925736874913584,1.0,1.0,1.0,1.0,596.0,-62.5,0,0,1.0,1.0,-62.5,6625.0,0.0,0.0,6862.5,-237.5,-62.5,-5.0
3456,2019-07-09,19:04:27,155.0625,155.09375,154.9375,154.9375,286,44332.6875,155.00939685314685,-0.125,-0.0008064516566106406,155.0419365501569,155.02137547525854,0.020561074898353127,1.000000000000001,0.005078125,-0.1775147928994123,0.4047960089109363,0.005078124999999994,0,3456,0.28017038472549216,-0.48067697935343473,0.07126096406869609,2.8853209000276925,2.8853209000276925,0.0,0.2727931097101266,-0.15214254222986934,0.0,-0.7997730522411554,-0.3190960728877206,1.0,1.0,1.0,0.0,596.0,-187.5,0,0,1.0,1.0,-125.0,6500.0,-1.0,0.0,6862.5,-362.5,-125.0,-62.5
3457,2019-07-09,19:15:31,154.9375,155.0,154.875,155.0,287,44464.6875,154.92922473867597,0.0625,0.0004033071238378483,155.0326173167887,155.02071776832753,0.011899548461173026,1.0000000000000007,0.005859375,-1.75,0.17010345435994287,0.0058593749999999965,-1,3457,-0.14104699580150773,-0.7997730522411554,0.0765465544619743,1.5545505013010499,1.5545505013010499,0.0,0.2727931097101266,-0.2975553773054864,-0.0,-0.9840686983398556,-0.1842956460987002,0.0,1.0,1.0,0.0,596.0,-125.0,0,0,0.0,1.0,62.5,6562.5,-0.0,1.0,6865.0,-302.5,60.0,60.0
3458,2019-07-09,19:25:11,155.0,155.0,154.90625,154.9375,287,44472.46875,154.95633710801394,-0.0625,-0.0004033071238378483,155.01148013528012,155.01815722160978,-0.006677086329659687,0.9999999999999989,0.007031249999999999,-1.5393518518518523,-0.8126450751561738,0.007031250000000006,0,3458,-0.5701261038777043,-0.9840686983398556,0.08385254915624216,-0.7962890093201933,0.0,-0.7962890093201933,0.18091926474097264,-0.4674205891246751,-0.0,-0.9750874113266981,0.00898128701315748,-0.0,1.0,0.0,0.0,596.0,-187.5,0,0,-0.0,0.0,-0.0,6562.5,0.0,0.0,6865.0,-302.5,-0.0,60.0
3459,2019-07-09,19:42:10,154.9375,154.96875,154.90625,154.96875,286,44312.375,154.93837412587413,0.03125,0.00020167389399805558,155.00198454966232,155.01663699940644,-0.014652449744119167,0.9999999999999972,0.0041015625,-3.163265306122449,-0.4414786044290983,0.0041015625000000114,-1,3459,-0.8463420289749362,-0.9750874113266981,0.06404344228724758,-2.2878922838656948,0.0,-2.2878922838656948,0.008821789581710204,-0.4674205891246751,-0.0,-0.8288917263553353,0.14619568497136282,-0.0,1.0,-0.0,0.0,596.0,-156.25,0,0,-0.0,-0.0,-0.0,6562.5,0.0,0.0,6865.0,-302.5,-0.0,-0.0
3460,2019-07-09,19:57:30,155.0,155.03125,154.96875,155.03125,287,44484.78125,154.99923780487805,0.0625,0.0004032258119153198,155.00848798307072,155.01708663019394,-0.008598647123221781,1.0,0.00458984375,-2.367587143503846,0.5594072218898565,0.004589843749999999,-1,3460,-0.9816769064065712,-0.8288917263553353,0.06774838558962125,-1.269203250879982,0.0,-1.269203250879982,0.12635559601739987,-0.4674205891246751,-0.0,-0.5545173797947599,0.27437434656057536,0.0,1.0,-0.0,0.0,596.0,-93.75,0,0,0.0,-0.0,-0.0,6562.5,0.0,0.0,6865.0,-302.5,-0.0,-0.0
3461,2019-07-09,20:09:24,155.03125,155.0625,154.90625,154.96875,287,44479.0,154.97909407665506,-0.0625,-0.0004032258119153198,154.99965732016614,155.01559934926493,-0.015942029098795274,0.9999999999999983,0.00537109375,-2.62809917355372,-0.5814564991516648,0.005371093750000009,0,3461,-0.9805375649346689,-0.5545173797947599,0.07328774624724115,-2.175265295376087,0.0,-2.175265295376087,0.021816411331758934,-0.4674205891246751,-0.0,-0.19802256714631525,0.3564948126484446,0.0,-1.0,0.0,0.0,596.0,-156.25,0,0,0.0,0.0,-0.0,6562.5,0.0,0.0,6865.0,-302.5,-0.0,-0.0
3462,2019-07-09,20:43:47,154.96875,155.0,154.875,154.875,286,44314.75,154.94667832167832,-0.09375,-0.0006051437401008997,154.97195569346258,155.0112732154414,-0.03931752197883043,0.9999999999999983,0.00537109375,-2.62809917355372,-0.5814564991516648,0.005371093750000009,0,3462,-0.8331273717582851,-0.19802256714631525,0.07328774624724115,-5.3648152647770235,0.0,-5.3648152647770235,-0.34618592950210714,-0.4674205891246751,-1.0,0.1732028615757753,0.3712254287220905,0.0,-1.0,0.0,0.0,596.0,-250.0,0,0,0.0,0.0,-0.0,6562.5,-1.0,0.0,6865.0,-302.5,-0.0,-0.0
3463,2019-07-09,20:58:13,154.875,154.96875,154.84375,154.9375,287,44452.90625,154.888175087108,0.0625,0.0004034698461028441,154.96429887269312,155.00900327035092,-0.04470439765779588,1.0000000000000009,0.006542968749999999,-2.4125640454444195,0.36326900585846333,0.006542968749999994,-1,3463,-0.5739467718802878,0.1732028615757753,0.08088861940965486,-5.526660979512275,0.0,-5.526660979512275,-0.36485928544507396,-0.4674205891246751,-1.0,0.519404019879864,0.34620115830408865,1.0,-1.0,0.0,0.0,596.0,-187.5,0,0,1.0,0.0,0.0,6562.5,0.0,1.0,6867.5,-305.0,-2.5,-0.0
3464,2019-07-09,23:57:33,154.9375,155.03125,154.90625,154.96875,287,44477.03125,154.9722343205575,0.03125,0.00020167389399805558,154.96528801209467,155.0077647081863,-0.042476696091625854,0.9999999999999999,0.006542968749999999,-2.4125640454444173,-0.36326900585846333,0.006542968749999999,-1,3464,-0.23696900212685143,0.519404019879864,0.0808886194096549,-5.251257395864988,0.0,-5.251257395864988,-0.3330839050846676,-0.4674205891246751,-1.0,0.8612040820986628,0.3418000622187989,1.0,-1.0,1.0,1.0,597.0,31.25,0,0,1.0,1.0,31.25,6593.75,0.0,0.0,6867.5,-273.75,31.25,31.25
3465,2019-07-10,00:10:40,154.96875,154.96875,154.8125,154.84375,286,44298.15625,154.88865821678323,-0.125,-0.0008069397250451971,154.93827956496256,155.00271810178057,-0.0644385368180167,0.9999999999999999,0.006542968749999999,-2.4125640454444173,-0.36326900585846333,0.006542968749999999,0,3465,0.24956963980502356,0.8612040820986628,0.0808886194096549,-7.966329168219835,0.0,-7.966329168219835,-0.6463421319015996,-0.4674205891246751,-1.0,0.9204527073976442,0.05924862529898134,1.0,-1.0,1.0,0.0,597.0,-93.75,0,0,1.0,1.0,-125.0,6468.75,0.0,0.0,6867.5,-398.75,-125.0,31.25
3466,2019-07-10,00:28:01,154.84375,154.875,154.75,154.84375,287,44435.09375,154.8261106271777,0.0,0.0,154.9172729949709,154.99782677557195,-0.08055378060106477,1.0000000000000027,0.00810546875,-1.804325736681669,0.03763789885846709,0.00810546874999998,0,3466,0.374482869756798,0.9204527073976442,0.09003037681804947,-8.947400138495832,0.0,-8.947400138495832,-0.7595356598442042,-0.4674205891246751,-1.0,0.895178182409244,-0.025274524988400215,-1.0,-1.0,1.0,0.0,597.0,-93.75,0,0,-1.0,1.0,0.0,6468.75,0.0,2.0,6872.5,-403.75,-5.0,-5.0
3467,2019-07-10,00:43:12,154.84375,154.9375,154.75,154.75,287,44438.1875,154.83689024390245,-0.09375,-0.0006056323996563862,154.88010121831073,154.9902013363236,-0.11010011801286623,1.0000000000000018,0.0099609375,-1.3437139561707003,0.30083323787423943,0.009960937499999982,0,3467,0.3178230962505335,0.895178182409244,0.09980449639169561,-11.031578936159763,0.0,-11.031578936159763,-1.0000030247121998,-0.4674205891246751,-1.0,0.6970905064347175,-0.19808767597452648,-1.0,-1.0,-1.0,1.0,598.0,-93.75,0,0,-1.0,-1.0,93.75,6562.5,0.0,0.0,6872.5,-310.0,93.75,93.75
3468,2019-07-10,00:48:46,154.75,154.78125,154.5625,154.5625,287,44387.84375,154.66147648083623,-0.1875,-0.0012123662830703097,154.80952316979725,154.97704129520596,-0.16751812540871924,1.000000000000001,0.009082031249999999,-0.003468609087756628,-0.5429955844662835,0.009082031249999989,0,3468,-0.014066217467589275,0.6970905064347175,0.0952996917623556,-17.578034336821506,0.0,-17.578034336821506,-1.7553167632395528,-0.4674205891246751,-2.0,0.5865457226016584,-0.1105447838330591,-1.0,-1.0,-1.0,0.0,598.0,-281.25,0,0,-1.0,-1.0,187.5,6750.0,-1.0,0.0,6872.5,-122.5,187.5,187.5
3469,2019-07-10,01:12:16,154.5625,154.625,154.53125,154.625,288,44513.09375,154.55935329861111,0.0625,0.0004042854310171151,154.76851802095345,154.96620925535348,-0.19769123440002545,1.000000000000001,0.01005859375,-0.6814968423037039,-0.6080512986543736,0.01005859374999999,-1,3469,-0.15794672003720675,0.5865457226016584,0.10029254084925752,-19.71145936936236,0.0,-19.71145936936236,-2.00146603617791,-0.4674205891246751,-2.0,0.46745070927098964,-0.11909501333066874,-2.0,-1.0,-1.0,0.0,598.0,-218.75,0,0,-2.0,-1.0,-62.5,6687.5,0.0,1.0,6875.0,-187.5,-65.0,187.5
3470,2019-07-10,01:48:18,154.625,154.65625,154.59375,154.59375,287,44374.40625,154.61465592334494,-0.03125,-0.0002021222846702031,154.7296806829638,154.9547489705734,-0.2250682876096164,0.9999999999999997,0.01240234375,1.7837435674871358,-1.385357816369995,0.012402343750000005,0,3470,-0.29455836000334207,0.46745070927098964,0.11136581050753415,-20.20981902649467,0.0,-20.0,-2.034757136339064,-0.4674205891246751,-3.0,0.507303976092727,0.0398532668217374,2.0,-1.0,-2.0,0.0,598.0,-250.0,0,0,2.0,-2.0,62.5,6750.0,-1.0,4.0,6885.0,-135.0,52.5,52.5
3471,2019-07-10,02:28:59,154.59375,154.6875,154.59375,154.625,287,44378.8125,154.6300087108014,0.03125,0.0002021222846702031,154.70641830897185,154.94460284840193,-0.23818453943007967,0.9999999999999987,0.00751953125,0.12987012987013222,-0.9266785330582891,0.00751953125000001,-1,3471,-0.2506433365241195,0.507303976092727,0.08671523078444761,-27.467439949753107,0.0,-20.0,-2.034757136339064,-0.4674205891246751,-3.0,0.5779904623676833,0.07068648627495622,3.0,-1.0,2.0,1.0,599.0,31.25,0,0,3.0,2.0,62.5,6812.5,0.0,1.0,6887.5,-75.0,60.0,60.0
3472,2019-07-10,03:44:39,154.625,154.78125,154.625,154.71875,287,44399.4375,154.70187282229966,0.09375,0.0006061218490440723,154.70915868475592,154.93765352998957,-0.22849484523365504,0.9999999999999994,0.006640624999999999,0.2638408304498275,-0.11842841739554978,0.006640625000000002,-1,3472,-0.16832893084789374,0.5779904623676833,0.08149003006503312,-28.039607428209898,0.0,-20.0,-2.034757136339064,-0.4674205891246751,-3.0,0.6305142445512599,0.05252378218357667,3.0,-1.0,3.0,0.0,599.0,125.0,0,0,3.0,3.0,281.25,7093.75,0.0,0.0,6887.5,206.25,281.25,281.25
3473,2019-07-10,05:17:41,154.71875,154.75,154.59375,154.59375,287,44399.9375,154.7036149825784,-0.125,-0.0008082441337142754,154.68351231036573,154.927071882913,-0.24355957254726945,0.9999999999999993,0.00654296875,0.7952773446201805,-0.5016571985664497,0.0065429687500000045,0,3473,-0.10299960137689283,0.6305142445512599,0.08088861940965493,-30.110487028314637,0.0,-20.0,-2.034757136339064,-0.4674205891246751,-3.0,0.6663961320959585,0.035881887544698565,3.0,-1.0,3.0,0.0,599.0,0.0,0,0,3.0,3.0,-375.0,6718.75,0.0,0.0,6887.5,-168.75,-375.0,281.25
3474,2019-07-10,05:49:06,154.59375,154.59375,154.5,154.5625,288,44509.6875,154.54752604166666,-0.03125,-0.00020216314634691201,154.65662068584004,154.9158542865157,-0.2592336006756568,1.0000000000000002,0.006542968749999999,0.7952773446201853,0.5016571985664501,0.006542968749999998,0,3474,-0.05600409134949416,0.6663961320959585,0.08088861940965489,-32.04821674144121,0.0,-20.0,-2.034757136339064,-0.4674205891246751,-3.0,0.7029416829589386,0.03654555086298006,3.0,-1.0,3.0,0.0,599.0,-31.25,0,0,3.0,3.0,-93.75,6625.0,0.0,0.0,6887.5,-262.5,-93.75,-93.75
3475,2019-07-10,06:10:28,154.5625,154.625,154.53125,154.5625,287,44364.125,154.57883275261324,0.0,0.0,154.6357049778756,154.9049818469306,-0.26927686905500536,1.0000000000000053,0.00224609375,1.4555765595463097,-1.118079933149378,0.0022460937499999877,0,3475,-0.00587309165060729,0.7029416829589386,0.04739297152532206,-56.81789100544808,0.0,-20.0,-2.034757136339064,-0.4674205891246751,-3.0,0.7227258581226214,0.019784175163682804,3.0,-1.0,3.0,0.0,599.0,-31.25,0,0,3.0,3.0,0.0,6625.0,0.0,0.0,6887.5,-262.5,0.0,0.0
3476,2019-07-10,06:15:14,154.5625,154.5625,154.4375,154.5,288,44489.25,154.4765625,-0.0625,-0.00040444894383462326,154.6055483161255,154.89252086702507,-0.2869725508995771,1.0000000000000109,0.0006835937500000001,-0.6122448979591925,0.5122408325718826,0.0006835937499999926,0,3476,0.022338240051559797,0.7227258581226214,0.02614562582918972,-109.759296937231,0.0,-20.0,-2.034757136339064,-0.4674205891246751,-3.0,0.737951362257851,0.015225504135229606,3.0,-1.0,3.0,0.0,599.0,-93.75,0,0,3.0,3.0,-187.5,6437.5,0.0,0.0,6887.5,-450.0,-187.5,0.0
3477,2019-07-10,06:28:47,154.5,154.53125,154.46875,154.46875,287,44339.71875,154.49379355400697,-0.03125,-0.0002022858305679165,154.57514869031985,154.8794817634243,-0.3043330731044591,1.000000000000013,0.0007812500000000005,0.31249999999999406,1.2577882373436315,0.0007812499999999902,0,3477,0.04461664312564686,0.737951362257851,0.027950849718747197,-108.88151028207804,0.0,-20.0,-2.034757136339064,-0.4674205891246751,-3.0,0.7450015290048569,0.0070501667470059814,3.0,-1.0,3.0,0.0,599.0,-125.0,0,0,3.0,3.0,-93.75,6343.75,0.0,0.0,6887.5,-543.75,-93.75,-93.75
3478,2019-07-10,06:39:32,154.46875,154.46875,154.375,154.40625,288,44470.21875,154.41048177083334,-0.0625,-0.00040469446120905417,154.53761564802656,154.8649207860882,-0.3273051380616323,1.0000000000000158,0.0011718749999999989,2.9166666666666075,-1.2932338163316497,0.0011718749999999804,0,3478,0.05511103419987485,0.7450015290048569,0.034232659844072595,-95.61195056197346,0.0,-20.0,-2.034757136339064,-0.4674205891246751,-3.0,0.7363729794693298,-0.008628549535527164,-3.0,-1.0,3.0,0.0,599.0,-187.5,0,0,-3.0,3.0,-187.5,6156.25,0.0,6.0,6902.5,-746.25,-202.5,-93.75
3479,2019-07-10,06:46:03,154.40625,154.40625,154.3125,154.34375,287,44303.59375,154.3679224738676,-0.0625,-0.0004048583051252663,154.49453439290957,154.84888476190088,-0.35435036899130523,1.0000000000000036,0.00322265625,1.0743801652892628,0.2669003066972998,0.0032226562499999877,0,3479,0.04228297962215956,0.7363729794693298,0.05676844413932786,-62.42030662697333,0.0,-20.0,-2.034757136339064,-0.4674205891246751,-3.0,0.7209859008455121,-0.015387078623817718,-3.0,-1.0,-3.0,1.0,600.0,-62.5,0,0,-3.0,-3.0,187.5,6343.75,0.0,0.0,6902.5,-558.75,187.5,187.5
3480,2019-07-10,06:47:41,154.34375,154.34375,154.21875,154.21875,288,44434.6875,154.287109375,-0.125,-0.0008102086730428226,154.43324897226302,154.82949599999625,-0.3962470277332386,1.0000000000000036,0.00322265625,1.0743801652892628,0.2669003066972998,0.0032226562499999877,0,3480,0.01982456526062857,0.7209859008455121,0.05676844413932786,-69.80057913173066,0.0,-20.0,-2.034757136339064,-0.4674205891246751,-3.0,0.7094775811970351,-0.011508319648476983,-3.0,-1.0,-3.0,0.0,600.0,-187.5,0,0,-3.0,-3.0,375.0,6718.75,0.0,0.0,6902.5,-183.75,375.0,375.0
3481,2019-07-10,06:49:48,154.21875,154.3125,154.1875,154.25,288,44425.3125,154.25455729166666,0.03125,0.00020261371764185299,154.3925269784268,154.81166535384256,-0.4191383754157698,1.0000000000000007,0.005566406250000001,-1.1172668513388746,-0.20575279705556937,0.005566406249999998,-1,3481,0.0033584571616618224,0.7094775811970351,0.07460835241445825,-56.17847893053668,0.0,-20.0,-2.034757136339064,-0.4674205891246751,-3.0,0.7138639464057811,0.004386365208746024,3.0,-1.0,-3.0,0.0,600.0,-156.25,0,0,3.0,-3.0,-93.75,6625.0,0.0,6.0,6917.5,-292.5,-108.75,375.0
3482,2019-07-10,06:54:59,154.25,154.25,154.1875,154.21875,288,44416.75,154.22482638888889,-0.03125,-0.00020261371764185299,154.35390987210974,154.79342180449356,-0.439511932383823,1.0,0.005175781249999999,0.2741189035243856,-0.6064819993295691,0.00517578125,0,3482,0.009602176657209431,0.7138639464057811,0.07194290270763336,-61.09177081302135,0.0,-20.0,-2.034757136339064,-0.4674205891246751,-3.0,0.7469423546567601,0.03307840825097896,3.0,-1.0,3.0,1.0,601.0,-31.25,0,0,3.0,3.0,-93.75,6531.25,0.0,0.0,6917.5,-386.25,-93.75,-93.75
3483,2019-07-10,07:00:10,154.21875,154.3125,154.1875,154.28125,288,44418.53125,154.23101128472223,0.0625,0.0004051863912808429,154.33776323386314,154.77766267204763,-0.43989943818448296,0.9999999999999983,0.00263671875,-1.6872427983539093,0.5184205276797869,0.0026367187500000045,-1,3483,0.05802062361314671,0.7469423546567601,0.05134898976610937,-85.66856722755219,0.0,-20.0,-2.034757136339064,-0.4674205891246751,-3.0,0.771461999808799,0.02451964515203897,3.0,-1.0,3.0,0.0,601.0,31.25,0,0,3.0,3.0,187.5,6718.75,0.0,0.0,6917.5,-198.75,187.5,187.5
3484,2019-07-10,07:03:09,154.28125,154.28125,154.1875,154.25,288,44420.90625,154.2392578125,-0.03125,-0.0002025726736389899,154.31826029300467,154.7614268975231,-0.4431666045184386,0.9999999999999983,0.00263671875,-1.6872427983539093,0.5184205276797869,0.0026367187500000045,0,3484,0.09559136244729381,0.771461999808799,0.05134898976610937,-86.30483414318915,0.0,-20.0,-2.034757136339064,-0.4674205891246751,-3.0,0.7821048191826945,0.01064281937389544,3.0,-1.0,3.0,0.0,601.0,0.0,0,0,3.0,3.0,-93.75,6625.0,0.0,0.0,6917.5,-292.5,-93.75,187.5
3485,2019-07-10,07:06:53,154.25,154.28125,154.1875,154.1875,288,44421.34375,154.24077690972223,-0.0625,-0.00040526849592215086,154.28920245011474,154.7437676083686,-0.4545651582538426,0.9999999999999971,0.00244140625,-1.2000000000000004,0.0,0.002441406250000007,0,3485,0.11240022664450772,0.7821048191826945,0.049410588440131,-91.99751968236981,0.0,-20.0,-2.034757136339064,-0.4674205891246751,-3.0,0.7907964868118881,0.0086916676291936,3.0,-1.0,3.0,0.0,601.0,-62.5,0,0,3.0,3.0,-187.5,6437.5,0.0,0.0,6917.5,-480.0,-187.5,-93.75
3486,2019-07-10,07:11:59,154.1875,154.25,154.15625,154.21875,288,44410.75,154.20399305555554,0.03125,0.00020265477828029788,154.27354635008925,154.7276132204188,-0.45406687032954096,0.9999999999999971,0.00244140625,-1.2000000000000004,0.0,0.002441406250000007,-1,3486,0.1263722231107319,0.7907964868118881,0.049410588440131,-91.89667329700336,0.0,-20.0,-2.034757136339064,-0.4674205891246751,-3.0,0.7822903828740778,-0.008506103937810261,-3.0,-1.0,3.0,0.0,601.0,-31.25,0,0,-3.0,3.0,93.75,6531.25,0.0,6.0,6932.5,-401.25,78.75,78.75
3487,2019-07-10,07:19:36,154.21875,154.28125,154.1875,154.21875,288,44423.78125,154.24924045138889,0.0,0.0,154.26136938340275,154.71195589055978,-0.45058650715702697,0.9999999999999971,0.00244140625,-1.2000000000000004,0.0,0.002441406250000007,0,3487,0.11269617474642052,0.7822903828740778,0.049410588440131,-91.1922973155817,0.0,-20.0,-2.034757136339064,-0.4674205891246751,-3.0,0.8071724475686142,0.024882064694536354,3.0,-1.0,-3.0,1.0,602.0,0.0,0,0,3.0,-3.0,-0.0,6531.25,0.0,6.0,6947.5,-416.25,-15.0,78.75
3488,2019-07-10,07:28:59,154.21875,154.28125,154.1875,154.28125,288,44416.4375,154.22374131944446,0.0625,0.0004051863912808429,154.26578729820216,154.6987034016195,-0.432916103417341,0.9999999999999943,0.0016601562499999997,-1.4878892733564004,0.5413870509510851,0.0016601562500000093,-1,3488,0.15334086823538554,0.8071724475686142,0.040745015032516665,-106.25007821738467,0.0,-20.0,-2.034757136339064,-0.4674205891246751,-3.0,0.8426116050196959,0.035439157451081726,3.0,-1.0,3.0,1.0,603.0,62.5,0,0,3.0,3.0,187.5,6718.75,0.0,0.0,6947.5,-228.75,187.5,187.5
3489,2019-07-10,07:37:24,154.25,154.25,154.15625,154.25,288,44409.375,154.19921875,-0.03125,-0.0002025726736389899,154.26227900971278,154.68489714310815,-0.4226181333953605,0.9999999999999971,0.0016601562499999997,2.6643598615916986,1.7143923280117699,0.0016601562500000045,0,3489,0.2150239934121536,0.8426116050196959,0.04074501503251661,-103.72265982920598,0.0,-20.0,-2.034757136339064,-0.4674205891246751,-3.0,0.8910363255633659,0.048424720543669975,3.0,-1.0,3.0,0.0,603.0,31.25,0,0,3.0,3.0,-93.75,6625.0,0.0,0.0,6947.5,-322.5,-93.75,187.5
3490,2019-07-10,07:56:59,154.25,154.28125,154.1875,154.21875,288,44419.71875,154.23513454861111,-0.03125,-0.00020261371764185299,154.2526058964433,154.67055415408947,-0.4179482576461737,1.0000000000000009,0.00439453125,2.0000000000000013,-3.876771502922902e-16,0.004394531249999995,0,3490,0.3090794280945287,0.8910363255633659,0.0662912607362388,-63.0472633955652,0.0,-20.0,-2.034757136339064,-0.4674205891246751,-3.0,0.9339173031873019,0.042880977623936056,3.0,-1.0,3.0,0.0,603.0,0.0,0,0,3.0,3.0,-93.75,6531.25,0.0,0.0,6947.5,-416.25,-93.75,-93.75
3491,2019-07-10,08:04:08,154.21875,154.25,154.15625,154.1875,288,44405.78125,154.18674045138889,-0.03125,-0.00020265477828029788,154.2381379194559,154.65569094934827,-0.41755302989236043,1.0000000000000064,0.0017578124999999994,5.000000000000031,-2.23606797749979,0.0017578124999999877,0,3491,0.40759627730857756,0.9339173031873019,0.04192627457812091,-99.59220896536777,0.0,-20.0,-2.034757136339064,-0.4674205891246751,-3.0,0.9626639428877207,0.028746639700418797,3.0,-1.0,3.0,0.0,603.0,-31.25,0,0,3.0,3.0,-93.75,6437.5,0.0,0.0,6947.5,-510.0,-93.75,-93.75
3492,2019-07-10,08:10:44,154.1875,154.1875,154.0625,154.0625,288,44385.53125,154.11642795138889,-0.125,-0.0008110300525654424,154.19910727068796,154.63743892013758,-0.4383316494496228,1.0000000000000027,0.003125,2.36328125,-0.8210562104882039,0.0031249999999999924,0,3492,0.4892928625369496,0.9626639428877207,0.05590169943749467,-78.41114918871727,0.0,-20.0,-2.034757136339064,-0.4674205891246751,-3.0,0.9598697139118026,-0.0027942289759180783,-3.0,-1.0,3.0,0.0,603.0,-156.25,0,0,-3.0,3.0,-375.0,6062.5,0.0,6.0,6962.5,-900.0,-390.0,-93.75
3493,2019-07-10,08:22:30,154.0625,154.09375,154.03125,154.03125,289,44524.78125,154.06498702422147,-0.03125,-0.00020286033135885617,154.16180565497956,154.61878695336412,-0.45698129838456225,1.000000000000003,0.003710937499999999,-0.8171745152354504,0.08099829095409124,0.0037109374999999877,0,3493,0.48042489680516254,0.9598697139118026,0.060917464655055924,-75.01646711205248,0.0,-20.0,-2.034757136339064,-0.4674205891246751,-3.0,0.969171829809805,0.009302115898002339,3.0,-1.0,-3.0,1.0,604.0,-31.25,0,0,3.0,-3.0,93.75,6156.25,0.0,6.0,6977.5,-821.25,78.75,78.75
3494,2019-07-10,08:30:45,154.03125,154.0625,154.03125,154.0625,288,44366.25,154.04947916666666,0.03125,0.00020286033135885617,154.13973773165077,154.60167043172217,-0.46193270007140086,1.0000000000000009,0.00634765625,-2.2603550295857993,0.0,0.006347656249999995,-1,3494,0.5110869003542768,0.969171829809805,0.07967217989988723,-57.97917173244744,0.0,-20.0,-2.034757136339064,-0.4674205891246751,-3.0,0.959166005131381,-0.010005824678424036,-3.0,-1.0,3.0,1.0,605.0,31.25,0,0,-3.0,3.0,93.75,6250.0,0.0,6.0,6992.5,-742.5,78.75,78.75
3495,2019-07-10,08:40:29,154.0625,154.09375,153.96875,153.96875,288,44366.0625,154.048828125,-0.09375,-0.0006087044927731711,154.10174045795063,154.58219595689997,-0.4804554989493397,1.0000000000000002,0.00419921875,-1.963223363980531,0.23551393640880577,0.00419921875,0,3495,0.47823206826291526,0.959166005131381,0.06480137922914912,-74.14278903699939,0.0,-20.0,-2.034757136339064,-0.4674205891246751,-3.0,0.9420791348758606,-0.01708687025552036,-3.0,-1.0,-3.0,1.0,606.0,-93.75,0,0,-3.0,-3.0,281.25,6531.25,0.0,0.0,6992.5,-461.25,281.25,281.25
3496,2019-07-10,08:47:22,153.96875,154.03125,153.9375,154.03125,289,44501.78125,153.98540224913495,0.0625,0.0004058441614143149,154.08607591173939,154.56524377361075,-0.4791678618713604,0.999999999999999,0.004589843749999999,-2.3675871435038487,-0.5594072218898559,0.0045898437500000045,-1,3496,0.42899352535869273,0.9420791348758606,0.06774838558962128,-70.72756903372861,0.0,-20.0,-2.034757136339064,-0.4674205891246751,-3.0,0.9127444975116997,-0.029334637364160865,-3.0,-1.0,-3.0,0.0,606.0,-31.25,0,0,-3.0,-3.0,-187.5,6343.75,0.0,0.0,6992.5,-648.75,-187.5,281.25
3497,2019-07-10,08:54:33,154.03125,154.03125,153.96875,153.96875,288,44356.59375,154.01595052083334,-0.0625,-0.0004058441614143149,154.06000348690844,154.54689011903812,-0.4868866321296821,1.0000000000000004,0.00458984375,-2.367587143503846,0.5594072218898565,0.004589843749999998,0,3497,0.356532866076634,0.9127444975116997,0.06774838558962124,-71.86689806587377,0.0,-20.0,-2.034757136339064,-0.4674205891246751,-3.0,0.8678882714135174,-0.044856226098182295,-3.0,-1.0,-3.0,0.0,606.0,-93.75,0,0,-3.0,-3.0,187.5,6531.25,0.0,0.0,6992.5,-461.25,187.5,187.5
3498,2019-07-10,09:04:30,153.96875,154.03125,153.96875,154.0,289,44505.96875,153.99989186851212,0.03125,0.00020294266939302474,154.04666937870658,154.53006273076005,-0.48339335205346856,0.999999999999998,0.005175781250000001,-2.716269134923461,-0.19669686464742786,0.005175781250000012,-1,3498,0.26242770832334733,0.8678882714135174,0.07194290270763344,-67.19124942983132,0.0,-20.0,-2.034757136339064,-0.4674205891246751,-3.0,0.8026295354417372,-0.06525873597178022,-3.0,-1.0,-3.0,0.0,606.0,-62.5,0,0,-3.0,-3.0,-93.75,6437.5,0.0,0.0,6992.5,-555.0,-93.75,187.5
3499,2019-07-10,09:09:12,154.0,154.0,153.90625,153.9375,288,44335.6875,153.943359375,-0.0625,-0.00040592653287241376,154.0224095167718,154.51183003135208,-0.48942051458027436,0.9999999999999978,0.004589843749999999,-1.8243549117247622,0.0686991325127893,0.00458984375000001,0,3499,0.14577125277525785,0.8026295354417372,0.06774838558962132,-72.24091176797738,0.0,-20.0,-2.034757136339064,-0.4674205891246751,-3.0,0.6792291260268277,-0.12340040941490948,-3.0,-1.0,-3.0,0.0,606.0,-125.0,0,0,-3.0,-3.0,187.5,6625.0,0.0,0.0,6992.5,-367.5,187.5,187.5
3500,2019-07-10,09:20:20,153.9375,154.03125,153.90625,154.03125,289,44502.0,153.98615916955018,0.09375,0.0006088280248937039,154.02437406860028,154.49704295346433,-0.47266888486404923,0.9999999999999978,0.004589843749999999,-1.8243549117247622,0.0686991325127893,0.00458984375000001,-1,3500,-0.03867673324657151,0.6792291260268277,0.06774838558962132,-69.7682875762075,0.0,-20.0,-2.034757136339064,-0.4674205891246751,-3.0,0.6375506269514227,-0.041678499075404996,-3.0,-1.0,-3.0,0.0,606.0,-31.25,0,0,-3.0,-3.0,-281.25,6343.75,0.0,0.0,6992.5,-648.75,-281.25,187.5
3501,2019-07-10,09:29:00,154.03125,154.0625,154.0,154.0625,288,44362.84375,154.03765190972223,0.03125,0.00020286033135885617,154.03284649780022,154.4836724010501,-0.45082590324986427,0.9999999999999978,0.004589843749999999,-1.8243549117247622,0.0686991325127893,0.00458984375000001,-1,3501,-0.09394467598309612,0.6375506269514227,0.06774838558962132,-66.54415442172962,0.0,-20.0,-2.034757136339064,-0.4674205891246751,-3.0,0.7145300290034114,0.07697940205198872,3.0,-1.0,-3.0,0.0,606.0,0.0,0,0,3.0,-3.0,-93.75,6250.0,0.0,6.0,7007.5,-757.5,-108.75,-108.75
3502,2019-07-10,09:39:52,154.0625,154.0625,154.0,154.0,288,44361.40625,154.03266059027777,-0.0625,-0.0004057618233801463,154.02554727606685,154.4687901733255,-0.4432428972586422,0.9999999999999956,0.0032226562500000003,1.0743801652892546,-0.2669003066972995,0.0032226562500000146,0,3502,0.010553750110988193,0.7145300290034114,0.0567684441393281,-78.07909904502243,0.0,-20.0,-2.034757136339064,-0.4674205891246751,-3.0,0.8383032435042422,0.12377321450083079,3.0,-1.0,3.0,1.0,607.0,-62.5,0,0,3.0,3.0,-187.5,6062.5,0.0,0.0,7007.5,-945.0,-187.5,-108.75
3503,2019-07-10,09:46:45,154.0,154.03125,153.9375,154.03125,289,44505.375,153.99783737024222,0.03125,0.00020290149202129015,154.026814548052,154.45532739876163,-0.4285128507096374,0.999999999999994,0.0016601562499999997,2.6643598615916986,-1.7143923280117699,0.0016601562500000097,-1,3503,0.20725228734938836,0.8383032435042422,0.04074501503251667,-105.16939320495072,0.0,-20.0,-2.034757136339064,-0.4674205891246751,-3.0,0.9130691247296217,0.07476588122537942,3.0,-1.0,3.0,0.0,607.0,-31.25,0,0,3.0,3.0,93.75,6156.25,0.0,0.0,7007.5,-851.25,93.75,93.75
3504,2019-07-10,09:59:02,154.03125,154.0625,154.03125,154.03125,288,44362.0,154.03472222222223,0.0,0.0,154.02780020404043,154.44227886341514,-0.4144786593747085,0.9999999999999946,0.00224609375,1.4555765595463157,-1.118079933149378,0.002246093750000012,0,3504,0.3572758142149286,0.9130691247296217,0.04739297152532232,-87.45572308190262,0.0,-20.0,-2.034757136339064,-0.4674205891246751,-3.0,0.9857656206286474,0.07269649589902571,3.0,-1.0,3.0,0.0,607.0,-31.25,0,0,3.0,3.0,0.0,6156.25,0.0,0.0,7007.5,-851.25,0.0,93.75
3505,2019-07-10,10:11:14,154.03125,154.09375,154.03125,154.0625,288,44374.40625,154.07779947916666,0.03125,0.00020286033135885617,154.03551126980923,154.43059335992544,-0.39508209011620465,0.9999999999999609,0.0004882812499999999,1.9999999999999691,2.6168207644729593e-15,0.0004882812500000189,-1,3505,0.5781589633743758,0.9857656206286474,0.02209708691208004,-178.79374402977123,0.0,-20.0,-2.034757136339064,-0.4674205891246751,-3.0,0.9986822321989793,0.01291661157033197,3.0,-1.0,3.0,0.0,607.0,0.0,0,0,3.0,3.0,93.75,6250.0,0.0,0.0,7007.5,-757.5,93.75,93.75
3506,2019-07-10,10:30:32,154.0625,154.125,154.03125,154.125,289,44529.40625,154.08099048442907,0.0625,0.0004055972474983349,154.0553976542961,154.42119048731237,-0.36579283301628607,0.9999999999999757,0.0006835937499999997,-0.6122448979591795,0.5122408325718838,0.0006835937500000164,-1,3506,0.7424640891956071,0.9986822321989793,0.026145625829190174,-139.9059389153723,0.0,-20.0,-2.034757136339064,-0.4674205891246751,-3.0,0.9839322575728972,-0.014749974626082185,-3.0,-1.0,3.0,0.0,607.0,62.5,0,0,-3.0,3.0,187.5,6437.5,0.0,6.0,7022.5,-585.0,172.5,172.5
3507,2019-07-10,10:53:05,154.125,154.15625,154.09375,154.15625,288,44384.84375,154.11404079861111,0.03125,0.0002027369495039011,154.07780928667475,154.41303847231816,-0.33522918564341353,0.9999999999999885,0.00224609375,1.4555765595463097,1.118079933149378,0.002246093750000026,-1,3507,0.8219935626516967,0.9839322575728972,0.047392971525322465,-70.73394532020382,0.0,-20.0,-2.034757136339064,-0.4674205891246751,-3.0,0.905075496670605,-0.0788567609022921,-3.0,-1.0,-3.0,1.0,608.0,31.25,0,0,-3.0,-3.0,-93.75,6343.75,0.0,0.0,7022.5,-678.75,-93.75,172.5
3508,2019-07-10,11:08:46,154.15625,154.25,154.15625,154.15625,288,44407.28125,154.19194878472223,0.0,0.0,154.0952405563026,154.40513728855453,-0.3098967322519286,0.9999999999999974,0.006542968749999999,0.7952773446201853,-0.5016571985664501,0.006542968750000016,0,3508,0.9406828307233543,0.905075496670605,0.080888619409655,-38.311536840859816,0.0,-20.0,-2.034757136339064,-0.4674205891246751,-3.0,0.7483684384578094,-0.15670705821279562,3.0,-1.0,-3.0,0.0,608.0,31.25,0,0,3.0,-3.0,-0.0,6343.75,0.0,6.0,7037.5,-693.75,-15.0,-15.0
3509,2019-07-10,11:21:24,154.15625,154.28125,154.15625,154.28125,288,44423.5,154.24826388888889,0.125,0.0008105370251243471,154.13657598823536,154.40132537198363,-0.26474938374826706,0.9999999999999981,0.00615234375,1.5041572184429317,0.19604278777442416,0.006152343750000011,-1,3509,0.9981884872266179,0.7483684384578094,0.07843687748756965,-33.75317736102173,0.0,-20.0,-2.034757136339064,-0.4674205891246751,-3.0,0.5234537305056811,-0.2249147079521283,-3.0,1.0,3.0,1.0,609.0,125.0,0,0,-3.0,3.0,375.0,6718.75,0.0,6.0,7052.5,-333.75,360.0,360.0
3510,2019-07-10,11:41:55,154.28125,154.3125,154.1875,154.1875,288,44422.09375,154.24338107638889,-0.09375,-0.0006078411695611408,154.14789243529418,154.39474612976878,-0.24685369447459493,0.9999999999999981,0.00615234375,1.5041572184429317,0.19604278777442416,0.006152343750000011,0,3510,0.9726309156431517,0.5234537305056811,0.07843687748756965,-31.47163711529889,0.0,-20.0,-2.034757136339064,-0.4674205891246751,-3.0,0.4091771624600886,-0.1142765680455925,-3.0,1.0,-3.0,1.0,610.0,-93.75,0,0,-3.0,-3.0,281.25,7000.0,0.0,0.0,7052.5,-52.5,281.25,360.0
3511,2019-07-10,11:52:57,154.1875,154.25,154.1875,154.1875,288,44416.90625,154.22536892361111,0.0,0.0,154.15669411633993,154.3883693257759,-0.23167520943596287,0.9999999999999987,0.00654296875,0.7952773446201805,0.5016571985664497,0.006542968750000009,0,3511,0.9345350343564535,0.4091771624600886,0.08088861940965496,-28.641261419317768,0.0,-20.0,-2.034757136339064,-0.4674205891246751,-3.0,0.30361693770783466,-0.10556022475225396,-3.0,1.0,-3.0,0.0,610.0,-93.75,0,0,-3.0,-3.0,-0.0,7000.0,0.0,0.0,7052.5,-52.5,-0.0,281.25
3512,2019-07-10,12:04:03,154.1875,154.21875,154.15625,154.21875,288,44407.15625,154.19151475694446,0.03125,0.00020265477828029788,154.17048431270885,154.38315026959822,-0.21266595688936718,1.0000000000000024,0.004199218750000001,-1.963223363980531,-0.23551393640880605,0.00419921874999999,-1,3512,0.8884168234026397,0.30361693770783466,0.06480137922914905,-32.81812199356792,0.0,-20.0,-2.034757136339064,-0.4674205891246751,-3.0,0.20487717567604583,-0.09873976203178883,-3.0,1.0,-3.0,0.0,610.0,-62.5,0,0,-3.0,-3.0,-93.75,6906.25,0.0,0.0,7052.5,-146.25,-93.75,-0.0
3513,2019-07-10,12:18:46,154.21875,154.28125,154.15625,154.1875,288,44419.375,154.23394097222223,-0.03125,-0.00020265477828029788,154.17426557655133,154.3771302613029,-0.2028646847515745,0.9999999999999994,0.005175781250000001,1.1285154859380562,-1.032658539398995,0.005175781250000002,0,3513,0.8369774534576877,0.20487717567604583,0.07194290270763339,-28.198012189748614,0.0,-20.0,-2.034757136339064,-0.4674205891246751,-3.0,0.25737126924963405,0.052494093573588224,-3.0,1.0,-3.0,0.0,610.0,-93.75,0,0,-3.0,-3.0,93.75,7000.0,0.0,0.0,7052.5,-52.5,93.75,93.75
3514,2019-07-10,12:22:01,154.1875,154.1875,154.0625,154.0625,288,44384.625,154.11328125,-0.125,-0.0008110300525654424,154.14942878176217,154.3674493301859,-0.21802054842373764,0.9999999999999986,0.01923828125,1.3185085933675158,0.7799828172042262,0.019238281250000024,0,3514,0.8652751578940222,0.25737126924963405,0.138702131382326,-15.718615586574806,0.0,-15.718615586574806,-1.5407816535075403,-0.4674205891246751,-2.0,-0.017212190308540255,-0.2745834595581743,-3.0,1.0,-3.0,0.0,610.0,-218.75,0,0,-3.0,-3.0,375.0,7375.0,1.0,0.0,7052.5,322.5,375.0,375.0
3515,2019-07-10,12:26:48,154.0625,154.15625,154.03125,154.125,288,44376.15625,154.08387586805554,0.0625,0.0004055972474983349,154.14400016359284,154.3599893507956,-0.2159891872027515,0.9999999999999988,0.019824218750000004,0.2225242058773572,0.32690919143823616,0.01982421875000003,-1,3515,0.6948311733923086,-0.017212190308540255,0.14079850407586023,-15.340304119025273,0.0,-15.340304119025273,-1.4971330175061826,-0.4674205891246751,-2.0,-0.26742861002570706,-0.2502164197171668,-2.0,1.0,-3.0,0.0,610.0,-156.25,0,0,-2.0,-3.0,-187.5,7187.5,0.0,1.0,7055.0,132.5,-190.0,375.0
3516,2019-07-10,12:30:08,154.125,154.375,154.09375,154.375,288,44405.84375,154.18695746527777,0.25,0.0016207458977337552,154.19533346057221,154.36045121692496,-0.16511775635274262,0.9999999999999988,0.019824218750000004,0.2225242058773572,0.32690919143823616,0.01982421875000003,-1,3516,0.4922517255805093,-0.26742861002570706,0.14079850407586023,-11.727237972910531,0.0,-11.727237972910531,-1.0802664337832288,-0.4674205891246751,-2.0,-0.4343617305442911,-0.16693312051858405,-2.0,1.0,-2.0,0.0,610.0,93.75,0,0,-2.0,-2.0,-500.0,6687.5,0.0,0.0,7055.0,-367.5,-500.0,-190.0
3517,2019-07-10,12:30:26,154.375,154.5,154.34375,154.46875,288,44475.65625,154.42936197916666,0.09375,0.0006071031249907932,154.25609269155618,154.36378348717344,-0.10769079561725903,0.9999999999999954,0.010253906249999998,2.000000000000005,0.7347778569623428,0.010253906250000045,-1,3517,0.3297781926207374,-0.4343617305442911,0.10126157341262304,-10.63491233524864,0.0,-10.63491233524864,-0.9542366190856019,-0.4674205891246751,-1.0,-0.5179033345770188,-0.08354160403272765,-2.0,1.0,-2.0,0.0,610.0,187.5,0,0,-2.0,-2.0,-187.5,6500.0,1.0,0.0,7055.0,-555.0,-187.5,-187.5
3518,2019-07-10,12:31:06,154.46875,154.5625,154.4375,154.4375,287,44340.1875,154.4954268292683,-0.03125,-0.0002023267584041477,154.29640542676592,154.36605168756813,-0.06964626080221592,0.9999999999999946,0.009960937499999996,2.116493656286044,0.4665984913967796,0.009960937500000048,0,3518,0.2386738626072932,-0.5179033345770188,0.09980449639169595,-6.978268847615839,0.0,-6.978268847615839,-0.5323421901055398,-0.4674205891246751,-1.0,-0.599829918324083,-0.08192658374706419,-1.0,1.0,-2.0,0.0,610.0,156.25,0,0,-1.0,-2.0,62.5,6562.5,0.0,1.0,7057.5,-495.0,60.0,60.0
3519,2019-07-10,12:31:31,154.4375,154.65625,154.40625,154.53125,288,44511.1875,154.552734375,0.09375,0.0006068575082576189,154.34859310970683,154.37113471256606,-0.0225416028592349,0.9999999999999895,0.003710937500000001,4.1689750692520775,-1.9439589828981871,0.0037109375000000397,-1,3519,0.14163180160107544,-0.599829918324083,0.060917464655056354,-3.700351448780111,0.0,-3.700351448780111,-0.1541442350949246,-0.4674205891246751,-1.0,-0.5666811353251981,0.033148782998884796,-1.0,1.0,-1.0,0.0,610.0,250.0,0,0,-1.0,-1.0,-93.75,6468.75,0.0,0.0,7057.5,-588.75,-93.75,60.0
3520,2019-07-10,12:32:28,154.53125,154.65625,154.5,154.625,287,44356.28125,154.55150261324042,0.09375,0.0006064894555661837,154.4100168631053,154.37894595217944,0.03107091092587666,0.9999999999999947,0.0056640625,-3.085612366230674,-0.47250014399541757,0.00566406250000003,-1,3520,0.18190749981844584,-0.5666811353251981,0.07525996611745205,4.128477931731572,4.128477931731572,0.0,0.2727931097101266,-0.01630319037982675,0.0,-0.5179564805789759,0.04872465474622223,-1.0,1.0,-1.0,0.0,610.0,343.75,0,0,-1.0,-1.0,-93.75,6375.0,1.0,0.0,7057.5,-682.5,-93.75,-93.75
3521,2019-07-10,12:33:35,154.625,154.78125,154.59375,154.75,287,44390.78125,154.67171167247386,0.125,0.0008080808520531946,154.48556867130415,154.39036299980472,0.09520567149942849,0.9999999999999895,0.003710937500000001,4.1689750692520775,-1.9439589828981871,0.0037109375000000397,-1,3521,0.23861352934367994,-0.5179564805789759,0.060917464655056354,15.62863327266298,15.62863327266298,0.0,0.2727931097101266,1.2403149261149191,2.0,-0.46642433999607213,0.051532140582903785,0.0,1.0,-1.0,0.0,610.0,468.75,0,0,0.0,-1.0,-125.0,6250.0,2.0,1.0,7060.0,-810.0,-127.5,-93.75
3522,2019-07-10,12:34:27,154.75,154.78125,154.65625,154.71875,287,44406.0,154.72473867595818,-0.03125,-0.00020195900300912228,154.53738674434769,154.40046721519536,0.13691952915232264,0.9999999999999947,0.0056640625,-3.085612366230674,-0.47250014399541757,0.00566406250000003,0,3522,0.2956673366339583,-0.46642433999607213,0.07525996611745205,18.192876799684388,18.192876799684388,0.0,0.2727931097101266,1.5205089561634304,2.0,-0.42983646230861183,0.0365878776874603,2.0,1.0,0.0,0.0,610.0,437.5,0,0,2.0,0.0,-0.0,6250.0,0.0,2.0,7065.0,-815.0,-5.0,-5.0
3523,2019-07-10,12:35:21,154.75,154.8125,154.75,154.8125,287,44426.46875,154.79605836236934,0.09375,0.000605754687882154,154.59852302338155,154.41314514703552,0.1853778763460241,0.9999999999999973,0.00712890625,-2.707825107900167,0.5779903148118288,0.007128906250000018,-1,3523,0.33451121485539376,-0.42983646230861183,0.08443285053816446,21.955657681157113,20.0,0.0,0.2727931097101266,1.7179727020810263,2.0,-0.4239024685670985,0.0059339937415133215,2.0,1.0,2.0,1.0,611.0,93.75,0,0,2.0,2.0,187.5,6437.5,0.0,0.0,7065.0,-627.5,187.5,187.5
3524,2019-07-10,12:36:36,154.8125,154.875,154.75,154.78125,287,44429.375,154.80618466898954,-0.03125,-0.00020187746106703486,154.63912901818568,154.42447145020367,0.21465756798201596,0.9999999999999972,0.0056640625,-3.0856123662306767,0.4725001439954172,0.0056640625000000154,0,3524,0.34068784757941906,-0.4239024685670985,0.07525996611745195,28.522145179685282,20.0,0.0,0.2727931097101266,1.7179727020810263,2.0,-0.45284447686525187,-0.028942008298153354,2.0,1.0,2.0,0.0,611.0,62.5,0,0,2.0,2.0,-62.5,6375.0,0.0,0.0,7065.0,-690.0,-62.5,187.5
3525,2019-07-10,12:37:20,154.78125,154.78125,154.71875,154.71875,287,44408.15625,154.7322517421603,-0.0625,-0.00040387722681511917,154.65682256969998,154.4335261748128,0.22329639488717135,0.999999999999996,0.006054687500000001,-2.8043704474505744,-0.6995781251731443,0.006054687500000025,0,3525,0.31023959822581637,-0.45284447686525187,0.07781187248742974,28.696956871619324,20.0,0.0,0.2727931097101266,1.7179727020810263,2.0,-0.4867792919313656,-0.03393481506611373,2.0,1.0,2.0,0.0,611.0,0.0,0,0,2.0,2.0,-125.0,6250.0,0.0,0.0,7065.0,-815.0,-125.0,-62.5
3526,2019-07-10,12:39:37,154.71875,154.8125,154.71875,154.8125,287,44418.53125,154.76840156794424,0.09375,0.000605754687882154,154.6914175542111,154.44518690789553,0.24623064631558123,0.9999999999999964,0.005175781249999999,-2.7162691349234627,0.19669686464742817,0.005175781250000018,-1,3526,0.2734705108766534,-0.4867792919313656,0.07194290270763348,34.22584258467166,20.0,0.0,0.2727931097101266,1.7179727020810263,2.0,-0.5342446846098932,-0.04746539267852756,2.0,1.0,2.0,0.0,611.0,93.75,0,0,2.0,2.0,187.5,6437.5,0.0,0.0,7065.0,-627.5,187.5,187.5
3527,2019-07-10,12:41:02,154.8125,154.96875,154.8125,154.90625,287,44453.71875,154.891006097561,0.09375,0.0006053879712686339,154.73915809771978,154.4593734645757,0.2797846331440894,0.9999999999999947,0.00439453125,-0.9629629629629642,-0.5237828008789239,0.0043945312500000226,-1,3527,0.21997045576486707,-0.5342446846098932,0.066291260736239,42.20535709183479,20.0,0.0,0.2727931097101266,1.7179727020810263,2.0,-0.5880221640050342,-0.05377747939514099,2.0,1.0,2.0,0.0,611.0,187.5,0,0,2.0,2.0,187.5,6625.0,0.0,0.0,7065.0,-440.0,187.5,187.5
3528,2019-07-10,12:43:52,154.90625,154.96875,154.875,154.90625,287,44463.6875,154.92574041811847,0.0,0.0,154.77628963155982,154.47312351181952,0.30316611974029684,0.9999999999999827,0.0017578124999999994,-2.407407407407393,0.1656346649999839,0.0017578125000000298,0,3528,0.15614519390849796,-0.5880221640050342,0.04192627457812141,72.30933890284147,20.0,0.0,0.2727931097101266,1.7179727020810263,2.0,-0.6433467522692046,-0.055324588264170416,2.0,1.0,2.0,0.0,611.0,187.5,0,0,2.0,2.0,0.0,6625.0,0.0,0.0,7065.0,-440.0,0.0,187.5
3529,2019-07-10,12:45:39,154.90625,154.96875,154.875,154.9375,286,44306.65625,154.9183784965035,0.03125,0.00020171457456186204,154.81211415787988,154.48741201914817,0.32470213873170906,0.9999999999999903,0.0021484374999999997,0.8677685950413286,0.5516180692881066,0.0021484375000000206,-1,3529,0.08642836542857142,-0.6433467522692046,0.04635124054434812,70.05252392782008,20.0,0.0,0.2727931097101266,1.7179727020810263,2.0,-0.716368192306482,-0.0730214400372774,2.0,1.0,2.0,0.0,611.0,218.75,0,0,2.0,2.0,62.5,6687.5,0.0,0.0,7065.0,-377.5,62.5,62.5
3530,2019-07-10,12:47:10,154.9375,155.0,154.9375,154.96875,287,44473.90625,154.96134581881532,0.03125,0.00020167389399805558,154.84692212279546,154.502222418559,0.34469970423646146,0.99999999999998,0.00068359375,-0.612244897959183,-0.5122408325718831,0.0006835937500000136,-1,3530,-0.013184532944526926,-0.716368192306482,0.02614562582919012,131.83838340240592,20.0,0.0,0.2727931097101266,1.7179727020810263,2.0,-0.7455060890792967,-0.029137896772814753,2.0,1.0,2.0,0.0,611.0,250.0,0,0,2.0,2.0,62.5,6750.0,0.0,0.0,7065.0,-315.0,62.5,62.5
3531,2019-07-10,12:48:48,154.96875,155.03125,154.9375,154.9375,287,44476.53125,154.97049216027875,-0.03125,-0.00020167389399805558,154.86705053995203,154.51561557491104,0.35143496504099403,0.9999999999999903,0.0021484374999999997,0.8677685950413286,0.5516180692881066,0.0021484375000000206,0,3531,-0.05586657886706507,-0.7455060890792967,0.04635124054434812,75.81996963053163,20.0,0.0,0.2727931097101266,1.7179727020810263,2.0,-0.7941963941357087,-0.04869030505641203,2.0,1.0,2.0,0.0,611.0,218.75,0,0,2.0,2.0,-62.5,6687.5,0.0,0.0,7065.0,-377.5,-62.5,62.5
3532,2019-07-10,12:50:11,154.9375,155.0,154.9375,154.9375,286,44320.59375,154.96711101398603,0.0,0.0,154.88270597551826,154.52859663414455,0.3541093413737144,0.9999999999999903,0.0021484374999999997,0.8677685950413286,0.5516180692881066,0.0021484375000000206,0,3532,-0.13190032772542865,-0.7941963941357087,0.04635124054434812,76.39695016035402,20.0,0.0,0.2727931097101266,1.7179727020810263,2.0,-0.8123338803929724,-0.018137486257263635,2.0,1.0,2.0,0.0,611.0,218.75,0,0,2.0,2.0,0.0,6687.5,0.0,0.0,7065.0,-377.5,0.0,0.0
3533,2019-07-10,12:51:25,154.9375,155.03125,154.90625,155.03125,287,44464.28125,154.92780923344947,0.09375,0.0006048997059133754,154.91571575873644,154.5440628915555,0.37165286718092716,0.9999999999999906,0.00244140625,-1.1999999999999993,0.0,0.002441406250000023,-1,3533,-0.16202731801084433,-0.8123338803929724,0.04941058844013116,75.21725179032104,20.0,0.0,0.2727931097101266,1.7179727020810263,2.0,-0.8532972540776625,-0.04096337368469016,2.0,1.0,2.0,0.0,611.0,312.5,0,0,2.0,2.0,187.5,6875.0,0.0,0.0,7065.0,-190.0,187.5,187.5
3534,2019-07-10,12:52:25,155.03125,155.0625,155.0,155.0625,286,44343.53125,155.04731206293707,0.03125,0.00020155195069726517,154.94833447901723,154.5600148025846,0.3883196764326442,0.9999999999999784,0.0012695312500000003,-0.17751479289942415,0.4047960089109369,0.0012695312500000278,-1,3534,-0.234669280309585,-0.8532972540776625,0.03563048203434845,108.98524360638645,20.0,0.0,0.2727931097101266,1.7179727020810263,2.0,-0.8599895806068797,-0.006692326529217141,2.0,1.0,2.0,0.0,611.0,343.75,0,0,2.0,2.0,62.5,6937.5,0.0,0.0,7065.0,-127.5,62.5,187.5
3535,2019-07-10,12:52:56,155.0625,155.125,155.0625,155.125,287,44510.34375,155.08830574912892,0.0625,0.00040298207275135667,154.9875934836801,154.57739896250507,0.41019452117501487,0.9999999999999609,0.0007812499999999996,0.31250000000000827,1.2577882373436324,0.0007812500000000302,-1,3535,-0.2472596767552608,-0.8599895806068797,0.02795084971874791,146.7556533352468,20.0,0.0,0.2727931097101266,1.7179727020810263,2.0,-0.88445979973708,-0.02447021913020031,2.0,1.0,2.0,0.0,611.0,406.25,0,0,2.0,2.0,125.0,7062.5,0.0,0.0,7065.0,-2.5,125.0,125.0
3536,2019-07-10,12:53:47,155.125,155.15625,155.09375,155.15625,286,44366.0625,155.12609265734267,0.03125,0.00020143015477547266,155.02507270952898,154.5952097636588,0.4298629458701839,0.9999999999999977,0.005566406249999999,4.422899353647277,-2.042831342194585,0.005566406250000013,-1,3536,-0.29545990301922787,-0.88445979973708,0.07460835241445835,57.615927970402524,20.0,0.0,0.2727931097101266,1.7179727020810263,2.0,-0.8822886641909801,0.0021711355460999338,2.0,1.0,2.0,0.0,611.0,437.5,0,0,2.0,2.0,62.5,7125.0,0.0,0.0,7065.0,60.0,62.5,125.0
3537,2019-07-10,12:55:48,155.15625,155.25,155.125,155.1875,286,44389.78125,155.20902534965035,0.03125,0.00020138958883908487,155.061167662967,154.61343407862316,0.4477335843438368,0.9999999999999977,0.005566406249999999,4.422899353647277,-2.042831342194585,0.005566406250000013,-1,3537,-0.2910309590553069,-0.8822886641909801,0.07460835241445835,60.01118773627691,20.0,0.0,0.2727931097101266,1.7179727020810263,2.0,-0.8636165935031618,0.018672070687818287,2.0,1.0,2.0,0.0,611.0,468.75,0,0,2.0,2.0,62.5,7187.5,0.0,0.0,7065.0,122.5,62.5,62.5
3538,2019-07-10,12:57:12,155.1875,155.1875,155.03125,155.0625,287,44521.75,155.1280487804878,-0.125,-0.0008058018163659142,155.06146373786325,154.62725149158862,0.43421224627462607,0.9999999999999981,0.004589843749999999,4.151199637845177,-2.031531490021056,0.004589843750000008,0,3538,-0.2541818571126909,-0.8636165935031618,0.0677483855896213,64.09189569546659,20.0,0.0,0.2727931097101266,1.7179727020810263,2.0,-0.8475535934423161,0.01606300006084571,2.0,1.0,2.0,0.0,611.0,343.75,0,0,2.0,2.0,-250.0,6937.5,0.0,0.0,7065.0,-127.5,-250.0,62.5
3539,2019-07-10,12:59:52,155.0625,155.09375,155.0625,155.09375,286,44353.59375,155.08249562937064,0.03125,0.00020151133569434876,155.06863846278253,154.64160529184747,0.42703317093506143,0.9999999999999992,0.00419921875,1.9307733910221725,-1.446728466511237,0.004199218750000003,-1,3539,-0.22404238530882872,-0.8475535934423161,0.06480137922914915,65.89877808387327,20.0,0.0,0.2727931097101266,1.7179727020810263,2.0,-0.8389515390663056,0.00860205437601047,2.0,1.0,2.0,0.0,611.0,375.0,0,0,2.0,2.0,62.5,7000.0,0.0,0.0,7065.0,-65.0,62.5,62.5
3540,2019-07-10,13:03:09,155.09375,155.125,155.03125,155.09375,286,44350.8125,155.072770979021,0.0,0.0,155.07421880438642,154.65551743671372,0.4187013676726963,0.9999999999999991,0.005175781250000001,1.1285154859380562,-1.032658539398995,0.005175781250000006,0,3540,-0.20841647541578395,-0.8389515390663056,0.0719429027076334,58.19912067966512,20.0,0.0,0.2727931097101266,1.7179727020810263,2.0,-0.8229183424624386,0.01603319660386704,2.0,1.0,2.0,0.0,611.0,375.0,0,0,2.0,2.0,0.0,7000.0,0.0,0.0,7065.0,-65.0,0.0,62.5
3541,2019-07-10,13:06:03,155.09375,155.15625,155.0625,155.0625,287,44518.375,155.11628919860627,-0.03125,-0.00020151133569434876,155.07161462563388,154.66803997712253,0.40357464851135205,0.9999999999999855,0.00126953125,-0.1775147928994123,-0.4047960089109363,0.0012695312500000185,0,3541,-0.18014159044961592,-0.8229183424624386,0.03563048203434832,113.2666821970862,20.0,0.0,0.2727931097101266,1.7179727020810263,2.0,-0.8337370632983503,-0.010818720835911733,2.0,1.0,2.0,0.0,611.0,343.75,0,0,2.0,2.0,-62.5,6937.5,0.0,0.0,7065.0,-127.5,-62.5,0.0
3542,2019-07-10,13:09:05,155.0625,155.125,155.03125,155.125,286,44353.8125,155.08326048951048,0.0625,0.00040298207275135667,155.0834780421597,154.68210028551877,0.401377756640926,0.9999999999999917,0.0016601562499999997,-1.4878892733564004,0.5413870509510851,0.0016601562500000136,-1,3542,-0.19910387035880625,-0.8337370632983503,0.04074501503251672,98.50965972662053,20.0,0.0,0.2727931097101266,1.7179727020810263,2.0,-0.8456204968082843,-0.011883433509934038,2.0,1.0,2.0,0.0,611.0,406.25,0,0,2.0,2.0,125.0,7062.5,0.0,0.0,7065.0,-2.5,125.0,125.0
3543,2019-07-10,13:12:27,155.125,155.15625,155.0,155.15625,287,44508.59375,155.08220818815332,0.03125,0.00020143015477547266,155.09964958834644,154.69668950750284,0.4029600808435987,0.9999999999999917,0.0016601562499999997,-1.4878892733564004,0.5413870509510851,0.0016601562500000136,-1,3543,-0.2205012930273909,-0.8456204968082843,0.04074501503251672,98.89800765124636,20.0,0.0,0.2727931097101266,1.7179727020810263,2.0,-0.8557868027412482,-0.01016630593296386,2.0,1.0,2.0,0.0,611.0,437.5,0,0,2.0,2.0,62.5,7125.0,0.0,0.0,7065.0,60.0,62.5,125.0
3544,2019-07-10,13:15:35,155.15625,155.15625,155.09375,155.125,286,44366.09375,155.12620192307693,-0.03125,-0.00020143015477547266,155.10528301315836,154.70986829188737,0.3954147212709813,0.9999999999999873,0.00126953125,-0.17751479289940755,0.4047960089109363,0.001269531250000016,0,3544,-0.2393260439186791,-0.8557868027412482,0.035630482034348286,110.97652871768503,20.0,0.0,0.2727931097101266,1.7179727020810263,2.0,-0.855844812628197,-5.80098869488177e-05,2.0,1.0,2.0,0.0,611.0,406.25,0,0,2.0,2.0,-62.5,7062.5,0.0,0.0,7065.0,-2.5,-62.5,62.5
3545,2019-07-10,13:19:01,155.125,155.15625,155.0625,155.125,286,44360.8125,155.10773601398603,0.0,0.0,155.10966456578987,154.72264157521394,0.3870229905759288,0.9999999999999769,0.00048828125,2.0,0.0,0.0004882812500000113,0,3545,-0.239434927355408,-0.855844812628197,0.022097086912079865,175.1466119112534,20.0,0.0,0.2727931097101266,1.7179727020810263,2.0,-0.8655425525438206,-0.009697739915623615,2.0,1.0,2.0,0.0,611.0,406.25,0,0,2.0,2.0,0.0,7062.5,0.0,0.0,7065.0,-2.5,0.0,0.0
3546,2019-07-10,13:22:09,155.125,155.21875,155.09375,155.125,287,44529.0,155.15331010452962,0.0,0.0,155.1130724400588,154.73502183443816,0.3780506056206434,0.9999999999999988,0.0016601562499999997,2.664359861591702,-1.714392328011769,0.0016601562500000015,0,3546,-0.25788690646938556,-0.8655425525438206,0.040745015032516575,92.78450512754505,20.0,0.0,0.2727931097101266,1.7179727020810263,2.0,-0.8861654461424852,-0.020622893598664538,2.0,1.0,2.0,0.0,611.0,406.25,0,0,2.0,2.0,0.0,7062.5,0.0,0.0,7065.0,-2.5,0.0,0.0
3547,2019-07-10,13:25:55,155.125,155.125,155.03125,155.125,286,44354.90625,155.0870847902098,0.0,0.0,155.11572300893465,154.74702116260931,0.36870184632533665,0.9999999999999976,0.0017578124999999998,4.999999999999997,-2.2360679774997907,0.001757812500000004,0,3547,-0.29896225556780215,-0.8861654461424852,0.041926274578121106,87.94052179340083,20.0,0.0,0.2727931097101266,1.7179727020810263,2.0,-0.9187141096267368,-0.03254866348425167,2.0,1.0,2.0,0.0,611.0,406.25,0,0,2.0,2.0,0.0,7062.5,0.0,0.0,7065.0,-2.5,0.0,0.0
3548,2019-07-10,13:27:46,155.125,155.1875,155.0,155.03125,286,44357.71875,155.0969187062937,-0.09375,-0.0006045340234486218,155.09695122917142,154.7557666652983,0.3411845638731279,0.9999999999999988,0.0016601562499999997,2.664359861591702,-1.714392328011769,0.0016601562500000015,0,3548,-0.3703760585757385,-0.9187141096267368,0.040745015032516575,83.73651687227147,20.0,0.0,0.2727931097101266,1.7179727020810263,2.0,-0.9601814060302364,-0.041467296403499554,2.0,1.0,2.0,0.0,611.0,312.5,0,0,2.0,2.0,-187.5,6875.0,0.0,0.0,7065.0,-190.0,-187.5,0.0
3549,2019-07-10,13:30:33,155.03125,155.0625,155.0,155.03125,287,44497.5,155.04355400696863,0.0,0.0,155.08235095602225,154.76424307559682,0.3181078804254298,0.9999999999999988,0.0016601562499999997,2.664359861591702,-1.714392328011769,0.0016601562500000015,0,3549,-0.4814012104632754,-0.9601814060302364,0.040745015032516575,78.0728342280801,20.0,0.0,0.2727931097101266,1.7179727020810263,2.0,-0.9827007219832069,-0.02251931595297052,2.0,1.0,2.0,0.0,611.0,312.5,0,0,2.0,2.0,0.0,6875.0,0.0,0.0,7065.0,-190.0,0.0,0.0
3550,2019-07-10,13:33:00,155.03125,155.09375,155.0,155.0,286,44343.09375,155.04578234265733,-0.03125,-0.0002015925820755271,155.06405074357286,154.77149713480927,0.2925536087635976,1.0000000000000027,0.00322265625,-2.231404958677679,-0.5671631517317608,0.003222656249999991,0,3550,-0.5639176893223143,-0.9827007219832069,0.05676844413932789,51.53454761690802,20.0,0.0,0.2727931097101266,1.7179727020810263,2.0,-0.9930983540304262,-0.01039763204721933,2.0,1.0,2.0,0.0,611.0,281.25,0,0,2.0,2.0,-62.5,6812.5,0.0,0.0,7065.0,-252.5,-62.5,0.0
3551,2019-07-10,13:35:28,155.0,155.0,154.9375,155.0,287,44475.34375,154.96635452961672,0.0,0.0,155.04981724500112,154.77852799219977,0.27128925280135263,1.0000000000000027,0.00322265625,-2.231404958677679,-0.5671631517317608,0.003222656249999991,0,3551,-0.6192938993200634,-0.9930983540304262,0.05676844413932789,47.78874195239915,20.0,0.0,0.2727931097101266,1.7179727020810263,2.0,-0.9984194832140655,-0.0053211291836392505,2.0,1.0,2.0,0.0,611.0,281.25,0,0,2.0,2.0,0.0,6812.5,0.0,0.0,7065.0,-252.5,0.0,0.0
3552,2019-07-10,13:38:34,155.0,155.0,154.875,154.875,287,44461.59375,154.9184451219512,-0.125,-0.0008067769699406924,155.01096896833423,154.78149636167055,0.22947260666367697,1.0000000000000009,0.005566406250000001,-1.1172668513388768,0.20575279705556965,0.005566406249999996,0,3552,-0.6662491849195992,-0.9984194832140655,0.07460835241445823,30.75695940702851,20.0,0.0,0.2727931097101266,1.7179727020810263,2.0,-0.9985602174947158,-0.00014073428065031202,2.0,1.0,2.0,0.0,611.0,156.25,0,0,2.0,2.0,-250.0,6562.5,0.0,0.0,7065.0,-502.5,-250.0,0.0
3553,2019-07-10,13:41:40,154.875,154.875,154.78125,154.78125,286,44282.15625,154.83271416083917,-0.09375,-0.0006055101607946867,154.9599203087044,154.78148878131148,0.17843152739291668,1.0000000000000009,0.005566406250000001,-1.1172668513388768,0.20575279705556965,0.005566406249999996,0,3553,-0.7440195068793786,-0.9985602174947158,0.07460835241445823,23.915757635513568,20.0,0.0,0.2727931097101266,1.7179727020810263,2.0,-0.9751467947880602,0.023413422706655584,2.0,1.0,2.0,0.0,611.0,62.5,0,0,2.0,2.0,-187.5,6375.0,0.0,0.0,7065.0,-690.0,-187.5,-187.5
3554,2019-07-10,13:44:14,154.78125,154.84375,154.75,154.84375,287,44426.59375,154.796493902439,0.0625,0.00040371417585038927,154.9341046845479,154.78340451111728,0.15070017343060726,1.0000000000000016,0.005175781249999999,1.1285154859380597,1.0326585393989955,0.005175781249999991,-1,3554,-0.8461993221565346,-0.9751467947880602,0.0719429027076333,20.947191141707666,20.0,0.0,0.2727931097101266,1.7179727020810263,2.0,-0.9244044551724117,0.05074233961564856,2.0,1.0,2.0,0.0,611.0,125.0,0,0,2.0,2.0,125.0,6500.0,0.0,0.0,7065.0,-565.0,125.0,125.0
3555,2019-07-10,13:47:17,154.84375,154.875,154.78125,154.8125,287,44434.09375,154.8226263066202,-0.03125,-0.0002018367147833544,154.90708142131504,154.78429975692907,0.12278166438596827,1.0000000000000016,0.005175781249999999,1.1285154859380597,1.0326585393989955,0.005175781249999991,0,3555,-0.9233528657611452,-0.9244044551724117,0.0719429027076333,17.066543017444978,17.066543017444978,0.0,0.2727931097101266,1.397434841595213,2.0,-0.7893984798631672,0.1350059753092444,2.0,1.0,2.0,0.0,611.0,93.75,0,0,2.0,2.0,-62.5,6437.5,0.0,0.0,7065.0,-627.5,-62.5,125.0
3556,2019-07-10,13:50:18,154.8125,154.84375,154.71875,154.75,287,44420.71875,154.77602351916377,-0.0625,-0.00040379568487303175,154.87217443880058,154.78324437979282,0.0889300590077653,1.0000000000000007,0.00458984375,1.4350384789497497,0.4220089568642772,0.004589843749999996,0,3556,-0.9922685270096955,-0.7893984798631672,0.06774838558962122,13.126520762642205,13.126520762642205,0.0,0.2727931097101266,0.9669099314528559,1.0,-0.5793958115850617,0.21000266827810554,-2.0,1.0,2.0,0.0,611.0,31.25,0,0,-2.0,2.0,-125.0,6312.5,-1.0,4.0,7075.0,-762.5,-135.0,-62.5
3557,2019-07-10,13:51:28,154.75,154.75,154.625,154.625,287,44397.40625,154.69479529616726,-0.125,-0.0008080808520531946,154.8172467857338,154.77837532195304,0.038871463780765225,1.0000000000000038,0.00224609375,1.4555765595463097,-1.118079933149378,0.002246093749999991,0,3557,-0.9860194827793497,-0.5793958115850617,0.0473929715253221,8.201946940591428,8.201946940591428,0.0,0.2727931097101266,0.4288034018150066,1.0,-0.32831030384646426,0.25108550773859745,-1.0,-1.0,-2.0,1.0,612.0,-125.0,0,0,-1.0,-2.0,250.0,6562.5,0.0,1.0,7077.5,-515.0,247.5,247.5
3558,2019-07-10,13:52:36,154.625,154.625,154.59375,154.59375,288,44527.96875,154.61100260416666,-0.03125,-0.0002021222846702031,154.76758083334855,154.77269454281603,-0.005113709467480021,1.0000000000000024,0.0027343750000000003,0.535714285714287,-1.0885117692152513,0.0027343749999999938,0,3558,-0.90006224189495,-0.32831030384646426,0.05229125165837966,-0.9779282968570041,0.0,-0.9779282968570041,0.15996217560858428,-0.4674205891246751,-0.0,-0.16759419844422505,0.1607161054022392,-1.0,-1.0,-1.0,0.0,612.0,-156.25,0,0,-1.0,-1.0,31.25,6593.75,-1.0,0.0,7077.5,-483.75,31.25,247.5
3559,2019-07-10,13:54:21,154.59375,154.625,154.5625,154.59375,287,44373.03125,154.6098649825784,0.0,0.0,154.7289517592711,154.76718855688324,-0.038236797612142936,0.9999999999999998,0.00361328125,2.607742878013152,-1.5174736878455117,0.003613281250000001,0,3559,-0.8156125043878664,-0.16759419844422505,0.06011057519272296,-6.361076647420255,0.0,-6.361076647420255,-0.46113208943449185,-0.4674205891246751,-1.0,-0.02347059962586048,0.14412359881836456,0.0,-1.0,-1.0,0.0,612.0,-156.25,0,0,0.0,-1.0,-0.0,6593.75,-1.0,1.0,7080.0,-486.25,-2.5,31.25
3560,2019-07-10,13:57:14,154.59375,154.625,154.53125,154.59375,287,44363.875,154.57796167247386,0.0,0.0,154.69890692387753,154.76185198590224,-0.06294506202470984,0.9999999999999921,0.0022460937500000003,1.455576559546311,1.1180799331493774,0.002246093750000018,0,3560,-0.7235082128918127,-0.02347059962586048,0.04739297152532238,-13.281518334649657,0.0,-13.281518334649657,-1.259595435341256,-0.4674205891246751,-2.0,0.11572939029801817,0.13919998992387864,1.0,-1.0,0.0,0.0,612.0,-156.25,0,0,1.0,0.0,0.0,6593.75,-1.0,1.0,7082.5,-488.75,-2.5,-2.5
3561,2019-07-10,14:00:38,154.59375,154.625,154.5625,154.625,288,44523.875,154.59678819444446,0.03125,0.0002021222846702031,154.68248316301586,154.7576411555668,-0.0751579925509418,0.9999999999999843,0.0014648437500000002,2.0000000000000058,1.3608276348795423,0.001464843750000023,-1,3561,-0.6205225386061005,0.11572939029801817,0.03827327723098746,-19.6371980631152,0.0,-19.6371980631152,-1.9928979514027818,-0.4674205891246751,-2.0,0.2564642081395081,0.14073481784148995,2.0,-1.0,1.0,1.0,613.0,31.25,0,0,2.0,1.0,31.25,6625.0,0.0,1.0,7085.0,-460.0,28.75,28.75
3562,2019-07-10,14:02:56,154.625,154.71875,154.625,154.71875,287,44392.5,154.67770034843207,0.09375,0.0006061218490440723,154.69054246012345,154.7564445046263,-0.06590204450284887,0.9999999999999821,0.0017578124999999994,-2.407407407407393,0.1656346649999839,0.0017578125000000306,-1,3562,-0.5021091150474364,0.2564642081395081,0.041926274578121425,-15.718554812222411,0.0,-15.718554812222411,-1.5407746415139492,-0.4674205891246751,-2.0,0.3882872809801357,0.1318230728406276,2.0,-1.0,2.0,0.0,613.0,125.0,0,0,2.0,2.0,187.5,6812.5,0.0,0.0,7085.0,-272.5,187.5,187.5
3563,2019-07-10,14:09:36,154.71875,154.75,154.65625,154.75,287,44400.90625,154.70699041811847,0.03125,0.00020195900300912228,154.7037552467627,154.75624621217628,-0.05249096541356835,0.9999999999999717,0.001171875,-3.3333333333333326,0.6085806194501838,0.0011718750000000331,-1,3563,-0.37706546881212377,0.3882872809801357,0.034232659844073365,-15.33359243852505,0.0,-15.33359243852505,-1.4963586405066978,-0.4674205891246751,-2.0,0.4656478616218296,0.07736058064169388,2.0,-1.0,2.0,0.0,613.0,156.25,0,0,2.0,2.0,62.5,6875.0,0.0,0.0,7085.0,-210.0,62.5,187.5
3564,2019-07-10,14:13:40,154.75,154.84375,154.75,154.84375,287,44418.90625,154.76970818815332,0.09375,0.0006056323996563862,154.73486519192656,154.75893863641704,-0.024073444490483098,0.9999999999999821,0.0017578124999999994,-2.407407407407393,0.1656346649999839,0.0017578125000000306,-1,3564,-0.2965055946931137,0.4656478616218296,0.041926274578121425,-5.741851555550669,0.0,-5.741851555550669,-0.3896874387793171,-0.4674205891246751,-1.0,0.594974110283961,0.12932624866213138,2.0,-1.0,2.0,0.0,613.0,250.0,0,0,2.0,2.0,187.5,7062.5,1.0,0.0,7085.0,-22.5,187.5,187.5
3565,2019-07-10,14:22:08,154.84375,154.875,154.75,154.875,287,44428.09375,154.80172038327527,0.03125,0.0002017959849442974,154.76600626038734,154.76250975529652,0.003496505090822666,0.9999999999999906,0.0021484374999999997,0.8677685950413286,0.5516180692881066,0.00214843750000002,-1,3565,-0.1476232164074294,0.594974110283961,0.04635124054434811,0.75434984042709,0.75434984042709,0.0,0.2727931097101266,-0.3849930351001025,-0.0,0.6688874625464687,0.07391335226250773,1.0,-1.0,2.0,0.0,613.0,281.25,0,0,1.0,2.0,62.5,7125.0,1.0,1.0,7087.5,37.5,60.0,187.5
3566,2019-07-10,14:26:10,154.875,154.90625,154.84375,154.875,287,44452.4375,154.88654181184668,0.0,0.0,154.7902270914124,154.76597099359512,0.024256097817271893,0.9999999999999979,0.0048828125,0.1999999999999993,0.0,0.0048828125000000095,0,3566,-0.05266263920943784,0.6688874625464687,0.0698771242968685,3.4712501496514667,3.4712501496514667,0.0,0.2727931097101266,-0.08811824966741999,0.0,0.7675061246047972,0.09861866205832848,0.0,-1.0,1.0,0.0,613.0,281.25,0,0,0.0,1.0,0.0,7125.0,0.0,1.0,7090.0,35.0,-2.5,60.0
3567,2019-07-10,14:30:19,154.875,154.90625,154.8125,154.84375,286,44287.84375,154.85260052447552,-0.03125,-0.0002017959849442974,154.80212107109853,154.7683641937922,0.033756877306331035,0.9999999999999986,0.00859375,1.4488636363636367,0.8848873194830054,0.008593750000000015,0,3567,0.0894239142335129,0.7675061246047972,0.09270248108869586,3.6414211259387046,3.6414211259387046,0.0,0.2727931097101266,-0.06952372417061736,0.0,0.8120637701255671,0.044557645520769906,-0.0,-1.0,0.0,0.0,613.0,250.0,0,0,-0.0,0.0,-0.0,7125.0,0.0,0.0,7090.0,35.0,-0.0,-0.0
3568,2019-07-10,14:37:08,154.84375,154.84375,154.75,154.75,287,44427.875,154.80095818815332,-0.09375,-0.0006056323996563862,154.7905386108544,154.76779914167554,0.02273946917887315,0.999999999999999,0.0087890625,2.925925925925924,1.4814814814814816,0.008789062500000009,0,3568,0.1615704101427104,0.8120637701255671,0.09375000000000004,2.4255433790798016,2.4255433790798016,0.0,0.2727931097101266,-0.20238227771620487,0.0,0.8773963367309989,0.06533256660543185,-0.0,-1.0,-0.0,0.0,613.0,156.25,0,0,-0.0,-0.0,0.0,7125.0,0.0,0.0,7090.0,35.0,0.0,0.0
3569,2019-07-10,14:39:30,154.75,154.90625,154.75,154.90625,287,44426.84375,154.7973649825784,0.15625,0.0010091836561416656,154.81625225288678,154.77205916808552,0.044193084801264604,0.9999999999999986,0.010546875,-1.6872427983539093,0.5184205276797867,0.010546875000000016,-1,3569,0.2811669206707662,0.8773963367309989,0.10269797953221872,4.303208787802901,4.303208787802901,0.0,0.2727931097101266,0.002789591651418788,0.0,0.928957586564726,0.05156124983372712,-0.0,-1.0,-0.0,0.0,613.0,312.5,0,0,-0.0,-0.0,-0.0,7125.0,0.0,0.0,7090.0,35.0,-0.0,-0.0
3570,2019-07-10,14:40:49,154.90625,155.0,154.875,154.875,287,44460.4375,154.91441637630663,-0.03125,-0.00020175527154098205,154.82930730780086,154.7752265782983,0.05408072950257292,0.9999999999999986,0.010546875,-1.6872427983539093,0.5184205276797867,0.010546875000000016,0,3570,0.3951110559671343,0.928957586564726,0.10269797953221872,5.265997417758989,5.265997417758989,0.0,0.2727931097101266,0.10799318228917693,0.0,0.9851227339806028,0.05616514741587675,-0.0,-1.0,-0.0,0.0,613.0,281.25,0,0,-0.0,-0.0,0.0,7125.0,0.0,0.0,7090.0,35.0,0.0,0.0
3571,2019-07-10,14:43:29,154.875,154.96875,154.84375,154.96875,287,44458.53125,154.9077743902439,0.09375,0.0006051437401008997,154.86029457273403,154.78118114511992,0.07911342761411788,0.9999999999999966,0.007031249999999999,-1.5393518518518536,0.8126450751561738,0.007031250000000024,-1,3571,0.5750690676511504,0.9851227339806028,0.08385254915624225,9.434826777502735,9.434826777502735,0.0,0.2727931097101266,0.5635197680374441,1.0,0.9971683655810913,0.012045631600488549,-0.0,-1.0,-0.0,0.0,613.0,375.0,0,0,-0.0,-0.0,-0.0,7125.0,1.0,0.0,7090.0,35.0,-0.0,-0.0
3572,2019-07-10,14:45:08,154.96875,155.0,154.90625,154.9375,286,44316.625,154.95323426573427,-0.03125,-0.00020167389399805558,154.8774513343487,154.7859909560393,0.09146037830939235,0.9999999999999953,0.0032226562500000003,-2.231404958677686,0.5671631517317615,0.003222656250000016,0,3572,0.7582799337571537,0.9971683655810913,0.056768444139328106,16.11112999414235,16.11112999414235,0.0,0.2727931097101266,1.2930371810224068,2.0,0.9060577129772236,-0.09111065260386775,1.0,-1.0,-0.0,0.0,613.0,343.75,0,0,1.0,-0.0,0.0,7125.0,1.0,1.0,7092.5,32.5,-2.5,-0.0
3573,2019-07-10,14:48:46,154.9375,154.96875,154.9375,154.9375,287,44467.375,154.93858885017423,0.0,0.0,154.89079548227122,154.79065277277658,0.10014270949463366,0.9999999999999931,0.0026367187499999997,-1.6872427983539058,0.5184205276797867,0.0026367187500000184,0,3573,0.9398947103246162,0.9060577129772236,0.0513489897661095,19.502371896852424,19.502371896852424,0.0,0.2727931097101266,1.6635970461743195,2.0,0.7267296436737372,-0.17932806930348644,-2.0,-1.0,1.0,1.0,614.0,0.0,0,0,-2.0,1.0,0.0,7125.0,0.0,3.0,7100.0,25.0,-7.5,-2.5
3574,2019-07-10,14:51:37,154.9375,155.03125,154.90625,155.0,287,44471.875,154.95426829268294,0.0625,0.0004033071238378483,154.91506315287762,154.79709422592194,0.11796892695568317,0.999999999999991,0.0017578124999999998,-2.4074074074074083,0.1656346649999846,0.0017578125000000159,-1,3574,0.9996037911262676,0.7267296436737372,0.041926274578121245,28.137230923265463,20.0,0.0,0.2727931097101266,1.7179727020810263,2.0,0.4280152559478519,-0.29871438772588527,2.0,1.0,-2.0,1.0,615.0,62.5,0,0,2.0,-2.0,-125.0,7000.0,0.0,4.0,7110.0,-110.0,-135.0,-7.5
3575,2019-07-10,14:54:46,155.0,155.0,154.9375,155.0,286,44323.625,154.9777097902098,0.0,0.0,154.93393800779373,154.80333748050896,0.1306005272847699,0.9999999999999842,0.001171875,-3.3333333333333304,0.6085806194501845,0.0011718750000000184,0,3575,0.9417154526657007,0.4280152559478519,0.03423265984407315,38.15085590183298,20.0,0.0,0.2727931097101266,1.7179727020810263,2.0,0.038705607350959195,-0.3893096485968927,2.0,1.0,2.0,1.0,616.0,0.0,0,0,2.0,2.0,0.0,7000.0,0.0,0.0,7110.0,-110.0,0.0,0.0
3576,2019-07-10,14:59:02,155.0,155.09375,155.0,155.0625,287,44491.4375,155.02243031358884,0.0625,0.0004031445327727923,154.96250733939516,154.81131171187795,0.15119562751721105,0.9999999999999987,0.005859375,2.0000000000000013,-1.3608276348795436,0.005859375000000008,-1,3576,0.7339459132549495,0.038705607350959195,0.07654655446197436,19.75211406704396,19.75211406704396,0.0,0.2727931097101266,1.6908862893377061,2.0,-0.1953726588085122,-0.23407826615947142,2.0,1.0,2.0,0.0,616.0,62.5,0,0,2.0,2.0,125.0,7125.0,0.0,0.0,7110.0,15.0,125.0,125.0
3577,2019-07-10,15:01:47,155.0625,155.0625,155.0,155.0625,286,44343.75,155.04807692307693,0.0,0.0,154.98472793064067,154.8190405822817,0.16568734835897203,0.9999999999999986,0.00859375,0.8677685950413228,-0.5516180692881075,0.008593750000000013,0,3577,0.555330849570494,-0.1953726588085122,0.09270248108869586,17.8730219960829,17.8730219960829,0.0,0.2727931097101266,1.4855585290659001,2.0,-0.5215641088641257,-0.32619145005561356,2.0,1.0,2.0,0.0,616.0,62.5,0,0,2.0,2.0,0.0,7125.0,0.0,0.0,7110.0,15.0,0.0,125.0
3578,2019-07-10,15:03:50,155.0625,155.0625,154.90625,154.9375,287,44482.25,154.9904181184669,-0.125,-0.0008064516566106406,154.97423283494274,154.82268548744227,0.15154734750046828,0.9999999999999986,0.00859375,0.8677685950413228,-0.5516180692881075,0.008593750000000013,0,3578,0.23451054049828743,-0.5215641088641257,0.09270248108869586,16.34771213463757,16.34771213463757,0.0,0.2727931097101266,1.3188884321552736,2.0,-0.6602690655652806,-0.1387049567011549,2.0,1.0,2.0,0.0,616.0,-62.5,0,0,2.0,2.0,-250.0,6875.0,0.0,0.0,7110.0,-235.0,-250.0,0.0
3579,2019-07-10,15:08:00,154.9375,155.125,154.9375,155.0625,286,44342.59375,155.0440340909091,0.125,0.0008064516566106406,154.99384776051102,154.830064395521,0.16378336499002444,0.9999999999999993,0.0078125,2.0,0.0,0.007812500000000007,-1,3579,0.06417706029401697,-0.6602690655652806,0.08838834764831847,18.529972484799618,18.529972484799618,0.0,0.2727931097101266,1.557343288600691,2.0,-0.7673976120274614,-0.10712854646218073,2.0,1.0,2.0,0.0,616.0,62.5,0,0,2.0,2.0,250.0,7125.0,0.0,0.0,7110.0,15.0,250.0,250.0
3580,2019-07-10,15:11:36,155.0625,155.125,155.03125,155.0625,287,44505.5625,155.0716463414634,0.0,0.0,155.0091038137308,154.8372162602742,0.17188755345659956,0.9999999999999993,0.0078125,2.0,0.0,0.007812500000000007,0,3580,-0.08925533280624183,-0.7673976120274614,0.08838834764831847,19.44685674411627,19.44685674411627,0.0,0.2727931097101266,1.6575309240568272,2.0,-0.8452755078098376,-0.07787789578237625,2.0,1.0,2.0,0.0,616.0,62.5,0,0,2.0,2.0,0.0,7125.0,0.0,0.0,7110.0,15.0,0.0,250.0
3581,2019-07-10,15:18:48,155.0625,155.0625,154.96875,155.0625,286,44336.3125,155.02207167832168,0.0,0.0,155.02096963290177,154.8441480676504,0.17682156525137316,0.9999999999999944,0.003125,5.000000000000004,2.236067977499789,0.0031250000000000175,0,3581,-0.2198711696487057,-0.8452755078098376,0.0559016994374949,31.630803183198715,20.0,0.0,0.2727931097101266,1.7179727020810263,2.0,-0.8913501100451374,-0.0460746022352998,2.0,1.0,2.0,0.0,616.0,62.5,0,0,2.0,2.0,0.0,7125.0,0.0,0.0,7110.0,15.0,0.0,0.0
3582,2019-07-10,15:21:09,155.0625,155.125,155.03125,155.0625,287,44512.6875,155.09647212543555,0.0,0.0,155.03019860336804,154.85086658864577,0.179332014722263,0.9999999999999977,0.00078125,5.000000000000004,-2.236067977499789,0.000781250000000002,0,3582,-0.3097372129099485,-0.8913501100451374,0.027950849718747405,64.15977207375563,20.0,0.0,0.2727931097101266,1.7179727020810263,2.0,-0.9164489610530799,-0.025098851007942513,2.0,1.0,2.0,0.0,616.0,62.5,0,0,2.0,2.0,0.0,7125.0,0.0,0.0,7110.0,15.0,0.0,0.0
3583,2019-07-10,15:27:02,155.0625,155.09375,155.03125,155.0625,286,44346.3125,155.05703671328672,0.0,0.0,155.03737669150848,154.85737838591825,0.17999830559023167,0.9999999999999961,0.001171875,2.9166666666666665,-1.2932338163316421,0.0011718750000000045,0,3583,-0.3650773661676924,-0.9164489610530799,0.03423265984407295,52.58087055172156,20.0,0.0,0.2727931097101266,1.7179727020810263,2.0,-0.9322613229329227,-0.015812361879842807,2.0,1.0,2.0,0.0,616.0,62.5,0,0,2.0,2.0,0.0,7125.0,0.0,0.0,7110.0,15.0,0.0,0.0
3584,2019-07-10,15:33:25,155.0625,155.09375,155.0,155.0,286,44339.1875,155.03212412587413,-0.0625,-0.0004031445327727923,155.02907076006218,154.86176674327461,0.16730401678756834,0.999999999999997,0.004687500000000001,1.7447916666666632,0.846307423922913,0.004687500000000015,0,3584,-0.4033872469149533,-0.9322613229329227,0.06846531968814587,24.436315721539742,20.0,0.0,0.2727931097101266,1.7179727020810263,2.0,-0.9395099703975781,-0.007248647464655367,2.0,1.0,2.0,0.0,616.0,0.0,0,0,2.0,2.0,-125.0,7000.0,0.0,0.0,7110.0,-110.0,-125.0,0.0
3585,2019-07-10,15:38:21,155.0,155.0625,154.96875,155.03125,287,44485.28125,155.0009799651568,0.03125,0.0002015925820755271,155.02955503560395,154.86698161271232,0.1625734228916258,0.9999999999999997,0.011035156249999999,0.15427989662463895,-0.14742473703225156,0.011035156250000002,-1,3585,-0.4221345569372536,-0.9395099703975781,0.10504835196232258,15.476056487771991,15.476056487771991,0.0,0.2727931097101266,1.223642912010194,1.0,-0.9455062602876525,-0.005996289890074391,2.0,1.0,2.0,0.0,616.0,31.25,0,0,2.0,2.0,62.5,7062.5,-1.0,0.0,7110.0,-47.5,62.5,62.5
3586,2019-07-10,15:43:19,155.03125,155.15625,155.0,155.15625,286,44345.875,155.055506993007,0.125,0.0008059641782240945,155.05770947213642,154.87588217847505,0.18182729366137096,1.0000000000000004,0.01220703125,-0.6879999999999988,0.5656854249492379,0.012207031249999995,-1,3586,-0.43833714953593894,-0.9455062602876525,0.11048543456039803,16.457127981152407,16.457127981152407,0.0,0.2727931097101266,1.3308442650015297,2.0,-0.9464365027571037,-0.0009302424694511702,1.0,1.0,2.0,0.0,616.0,156.25,0,0,1.0,2.0,250.0,7312.5,1.0,1.0,7112.5,200.0,247.5,247.5
3587,2019-07-10,15:47:46,155.15625,155.15625,155.0,155.0,287,44505.71875,155.07219076655053,-0.15625,-0.0010075567602996216,155.04488514499502,154.87970118836813,0.16518395662689045,0.9999999999999999,0.013378906250000001,-1.8130960626565091,-0.37863466998537754,0.013378906250000005,0,3587,-0.44091396689145335,-0.9464365027571037,0.11566722202076093,14.280965146482192,14.280965146482192,0.0,0.2727931097101266,1.0930556820285564,1.0,-0.9599687586117099,-0.013532255854606268,2.0,1.0,1.0,0.0,616.0,0.0,0,0,2.0,1.0,-156.25,7156.25,-1.0,1.0,7115.0,41.25,-158.75,247.5
3588,2019-07-10,15:51:48,155.0,155.03125,154.90625,154.90625,287,44473.0625,154.95840592334494,-0.09375,-0.0006050216983997103,155.01407733499613,154.8805180748799,0.1335592601162432,1.0000000000000002,0.01298828125,-1.6298264458137848,0.13607128123709536,0.012988281249999999,0,3588,-0.480734795360027,-0.9599687586117099,0.11396614080506542,11.719205298413238,11.719205298413238,0.0,0.2727931097101266,0.8131330427460548,1.0,-0.9783458163278249,-0.018377057716114975,1.0,1.0,2.0,0.0,616.0,-93.75,0,0,1.0,2.0,-187.5,6968.75,0.0,1.0,7117.5,-148.75,-190.0,-158.75
3589,2019-07-10,16:00:07,154.90625,155.0,154.90625,154.96875,286,44314.71875,154.94656905594405,0.0625,0.0004033884685599176,155.0040045938859,154.88323290334515,0.12077169054074943,1.0000000000000018,0.006640624999999999,0.2638408304498334,0.11842841739555021,0.006640624999999987,-1,3589,-0.5454401461964894,-0.9783458163278249,0.08149003006503303,14.820425326186248,14.820425326186248,0.0,0.2727931097101266,1.1520023149084495,1.0,-0.9968519697747461,-0.018506153446921192,1.0,1.0,1.0,0.0,616.0,-31.25,0,0,1.0,1.0,62.5,7031.25,0.0,0.0,7117.5,-86.25,62.5,62.5
3590,2019-07-10,16:09:11,154.96875,154.96875,154.90625,154.9375,287,44467.03125,154.93739111498257,-0.03125,-0.00020167389399805558,154.9892257952446,154.8849026601653,0.10432313507931212,1.0000000000000016,0.00341796875,2.0000000000000013,1.1454053224818184,0.0034179687499999944,0,3590,-0.6488176520240788,-0.9968519697747461,0.058463396668342785,17.844179610556537,17.844179610556537,0.0,0.2727931097101266,1.482406931274316,2.0,-0.9995560364219205,-0.0027040666471743746,1.0,1.0,1.0,0.0,616.0,-62.5,0,0,1.0,1.0,-31.25,7000.0,1.0,0.0,7117.5,-117.5,-31.25,62.5
3591,2019-07-10,16:19:08,154.9375,154.96875,154.90625,154.90625,287,44460.0625,154.91310975609755,-0.03125,-0.00020171457456186204,154.9707867296347,154.88555950139101,0.08522722824369566,0.9999999999999989,0.00224609375,1.4555765595463157,1.118079933149378,0.0022460937500000024,0,3591,-0.7278609560068017,-0.9995560364219205,0.047392971525322215,17.98309443377242,17.98309443377242,0.0,0.2727931097101266,1.4975861074095667,2.0,-0.9879627399462627,0.011593296475657766,2.0,1.0,1.0,0.0,616.0,-93.75,0,0,2.0,1.0,-31.25,6968.75,0.0,1.0,7120.0,-151.25,-33.75,-31.25
3592,2019-07-10,16:29:08,154.90625,154.90625,154.84375,154.84375,286,44289.3125,154.85773601398603,-0.0625,-0.00040355125648527945,154.94255634527144,154.88427305519437,0.058283290077071115,1.000000000000012,0.0006835937500000001,-0.6122448979591925,0.5122408325718826,0.0006835937499999919,0,3592,-0.8079789371437582,-0.9879627399462627,0.026145625829189705,22.29179383880038,20.0,0.0,0.2727931097101266,1.7179727020810263,2.0,-0.8969215583607951,0.09104118158546759,2.0,1.0,2.0,0.0,616.0,-156.25,0,0,2.0,2.0,-125.0,6843.75,0.0,0.0,7120.0,-276.25,-125.0,-33.75
3593,2019-07-10,16:43:06,154.84375,154.875,154.8125,154.84375,287,44439.0625,154.83993902439025,0.0,0.0,154.92059937965558,154.88302619195764,0.03757318769794438,1.0,0.0027343750000000003,0.5357142857142847,1.088511769215251,0.002734375,0,3593,-0.9468946414450808,-0.8969215583607951,0.05229125165837972,7.185367820875873,7.185367820875873,0.0,0.2727931097101266,0.31772214240469804,1.0,-0.8288497014948195,0.06807185686597561,-2.0,1.0,2.0,0.0,616.0,-156.25,0,0,-2.0,2.0,0.0,6843.75,-1.0,4.0,7130.0,-286.25,-10.0,-10.0
3594,2019-07-10,16:52:56,154.84375,154.875,154.78125,154.78125,287,44434.5,154.82404181184668,-0.0625,-0.00040371417585038927,154.88963285084324,154.87989461682048,0.009738234022762526,1.000000000000001,0.008593749999999999,0.8677685950413286,-0.5516180692881066,0.008593749999999987,0,3594,-0.9816912178813683,-0.8288497014948195,0.09270248108869572,1.0504825662050183,1.0504825662050183,0.0,0.2727931097101266,-0.35263471148902525,-0.0,-0.756498392069198,0.07235130942562151,-1.0,-1.0,-2.0,1.0,617.0,-62.5,0,0,-1.0,-2.0,125.0,6968.75,-1.0,1.0,7132.5,-163.75,122.5,122.5
3595,2019-07-10,16:57:30,154.78125,154.84375,154.71875,154.84375,287,44413.125,154.74956445993033,0.0625,0.00040371417585038927,154.879436661767,154.87878247476448,0.000654187002510298,1.000000000000001,0.00859375,1.4488636363636413,-0.8848873194830058,0.00859374999999999,-1,3595,-0.9973698330852533,-0.756498392069198,0.09270248108869573,0.07056844593882941,0.07056844593882941,0.0,0.2727931097101266,-0.45970959870839867,-0.0,-0.6692712902164876,0.08722710185271043,0.0,-1.0,-1.0,0.0,617.0,0.0,0,0,0.0,-1.0,-62.5,6906.25,0.0,1.0,7135.0,-228.75,-65.0,122.5
3596,2019-07-10,17:02:02,154.84375,154.84375,154.625,154.65625,287,44413.96875,154.7525043554007,-0.1875,-0.0012116318122021852,154.82983962581878,154.87193532169482,-0.04209569587604278,1.000000000000001,0.00859375,1.4488636363636413,-0.8848873194830058,0.00859374999999999,0,3596,-0.9986394253589632,-0.6692712902164876,0.09270248108869573,-4.540945979187605,0.0,-4.540945979187605,-0.25112994086839535,-0.4674205891246751,-1.0,-0.4154588501293713,0.2538124400871163,0.0,-1.0,0.0,0.0,617.0,-187.5,0,0,0.0,0.0,-0.0,6906.25,-1.0,0.0,7135.0,-228.75,-0.0,-0.0
3597,2019-07-10,17:03:27,154.65625,154.6875,154.59375,154.625,287,44380.4375,154.6356707317073,-0.03125,-0.00020208143950739554,154.78431970897017,154.86433731179656,-0.0800176028263877,1.0000000000000016,0.01123046875,-2.2344045368620016,-0.19231559498464854,0.011230468749999983,0,3597,-0.9369665655294821,-0.4154588501293713,0.10597390598633223,-7.550689208030872,0.0,-7.550689208030872,-0.5983866272815037,-0.4674205891246751,-1.0,-0.14867438693695015,0.2667844631924211,1.0,-1.0,0.0,0.0,617.0,-218.75,0,0,1.0,0.0,-0.0,6906.25,0.0,1.0,7137.5,-231.25,-2.5,-0.0
3598,2019-07-10,17:07:27,154.625,154.65625,154.59375,154.625,288,44531.53125,154.62337239583334,0.0,0.0,154.74891532919904,154.85697308681821,-0.10805775761917857,1.000000000000002,0.00947265625,-2.6814751833351096,-0.4369344921493175,0.00947265624999998,0,3598,-0.8043768086512958,-0.14867438693695015,0.09732757188998388,-11.102481601135983,0.0,-11.102481601135983,-1.0081835978127707,-0.4674205891246751,-1.0,-0.013537810340785656,0.1351365765961645,1.0,-1.0,1.0,1.0,618.0,0.0,0,0,1.0,1.0,0.0,6906.25,0.0,0.0,7137.5,-231.25,0.0,0.0
3599,2019-07-10,17:09:01,154.625,154.625,154.46875,154.46875,287,44343.0625,154.50544425087108,-0.15625,-0.0010110202054196549,154.68665636715482,154.84502776106999,-0.15837139391516075,0.9999999999999997,0.00712890625,2.021017076374554,-1.3385038869326558,0.007128906250000002,0,3599,-0.716614659165623,-0.013537810340785656,0.08443285053816436,-18.757082451406227,0.0,-18.757082451406227,-1.891352401585243,-0.4674205891246751,-2.0,0.09523921053152856,0.10877702087231422,1.0,-1.0,1.0,0.0,618.0,-156.25,0,0,1.0,1.0,-156.25,6750.0,-1.0,0.0,7137.5,-387.5,-156.25,0.0
3600,2019-07-10,17:11:22,154.46875,154.53125,154.4375,154.5,288,44491.6875,154.48502604166666,0.03125,0.0002022858305679165,154.64517717445378,154.83441152226786,-0.18923434781407877,0.9999999999999997,0.00712890625,2.021017076374554,-1.3385038869326558,0.007128906250000002,-1,3600,-0.6365482757611538,0.09523921053152856,0.08443285053816436,-22.41240780193051,0.0,-20.0,-2.034757136339064,-0.4674205891246751,-3.0,0.08272377865411634,-0.01251543187741222,-2.0,-1.0,1.0,0.0,618.0,-125.0,0,0,-2.0,1.0,31.25,6781.25,-1.0,3.0,7145.0,-363.75,23.75,23.75
3601,2019-07-10,17:16:30,154.5,154.59375,154.5,154.5625,287,44357.46875,154.55564024390245,0.0625,0.00040444894383462326,154.62680446901962,154.82604501389042,-0.19924054487080411,1.0000000000000009,0.008007812500000001,-1.5437239738251023,-0.3066279347281074,0.008007812499999994,-1,3601,-0.646188638020285,0.08272377865411634,0.08948638164547718,-22.26490122934523,0.0,-20.0,-2.034757136339064,-0.4674205891246751,-3.0,0.07170632102150688,-0.01101745763260946,-3.0,-1.0,-2.0,1.0,619.0,62.5,0,0,-3.0,-2.0,-125.0,6656.25,0.0,1.0,7147.5,-491.25,-127.5,23.75
3602,2019-07-10,17:21:00,154.5625,154.59375,154.4375,154.53125,287,44346.5625,154.5176393728223,-0.03125,-0.0002022040245490686,154.60557014257083,154.81697439807843,-0.21140425550760256,0.999999999999997,0.004589843749999999,-0.7378904481665908,-0.912717046241344,0.004589843750000013,0,3602,-0.6545825129165166,0.07170632102150688,0.06774838558962135,-31.204323714540063,0.0,-20.0,-2.034757136339064,-0.4674205891246751,-3.0,0.05239085542332398,-0.019315465598182903,-3.0,-1.0,-3.0,0.0,619.0,31.25,0,0,-3.0,-3.0,93.75,6750.0,0.0,0.0,7147.5,-397.5,93.75,93.75
3603,2019-07-10,17:28:20,154.5,154.53125,154.4375,154.4375,288,44494.96875,154.49641927083334,-0.09375,-0.0006068575082576189,154.56822122199955,154.80529826275296,-0.2370770407534053,0.9999999999999968,0.005175781250000001,-1.0074759700961202,-1.0162671340117098,0.005175781250000016,0,3603,-0.6690897512580285,0.05239085542332398,0.07194290270763348,-32.95349948790019,0.0,-20.0,-2.034757136339064,-0.4674205891246751,-3.0,0.10712408935979711,0.054733233936473134,3.0,-1.0,-3.0,0.0,619.0,-62.5,0,0,3.0,-3.0,281.25,7031.25,0.0,6.0,7162.5,-131.25,266.25,266.25
3604,2019-07-10,17:34:04,154.4375,154.53125,154.4375,154.5,287,44335.6875,154.47974738675958,0.0625,0.0004046125889720642,154.55306095044412,154.79590447005288,-0.24284351960875483,0.999999999999997,0.004589843749999999,-0.7378904481665908,-0.912717046241344,0.004589843750000013,-1,3604,-0.6272896772875288,0.10712408935979711,0.06774838558962135,-35.844916081064085,0.0,-20.0,-2.034757136339064,-0.4674205891246751,-3.0,0.2235690026059953,0.11644491324619818,3.0,-1.0,3.0,1.0,620.0,62.5,0,0,3.0,3.0,187.5,7218.75,0.0,0.0,7162.5,56.25,187.5,266.25
3605,2019-07-10,17:40:24,154.5,154.5625,154.5,154.5625,288,44505.0625,154.53146701388889,0.0625,0.00040444894383462326,154.55515851701213,154.78872279405127,-0.23356427703913596,0.9999999999999954,0.00458984375,4.1511996378451785,-2.031531490021056,0.004589843750000021,-1,3605,-0.5311214104352394,0.2235690026059953,0.0677483855896214,-34.47525354388909,0.0,-20.0,-2.034757136339064,-0.4674205891246751,-3.0,0.3815200290617361,0.1579510264557408,3.0,-1.0,3.0,0.0,620.0,125.0,0,0,3.0,3.0,187.5,7406.25,0.0,0.0,7162.5,243.75,187.5,187.5
3606,2019-07-10,17:50:51,154.5625,154.59375,154.53125,154.59375,287,44360.65625,154.56674651567945,0.03125,0.00020216314634691201,154.56373440212056,154.7827236311574,-0.21898922903685047,0.9999999999999633,0.0007812500000000005,0.31249999999999406,-1.2577882373436315,0.0007812500000000293,-1,3606,-0.3838462291510141,0.3815200290617361,0.027950849718747894,-78.34796839466549,0.0,-20.0,-2.034757136339064,-0.4674205891246751,-3.0,0.489906044237744,0.10838601517600788,3.0,-1.0,3.0,0.0,620.0,156.25,0,0,3.0,3.0,93.75,7500.0,0.0,0.0,7162.5,337.5,93.75,187.5
3607,2019-07-10,17:58:50,154.59375,154.65625,154.5625,154.65625,287,44372.78125,154.608993902439,0.0625,0.00040420372417759864,154.58429342387157,154.7788321348141,-0.19453871094253827,0.9999999999999633,0.0007812500000000005,0.31249999999999406,-1.2577882373436315,0.0007812500000000293,-1,3607,-0.27002229733966415,0.489906044237744,0.027950849718747894,-69.60028510763034,0.0,-20.0,-2.034757136339064,-0.4674205891246751,-3.0,0.5884502280443331,0.09854418380658914,3.0,-1.0,3.0,0.0,620.0,218.75,0,0,3.0,3.0,187.5,7687.5,0.0,0.0,7162.5,525.0,187.5,187.5
3608,2019-07-10,18:01:46,154.65625,154.65625,154.59375,154.65625,288,44535.625,154.63758680555554,0.0,0.0,154.60028377412235,154.77506037681985,-0.17477660269750572,0.9999999999999756,0.0009765625,-2.9999999999999964,-9.251858538542974e-16,0.0009765625000000239,0,3608,-0.15562233401133843,0.5884502280443331,0.03125000000000038,-55.92851286320115,0.0,-20.0,-2.034757136339064,-0.4674205891246751,-3.0,0.7141247391667629,0.12567451112242978,3.0,-1.0,3.0,0.0,620.0,218.75,0,0,3.0,3.0,0.0,7687.5,0.0,0.0,7162.5,525.0,0.0,187.5
3609,2019-07-10,18:04:42,154.65625,154.75,154.65625,154.71875,287,44398.40625,154.69827961672473,0.0625,0.00040404040953667675,154.62660960209516,154.7733277498408,-0.14671814774564496,0.9999999999999756,0.0009765625,-2.9999999999999964,-9.251858538542974e-16,0.0009765625000000239,-1,3609,0.009974639307875635,0.7141247391667629,0.03125000000000038,-46.94980727860581,0.0,-20.0,-2.034757136339064,-0.4674205891246751,-3.0,0.8241043801901276,0.10997964102336466,3.0,-1.0,3.0,0.0,620.0,281.25,0,0,3.0,3.0,187.5,7875.0,0.0,0.0,7162.5,712.5,187.5,187.5
3610,2019-07-10,18:08:28,154.71875,154.78125,154.71875,154.71875,287,44408.28125,154.73268728222996,0.0,0.0,154.64708524607403,154.7716484344611,-0.12456318838707148,0.9999999999999972,0.00341796875,2.000000000000002,-1.1454053224818188,0.00341796875000001,0,3610,0.1821976679931103,0.8241043801901276,0.05846339666834292,-21.30618395193597,0.0,-20.0,-2.034757136339064,-0.4674205891246751,-3.0,0.9149979036912158,0.09089352350108826,3.0,-1.0,3.0,0.0,620.0,281.25,0,0,3.0,3.0,0.0,7875.0,0.0,0.0,7162.5,712.5,0.0,187.5
3611,2019-07-10,18:13:18,154.71875,154.78125,154.71875,154.75,287,44408.5,154.7334494773519,0.03125,0.00020195900300912228,154.66995519139093,154.77098232878538,-0.10102713739445335,0.9999999999999997,0.005175781249999999,-2.7162691349234627,-0.19669686464742817,0.0051757812500000016,-1,3611,0.36171291545503503,0.9149979036912158,0.07194290270763337,-14.042682959987662,0.0,-14.042682959987662,-1.3474167162653887,-0.4674205891246751,-2.0,0.9593338418611701,0.04433593816995429,3.0,-1.0,3.0,0.0,620.0,312.5,0,0,3.0,3.0,93.75,7968.75,1.0,0.0,7162.5,806.25,93.75,93.75
3612,2019-07-10,18:16:17,154.75,154.75,154.625,154.65625,287,44397.90625,154.69653745644598,-0.09375,-0.000605999412545799,154.66690959330407,154.7674521032843,-0.10054250998024372,1.0000000000000002,0.0041015625,-3.163265306122449,-0.4414786044290983,0.004101562499999999,0,3612,0.4787536445478853,0.9593338418611701,0.06404344228724748,-15.699110851863757,0.0,-15.699110851863757,-1.5385312457384601,-0.4674205891246751,-2.0,0.9850389748917407,0.025705133030570648,2.0,-1.0,3.0,0.0,620.0,218.75,0,0,2.0,3.0,-281.25,7687.5,0.0,1.0,7165.0,522.5,-283.75,93.75
3613,2019-07-10,18:23:39,154.65625,154.65625,154.53125,154.5625,287,44364.5625,154.58035714285714,-0.09375,-0.0006063668705245107,154.64370746145872,154.7611458847217,-0.11743842326299614,1.0000000000000002,0.0041015625,-3.163265306122449,-0.4414786044290983,0.004101562499999999,0,3613,0.5746708187959968,0.9850389748917407,0.06404344228724748,-18.337306532690988,0.0,-18.337306532690988,-1.8429197003593993,-0.4674205891246751,-2.0,0.9999999218482228,0.01496094695648209,2.0,-1.0,2.0,0.0,620.0,125.0,0,0,2.0,2.0,-187.5,7500.0,0.0,0.0,7165.0,335.0,-187.5,-187.5
3614,2019-07-10,18:31:16,154.5625,154.59375,154.53125,154.59375,288,44508.78125,154.54437934027777,0.03125,0.00020216314634691201,154.6326058033568,154.75599524211492,-0.12338943875812447,1.0000000000000002,0.0041015625,-3.163265306122449,-0.4414786044290983,0.004101562499999999,-1,3614,0.7068271695367707,0.9999999218482228,0.06404344228724748,-19.26652196562116,0.0,-19.26652196562116,-1.9501302654039354,-0.4674205891246751,-2.0,0.9831103671557936,-0.016889554692429254,-2.0,-1.0,2.0,0.0,620.0,156.25,0,0,-2.0,2.0,62.5,7562.5,0.0,4.0,7175.0,387.5,52.5,52.5
3615,2019-07-10,18:35:19,154.59375,154.65625,154.5625,154.59375,287,44370.71875,154.6018074912892,0.0,0.0,154.62397118038865,154.7510030808191,-0.12703190043043833,0.9999999999999981,0.002734375,0.5357142857142883,-1.0885117692152515,0.002734375000000005,0,3615,0.8245742193692416,0.9831103671557936,0.05229125165837977,-24.293145870812452,0.0,-20.0,-2.034757136339064,-0.4674205891246751,-3.0,0.9193172077816124,-0.06379315937418117,-2.0,-1.0,-2.0,1.0,621.0,0.0,0,0,-2.0,-2.0,-0.0,7562.5,-1.0,0.0,7175.0,387.5,-0.0,52.5
3616,2019-07-10,18:41:40,154.59375,154.625,154.5625,154.625,287,44368.0,154.59233449477352,0.03125,0.0002021222846702031,154.62419980696896,154.74712606294773,-0.1229262559787685,0.9999999999999855,0.00126953125,-0.1775147928994123,-0.4047960089109363,0.0012695312500000187,-1,3616,0.9283141884882239,0.9193172077816124,0.03563048203434832,-34.500306748661366,0.0,-20.0,-2.034757136339064,-0.4674205891246751,-3.0,0.7616955436288682,-0.15762166415274426,3.0,-1.0,-2.0,0.0,621.0,31.25,0,0,3.0,-2.0,-62.5,7500.0,0.0,5.0,7187.5,312.5,-75.0,-0.0
3617,2019-07-10,18:55:52,154.625,154.625,154.5625,154.59375,288,44518.625,154.57855902777777,-0.03125,-0.0002021222846702031,154.6174331831981,154.74240679947243,-0.12497361627433179,0.9999999999999873,0.00126953125,-0.17751479289940755,0.4047960089109363,0.0012695312500000159,0,3617,0.9967593898087741,0.7616955436288682,0.035630482034348286,-35.074915953664465,0.0,-20.0,-2.034757136339064,-0.4674205891246751,-3.0,0.4117635613701783,-0.3499319822586899,-3.0,1.0,3.0,1.0,622.0,-31.25,0,0,-3.0,3.0,-93.75,7406.25,0.0,6.0,7202.5,203.75,-108.75,-75.0
3618,2019-07-10,19:01:07,154.59375,154.71875,154.59375,154.65625,287,44390.1875,154.66964285714286,0.0625,0.00040420372417759864,154.62605914248743,154.73975582102716,-0.11369667853972487,0.999999999999992,0.0016601562499999997,-1.4878892733564004,0.5413870509510851,0.0016601562500000132,-1,3618,0.9355406515847691,0.4117635613701783,0.040745015032516714,-27.9044389722249,0.0,-20.0,-2.034757136339064,-0.4674205891246751,-3.0,-0.2360490027912839,-0.6478125641614622,-3.0,1.0,-3.0,1.0,623.0,62.5,0,0,-3.0,-3.0,-187.5,7218.75,0.0,0.0,7202.5,16.25,-187.5,-108.75
3619,2019-07-10,19:07:04,154.65625,154.6875,154.625,154.65625,287,44381.78125,154.64035278745644,0.0,0.0,154.6327682219347,154.7371864111494,-0.10441818921469803,0.999999999999995,0.0016601562499999997,2.6643598615916986,1.7143923280117699,0.0016601562500000078,0,3619,0.5202129082227999,-0.2360490027912839,0.04074501503251665,-25.627230504484256,0.0,-20.0,-2.034757136339064,-0.4674205891246751,-3.0,-0.8686744150461636,-0.6326254122548797,-3.0,1.0,-3.0,0.0,623.0,62.5,0,0,-3.0,-3.0,-0.0,7218.75,0.0,0.0,7202.5,16.25,-0.0,-0.0
3620,2019-07-10,19:15:11,154.65625,154.65625,154.59375,154.625,287,44375.25,154.61759581881532,-0.03125,-0.00020208143950739554,154.63104195039367,154.7337345215756,-0.10269257118193309,0.9999999999999942,0.0032226562500000003,-2.231404958677686,0.5671631517317615,0.003222656250000019,0,3620,-0.2639565740884828,-0.8686744150461636,0.056768444139328134,-18.089727971034804,0.0,-18.089727971034804,-1.814354701816088,-0.4674205891246751,-2.0,-0.9980621013336832,-0.12938768628751962,-3.0,1.0,-3.0,0.0,623.0,31.25,0,0,-3.0,-3.0,93.75,7312.5,1.0,0.0,7202.5,110.0,93.75,93.75
3621,2019-07-10,19:22:09,154.625,154.625,154.59375,154.59375,288,44525.40625,154.60210503472223,-0.03125,-0.0002021222846702031,154.6227548503062,154.72942730552714,-0.10667245522094504,0.9999999999999951,0.00263671875,3.251028806584363,1.7355817665801556,0.002636718750000013,0,3621,-0.7497367178601565,-0.9980621013336832,0.05134898976610945,-20.774012440523087,0.0,-20.0,-2.034757136339064,-0.4674205891246751,-3.0,-0.9617045049177284,0.03635759641595482,-2.0,1.0,-3.0,0.0,623.0,0.0,0,0,-2.0,-3.0,93.75,7406.25,-1.0,1.0,7205.0,201.25,91.25,93.75
3622,2019-07-10,19:32:10,154.59375,154.6875,154.59375,154.6875,287,44387.65625,154.6608231707317,0.09375,0.0006062443350272062,154.6371426613493,154.72813723458785,-0.09099457323856086,0.9999999999999951,0.00263671875,3.251028806584363,1.7355817665801556,0.002636718750000013,-1,3622,-0.8738375357362236,-0.9617045049177284,0.05134898976610945,-17.720810799401093,0.0,-17.720810799401093,-1.7717899563073307,-0.4674205891246751,-2.0,-0.7985380671901636,0.16316643772756478,-3.0,1.0,-2.0,0.0,623.0,93.75,0,0,-3.0,-2.0,-187.5,7218.75,1.0,1.0,7207.5,11.25,-190.0,91.25
3623,2019-07-10,19:45:42,154.6875,154.6875,154.625,154.6875,287,44386.90625,154.65820993031357,0.0,0.0,154.64833318104945,154.726886858139,-0.07855367708955896,0.9999999999999993,0.00615234375,1.5041572184429317,-0.19604278777442416,0.006152343750000005,0,3623,-0.9902905875507494,-0.7985380671901636,0.07843687748756961,-10.014890904091365,0.0,-10.014890904091365,-0.8827000887844648,-0.4674205891246751,-1.0,-0.3161872578668088,0.48235080932335483,2.0,1.0,-3.0,0.0,623.0,93.75,0,0,2.0,-3.0,-0.0,7218.75,1.0,5.0,7220.0,-1.25,-12.5,-12.5
3624,2019-07-10,19:55:26,154.65625,154.6875,154.65625,154.6875,287,44392.28125,154.67693815331012,0.0,0.0,154.65703691859403,154.72567495481167,-0.06863803621763509,0.9999999999999993,0.00615234375,1.5041572184429317,-0.19604278777442416,0.006152343750000005,0,3624,-0.8944080945953938,-0.3161872578668088,0.07843687748756961,-8.750735421423755,0.0,-8.750735421423755,-0.736844974030761,-0.4674205891246751,-1.0,0.32370182047441276,0.6398890783412216,1.0,-1.0,2.0,1.0,624.0,0.0,0,0,1.0,2.0,0.0,7218.75,0.0,1.0,7222.5,-3.75,-2.5,-2.5
3625,2019-07-10,20:12:33,154.6875,154.71875,154.5625,154.5625,287,44388.28125,154.66300087108013,-0.125,-0.0008084074813741182,154.63602871446204,154.72065418697133,-0.08462547250928765,1.0000000000000002,0.00361328125,2.607742878013152,-1.5174736878455117,0.0036132812499999993,0,3625,-0.44014379657420066,0.32370182047441276,0.06011057519272295,-14.078300238845909,0.0,-14.078300238845909,-1.3515261492950361,-0.4674205891246751,-2.0,0.9949870723733016,0.6712852518988889,1.0,-1.0,1.0,0.0,624.0,-125.0,0,0,1.0,1.0,-125.0,7093.75,-1.0,0.0,7222.5,-128.75,-125.0,-2.5
3626,2019-07-10,20:36:43,154.5625,154.5625,154.46875,154.53125,288,44499.9375,154.513671875,-0.03125,-0.0002022040245490686,154.6127445556927,154.71482636583374,-0.10208181014104412,0.9999999999999991,0.005175781250000001,1.1285154859380562,-1.032658539398995,0.005175781250000005,0,3626,0.7742753502660917,0.9949870723733016,0.0719429027076334,-14.18928154120933,0.0,-14.18928154120933,-1.3643308958738145,-0.4674205891246751,-2.0,0.7850473677596823,-0.20993970461361933,-2.0,-1.0,1.0,0.0,624.0,-156.25,0,0,-2.0,1.0,-31.25,7062.5,0.0,3.0,7230.0,-167.5,-38.75,-38.75
3627,2019-07-10,20:53:04,154.53125,154.625,154.53125,154.5625,287,44362.6875,154.57382404181186,0.03125,0.0002022040245490686,154.60157909887212,154.71013940073118,-0.10856030185905752,0.9999999999999983,0.00751953125,0.12987012987013222,-0.9266785330582891,0.007519531250000013,-1,3627,0.993119526353542,0.7850473677596823,0.08671523078444762,-12.519173492014486,0.0,-12.519173492014486,-1.1716379838814,-0.4674205891246751,-2.0,0.6167462429419827,-0.16830112481769965,2.0,-1.0,-2.0,1.0,625.0,31.25,0,0,2.0,-2.0,-62.5,7000.0,0.0,4.0,7240.0,-240.0,-72.5,-38.75
3628,2019-07-10,22:16:56,154.5625,154.65625,154.53125,154.625,287,44366.59375,154.58743466898954,0.0625,0.0004042854310171151,154.60678374356723,154.70751972686256,-0.10073598329532274,0.9999999999999902,0.00361328125,-0.021913805697588867,-0.5901286563843657,0.0036132812500000353,-1,3628,0.9927130646068255,0.6167462429419827,0.060110575192723247,-16.758446075810877,0.0,-16.758446075810877,-1.6607547085718475,-0.4674205891246751,-2.0,0.16317490430915063,-0.45357133863283206,-2.0,1.0,2.0,1.0,626.0,62.5,0,0,-2.0,2.0,125.0,7125.0,0.0,4.0,7250.0,-125.0,115.0,115.0
3629,2019-07-10,23:32:59,154.625,154.71875,154.59375,154.71875,288,44540.8125,154.65559895833334,0.09375,0.0006061218490440723,154.63166513388566,154.70786527372832,-0.07620013984265483,0.9999999999999789,0.00244140625,-1.1999999999999886,0.0,0.002441406250000052,-1,3629,0.8130116215150306,0.16317490430915063,0.04941058844013145,-15.421823995272401,0.0,-15.421823995272401,-1.5065385780307805,-0.4674205891246751,-2.0,-0.874364969931816,-1.0375398742409667,-2.0,1.0,-2.0,1.0,627.0,93.75,0,0,-2.0,-2.0,-187.5,6937.5,0.0,0.0,7250.0,-312.5,-187.5,115.0
3630,2019-07-11,00:11:03,154.71875,154.84375,154.71875,154.84375,287,44417.5,154.76480836236934,0.125,0.0008075914026655084,154.6787951041333,154.712046342229,-0.03325123809571551,0.9999999999999908,0.005175781249999999,1.1285154859380597,-1.032658539398995,0.005175781250000047,-1,3630,-0.961406325023908,-0.874364969931816,0.07194290270763369,-4.621892757211102,0.0,-4.621892757211102,-0.2604693787456459,-0.4674205891246751,-1.0,0.3261468914401911,1.2005118613720072,2.0,1.0,-2.0,0.0,627.0,218.75,0,0,2.0,-2.0,-250.0,6687.5,1.0,4.0,7260.0,-572.5,-260.0,-187.5
3631,2019-07-11,00:18:36,154.84375,155.0,154.84375,155.0,286,44306.84375,154.9190340909091,0.15625,0.0010085729548849898,154.75017396988144,154.72090645477584,0.02926751510560166,0.9999999999999902,0.005078125000000001,2.818047337278088,-1.4926852828590782,0.00507812500000005,-1,3631,0.8990622262332344,0.3261468914401911,0.07126096406869648,4.107089412569188,4.107089412569188,0.0,0.2727931097101266,-0.01864030669414174,0.0,0.2781504063841743,-0.04799648505601678,1.0,-1.0,2.0,1.0,628.0,156.25,0,0,1.0,2.0,312.5,7000.0,1.0,1.0,7262.5,-262.5,310.0,310.0
3632,2019-07-11,00:32:38,155.0,155.03125,154.96875,154.96875,287,44485.21875,155.00076219512195,-0.03125,-0.0002016332298397927,154.7987464210189,154.7285324100135,0.07021401100539038,0.9999999999999949,0.0078125,-2.921874999999995,-0.33145630368119494,0.00781250000000004,0,3632,0.8758846413910579,0.2781504063841743,0.08838834764831867,7.943808530594926,7.943808530594926,0.0,0.2727931097101266,0.40059670434456346,1.0,0.1630257590920813,-0.11512464729209301,0.0,1.0,1.0,0.0,628.0,125.0,0,0,0.0,1.0,-31.25,6968.75,1.0,1.0,7265.0,-296.25,-33.75,310.0
3633,2019-07-11,01:03:14,154.96875,155.09375,154.9375,155.0625,286,44336.59375,155.02305506993008,0.09375,0.000604777762612585,154.85735832745917,154.73880833585926,0.11854999159990598,0.9999999999999956,0.007031249999999999,-1.5393518518518536,0.8126450751561738,0.0070312500000000305,-1,3633,0.8129235941956013,0.1630257590920813,0.0838525491562423,14.137911463968972,14.137911463968972,0.0,0.2727931097101266,1.0774242541262233,1.0,0.017912336752620658,-0.14511342233946065,1.0,1.0,0.0,0.0,628.0,218.75,0,0,1.0,0.0,0.0,6968.75,0.0,1.0,7267.5,-298.75,-2.5,-2.5
3634,2019-07-11,01:23:41,155.0625,155.0625,155.0,155.03125,287,44495.875,155.0378919860627,-0.03125,-0.00020155195069726517,154.89600092135714,154.74780654090975,0.14819438044739286,0.9999999999999989,0.00615234375,1.5041572184429317,0.19604278777442427,0.006152343750000008,0,3634,0.7196592686259715,0.017912336752620658,0.07843687748756963,18.893457413686328,18.893457413686328,0.0,0.2727931097101266,1.597061164852861,2.0,-0.1322285251964727,-0.15014086194909337,1.0,1.0,1.0,1.0,629.0,-31.25,0,0,1.0,1.0,-31.25,6937.5,1.0,0.0,7267.5,-330.0,-31.25,-2.5
3635,2019-07-11,01:59:57,155.03125,155.09375,155.0,155.03125,286,44341.125,155.0388986013986,0.0,0.0,154.92605627216668,154.75652787811254,0.1695283940541401,0.999999999999998,0.00654296875,0.7952773446201805,-0.5016571985664497,0.006542968750000012,0,3635,0.6073981720327354,-0.1322285251964727,0.08088861940965499,20.958250405483486,20.0,0.0,0.2727931097101266,1.7179727020810263,2.0,-0.30831845903942573,-0.17608993384295302,2.0,1.0,1.0,0.0,629.0,-31.25,0,0,2.0,1.0,0.0,6937.5,0.0,1.0,7270.0,-332.5,-2.5,-2.5
3636,2019-07-11,02:41:41,155.03125,155.0625,154.90625,154.90625,287,44482.84375,154.99248693379792,-0.125,-0.0008066142804752374,154.9216548783519,154.76113471263218,0.16052016571970285,0.9999999999999993,0.00341796875,1.999999999999999,-1.145405322481819,0.0034179687500000026,0,3636,0.4546447288480136,-0.30831845903942573,0.058463396668342854,27.456524059031004,20.0,0.0,0.2727931097101266,1.7179727020810263,2.0,-0.4408110564502574,-0.1324925974108317,2.0,1.0,2.0,0.0,629.0,-156.25,0,0,2.0,2.0,-250.0,6687.5,0.0,0.0,7270.0,-582.5,-250.0,-2.5
3637,2019-07-11,03:17:12,154.90625,154.96875,154.875,154.9375,287,44459.03125,154.90951655052265,0.03125,0.00020171457456186204,154.92517601649593,154.7665613368589,0.1586146796370258,0.999999999999998,0.005175781250000001,1.1285154859380562,-1.032658539398995,0.00517578125000001,-1,3637,0.3229985014610726,-0.4408110564502574,0.07194290270763344,22.047300521305782,20.0,0.0,0.2727931097101266,1.7179727020810263,2.0,-0.6116698113071135,-0.1708587548568561,2.0,1.0,2.0,0.0,629.0,-125.0,0,0,2.0,2.0,62.5,6750.0,0.0,0.0,7270.0,-520.0,62.5,62.5
3638,2019-07-11,03:44:15,154.9375,154.9375,154.875,154.90625,286,44304.03125,154.90920017482517,-0.03125,-0.00020171457456186204,154.9209702350524,154.77085944957096,0.15011078548144496,0.9999999999999984,0.005175781249999999,0.2741189035243856,-0.6064819993295691,0.005175781250000008,0,3638,0.12688561317324298,-0.6116698113071135,0.07194290270763341,20.86526673680038,20.0,0.0,0.2727931097101266,1.7179727020810263,2.0,-0.800147204555071,-0.18847739324795754,2.0,1.0,2.0,0.0,629.0,-156.25,0,0,2.0,2.0,-62.5,6687.5,0.0,0.0,7270.0,-582.5,-62.5,62.5
3639,2019-07-11,04:37:16,154.9375,155.0,154.90625,154.96875,287,44468.375,154.9420731707317,0.0625,0.0004033884685599176,154.93158796059632,154.77694838958416,0.15463957101215442,0.9999999999999889,0.0016601562499999997,-1.4878892733564004,0.5413870509510851,0.001660156250000018,-1,3639,-0.14166426684208877,-0.800147204555071,0.040745015032516776,37.95300379414353,20.0,0.0,0.2727931097101266,1.7179727020810263,2.0,-0.9092172108018677,-0.10907000624679664,2.0,1.0,2.0,0.0,629.0,-93.75,0,0,2.0,2.0,125.0,6812.5,0.0,0.0,7270.0,-457.5,125.0,125.0
3640,2019-07-11,05:29:47,154.96875,155.0,154.9375,154.9375,287,44472.78125,154.95742595818814,-0.03125,-0.00020167389399805558,154.93290174713047,154.78188843913543,0.15101330799504353,0.9999999999999908,0.00224609375,-3.081285444234402,0.31535587858059355,0.0022460937500000206,0,3640,-0.34852949850236303,-0.9092172108018677,0.04739297152532241,31.864072484747243,20.0,0.0,0.2727931097101266,1.7179727020810263,2.0,-0.9787868457955514,-0.06956963499368374,2.0,1.0,2.0,0.0,629.0,-125.0,0,0,2.0,2.0,-62.5,6750.0,0.0,0.0,7270.0,-520.0,-62.5,125.0
3641,2019-07-11,06:03:03,154.9375,154.96875,154.90625,154.9375,286,44314.3125,154.9451486013986,0.0,0.0,154.93392358110148,154.78667648716205,0.14724709393942703,0.9999999999999908,0.00224609375,-3.081285444234402,0.31535587858059355,0.0022460937500000206,0,3641,-0.5472339225750674,-0.9787868457955514,0.04739297152532241,31.06939472253852,20.0,0.0,0.2727931097101266,1.7179727020810263,2.0,-0.9999136620112101,-0.021126816215658706,2.0,1.0,2.0,0.0,629.0,-125.0,0,0,2.0,2.0,0.0,6750.0,0.0,0.0,7270.0,-520.0,0.0,0.0
3642,2019-07-11,06:18:35,154.9375,155.03125,154.9375,155.0,287,44479.53125,154.9809451219512,0.0625,0.0004033071238378483,154.94860722974562,154.79324028755707,0.15536694218855018,0.9999999999999992,0.00458984375,1.4350384789497508,-0.4220089568642765,0.0045898437500000045,-1,3642,-0.7163373542078534,-0.9999136620112101,0.06774838558962128,22.932936458393133,20.0,0.0,0.2727931097101266,1.7179727020810263,2.0,-0.9765466469137745,0.02336701509743566,2.0,1.0,2.0,0.0,629.0,-62.5,0,0,2.0,2.0,125.0,6875.0,0.0,0.0,7270.0,-395.0,125.0,125.0
3643,2019-07-11,06:37:40,155.0,155.0,154.9375,154.96875,287,44481.53125,154.9879137630662,-0.03125,-0.0002016332298397927,154.95308340091327,154.7986405864015,0.154442814511782,0.9999999999999983,0.005175781250000001,1.1285154859380562,-1.032658539398995,0.005175781250000009,0,3643,-0.8427670440861025,-0.9765466469137745,0.07194290270763343,21.467414949799487,20.0,0.0,0.2727931097101266,1.7179727020810263,2.0,-0.9090082659860451,0.06753838092772935,2.0,1.0,2.0,0.0,629.0,-93.75,0,0,2.0,2.0,-62.5,6812.5,0.0,0.0,7270.0,-457.5,-62.5,125.0
3644,2019-07-11,06:58:18,154.96875,154.96875,154.84375,154.84375,286,44307.15625,154.92012674825176,-0.125,-0.0008069397250451971,154.9287870895992,154.80002856835839,0.12875852124082598,0.9999999999999993,0.005566406250000001,-1.1172668513388746,-0.20575279705556937,0.0055664062500000045,0,3644,-0.9374725193842651,-0.9090082659860451,0.07460835241445829,17.257923151225356,17.257923151225356,0.0,0.2727931097101266,1.4183468846168972,2.0,-0.7854963198196044,0.12351194616644068,-2.0,1.0,2.0,0.0,629.0,-218.75,0,0,-2.0,2.0,-250.0,6562.5,0.0,4.0,7280.0,-717.5,-260.0,-62.5
3645,2019-07-11,07:05:32,154.84375,155.0,154.84375,154.875,287,44463.9375,154.92661149825784,0.03125,0.0002017959849442974,154.91683440302162,154.8023353816397,0.11449902138193124,1.0000000000000009,0.00322265625,1.0743801652892557,-0.2669003066973004,0.003222656249999997,-1,3645,-0.9930343512999064,-0.7854963198196044,0.05676844413932794,20.16948378942956,20.0,0.0,0.2727931097101266,1.7179727020810263,2.0,-0.561395559025305,0.22410076079429941,-2.0,-1.0,-2.0,1.0,630.0,31.25,0,0,-2.0,-2.0,-62.5,6500.0,0.0,0.0,7280.0,-780.0,-62.5,-62.5
3646,2019-07-11,07:10:47,154.875,154.90625,154.78125,154.8125,287,44438.84375,154.8391768292683,-0.0625,-0.0004036326997276518,154.89364898012795,154.8026481391277,0.09100084100023764,1.0000000000000018,0.00322265625,1.0743801652892628,0.2669003066972998,0.003222656249999994,0,3646,-0.9821311247380133,-0.561395559025305,0.05676844413932792,16.03018056596592,16.03018056596592,0.0,0.2727931097101266,1.2841918641592216,2.0,-0.19217236577394425,0.36922319325136077,-2.0,-1.0,-2.0,0.0,630.0,-31.25,0,0,-2.0,-2.0,125.0,6625.0,0.0,0.0,7280.0,-655.0,125.0,125.0
3647,2019-07-11,07:19:36,154.8125,154.875,154.78125,154.78125,287,44434.6875,154.8246951219512,-0.03125,-0.00020187746106703486,154.86867142898842,154.80198973484687,0.06668169414155045,0.9999999999999968,0.00322265625,-2.2314049586776847,0.5671631517317617,0.00322265625000001,0,3647,-0.8298135340108701,-0.19217236577394425,0.05676844413932806,11.746260647533704,11.746260647533704,0.0,0.2727931097101266,0.8160893716690096,1.0,0.19034951902772562,0.3825218848016699,-2.0,-1.0,-2.0,0.0,630.0,-62.5,0,0,-2.0,-2.0,62.5,6687.5,-1.0,0.0,7280.0,-592.5,62.5,125.0
3648,2019-07-11,07:36:57,154.8125,154.84375,154.71875,154.71875,287,44416.84375,154.76252177700349,-0.0625,-0.00040387722681511917,154.8353555558799,154.7994285122362,0.0359270436436816,0.9999999999999972,0.00537109375,-2.62809917355372,0.5814564991516648,0.005371093750000016,0,3648,-0.559580877345585,0.19034951902772562,0.07328774624724119,4.9021897224782,4.9021897224782,0.0,0.2727931097101266,0.06824003746139473,0.0,0.40533482706171337,0.21498530803398774,-1.0,-1.0,-2.0,0.0,630.0,-125.0,0,0,-1.0,-2.0,125.0,6812.5,-1.0,1.0,7282.5,-470.0,122.5,122.5
3649,2019-07-11,07:45:11,154.71875,154.78125,154.6875,154.78125,287,44410.21875,154.73943815331012,0.0625,0.00040387722681511917,154.8233320990177,154.79886917339817,0.024462925619531006,0.9999999999999972,0.00537109375,-2.62809917355372,0.5814564991516648,0.005371093750000016,-1,3649,-0.3597995981442431,0.40533482706171337,0.07328774624724119,3.337928490392332,3.337928490392332,0.0,0.2727931097101266,-0.10268626265328629,0.0,0.5621241126287182,0.15678928556700483,-0.0,-1.0,-1.0,0.0,630.0,-62.5,0,0,-0.0,-1.0,-62.5,6750.0,0.0,1.0,7285.0,-535.0,-65.0,122.5
3650,2019-07-11,08:00:12,154.78125,154.90625,154.78125,154.875,287,44439.59375,154.84179006968643,0.09375,0.0006055101607946867,154.83481385479155,154.80121166037054,0.033602194421007425,0.9999999999999961,0.005175781250000001,-2.716269134923461,-0.19669686464742786,0.005175781250000021,-1,3650,-0.18733293464477693,0.5621241126287182,0.07194290270763351,4.670675376772372,4.670675376772372,0.0,0.2727931097101266,0.042942542565225006,0.0,0.6386981653046809,0.07657405267596273,-0.0,-1.0,-0.0,0.0,630.0,31.25,0,0,-0.0,-0.0,-0.0,6750.0,0.0,0.0,7285.0,-535.0,-0.0,-0.0
3651,2019-07-11,08:09:15,154.875,154.875,154.8125,154.8125,286,44286.5,154.8479020979021,-0.0625,-0.0004036326997276518,154.82985522039345,154.80155899389763,0.02829622649582575,0.9999999999999918,0.00341796875,2.0000000000000013,-1.1454053224818184,0.003417968750000028,0,3651,-0.09246072465676973,0.6386981653046809,0.058463396668343076,4.8399901662141485,4.8399901662141485,0.0,0.2727931097101266,0.06144351281262328,0.0,0.7296918453493394,0.09099368004465846,-0.0,-1.0,-0.0,0.0,630.0,-31.25,0,0,-0.0,-0.0,0.0,6750.0,0.0,0.0,7285.0,-535.0,0.0,0.0
3652,2019-07-11,08:28:01,154.8125,154.875,154.8125,154.84375,287,44436.3125,154.83035714285714,0.03125,0.0002018367147833544,154.83294294919492,154.8028571787008,0.030085770494110875,0.9999999999999957,0.004589843749999999,-1.8243549117247622,0.0686991325127893,0.004589843750000018,-1,3652,0.03246730599636582,0.7296918453493394,0.06774838558962139,4.440809951745893,4.440809951745893,0.0,0.2727931097101266,0.017825224678574392,0.0,0.8079267013080075,0.07823485595866808,-0.0,-1.0,-0.0,0.0,630.0,0.0,0,0,-0.0,-0.0,-0.0,6750.0,0.0,0.0,7285.0,-535.0,-0.0,-0.0
3653,2019-07-11,08:46:02,154.84375,154.875,154.84375,154.875,287,44444.71875,154.85964721254356,0.03125,0.0002017959849442974,154.84228896048495,154.8050769578177,0.037212002667246225,0.9999999999999979,0.0026367187499999997,-3.333333333333331,0.6085806194501848,0.0026367187500000054,-1,3653,0.15460444912363677,0.8079267013080075,0.051348989766109375,7.246881162948674,7.246881162948674,0.0,0.2727931097101266,0.32444368465897505,1.0,0.8634894352249475,0.05556273391694,-0.0,-1.0,-0.0,0.0,630.0,31.25,0,0,-0.0,-0.0,-0.0,6750.0,1.0,0.0,7285.0,-535.0,-0.0,-0.0
3654,2019-07-11,09:09:25,154.84375,154.90625,154.8125,154.8125,287,44437.59375,154.83482142857142,-0.0625,-0.0004036326997276518,154.8356691914883,154.80530535911564,0.030363832372671595,0.9999999999999979,0.0026367187499999997,-3.333333333333331,0.6085806194501848,0.0026367187500000054,0,3654,0.2539379621019161,0.8634894352249475,0.051348989766109375,5.913228772557449,5.913228772557449,0.0,0.2727931097101266,0.17871593532090357,0.0,0.9165099564341588,0.0530205212092113,-1.0,-1.0,-0.0,0.0,630.0,-31.25,0,0,-1.0,-0.0,0.0,6750.0,-1.0,1.0,7287.5,-537.5,-2.5,-0.0
3655,2019-07-11,09:29:12,154.8125,154.8125,154.75,154.75,287,44420.125,154.77395470383274,-0.0625,-0.00040379568487303175,154.8166315933798,154.80360365575825,0.013027937621558294,1.0000000000000016,0.0017578125000000003,4.9999999999999885,2.236067977499788,0.0017578124999999977,0,3655,0.36521929619130045,0.9165099564341588,0.04192627457812103,3.107344440366005,3.107344440366005,0.0,0.2727931097101266,-0.12788210445261505,0.0,0.9447493508306526,0.02823939439649381,-0.0,-1.0,-1.0,1.0,631.0,-62.5,0,0,-0.0,-1.0,62.5,6812.5,0.0,1.0,7290.0,-477.5,60.0,60.0
3656,2019-07-11,09:52:46,154.75,154.78125,154.6875,154.6875,287,44404.75,154.72038327526133,-0.0625,-0.00040395880169619147,154.78793568373987,154.8000312355811,-0.012095551841213137,1.0000000000000093,0.0017578124999999983,5.000000000000004,-2.236067977499796,0.001757812499999982,0,3656,0.4362535736361214,0.9447493508306526,0.04192627457812084,-2.8849574551813815,0.0,-2.8849574551813815,-0.06006610456713557,-0.4674205891246751,-1.0,0.9482362688856258,0.0034869180549732537,-0.0,-1.0,-0.0,0.0,631.0,-125.0,0,0,-0.0,-0.0,0.0,6812.5,-1.0,0.0,7290.0,-477.5,0.0,60.0
3657,2019-07-11,10:05:01,154.6875,154.71875,154.59375,154.625,287,44381.5,154.63937282229966,-0.0625,-0.0004041220503570031,154.75172775401992,154.7946456591017,-0.042917905081765184,1.000000000000001,0.006054687499999999,2.1904266389177978,0.5959369214437894,0.006054687499999992,0,3657,0.4459514308844213,0.9482362688856258,0.07781187248742953,-5.515598546828255,0.0,-5.515598546828255,-0.36358292948197835,-0.4674205891246751,-1.0,0.8676065616859863,-0.08062970719963958,-1.0,-1.0,-0.0,0.0,631.0,-187.5,0,0,-1.0,-0.0,0.0,6812.5,0.0,1.0,7292.5,-480.0,-2.5,0.0
3658,2019-07-11,10:15:31,154.625,154.625,154.46875,154.46875,288,44512.34375,154.55674913194446,-0.15625,-0.0010110202054196549,154.68884380868218,154.78461810036012,-0.09577429167794094,1.000000000000001,0.006054687499999999,2.1904266389177978,0.5959369214437894,0.006054687499999992,0,3658,0.2618807178624418,0.8676065616859863,0.07781187248742953,-12.308441966026871,0.0,-12.308441966026871,-1.1473243046492478,-0.4674205891246751,-2.0,0.6843279372742542,-0.18327862441173204,-1.0,-1.0,-1.0,1.0,632.0,-156.25,0,0,-1.0,-1.0,156.25,6968.75,-1.0,0.0,7292.5,-323.75,156.25,156.25
3659,2019-07-11,10:26:56,154.46875,154.53125,154.4375,154.53125,287,44339.78125,154.49401132404182,0.0625,0.00040453074985347115,154.65382296230837,154.7768221588106,-0.12299919650223501,1.000000000000001,0.006054687499999999,2.1904266389177978,0.5959369214437894,0.006054687499999992,-1,3659,-0.03171122270528304,0.6843279372742542,0.07781187248742953,-15.807253131211496,0.0,-15.807253131211496,-1.5510084329043197,-0.4674205891246751,-2.0,0.33931143144297954,-0.3450165058312747,-2.0,-1.0,-1.0,0.0,632.0,-93.75,0,0,-2.0,-1.0,-62.5,6906.25,0.0,1.0,7295.0,-388.75,-65.0,156.25
3660,2019-07-11,10:37:42,154.53125,154.53125,154.4375,154.46875,288,44497.53125,154.50531684027777,-0.0625,-0.00040453074985347115,154.61269563735095,154.7673430154626,-0.15464737811163332,1.0000000000000004,0.006640625000000001,0.26384083044982276,-0.11842841739555011,0.006640624999999997,0,3660,-0.4252276171611555,0.33931143144297954,0.0814900300650331,-18.977459940586233,0.0,-18.977459940586233,-1.9167790080542944,-0.4674205891246751,-2.0,0.2515745802816192,-0.08773685116136032,-2.0,-1.0,-2.0,0.0,632.0,-156.25,0,0,-2.0,-2.0,125.0,7031.25,0.0,0.0,7295.0,-263.75,125.0,125.0
3661,2019-07-11,10:48:25,154.46875,154.46875,154.375,154.40625,287,44323.5625,154.4375,-0.0625,-0.00040469446120905417,154.56681882905076,154.75623246114068,-0.18941363208992357,0.9999999999999967,0.002734375,-0.612244897959183,0.5122408325718831,0.002734375000000009,0,3661,-0.5064746614031838,0.2515745802816192,0.052291251658379806,-36.22281473149047,0.0,-20.0,-2.034757136339064,-0.4674205891246751,-3.0,0.28096735512933924,0.029392774847720016,2.0,-1.0,-2.0,0.0,632.0,-218.75,0,0,2.0,-2.0,125.0,7156.25,-1.0,4.0,7305.0,-148.75,115.0,125.0
3662,2019-07-11,10:59:50,154.40625,154.4375,154.34375,154.40625,288,44466.8125,154.39865451388889,0.0,0.0,154.5311368670395,154.7454637700287,-0.21432690298919965,0.9999999999999962,0.0017578124999999998,-2.4074074074074083,-0.1656346649999846,0.0017578125000000065,0,3662,-0.4799487069585781,0.28096735512933924,0.041926274578121134,-51.11994927902426,0.0,-20.0,-2.034757136339064,-0.4674205891246751,-3.0,0.4139537591183939,0.13298640398905465,3.0,-1.0,2.0,1.0,633.0,0.0,0,0,3.0,2.0,0.0,7156.25,0.0,1.0,7307.5,-151.25,-2.5,115.0
3663,2019-07-11,11:10:50,154.40625,154.4375,154.40625,154.40625,287,44318.4375,154.41964285714286,0.0,0.0,154.50338422991962,154.73502642325857,-0.2316421933389563,0.9999999999999903,0.001171875,2.9166666666666665,-1.2932338163316421,0.0011718750000000112,0,3663,-0.35096831503102105,0.4139537591183939,0.034232659844073046,-67.66701576624997,0.0,-20.0,-2.034757136339064,-0.4674205891246751,-3.0,0.565784556962206,0.1518307978438121,3.0,-1.0,3.0,0.0,633.0,0.0,0,0,3.0,3.0,0.0,7156.25,0.0,0.0,7307.5,-151.25,0.0,0.0
3664,2019-07-11,11:22:55,154.40625,154.4375,154.375,154.4375,288,44470.65625,154.41200086805554,0.03125,0.00020236770280490646,154.48874328993747,154.7258717640814,-0.23712847414392968,0.9999999999999725,0.00048828125,2.0,0.0,0.0004882812500000134,-1,3664,-0.18297700027984878,0.565784556962206,0.022097086912079913,-107.31209733093714,0.0,-20.0,-2.034757136339064,-0.4674205891246751,-3.0,0.7844350837562344,0.2186505267940284,3.0,-1.0,3.0,0.0,633.0,31.25,0,0,3.0,3.0,93.75,7250.0,0.0,0.0,7307.5,-57.5,93.75,93.75
3665,2019-07-11,11:30:07,154.4375,154.4375,154.4375,154.4375,288,44478.0,154.4375,0.0,0.0,154.4773558921736,154.71699878672507,-0.2396428945514799,0.9999999999999928,0.00126953125,-0.17751479289940755,-0.4047960089109363,0.001269531250000009,0,3665,0.1161240117974613,0.7844350837562344,0.03563048203434819,-67.25783117962352,0.0,-20.0,-2.034757136339064,-0.4674205891246751,-3.0,0.8836426653946725,0.09920758163843812,3.0,-1.0,3.0,0.0,633.0,31.25,0,0,3.0,3.0,0.0,7250.0,0.0,0.0,7307.5,-57.5,0.0,93.75
3666,2019-07-11,11:33:01,154.4375,154.46875,154.375,154.40625,287,44318.875,154.42116724738676,-0.03125,-0.00020236770280490646,154.46155458280168,154.7074372855951,-0.24588270279340918,0.9999999999999931,0.0016601562499999997,-1.4878892733564004,-0.5413870509510851,0.0016601562500000112,0,3666,0.29378920981014195,0.8836426653946725,0.04074501503251669,-60.34669580982647,0.0,-20.0,-2.034757136339064,-0.4674205891246751,-3.0,0.9124991437067071,0.02885647831203464,3.0,-1.0,3.0,0.0,633.0,0.0,0,0,3.0,3.0,-93.75,7156.25,0.0,0.0,7307.5,-151.25,-93.75,0.0
3667,2019-07-11,11:35:34,154.40625,154.40625,154.3125,154.34375,288,44454.21875,154.35492621527777,-0.0625,-0.0004048583051252663,154.43537578662355,154.6962469075768,-0.2608711209532544,0.9999999999999956,0.00361328125,-0.021913805697588867,0.5901286563843656,0.003613281250000016,0,3667,0.35597207008281184,0.9124991437067071,0.06011057519272309,-43.39854012656913,0.0,-20.0,-2.034757136339064,-0.4674205891246751,-3.0,0.9590662610189689,0.04656711731226171,3.0,-1.0,3.0,0.0,633.0,-62.5,0,0,3.0,3.0,-187.5,6968.75,0.0,0.0,7307.5,-338.75,-187.5,-93.75
3668,2019-07-11,11:40:36,154.34375,154.40625,154.34375,154.375,288,44458.5,154.36979166666666,0.03125,0.00020244964134352728,154.42195894515166,154.6863623873437,-0.26440344219204803,0.9999999999999956,0.00361328125,-0.021913805697588867,0.5901286563843656,0.003613281250000016,-1,3668,0.4779225167430771,0.9590662610189689,0.06011057519272309,-43.98617736468714,0.0,-20.0,-2.034757136339064,-0.4674205891246751,-3.0,0.9877534299286433,0.028687168909674488,3.0,-1.0,3.0,0.0,633.0,-31.25,0,0,3.0,3.0,93.75,7062.5,0.0,0.0,7307.5,-245.0,93.75,93.75
3669,2019-07-11,11:51:32,154.375,154.46875,154.34375,154.46875,287,44308.6875,154.3856707317073,0.09375,0.0006071031249907932,154.4323569573402,154.6796666215793,-0.24730966423908285,0.9999999999999938,0.0032226562500000003,1.0743801652892546,-0.2669003066972995,0.00322265625000002,-1,3669,0.588122260805889,0.9877534299286433,0.05676844413932815,-43.564636654847334,0.0,-20.0,-2.034757136339064,-0.4674205891246751,-3.0,0.9955752500695747,0.007821820140931357,3.0,-1.0,3.0,0.0,633.0,62.5,0,0,3.0,3.0,281.25,7343.75,0.0,0.0,7307.5,36.25,281.25,281.25
3670,2019-07-11,11:55:53,154.46875,154.5,154.4375,154.46875,288,44492.59375,154.48817274305554,0.0,0.0,154.44044430015353,154.67317687937688,-0.23273257922335233,0.9999999999999938,0.0032226562500000003,1.0743801652892546,-0.2669003066972995,0.00322265625000002,0,3670,0.6375328396920636,0.9955752500695747,0.05676844413932815,-40.99682187028962,0.0,-20.0,-2.034757136339064,-0.4674205891246751,-3.0,0.9997945223157717,0.004219272246197003,3.0,-1.0,3.0,0.0,633.0,62.5,0,0,3.0,3.0,0.0,7343.75,0.0,0.0,7307.5,36.25,0.0,281.25
3671,2019-07-11,12:02:59,154.46875,154.5,154.46875,154.5,288,44487.34375,154.46994357638889,0.03125,0.0002022858305679165,154.45367890011943,154.66784836001145,-0.21416945989201963,0.9999999999999943,0.00322265625,1.0743801652892582,0.2669003066972995,0.003222656250000018,-1,3671,0.6926277300823804,0.9997945223157717,0.05676844413932813,-37.72685039004742,0.0,-20.0,-2.034757136339064,-0.4674205891246751,-3.0,0.9989507601565005,-0.0008437621592711775,-3.0,-1.0,3.0,0.0,633.0,93.75,0,0,-3.0,3.0,93.75,7437.5,0.0,6.0,7322.5,115.0,78.75,78.75
3672,2019-07-11,12:09:51,154.46875,154.5,154.4375,154.4375,287,44331.96875,154.46679006968643,-0.0625,-0.0004046125889720642,154.45008358898178,154.66076071816497,-0.21067712918318193,0.9999999999999908,0.00146484375,2.0000000000000013,-1.3608276348795436,0.0014648437500000134,0,3672,0.7387483306254594,0.9989507601565005,0.038273277230987335,-55.04548981047555,0.0,-20.0,-2.034757136339064,-0.4674205891246751,-3.0,0.9946163998431451,-0.004334360313355434,-3.0,-1.0,-3.0,1.0,634.0,-62.5,0,0,-3.0,-3.0,187.5,7625.0,0.0,0.0,7322.5,302.5,187.5,187.5
3673,2019-07-11,12:14:20,154.4375,154.4375,154.40625,154.4375,288,44477.4375,154.435546875,0.0,0.0,154.44728723587474,154.65389115760607,-0.2066039217313289,0.9999999999999931,0.0016601562499999997,-1.4878892733564004,-0.5413870509510851,0.0016601562500000112,0,3673,0.7765742023451332,0.9946163998431451,0.04074501503251669,-50.70655184847716,0.0,-20.0,-2.034757136339064,-0.4674205891246751,-3.0,0.9715374266301039,-0.0230789732130412,-3.0,-1.0,-3.0,0.0,634.0,-62.5,0,0,-3.0,-3.0,-0.0,7625.0,0.0,0.0,7322.5,302.5,-0.0,187.5
3674,2019-07-11,12:18:36,154.4375,154.5,154.4375,154.46875,287,44330.90625,154.46308797909407,0.03125,0.0002023267584041477,154.4520567390137,154.64819450660283,-0.1961377675891356,0.9999999999999968,0.005175781250000001,1.1285154859380562,1.032658539398995,0.005175781250000018,-1,3674,0.8544844766190149,0.9715374266301039,0.07194290270763348,-27.26297663943499,0.0,-20.0,-2.034757136339064,-0.4674205891246751,-3.0,0.959606229699391,-0.011931196930712873,-3.0,-1.0,-3.0,0.0,634.0,-31.25,0,0,-3.0,-3.0,-93.75,7531.25,0.0,0.0,7322.5,208.75,-93.75,-0.0
3675,2019-07-11,12:21:23,154.46875,154.46875,154.34375,154.4375,288,44469.25,154.40711805555554,-0.03125,-0.0002023267584041477,154.44882190812177,154.64171159870736,-0.19288969058558791,0.9999999999999977,0.00654296875,0.7952773446201805,0.5016571985664497,0.006542968750000016,0,3675,0.8774861290823719,0.959606229699391,0.080888619409655,-23.846332400446965,0.0,-20.0,-2.034757136339064,-0.4674205891246751,-3.0,0.9681343805220741,0.0085281508226831,3.0,-1.0,-3.0,0.0,634.0,-62.5,0,0,3.0,-3.0,93.75,7625.0,0.0,6.0,7337.5,287.5,78.75,78.75
3676,2019-07-11,12:23:46,154.4375,154.5625,154.4375,154.5625,287,44348.65625,154.52493466898954,0.125,0.0008090615328066875,154.47408370631695,154.63927431874714,-0.1651906124301945,1.0000000000000007,0.040820312500000004,2.3306471921430365,-1.3676266023878594,0.04082031249999998,-1,3676,0.8616560351684437,0.9681343805220741,0.2020403734405576,-8.176118941830966,0.0,-8.176118941830966,-0.670547154087348,-0.4674205891246751,-1.0,0.9784671203738199,0.010332739851745765,3.0,-1.0,3.0,1.0,635.0,125.0,0,0,3.0,3.0,375.0,8000.0,2.0,0.0,7337.5,662.5,375.0,375.0
3677,2019-07-11,12:28:21,154.5625,154.5625,154.46875,154.46875,288,44500.59375,154.51595052083334,-0.09375,-0.0006067347744025398,154.47289843824655,154.63402741663185,-0.1611289783853067,1.0000000000000007,0.03828125,2.5615628904623073,-1.248009514409959,0.038281249999999975,0,3677,0.8378295186914952,0.9784671203738199,0.19565594803123154,-8.235322258620348,0.0,-8.235322258620348,-0.6773778854985614,-0.4674205891246751,-1.0,0.9791299899722287,0.0006628695984087773,1.0,-1.0,3.0,0.0,635.0,31.25,0,0,1.0,3.0,-281.25,7718.75,0.0,2.0,7342.5,376.25,-286.25,375.0
3678,2019-07-11,12:30:03,154.46875,154.5625,154.03125,154.0625,288,44431.34375,154.27549913194446,-0.40625,-0.0026334462702228834,154.38169878530286,154.6164419576586,-0.23474317235573494,1.0000000000000002,0.044921875,1.7849716446124795,-1.3221697155194585,0.044921874999999986,0,3678,0.8360582979187026,0.9791299899722287,0.2119478119726646,-11.075517608363437,0.0,-11.075517608363437,-1.005072559404933,-0.4674205891246751,-1.0,0.974109199300829,-0.005020790671399711,-1.0,-1.0,1.0,0.0,635.0,-375.0,0,0,-1.0,1.0,-406.25,7312.5,0.0,2.0,7347.5,-35.0,-411.25,-286.25
3679,2019-07-11,12:30:18,154.03125,154.15625,154.0,154.03125,288,44375.21875,154.08062065972223,-0.03125,-0.00020286033135885617,154.30382127745779,154.59843605126912,-0.2946147738113325,1.0000000000000004,0.03984375,2.403042099192618,-1.512224222528538,0.03984374999999998,0,3679,0.8486605163165472,0.974109199300829,0.19960899278339136,-14.759594229857072,0.0,-14.759594229857072,-1.4301321551245185,-0.4674205891246751,-2.0,0.991517211195072,0.017408011894243014,1.0,-1.0,-1.0,1.0,636.0,-31.25,0,0,1.0,-1.0,31.25,7343.75,-1.0,2.0,7352.5,-8.75,26.25,26.25
3680,2019-07-11,12:30:35,154.0625,154.1875,154.0625,154.125,288,44393.625,154.14453125,0.09375,0.0006084575788571911,154.26408321580053,154.58386878815315,-0.31978557235262883,1.0000000000000004,0.04033203125,1.6296630689046647,-1.335268598216166,0.04033203124999998,-1,3680,0.7930150720417247,0.991517211195072,0.2008283626632453,-15.923327169123734,0.0,-15.923327169123734,-1.5644007666415352,-0.4674205891246751,-2.0,0.8171834873492267,-0.17433372384584522,-2.0,-1.0,1.0,1.0,637.0,93.75,0,0,-2.0,1.0,93.75,7437.5,0.0,3.0,7360.0,77.5,86.25,86.25
3681,2019-07-11,12:31:09,154.125,154.1875,154.09375,154.1875,288,44397.25,154.15711805555554,0.0625,0.00040543280506710744,154.24706472340043,154.57167282544077,-0.32460810204034374,0.9999999999999981,0.009082031249999999,-0.41970169961845133,-1.0436798246884413,0.009082031250000018,-1,3681,0.17027546962405,0.8171834873492267,0.09529969176235575,-34.061820771656144,0.0,-20.0,-2.034757136339064,-0.4674205891246751,-3.0,-0.09897565317535892,-0.9161591405245857,-2.0,-1.0,-2.0,1.0,638.0,62.5,0,0,-2.0,-2.0,-125.0,7312.5,-1.0,0.0,7360.0,-47.5,-125.0,86.25
3682,2019-07-11,12:31:38,154.1875,154.1875,154.0625,154.0625,288,44388.28125,154.1259765625,-0.125,-0.0008110300525654424,154.20605034042256,154.5560059692734,-0.34995562885083586,0.9999999999999984,0.01005859375,-2.038834951456309,-0.7532575789300446,0.010058593750000016,0,3682,-0.7736211400901472,-0.09897565317535892,0.10029254084925766,-34.89348518718141,0.0,-20.0,-2.034757136339064,-0.4674205891246751,-3.0,-0.12129578253738763,-0.022320129362028707,-3.0,-1.0,-2.0,0.0,638.0,-62.5,0,0,-3.0,-2.0,250.0,7562.5,0.0,1.0,7362.5,200.0,247.5,247.5
3683,2019-07-11,12:32:09,154.0625,154.15625,154.03125,154.15625,289,44530.40625,154.08445069204151,0.09375,0.000608334197002236,154.19498359810646,154.54370578560346,-0.34872218749700323,0.9999999999999984,0.008984375000000001,-1.8407372400756152,-0.76330456974621,0.008984375000000015,-1,3683,-0.7876548634712789,-0.12129578253738763,0.09478594305064446,-36.79049617206211,0.0,-20.0,-2.034757136339064,-0.4674205891246751,-3.0,-0.0033448783002934697,0.11795090423709416,3.0,-1.0,-3.0,0.0,638.0,31.25,0,0,3.0,-3.0,-281.25,7281.25,0.0,6.0,7377.5,-96.25,-296.25,247.5
3684,2019-07-11,12:33:00,154.15625,154.1875,154.0625,154.09375,288,44390.9375,154.13519965277777,-0.0625,-0.0004055150096125004,154.17248724297173,154.5298609922003,-0.35737374922857157,0.9999999999999984,0.008984375000000001,-1.8407372400756152,-0.76330456974621,0.008984375000000015,0,3684,-0.7094680116739861,-0.0033448783002934697,0.09478594305064446,-37.70324351129001,0.0,-20.0,-2.034757136339064,-0.4674205891246751,-3.0,0.1285677701987003,0.13191264849899378,3.0,-1.0,3.0,1.0,639.0,-62.5,0,0,3.0,3.0,-187.5,7093.75,0.0,0.0,7377.5,-283.75,-187.5,-187.5
3685,2019-07-11,12:33:42,154.09375,154.15625,154.0625,154.15625,288,44380.75,154.09982638888889,0.0625,0.0004055150096125004,154.16887896675578,154.5183652693634,-0.34948630260760183,0.9999999999999926,0.004199218749999999,3.877771768523535,-1.917756339328849,0.00419921875000003,-1,3685,-0.6103271655840539,0.1285677701987003,0.06480137922914936,-53.931923481405434,0.0,-20.0,-2.034757136339064,-0.4674205891246751,-3.0,0.24875725408307936,0.12018948388437906,3.0,-1.0,3.0,0.0,639.0,0.0,0,0,3.0,3.0,187.5,7281.25,0.0,0.0,7377.5,-96.25,187.5,187.5
3686,2019-07-11,12:34:30,154.15625,154.21875,154.125,154.21875,288,44403.75,154.1796875,0.0625,0.0004053506338435042,154.17996141858785,154.50914633799837,-0.3291849194105225,0.9999999999999929,0.0036132812500000006,2.607742878013145,-1.5174736878455115,0.003613281250000026,-1,3686,-0.5089815476353635,0.24875725408307936,0.06011057519272317,-54.76322899175531,0.0,-20.0,-2.034757136339064,-0.4674205891246751,-3.0,0.4624389520482454,0.21368169796516606,3.0,-1.0,3.0,0.0,639.0,62.5,0,0,3.0,3.0,187.5,7468.75,0.0,0.0,7377.5,91.25,187.5,187.5
3687,2019-07-11,12:36:00,154.21875,154.40625,154.15625,154.3125,288,44434.96875,154.2880859375,0.09375,0.0006077180375427815,154.20941443667945,154.5030956814446,-0.2936812447651391,0.9999999999999875,0.0022460937500000003,1.4555765595463086,-1.1180799331493776,0.0022460937500000284,-1,3687,-0.29996330342425964,0.4624389520482454,0.04739297152532249,-61.96725702422406,0.0,-20.0,-2.034757136339064,-0.4674205891246751,-3.0,0.6863414093595334,0.22390245731128794,3.0,-1.0,3.0,0.0,639.0,156.25,0,0,3.0,3.0,281.25,7750.0,0.0,0.0,7377.5,372.5,281.25,281.25
3688,2019-07-11,12:37:10,154.3125,154.34375,154.25,154.34375,288,44439.5,154.30381944444446,0.03125,0.0002024906355000411,154.23926678408404,154.49819273740016,-0.25892595331612256,0.9999999999999875,0.0022460937500000003,1.4555765595463086,-1.1180799331493776,0.0022460937500000284,-1,3688,-0.028947600858095845,0.6863414093595334,0.04739297152532249,-54.633829655052565,0.0,-20.0,-2.034757136339064,-0.4674205891246751,-3.0,0.835389871792679,0.14904846243314562,3.0,-1.0,3.0,0.0,639.0,187.5,0,0,3.0,3.0,93.75,7843.75,0.0,0.0,7377.5,466.25,93.75,281.25
3689,2019-07-11,12:38:41,154.34375,154.375,154.28125,154.3125,288,44447.53125,154.33170572916666,-0.03125,-0.0002024906355000411,154.25554083206538,154.49247911471093,-0.2369382826455535,0.9999999999999984,0.009765625,1.0500000000000007,-1.1858541225631423,0.009765625000000014,0,3689,0.20204304375403634,0.835389871792679,0.09882117688026193,-23.976468417558223,0.0,-20.0,-2.034757136339064,-0.4674205891246751,-3.0,0.9788456952407388,0.14345582344805985,3.0,-1.0,3.0,0.0,639.0,156.25,0,0,3.0,3.0,-93.75,7750.0,0.0,0.0,7377.5,372.5,-93.75,93.75
3690,2019-07-11,12:39:30,154.3125,154.40625,154.3125,154.375,287,44295.9375,154.3412456445993,0.0625,0.00040494027684356837,154.28208731382864,154.48886437271986,-0.20677705889121967,0.9999999999999984,0.011425781250000001,0.6991014683322353,-0.8445743889623242,0.011425781250000017,-1,3690,0.5474744766082974,0.9788456952407388,0.10689144610304427,-19.344584288988365,0.0,-19.344584288988365,-1.9591369020785938,-0.4674205891246751,-2.0,0.9869830103054833,0.008137315064744466,3.0,-1.0,3.0,0.0,639.0,218.75,0,0,3.0,3.0,187.5,7937.5,1.0,0.0,7377.5,560.0,187.5,187.5
3691,2019-07-11,12:41:04,154.375,154.40625,154.21875,154.21875,288,44451.09375,154.34407552083334,-0.15625,-0.00101265831438635,154.26801235520006,154.48055316125158,-0.21254080605152126,0.9999999999999984,0.011425781250000001,0.6991014683322353,-0.8445743889623242,0.011425781250000017,0,3691,0.8116225126551592,0.9869830103054833,0.10689144610304427,-19.883799293596432,0.0,-19.883799293596432,-2.0213501879064317,-0.4674205891246751,-2.0,0.9139536512513603,-0.073029359054123,-2.0,-1.0,3.0,0.0,639.0,62.5,0,0,-2.0,3.0,-468.75,7468.75,0.0,5.0,7390.0,78.75,-481.25,187.5
3692,2019-07-11,12:42:32,154.21875,154.34375,154.21875,154.34375,288,44438.25,154.29947916666666,0.125,0.0008102086730428226,154.2848429429334,154.47634383321306,-0.19150089027965578,0.9999999999999984,0.011425781250000001,0.6991014683322353,-0.8445743889623242,0.011425781250000017,-1,3692,0.9332198973810117,0.9139536512513603,0.10689144610304427,-17.915455095915465,0.0,-17.915455095915465,-1.7942475310230213,-0.4674205891246751,-2.0,0.6479084047203035,-0.26604524653105677,2.0,-1.0,-2.0,1.0,640.0,125.0,0,0,2.0,-2.0,-250.0,7218.75,0.0,4.0,7400.0,-181.25,-260.0,-260.0
3693,2019-07-11,12:44:52,154.34375,154.40625,154.34375,154.375,288,44459.59375,154.37358940972223,0.03125,0.00020244964134352728,154.30487784450378,154.4732255614219,-0.16834771691813444,0.9999999999999992,0.010546875,0.8590534979423872,-0.11551761758082195,0.010546875000000011,-1,3693,0.9967565696083718,0.6479084047203035,0.1026979795322187,-16.392505255210004,0.0,-16.392505255210004,-1.6185333670409983,-0.4674205891246751,-2.0,0.3705565377748734,-0.2773518669454301,-2.0,1.0,2.0,1.0,641.0,31.25,0,0,-2.0,2.0,62.5,7281.25,0.0,4.0,7410.0,-128.75,52.5,52.5
3694,2019-07-11,12:46:45,154.375,154.40625,154.3125,154.34375,287,44301.375,154.36019163763066,-0.03125,-0.00020244964134352728,154.31351610128073,154.46924169799357,-0.15572559671284125,0.9999999999999983,0.00849609375,0.6302021403091563,0.3234440850605016,0.008496093750000013,0,3694,0.918790827761379,0.3705565377748734,0.09217425752345398,-16.894694993688066,0.0,-16.894694993688066,-1.6764747697704196,-0.4674205891246751,-2.0,0.03017145141937998,-0.3403850863554934,-2.0,1.0,-2.0,1.0,642.0,-31.25,0,0,-2.0,-2.0,62.5,7343.75,0.0,0.0,7410.0,-66.25,62.5,62.5
3695,2019-07-11,12:48:47,154.34375,154.375,154.25,154.3125,288,44446.125,154.32682291666666,-0.03125,-0.0002024906355000411,154.31329030099616,154.46441887651685,-0.15112857552068704,0.9999999999999983,0.00341796875,1.999999999999999,-1.145405322481819,0.003417968750000005,0,3695,0.7281193003264811,0.03017145141937998,0.05846339666834288,-25.850118900553216,0.0,-20.0,-2.034757136339064,-0.4674205891246751,-3.0,-0.6906667614274401,-0.72083821284682,-2.0,1.0,-2.0,0.0,642.0,-62.5,0,0,-2.0,-2.0,62.5,7406.25,-1.0,0.0,7410.0,-3.75,62.5,62.5
3696,2019-07-11,12:50:07,154.3125,154.34375,154.1875,154.1875,288,44427.5625,154.26236979166666,-0.125,-0.0008103728158230794,154.2853369007748,154.45589829570096,-0.1705613949261533,1.0000000000000004,0.00224609375,1.4555765595463097,-1.118079933149378,0.002246093749999999,0,3696,0.02298549746104342,-0.6906667614274401,0.04739297152532218,-35.98875306542489,0.0,-20.0,-2.034757136339064,-0.4674205891246751,-3.0,-0.9239625518379958,-0.2332957904105557,-3.0,1.0,-2.0,0.0,642.0,-187.5,0,0,-3.0,-2.0,250.0,7656.25,0.0,1.0,7412.5,243.75,247.5,247.5
3697,2019-07-11,12:52:38,154.1875,154.25,154.1875,154.1875,288,44412.4375,154.20985243055554,0.0,0.0,154.2635953672693,154.44763988660247,-0.18404451933318455,0.9999999999999991,0.0048828125,0.1999999999999993,0.0,0.004882812500000005,0,3697,-0.3828839022528486,-0.9239625518379958,0.06987712429686846,-26.338307591377585,0.0,-20.0,-2.034757136339064,-0.4674205891246751,-3.0,-0.9984867150577121,-0.07452416321971633,-3.0,1.0,-3.0,0.0,642.0,-187.5,0,0,-3.0,-3.0,-0.0,7656.25,0.0,0.0,7412.5,243.75,-0.0,247.5
3698,2019-07-11,12:55:56,154.1875,154.21875,154.09375,154.125,288,44398.5,154.16145833333334,-0.0625,-0.00040543280506710744,154.232796396765,154.43771250547627,-0.20491610871127364,0.9999999999999982,0.006640624999999999,-1.4878892733564004,-0.5413870509510851,0.006640625000000011,0,3698,-0.6671504837308595,-0.9984867150577121,0.08149003006503318,-25.146156965182143,0.0,-20.0,-2.034757136339064,-0.4674205891246751,-3.0,-0.9703343651358671,0.02815234992184501,-3.0,1.0,-3.0,0.0,642.0,-250.0,0,0,-3.0,-3.0,187.5,7843.75,0.0,0.0,7412.5,431.25,187.5,187.5
3699,2019-07-11,12:58:33,154.15625,154.1875,154.09375,154.1875,289,44546.28125,154.13938148788927,0.0625,0.00040543280506710744,154.22273053081722,154.43001365915396,-0.20728312833674067,0.9999999999999946,0.003125,-2.32421875,-0.052407843222651435,0.0031250000000000167,-1,3699,-0.8570850034440209,-0.9703343651358671,0.055901699437494894,-37.07993324398111,0.0,-20.0,-2.034757136339064,-0.4674205891246751,-3.0,-0.8573188487737413,0.11301551636212581,-3.0,1.0,-3.0,0.0,642.0,-187.5,0,0,-3.0,-3.0,-187.5,7656.25,0.0,0.0,7412.5,243.75,-187.5,187.5
3700,2019-07-11,13:03:07,154.1875,154.28125,154.15625,154.25,288,44417.5625,154.22764756944446,0.0625,0.00040526849592215086,154.22879041285785,154.42447477733387,-0.19568436447602267,0.9999999999999946,0.003125,-2.32421875,-0.052407843222651435,0.0031250000000000167,-1,3700,-0.970224482178665,-0.8573188487737413,0.055901699437494894,-35.00508328817844,0.0,-20.0,-2.034757136339064,-0.4674205891246751,-3.0,-0.6623110617866086,0.19500778698713273,3.0,1.0,-3.0,0.0,642.0,-125.0,0,0,3.0,-3.0,-187.5,7468.75,0.0,6.0,7427.5,41.25,-202.5,-187.5
3701,2019-07-11,13:08:09,154.25,154.28125,154.21875,154.21875,287,44270.0625,154.25108885017423,-0.03125,-0.00020261371764185299,154.22655921000057,154.41814478418516,-0.191585574184586,0.9999999999999915,0.00224609375,-3.081285444234402,0.31535587858059355,0.0022460937500000185,0,3701,-0.9981095321430864,-0.6623110617866086,0.04739297152532239,-40.42489171252335,0.0,-20.0,-2.034757136339064,-0.4674205891246751,-3.0,-0.37775071127450216,0.28456035051210643,3.0,-1.0,3.0,1.0,643.0,-31.25,0,0,3.0,3.0,-93.75,7375.0,0.0,0.0,7427.5,-52.5,-93.75,-93.75
3702,2019-07-11,13:15:06,154.21875,154.25,154.125,154.21875,289,44562.15625,154.19431228373702,0.0,0.0,154.22482383000047,154.41200956005642,-0.18718573005594408,0.9999999999999963,0.00634765625,0.5798816568047324,1.2068685239272858,0.006347656250000024,0,3702,-0.9218254475896801,-0.37775071127450216,0.07967217989988741,-23.494490836218304,0.0,-20.0,-2.034757136339064,-0.4674205891246751,-3.0,-0.012821226286772,0.36492948498773015,3.0,-1.0,3.0,0.0,643.0,-31.25,0,0,3.0,3.0,0.0,7375.0,0.0,0.0,7427.5,-52.5,0.0,0.0
3703,2019-07-11,13:21:37,154.21875,154.21875,154.09375,154.1875,288,44393.15625,154.14290364583334,-0.03125,-0.00020265477828029788,154.21652964555594,154.40510157359316,-0.18857192803722,0.9999999999999977,0.00751953125,3.7729802664867598,1.8814382337850106,0.007519531250000017,0,3703,-0.7161146363831937,-0.012821226286772,0.08671523078444765,-21.746113840827178,0.0,-20.0,-2.034757136339064,-0.4674205891246751,-3.0,0.43450680639982964,0.44732803268660165,3.0,-1.0,3.0,0.0,643.0,-62.5,0,0,3.0,3.0,-93.75,7281.25,0.0,0.0,7427.5,-146.25,-93.75,0.0
3704,2019-07-11,13:27:05,154.1875,154.375,154.1875,154.34375,288,44433.90625,154.28439670138889,0.15625,0.0010128634513231205,154.24480083543241,154.40321383286724,-0.15841299743482296,0.9999999999999971,0.00751953125,0.12987012987012747,0.9266785330582887,0.007519531250000023,-1,3704,-0.32962612933584373,0.43450680639982964,0.08671523078444768,-18.26818610776669,0.0,-18.26818610776669,-1.8349447576823452,-0.4674205891246751,-2.0,0.8039545378974716,0.369447731497642,3.0,-1.0,3.0,0.0,643.0,93.75,0,0,3.0,3.0,468.75,7750.0,1.0,0.0,7427.5,322.5,468.75,468.75
3705,2019-07-11,13:31:28,154.34375,154.34375,154.25,154.28125,287,44277.40625,154.2766768292683,-0.0625,-0.00040502228176197974,154.25290064978077,154.39946109954826,-0.14656044976749172,0.9999999999999981,0.009082031249999999,-0.41970169961845016,1.0436798246884413,0.009082031250000018,0,3705,0.1479718358344966,0.8039545378974716,0.09529969176235575,-15.378900713861956,0.0,-15.378900713861956,-1.501586196601785,-0.4674205891246751,-2.0,0.9821485629078551,0.1781940250103835,2.0,-1.0,3.0,0.0,643.0,31.25,0,0,2.0,3.0,-187.5,7562.5,0.0,1.0,7430.0,132.5,-190.0,468.75
3706,2019-07-11,13:34:06,154.28125,154.375,154.25,154.34375,288,44432.59375,154.27983940972223,0.0625,0.00040502228176197974,154.27308939427394,154.39774691186986,-0.12465751759592081,0.9999999999999982,0.0099609375,-0.6516724336793539,1.0805438748135914,0.009960937500000017,-1,3706,0.5614722546294515,0.9821485629078551,0.09980449639169578,-12.4901704935904,0.0,-12.4901704935904,-1.1682916900739166,-0.4674205891246751,-2.0,0.9868237839151243,0.004675221007269137,2.0,-1.0,2.0,0.0,643.0,93.75,0,0,2.0,2.0,125.0,7687.5,0.0,0.0,7430.0,257.5,125.0,125.0
3707,2019-07-11,13:36:08,154.34375,154.34375,154.28125,154.28125,288,44444.5625,154.32139756944446,-0.0625,-0.00040502228176197974,154.27490286221308,154.39416239150464,-0.11925952929155414,0.9999999999999976,0.0046875,-3.3333333333333326,0.6085806194501847,0.00468750000000001,0,3707,0.8121987477881214,0.9868237839151243,0.06846531968814584,-17.418969170781928,0.0,-17.418969170781928,-1.7369642200879285,-0.4674205891246751,-2.0,0.8973705446866831,-0.08945323922844117,-2.0,-1.0,2.0,0.0,643.0,31.25,0,0,-2.0,2.0,-125.0,7562.5,0.0,4.0,7440.0,122.5,-135.0,125.0
3708,2019-07-11,13:38:16,154.28125,154.3125,154.21875,154.21875,288,44432.03125,154.27788628472223,-0.0625,-0.0004051863912808429,154.26242444838795,154.38876508715066,-0.12634063876271284,0.9999999999999996,0.0087890625,-1.5185185185185155,-0.1851851851851854,0.008789062500000003,0,3708,0.9465673291673481,0.8973705446866831,0.09375000000000001,-13.476334801356034,0.0,-13.476334801356034,-1.2820728746253927,-0.4674205891246751,-2.0,0.5886974007880899,-0.30867314389859324,2.0,-1.0,-2.0,1.0,644.0,-62.5,0,0,2.0,-2.0,125.0,7687.5,0.0,4.0,7450.0,237.5,115.0,115.0
3709,2019-07-11,13:41:43,154.21875,154.3125,154.1875,154.28125,288,44424.59375,154.25206163194446,0.0625,0.0004051863912808429,154.26660790430174,154.38545693062298,-0.11884902632124295,1.0000000000000002,0.006152343749999999,1.5041572184429388,0.1960427877744244,0.006152343749999998,-1,3709,0.9878641609489729,0.5886974007880899,0.07843687748756957,-15.152187354739837,0.0,-15.152187354739837,-1.4754285732205408,-0.4674205891246751,-2.0,0.23593608386211723,-0.3527613169259726,-2.0,1.0,2.0,1.0,645.0,62.5,0,0,-2.0,2.0,125.0,7812.5,0.0,4.0,7460.0,352.5,115.0,115.0
3710,2019-07-11,13:45:54,154.28125,154.3125,154.125,154.125,288,44409.28125,154.19889322916666,-0.15625,-0.0010132739746282482,154.23513948112358,154.37744287121922,-0.14230339009563409,1.0,0.00615234375,1.5041572184429317,-0.19604278777442474,0.00615234375,0,3710,0.8539761543064552,0.23593608386211723,0.07843687748756958,-18.14240885840794,0.0,-18.14240885840794,-1.8204328915470862,-0.4674205891246751,-2.0,-0.39668569315251073,-0.632621777014628,-2.0,1.0,-2.0,1.0,646.0,-156.25,0,0,-2.0,-2.0,312.5,8125.0,0.0,0.0,7460.0,665.0,312.5,312.5
3711,2019-07-11,13:50:16,154.125,154.1875,154.09375,154.09375,288,44390.125,154.13237847222223,-0.03125,-0.00020277806010859933,154.20371959642947,154.36871385979708,-0.16499426336761758,0.9999999999999989,0.008105468749999999,0.4601538684859925,-0.8740356512688569,0.008105468750000008,0,3711,0.3685927069018626,-0.39668569315251073,0.09003037681804962,-18.326510362282402,0.0,-18.326510362282402,-1.8416740650752634,-0.4674205891246751,-2.0,-0.9685474434333974,-0.5718617502808867,-2.0,1.0,-2.0,0.0,646.0,-187.5,0,0,-2.0,-2.0,62.5,8187.5,0.0,0.0,7460.0,727.5,62.5,312.5
3712,2019-07-11,13:54:54,154.09375,154.125,154.03125,154.0625,288,44373.4375,154.07443576388889,-0.03125,-0.0002028191873897356,154.1723374638896,154.35929189488027,-0.18695443099068143,0.9999999999999989,0.0095703125,0.0020824656393199823,-0.606280821887698,0.00957031250000001,0,3712,-0.8608151079701345,-0.9685474434333974,0.09782797401561585,-19.110528749255167,0.0,-19.110528749255167,-1.932132156163568,-0.4674205891246751,-2.0,-0.7126966377755426,0.2558508056578548,-2.0,1.0,-2.0,0.0,646.0,-218.75,0,0,-2.0,-2.0,62.5,8250.0,0.0,0.0,7460.0,790.0,62.5,62.5
3713,2019-07-11,13:59:09,154.0625,154.1875,154.0625,154.125,289,44544.75,154.1340830449827,0.0625,0.0004055972474983349,154.1618180274697,154.35208291349934,-0.1902648860296381,0.9999999999999932,0.003125,-2.3242187499999987,0.052407843222650706,0.003125000000000022,-1,3713,-0.999968503523736,-0.7126966377755426,0.055901699437494935,-34.03561751148155,0.0,-20.0,-2.034757136339064,-0.4674205891246751,-3.0,-0.40426442883435737,0.3084322089411852,2.0,1.0,-2.0,0.0,646.0,-156.25,0,0,2.0,-2.0,-125.0,8125.0,-1.0,4.0,7470.0,655.0,-135.0,62.5
3714,2019-07-11,14:04:29,154.125,154.25,154.0625,154.21875,288,44388.6875,154.12738715277777,0.09375,0.0006080875833474053,154.1744695769209,154.3479803623148,-0.1735107853938871,0.9999999999999888,0.002734374999999999,0.5357142857142977,-1.0885117692152522,0.00273437500000003,-1,3714,-0.932607789132998,-0.40426442883435737,0.05229125165838001,-33.18160875693647,0.0,-20.0,-2.034757136339064,-0.4674205891246751,-3.0,0.1500197528452837,0.5542841816796411,3.0,-1.0,2.0,1.0,647.0,93.75,0,0,3.0,2.0,187.5,8312.5,0.0,1.0,7472.5,840.0,185.0,185.0
3715,2019-07-11,14:06:48,154.21875,154.28125,154.1875,154.25,288,44416.625,154.22439236111111,0.03125,0.00020261371764185299,154.19125411538292,154.34496558193587,-0.15371146655294865,0.9999999999999801,0.0016601562499999993,-1.487889273356398,-0.5413870509510844,0.0016601562500000323,-1,3715,-0.5930244689329941,0.1500197528452837,0.04074501503251695,-37.7252202337581,0.0,-20.0,-2.034757136339064,-0.4674205891246751,-3.0,0.6007718746320325,0.45075212178674884,3.0,-1.0,3.0,0.0,647.0,125.0,0,0,3.0,3.0,93.75,8406.25,0.0,0.0,7472.5,933.75,93.75,185.0
3716,2019-07-11,14:10:21,154.25,154.375,154.25,154.34375,288,44448.0,154.33333333333334,0.09375,0.0006075949554009696,154.2251420897423,154.34492817941478,-0.1197860896724876,0.9999999999999942,0.00439453125,-0.9629629629629642,-0.5237828008789239,0.004394531250000024,-1,3716,-0.14046579839925297,0.6007718746320325,0.06629126073623902,-18.06966534383693,0.0,-18.06966534383693,-1.8120399257997455,-0.4674205891246751,-2.0,0.9371364686289811,0.3363645939969486,3.0,-1.0,3.0,0.0,647.0,218.75,0,0,3.0,3.0,281.25,8687.5,1.0,0.0,7472.5,1215.0,281.25,281.25
3717,2019-07-11,14:17:05,154.375,154.40625,154.3125,154.34375,287,44301.84375,154.361824912892,0.0,0.0,154.2514994031329,154.34489192774052,-0.09339252460762282,0.9999999999999977,0.005566406249999999,-1.1172668513388746,0.2057527970555698,0.0055664062500000114,0,3717,0.41590138354576706,0.9371364686289811,0.07460835241445835,-12.517703659881958,0.0,-12.517703659881958,-1.1714683983064467,-0.4674205891246751,-2.0,0.9313158461446838,-0.0058206224842973775,-2.0,-1.0,3.0,0.0,647.0,218.75,0,0,-2.0,3.0,0.0,8687.5,0.0,5.0,7485.0,1202.5,-12.5,281.25
3718,2019-07-11,14:27:10,154.34375,154.375,154.25,154.28125,288,44440.71875,154.30805121527777,-0.0625,-0.00040502228176197974,154.25811064688116,154.3429337145793,-0.08482306769812453,0.9999999999999994,0.00634765625,0.5798816568047324,1.2068685239272863,0.0063476562500000035,0,3718,0.9160769268913197,0.9313158461446838,0.07967217989988729,-10.646510212813261,0.0,-10.646510212813261,-0.9555747533469965,-0.4674205891246751,-1.0,0.6932861652251608,-0.23802968091952292,-2.0,-1.0,-2.0,1.0,648.0,-62.5,0,0,-2.0,-2.0,125.0,8812.5,1.0,0.0,7485.0,1327.5,125.0,125.0
3719,2019-07-11,14:33:06,154.28125,154.28125,154.15625,154.1875,288,44413.5,154.21354166666666,-0.09375,-0.0006078411695611408,154.24241939201872,154.33815113874607,-0.09573174672735263,0.9999999999999994,0.00634765625,0.5798816568047324,1.2068685239272863,0.0063476562500000035,0,3719,0.9998126179021882,0.6932861652251608,0.07967217989988729,-12.015705714045371,0.0,-12.015705714045371,-1.1135491241348765,-0.4674205891246751,-2.0,0.32859219551251784,-0.364693969712643,1.0,-1.0,-2.0,0.0,648.0,-156.25,0,0,1.0,-2.0,187.5,9000.0,-1.0,3.0,7492.5,1507.5,180.0,180.0
3720,2019-07-11,14:37:43,154.1875,154.1875,154.0625,154.09375,288,44387.25,154.12239583333334,-0.09375,-0.0006082108651757068,154.2093817493479,154.33063110370773,-0.12124935435983275,0.9999999999999992,0.007031249999999999,-1.53935185185185,0.812645075156174,0.007031250000000005,0,3720,0.9001922545070706,0.32859219551251784,0.08385254915624214,-14.45982925741581,0.0,-14.45982925741581,-1.3955460183288304,-0.4674205891246751,-2.0,-0.5704164429685872,-0.899008638481105,-2.0,1.0,1.0,1.0,649.0,-93.75,0,0,-2.0,1.0,-93.75,8906.25,0.0,3.0,7500.0,1406.25,-101.25,180.0
3721,2019-07-11,14:46:56,154.09375,154.25,154.09375,154.1875,289,44549.9375,154.15203287197232,0.09375,0.0006082108651757068,154.20451913838173,154.32622706974752,-0.1217079313657905,0.9999999999999992,0.007031249999999999,-1.53935185185185,0.812645075156174,0.007031250000000005,-1,3721,0.17744080540325682,-0.5704164429685872,0.08385254915624214,-14.514517756521936,0.0,-14.514517756521936,-1.4018558413072504,-0.4674205891246751,-2.0,-0.9485598657295233,-0.37814342276093615,-2.0,1.0,-2.0,1.0,650.0,93.75,0,0,-2.0,-2.0,-187.5,8718.75,0.0,0.0,7500.0,1218.75,-187.5,-101.25
3722,2019-07-11,14:51:43,154.1875,154.25,154.15625,154.21875,288,44408.34375,154.19563802083334,0.03125,0.00020265477828029788,154.2076815520747,154.32292008298606,-0.11523853091136971,0.9999999999999977,0.005566406249999999,-1.1172668513388746,0.2057527970555698,0.0055664062500000114,-1,3722,-0.44686464631452405,-0.9485598657295233,0.07460835241445835,-15.445794898566563,0.0,-15.445794898566563,-1.5093042812205035,-0.4674205891246751,-2.0,-0.9558934737450906,-0.007333608015567261,-2.0,1.0,-2.0,0.0,650.0,125.0,0,0,-2.0,-2.0,-62.5,8656.25,0.0,0.0,7500.0,1156.25,-62.5,-62.5
3723,2019-07-11,14:59:52,154.21875,154.25,154.125,154.15625,288,44406.34375,154.18869357638889,-0.0625,-0.0004053506338435042,154.19625231828033,154.31779177274035,-0.12153945446002012,0.9999999999999942,0.00439453125,-0.9629629629629642,-0.5237828008789239,0.004394531250000024,0,3723,-0.883605621251009,-0.9558934737450906,0.06629126073623902,-18.334159451817293,0.0,-18.334159451817293,-1.8425565979971779,-0.4674205891246751,-2.0,-0.7063421166101713,0.24955135713491927,-2.0,1.0,-2.0,0.0,650.0,62.5,0,0,-2.0,-2.0,125.0,8781.25,0.0,0.0,7500.0,1281.25,125.0,125.0
3724,2019-07-11,15:08:31,154.15625,154.21875,154.125,154.15625,288,44404.03125,154.1806640625,0.0,0.0,154.18736291421803,154.31282125665606,-0.1254583424380371,0.9999999999999969,0.00439453125,-0.9629629629629631,0.5237828008789241,0.004394531250000014,0,3724,-0.9999994159193687,-0.7063421166101713,0.06629126073623894,-18.925321534796783,0.0,-18.925321534796783,-1.9107634084988916,-0.4674205891246751,-2.0,0.029819816734102274,0.7361619333442736,2.0,1.0,-2.0,0.0,650.0,62.5,0,0,2.0,-2.0,-0.0,8781.25,0.0,4.0,7510.0,1271.25,-10.0,125.0
3725,2019-07-11,15:18:44,154.15625,154.25,154.15625,154.25,288,44407.1875,154.19162326388889,0.09375,0.0006079643514853572,154.20128226661402,154.31088829491281,-0.10960602829879917,0.9999999999999969,0.00439453125,-0.9629629629629631,0.5237828008789241,0.004394531250000014,-1,3725,-0.6857065293733295,0.029819816734102274,0.06629126073623894,-16.53400871872115,0.0,-16.53400871872115,-1.634859684643096,-0.4674205891246751,-2.0,0.6512468779242313,0.621427061190129,2.0,-1.0,2.0,1.0,651.0,93.75,0,0,2.0,2.0,187.5,8968.75,0.0,0.0,7510.0,1458.75,187.5,187.5
3726,2019-07-11,15:30:44,154.25,154.25,154.15625,154.1875,288,44409.09375,154.1982421875,-0.0625,-0.00040526849592215086,154.1982195406998,154.30709173199244,-0.10887219129264736,0.9999999999999977,0.005566406249999999,-1.1172668513388746,0.2057527970555698,0.0055664062500000114,0,3726,-0.07609816350129978,0.6512468779242313,0.07460835241445835,-14.592493704706047,0.0,-14.592493704706047,-1.4108525122281586,-0.4674205891246751,-2.0,0.9784595486747665,0.3272126707505352,2.0,-1.0,2.0,0.0,651.0,31.25,0,0,2.0,2.0,-125.0,8843.75,0.0,0.0,7510.0,1333.75,-125.0,187.5
3727,2019-07-11,15:42:23,154.1875,154.25,154.15625,154.21875,288,44410.6875,154.20377604166666,0.03125,0.00020265477828029788,154.20278186498874,154.30437352485424,-0.10159165986550533,0.9999999999999977,0.005566406249999999,-1.1172668513388746,0.2057527970555698,0.0055664062500000114,-1,3727,0.5459012205601554,0.9784595486747665,0.07460835241445835,-13.616660411042382,0.0,-13.616660411042382,-1.2982632943833294,-0.4674205891246751,-2.0,0.9711890077727715,-0.007270540901994971,-2.0,-1.0,2.0,0.0,651.0,62.5,0,0,-2.0,2.0,62.5,8906.25,0.0,4.0,7520.0,1386.25,52.5,52.5
3728,2019-07-11,15:48:42,154.21875,154.21875,154.125,154.125,288,44400.59375,154.16872829861111,-0.09375,-0.0006080875833474053,154.18549700610237,154.2988543394741,-0.11335733337173792,0.9999999999999988,0.00244140625,-1.1999999999999993,0.0,0.002441406250000003,0,3728,0.8552453286692184,0.9711890077727715,0.04941058844013096,-22.94191122801319,0.0,-20.0,-2.034757136339064,-0.4674205891246751,-3.0,0.8744384515432669,-0.09675055622950457,-2.0,-1.0,-2.0,1.0,652.0,-93.75,0,0,-2.0,-2.0,187.5,9093.75,-1.0,0.0,7520.0,1573.75,187.5,187.5
3729,2019-07-11,15:52:08,154.125,154.15625,154.09375,154.125,288,44387.9375,154.12478298611111,0.0,0.0,154.1720532269685,154.2935049751826,-0.1214517482140991,0.9999999999999973,0.0021484374999999997,0.8677685950413286,-0.5516180692881066,0.0021484375000000054,0,3729,0.9613646465096314,0.8744384515432669,0.04635124054434795,-26.202480621397065,0.0,-20.0,-2.034757136339064,-0.4674205891246751,-3.0,-0.4538829492151045,-1.3283214007583715,3.0,-1.0,-2.0,0.0,652.0,-93.75,0,0,3.0,-2.0,-0.0,9093.75,0.0,5.0,7532.5,1561.25,-12.5,187.5
3730,2019-07-11,15:56:02,154.125,154.15625,154.09375,154.09375,288,44386.3125,154.119140625,-0.03125,-0.00020277806010859933,154.1546525098644,154.28735866825392,-0.13270615838951016,0.9999999999999978,0.0014648437500000002,2.0000000000000058,-1.3608276348795423,0.0014648437500000033,0,3730,-0.9510192100690994,-0.4538829492151045,0.0382732772309872,-34.673319869788216,0.0,-20.0,-2.034757136339064,-0.4674205891246751,-3.0,-0.22482419825018365,0.22905875096492087,3.0,1.0,3.0,1.0,653.0,-31.25,0,0,3.0,3.0,-93.75,9000.0,0.0,0.0,7532.5,1467.5,-93.75,-12.5
3731,2019-07-11,16:00:15,154.09375,154.125,154.0625,154.0625,289,44527.75,154.07525951557093,-0.03125,-0.0002028191873897356,154.134174174339,154.28043993999998,-0.14626576566098493,0.9999999999999997,0.00263671875,3.2510288065843675,-1.7355817665801556,0.002636718750000001,0,3731,-0.847979098264478,-0.22482419825018365,0.05134898976610933,-28.48464328650167,0.0,-20.0,-2.034757136339064,-0.4674205891246751,-3.0,0.10157389567544257,0.32639809392562624,3.0,-1.0,3.0,0.0,653.0,-62.5,0,0,3.0,3.0,-93.75,8906.25,0.0,0.0,7532.5,1373.75,-93.75,-93.75
3732,2019-07-11,16:06:11,154.0625,154.09375,154.0625,154.0625,288,44370.34375,154.06369357638889,0.0,0.0,154.11824658004144,154.2737340956923,-0.1554875156508615,0.9999999999999991,0.00341796875,1.999999999999999,-1.145405322481819,0.003417968750000003,0,3732,-0.6316260324056403,0.10157389567544257,0.05846339666834286,-26.595703382225118,0.0,-20.0,-2.034757136339064,-0.4674205891246751,-3.0,0.3279316406769112,0.22635774500146866,3.0,-1.0,3.0,0.0,653.0,-62.5,0,0,3.0,3.0,0.0,8906.25,0.0,0.0,7532.5,1373.75,0.0,0.0
3733,2019-07-11,16:16:35,154.0625,154.0625,153.9375,153.9375,288,44350.96875,153.99641927083334,-0.125,-0.0008116883562525601,154.07808067336558,154.26338843120948,-0.1853077578439013,0.9999999999999991,0.00341796875,1.999999999999999,-1.145405322481819,0.003417968750000003,0,3733,-0.4361221181254881,0.3279316406769112,0.05846339666834286,-31.69637215831542,0.0,-20.0,-2.034757136339064,-0.4674205891246751,-3.0,0.4980369166190721,0.1701052759421609,3.0,-1.0,3.0,0.0,653.0,-187.5,0,0,3.0,3.0,-375.0,8531.25,0.0,0.0,7532.5,998.75,-375.0,0.0
3734,2019-07-11,16:22:34,153.9375,153.96875,153.9375,153.96875,289,44489.53125,153.94301470588235,0.03125,0.00020298386347938902,154.05378496817323,154.25432263332613,-0.2005376651528934,0.9999999999999991,0.00341796875,1.999999999999999,-1.145405322481819,0.003417968750000003,-1,3734,-0.261006485159032,0.4980369166190721,0.05846339666834286,-34.30140508094731,0.0,-20.0,-2.034757136339064,-0.4674205891246751,-3.0,0.6459766915320917,0.14793977491301957,3.0,-1.0,3.0,0.0,653.0,-156.25,0,0,3.0,3.0,93.75,8625.0,0.0,0.0,7532.5,1092.5,93.75,93.75
3735,2019-07-11,16:32:08,153.96875,154.0,153.90625,153.9375,288,44346.78125,153.98187934027777,-0.03125,-0.00020298386347938902,154.02794386413476,154.2445742446084,-0.2166303804736458,0.9999999999999991,0.00341796875,1.999999999999999,-1.145405322481819,0.003417968750000003,0,3735,-0.08300050683317324,0.6459766915320917,0.05846339666834286,-37.05401889366244,0.0,-20.0,-2.034757136339064,-0.4674205891246751,-3.0,0.7610432055940748,0.1150665140619831,3.0,-1.0,3.0,0.0,653.0,-187.5,0,0,3.0,3.0,-93.75,8531.25,0.0,0.0,7532.5,998.75,-93.75,93.75
3736,2019-07-11,16:39:21,153.9375,153.9375,153.875,153.90625,289,44481.03125,153.91360294117646,-0.03125,-0.00020302507429459382,154.00090078321594,154.23416426785124,-0.23326348463530167,0.9999999999999879,0.00078125,0.3125000000000024,1.2577882373436315,0.0007812500000000094,0,3736,0.07943779814377816,0.7610432055940748,0.02795084971874754,-83.45488133008146,0.0,-20.0,-2.034757136339064,-0.4674205891246751,-3.0,0.8304644444732472,0.0694212388791724,3.0,-1.0,3.0,0.0,653.0,-218.75,0,0,3.0,3.0,-93.75,8437.5,0.0,0.0,7532.5,905.0,-93.75,-93.75
3737,2019-07-11,16:46:24,153.90625,153.9375,153.875,153.90625,288,44324.59375,153.90483940972223,0.0,0.0,153.97986727583464,154.22407459807124,-0.2442073222366048,0.9999999999999879,0.00078125,0.3125000000000024,1.2577882373436315,0.0007812500000000094,0,3737,0.19331790954160963,0.8304644444732472,0.02795084971874754,-87.37026769987857,0.0,-20.0,-2.034757136339064,-0.4674205891246751,-3.0,0.8537452538009194,0.02328080932767218,3.0,-1.0,3.0,0.0,653.0,-218.75,0,0,3.0,3.0,0.0,8437.5,0.0,0.0,7532.5,905.0,0.0,0.0
3738,2019-07-11,16:50:22,153.90625,153.9375,153.875,153.875,289,44476.0,153.8961937716263,-0.03125,-0.0002030663018448564,153.9565634367603,154.21333384120751,-0.25677040444722365,1.0000000000000007,0.019238281250000003,4.3487335411888965,-2.0380196191465254,0.01923828124999999,0,3738,0.2355049728810484,0.8537452538009194,0.13870213138232587,-18.512361842475812,0.0,-18.512361842475812,-1.8631171465177088,-0.4674205891246751,-2.0,0.8969014810464397,0.04315622724552037,3.0,-1.0,3.0,0.0,653.0,-250.0,0,0,3.0,3.0,-93.75,8343.75,1.0,0.0,7532.5,811.25,-93.75,0.0
3739,2019-07-11,16:57:55,153.875,153.9375,153.84375,153.90625,289,44476.4375,153.89770761245674,0.03125,0.0002030663018448564,153.9453826730358,154.20388510763192,-0.25850243459612443,1.0000000000000013,0.019238281250000003,1.5658738952304827,-1.392989840696111,0.019238281249999982,-1,3739,0.32150099933077453,0.8969014810464397,0.13870213138232584,-18.637235925637995,0.0,-18.637235925637995,-1.8775248075840119,-0.4674205891246751,-2.0,0.8563796913608717,-0.04052178968556808,-2.0,-1.0,3.0,0.0,653.0,-218.75,0,0,-2.0,3.0,93.75,8437.5,0.0,5.0,7545.0,892.5,81.25,81.25
3740,2019-07-11,17:02:06,153.90625,153.90625,153.53125,153.59375,288,44294.25,153.79947916666666,-0.3125,-0.0020325210249225734,153.86724207902785,154.1851117197048,-0.3178696406769461,1.000000000000001,0.017285156249999996,1.8758977305372042,-1.2784302810495356,0.01728515624999998,0,3740,0.24043969590092149,0.8563796913608717,0.13147302479976636,-24.17755590251781,0.0,-20.0,-2.034757136339064,-0.4674205891246751,-3.0,0.75646104610881,-0.09991864525206162,-2.0,-1.0,-2.0,1.0,654.0,-312.5,0,0,-2.0,-2.0,625.0,9062.5,-1.0,0.0,7545.0,1517.5,625.0,625.0
3741,2019-07-11,17:02:06,153.59375,153.59375,153.4375,153.46875,290,44518.4375,153.51185344827587,-0.125,-0.0008141665420220434,153.77868828368833,154.16306982063696,-0.38438153694863786,1.0000000000000022,0.01611328125,0.8980716253443516,-0.5222063253668666,0.01611328124999997,0,3741,0.07242350054574406,0.75646104610881,0.12693810007243675,-30.28102175227863,0.0,-20.0,-2.034757136339064,-0.4674205891246751,-3.0,0.6486493231393184,-0.1078117229694916,-3.0,-1.0,-2.0,0.0,654.0,-437.5,0,0,-3.0,-2.0,250.0,9312.5,0.0,1.0,7547.5,1765.0,247.5,625.0
3742,2019-07-11,17:02:11,153.4375,153.53125,153.40625,153.40625,289,44348.0,153.45328719723184,-0.0625,-0.00040733198119191627,153.69592422064648,154.13978305692507,-0.44385883627859357,1.0000000000000042,0.010546875000000004,2.0936213991769344,-1.4341089597228878,0.010546874999999963,0,3742,-0.07950573829586796,0.6486493231393184,0.10269797953221846,-43.2198216849384,0.0,-20.0,-2.034757136339064,-0.4674205891246751,-3.0,0.5533229055136836,-0.09532641762563487,-3.0,-1.0,-3.0,0.0,654.0,-500.0,0,0,-3.0,-3.0,187.5,9500.0,0.0,0.0,7547.5,1952.5,187.5,247.5
3743,2019-07-11,17:02:17,153.40625,153.4375,153.21875,153.25,290,44463.71875,153.32316810344827,-0.15625,-0.0010190564420051729,153.59682994939172,154.112405116712,-0.5155751673202928,1.000000000000003,0.005175781250000001,0.2741189035243951,0.6064819993295686,0.005175781249999985,0,3743,-0.19773812480991487,0.5533229055136836,0.07194290270763326,-71.66449335739541,0.0,-20.0,-2.034757136339064,-0.4674205891246751,-3.0,0.5103658548034271,-0.04295705071025646,-3.0,-1.0,-3.0,0.0,654.0,-656.25,0,0,-3.0,-3.0,468.75,9968.75,0.0,0.0,7547.5,2421.25,468.75,468.75
3744,2019-07-11,17:02:28,153.25,153.28125,153.15625,153.1875,290,44428.84375,153.20290948275863,-0.0625,-0.0004079135279893009,153.50586773841582,154.0839464977363,-0.5780787593204764,1.0,0.01142578125,-0.1775147928994064,0.4047960089109368,0.01142578125,0,3744,-0.24719853763259256,0.5103658548034271,0.10689144610304419,-54.08091857632873,0.0,-20.0,-2.034757136339064,-0.4674205891246751,-3.0,0.5112666401123546,0.0009007853089274542,3.0,-1.0,-3.0,0.0,654.0,-718.75,1,1,0.0,-3.0,187.5,10156.25,0.0,3.0,7555.0,2601.25,180.0,468.75
3745,2019-07-11,17:02:33,153.1875,153.28125,153.15625,153.21875,290,44432.71875,153.21627155172413,0.03125,0.0002039775631752505,153.44206379654563,154.05732506703674,-0.6152612704911178,1.0000000000000002,0.013378906250000001,-1.1737439394746663,0.6073931164348764,0.013378906249999996,-1,3745,-0.2461831181632854,0.5112666401123546,0.11566722202076091,-53.192361651141375,0.0,-20.0,-2.034757136339064,-0.4674205891246751,-3.0,0.5555455632098864,0.044278923097531786,3.0,-1.0,3.0,1.0,655.0,31.25,1,1,0.0,0.0,0.0,10156.25,0.0,0.0,7555.0,2601.25,0.0,180.0
3746,2019-07-11,17:02:42,153.21875,153.34375,153.21875,153.34375,290,44444.15625,153.25571120689656,0.125,0.0008154944386697949,153.42021628620216,154.03536891112793,-0.6151526249257699,0.9999999999999992,0.00927734375,-0.6592797783933513,-0.08537969533198031,0.009277343750000007,-1,3746,-0.19511942166649304,0.5555455632098864,0.09631896879639029,-63.866197137777476,0.0,-20.0,-2.034757136339064,-0.4674205891246751,-3.0,0.6309259346072081,0.07538037139732179,3.0,-1.0,3.0,0.0,655.0,156.25,0,1,0.0,0.0,0.0,10156.25,0.0,0.0,7555.0,2601.25,0.0,0.0
3747,2019-07-11,17:03:00,153.34375,153.34375,153.21875,153.21875,289,44296.71875,153.27584342560553,-0.125,-0.0008154944386697949,153.37544600037947,154.01024217540092,-0.6347961750214495,0.9999999999999986,0.00927734375,1.999999999999999,-1.2806954299797044,0.009277343750000016,0,3747,-0.10247188722011717,0.6309259346072081,0.09631896879639033,-65.9056240898251,0.0,-20.0,-2.034757136339064,-0.4674205891246751,-3.0,0.7074544577157665,0.0765285231085584,3.0,-1.0,3.0,0.0,655.0,31.25,0,1,0.0,0.0,-0.0,10156.25,0.0,0.0,7555.0,2601.25,-0.0,-0.0
3748,2019-07-11,17:03:15,153.21875,153.28125,153.1875,153.25,290,44438.125,153.23491379310346,0.03125,0.0002039359648140504,153.34756911140627,153.98685010846552,-0.6392809970592452,0.9999999999999983,0.00947265625,2.6750983101286017,-1.5491313812566694,0.009472656250000017,-1,3748,0.000491809801388004,0.7074544577157665,0.09732757188998406,-65.68344248656155,0.0,-20.0,-2.034757136339064,-0.4674205891246751,-3.0,0.7867228387559475,0.07926838104018097,3.0,-1.0,3.0,0.0,655.0,62.5,0,1,0.0,0.0,0.0,10156.25,0.0,0.0,7555.0,2601.25,0.0,0.0
3749,2019-07-11,17:03:52,153.25,153.34375,153.25,153.34375,290,44458.4375,153.30495689655172,0.09375,0.0006115584738557445,153.34672041998266,153.96706241282044,-0.6203419928377798,0.999999999999999,0.00751953125,0.12987012987013222,-0.9266785330582891,0.007519531250000007,-1,3749,0.11979552213961824,0.7867228387559475,0.0867152307844476,-71.53783565193929,0.0,-20.0,-2.034757136339064,-0.4674205891246751,-3.0,0.8444840184375206,0.05776117968157313,3.0,-1.0,3.0,0.0,655.0,156.25,0,1,0.0,0.0,0.0,10156.25,0.0,0.0,7555.0,2601.25,0.0,0.0
3750,2019-07-11,17:04:18,153.34375,153.4375,153.34375,153.40625,289,44332.90625,153.4010596885813,0.0625,0.0004074979681494284,153.3599492155421,153.94980664627212,-0.589857430730035,0.9999999999999921,0.0022460937500000003,1.4555765595463086,-1.1180799331493776,0.002246093750000018,-1,3750,0.21842759397267233,0.8444840184375206,0.04739297152532238,-124.4609510114533,0.0,-20.0,-2.034757136339064,-0.4674205891246751,-3.0,0.912519249337567,0.06803523090004637,3.0,-1.0,3.0,0.0,655.0,218.75,0,1,0.0,0.0,0.0,10156.25,0.0,0.0,7555.0,2601.25,0.0,0.0
3751,2019-07-11,17:05:24,153.40625,153.4375,153.375,153.375,290,44485.53125,153.39838362068966,-0.03125,-0.0002037282272508989,153.36329383431053,153.9321202879253,-0.5688264536147756,0.9999999999999958,0.00341796875,-2.897959183673469,-0.381801774160606,0.0034179687500000143,0,3751,0.3560180013464905,0.912519249337567,0.05846339666834296,-97.2961692324638,0.0,-20.0,-2.034757136339064,-0.4674205891246751,-3.0,0.967403948920371,0.05488469958280395,3.0,-1.0,3.0,0.0,655.0,187.5,0,1,0.0,0.0,-0.0,10156.25,0.0,0.0,7555.0,2601.25,-0.0,-0.0
3752,2019-07-11,17:06:21,153.375,153.4375,153.34375,153.4375,290,44483.125,153.39008620689654,0.0625,0.0004074149577641961,153.37978409335264,153.916901202143,-0.537117108790369,0.9999999999999976,0.00263671875,-3.3333333333333326,0.6085806194501845,0.0026367187500000067,-1,3752,0.5049914248620412,0.967403948920371,0.05134898976610939,-104.60130009117904,0.0,-20.0,-2.034757136339064,-0.4674205891246751,-3.0,0.9865603882906158,0.019156439370244804,3.0,-1.0,3.0,0.0,655.0,250.0,0,1,0.0,0.0,0.0,10156.25,0.0,0.0,7555.0,2601.25,0.0,0.0
3753,2019-07-11,17:07:26,153.4375,153.46875,153.375,153.40625,289,44336.125,153.41219723183391,-0.03125,-0.00020368673051329722,153.38566540594095,153.9011888574617,-0.5155234515207496,0.9999999999999976,0.0037109375,-2.479224376731304,0.7559840489048504,0.0037109375000000085,0,3753,0.5820643692097389,0.9865603882906158,0.0609174646550561,-84.62654420040141,0.0,-20.0,-2.034757136339064,-0.4674205891246751,-3.0,0.9999930256565883,0.013432637365972555,3.0,-1.0,3.0,0.0,655.0,218.75,0,1,0.0,0.0,-0.0,10156.25,0.0,0.0,7555.0,2601.25,-0.0,-0.0
3754,2019-07-11,17:09:19,153.40625,153.4375,153.375,153.375,290,44482.5,153.38793103448276,-0.03125,-0.0002037282272508989,153.38329531573186,153.8849984310783,-0.5017031153464302,0.9999999999999987,0.004589843749999999,-2.3675871435038487,0.5594072218898559,0.004589843750000006,0,3754,0.7097427431970194,0.9999930256565883,0.06774838558962129,-74.05388497158353,0.0,-20.0,-2.034757136339064,-0.4674205891246751,-3.0,0.9960617326981958,-0.003931292958392563,-3.0,-1.0,3.0,0.0,655.0,187.5,0,1,0.0,0.0,-0.0,10156.25,0.0,0.0,7555.0,2601.25,-0.0,-0.0
3755,2019-07-11,17:11:48,153.375,153.46875,153.34375,153.46875,289,44337.21875,153.41598183391002,0.09375,0.0006110602084428152,153.40228524556923,153.87219078704513,-0.4699055414758959,0.9999999999999991,0.00390625,-0.1875000000000012,0.9375000000000003,0.003906250000000004,-1,3755,0.7670158038265887,0.9960617326981958,0.06250000000000003,-75.18488663614332,0.0,-20.0,-2.034757136339064,-0.4674205891246751,-3.0,0.9634078286256226,-0.03265390407257318,-3.0,-1.0,-3.0,1.0,656.0,93.75,0,0,-3.0,0.0,0.0,10156.25,0.0,3.0,7562.5,2593.75,-7.5,-0.0
3756,2019-07-11,17:14:11,153.4375,153.46875,153.40625,153.40625,290,44495.0,153.43103448275863,-0.0625,-0.00040733198119191627,153.4031663021094,153.85785414744376,-0.45468784533434814,0.9999999999999991,0.00390625,-0.1875000000000012,0.9375000000000003,0.003906250000000004,0,3756,0.8707649970502651,0.9634078286256226,0.06250000000000003,-72.75005525349567,0.0,-20.0,-2.034757136339064,-0.4674205891246751,-3.0,0.8897804635611979,-0.07362736506442469,-3.0,-1.0,-3.0,0.0,656.0,31.25,0,0,-3.0,-3.0,187.5,10343.75,0.0,0.0,7562.5,2781.25,187.5,187.5
3757,2019-07-11,17:17:19,153.40625,153.4375,153.375,153.4375,289,44336.78125,153.4144679930796,0.03125,0.00020368673051329722,153.41079601275177,153.8449201736763,-0.43412416092451167,0.9999999999999994,0.004589843749999999,-0.7378904481665908,0.912717046241344,0.004589843750000003,-1,3757,0.951885407064317,0.8897804635611979,0.06774838558962126,-64.07889385795453,0.0,-20.0,-2.034757136339064,-0.4674205891246751,-3.0,0.7636689726594545,-0.12611149090174334,3.0,-1.0,-3.0,0.0,656.0,62.5,0,0,3.0,-3.0,-93.75,10250.0,0.0,6.0,7577.5,2672.5,-108.75,187.5
3758,2019-07-11,17:17:55,153.4375,153.4375,153.375,153.40625,290,44489.40625,153.41174568965516,-0.03125,-0.00020368673051329722,153.40978578769585,153.83142262987087,-0.42163684217501896,1.0000000000000033,0.0014648437500000002,2.0000000000000013,1.3608276348795436,0.0014648437499999952,0,3758,0.9965093097058595,0.7636689726594545,0.0382732772309871,-110.16481280930135,0.0,-20.0,-2.034757136339064,-0.4674205891246751,-3.0,0.5610524673702726,-0.20261650528918196,-3.0,1.0,3.0,1.0,657.0,-31.25,0,0,-3.0,3.0,-93.75,10156.25,0.0,6.0,7592.5,2563.75,-108.75,-108.75
3759,2019-07-11,17:20:58,153.40625,153.40625,153.3125,153.34375,289,44323.65625,153.36905276816609,-0.0625,-0.0004074979681494284,153.39511116820788,153.81641731818254,-0.42130614997466864,1.0000000000000027,0.00322265625,1.0743801652892557,-0.2669003066973004,0.003222656249999991,0,3759,0.982053026649173,0.5610524673702726,0.05676844413932789,-74.21484882352048,0.0,-20.0,-2.034757136339064,-0.4674205891246751,-3.0,0.20698178040157866,-0.3540706869686939,-3.0,1.0,-3.0,1.0,658.0,-62.5,0,0,-3.0,-3.0,187.5,10343.75,0.0,0.0,7592.5,2751.25,187.5,187.5
3760,2019-07-11,17:26:09,153.34375,153.34375,153.28125,153.3125,290,44459.78125,153.3095905172414,-0.03125,-0.00020381127146862354,153.37675313082835,153.8009121699308,-0.4241590391024488,1.0000000000000027,0.00322265625,1.0743801652892557,-0.2669003066973004,0.003222656249999991,0,3760,0.8381524610776878,0.20698178040157866,0.05676844413932789,-74.71739723241791,0.0,-20.0,-2.034757136339064,-0.4674205891246751,-3.0,-0.4225628304101234,-0.629544610811702,-3.0,1.0,-3.0,0.0,658.0,-93.75,0,0,-3.0,-3.0,93.75,10437.5,0.0,0.0,7592.5,2845.0,93.75,187.5
3761,2019-07-11,17:29:21,153.3125,153.3125,153.1875,153.1875,290,44439.84375,153.24084051724137,-0.125,-0.0008156607303764218,153.33469687953317,153.78203794931756,-0.44734106978438604,1.0000000000000027,0.00322265625,1.0743801652892557,-0.2669003066973004,0.003222656249999991,0,3761,0.34207761507039935,-0.4225628304101234,0.05676844413932789,-78.80100935767557,0.0,-20.0,-2.034757136339064,-0.4674205891246751,-3.0,-0.9456249701471073,-0.5230621397369839,-3.0,1.0,-3.0,0.0,658.0,-218.75,0,0,-3.0,-3.0,375.0,10812.5,0.0,0.0,7592.5,3220.0,375.0,375.0
3762,2019-07-11,17:30:39,153.1875,153.21875,153.15625,153.21875,290,44421.65625,153.178125,0.03125,0.0002039775631752505,153.3089309063036,153.76470601241547,-0.4557751061118722,1.0000000000000013,0.00341796875,1.999999999999999,-1.145405322481819,0.003417968749999995,-1,3762,-0.4386649856635611,-0.9456249701471073,0.05846339666834279,-77.95905337102468,0.0,-20.0,-2.034757136339064,-0.4674205891246751,-3.0,-0.966229526454602,-0.020604556307494692,-3.0,1.0,-3.0,0.0,658.0,-187.5,0,0,-3.0,-3.0,-93.75,10718.75,0.0,0.0,7592.5,3126.25,-93.75,375.0
3763,2019-07-11,17:33:27,153.21875,153.25,153.15625,153.1875,290,44428.03125,153.2001077586207,-0.03125,-0.0002039775631752505,153.28194626045837,153.74694582741807,-0.4649995669597047,1.0,0.005175781250000001,1.1285154859380562,-1.032658539398995,0.005175781250000001,0,3763,-0.8654368109754782,-0.966229526454602,0.07194290270763337,-64.63452953092573,0.0,-20.0,-2.034757136339064,-0.4674205891246751,-3.0,-0.8007938883763892,0.16543563807821282,-3.0,1.0,-3.0,0.0,658.0,-218.75,0,0,-3.0,-3.0,93.75,10812.5,0.0,0.0,7592.5,3220.0,93.75,93.75
3764,2019-07-11,17:36:00,153.1875,153.21875,153.15625,153.1875,290,44427.59375,153.19859913793104,0.0,0.0,153.26095820257873,153.72973210965137,-0.4687739070726309,0.9999999999999993,0.00361328125,-0.021913805697588867,-0.5901286563843656,0.0036132812500000028,0,3764,-0.9897613389309671,-0.8007938883763892,0.060110575192722976,-77.98526391898191,0.0,-20.0,-2.034757136339064,-0.4674205891246751,-3.0,-0.5821444796204956,0.21864940875589356,3.0,1.0,-3.0,0.0,658.0,-218.75,0,0,3.0,-3.0,-0.0,10812.5,0.0,6.0,7607.5,3205.0,-15.0,93.75
3765,2019-07-11,17:38:31,153.1875,153.28125,153.1875,153.25,290,44439.78125,153.240625,0.0625,0.0004079135279893009,153.25852304645014,153.7149711216621,-0.4564480752119664,0.9999999999999993,0.00361328125,-0.021913805697588867,-0.5901286563843656,0.0036132812500000028,-1,3765,-0.986576481866554,-0.5821444796204956,0.060110575192722976,-75.9347375646514,0.0,-20.0,-2.034757136339064,-0.4674205891246751,-3.0,-0.3227520977088363,0.25939238191165936,3.0,-1.0,3.0,1.0,659.0,62.5,0,0,3.0,3.0,187.5,11000.0,0.0,0.0,7607.5,3392.5,187.5,187.5
3766,2019-07-11,17:44:06,153.25,153.28125,153.15625,153.15625,289,44278.25,153.21193771626298,-0.09375,-0.0006119327064997293,153.23579570279455,153.69777970253406,-0.4619839997395161,0.9999999999999977,0.005175781249999999,1.128515485938055,-1.032658539398995,0.00517578125000001,0,3766,-0.897485123334399,-0.3227520977088363,0.07194290270763344,-64.21536834800213,0.0,-20.0,-2.034757136339064,-0.4674205891246751,-3.0,-0.05639907165171464,0.26635302605712163,3.0,-1.0,3.0,0.0,659.0,-31.25,0,0,3.0,3.0,-281.25,10718.75,0.0,0.0,7607.5,3111.25,-281.25,187.5
3767,2019-07-11,17:47:32,153.15625,153.1875,153.125,153.1875,290,44417.0625,153.16228448275862,0.03125,0.0002040191785104284,153.22506332439576,153.68207878860997,-0.4570154642142086,0.9999999999999976,0.005078125,2.818047337278107,-1.4926852828590789,0.005078125000000012,-1,3767,-0.7458614493094069,-0.05639907165171464,0.07126096406869621,-64.13265245382333,0.0,-20.0,-2.034757136339064,-0.4674205891246751,-3.0,0.22697925304035296,0.2833783246920676,3.0,-1.0,3.0,0.0,659.0,0.0,0,0,3.0,3.0,93.75,10812.5,0.0,0.0,7607.5,3205.0,93.75,93.75
3768,2019-07-11,17:52:13,153.1875,153.28125,153.15625,153.28125,290,44436.09375,153.22790948275863,0.09375,0.0006118079114054709,153.23754925230784,153.6697455951143,-0.43219634280646346,0.9999999999999976,0.005078125,2.818047337278107,-1.4926852828590789,0.005078125000000012,-1,3768,-0.5281524379157242,0.22697925304035296,0.07126096406869621,-60.649802939772506,0.0,-20.0,-2.034757136339064,-0.4674205891246751,-3.0,0.5105747940459191,0.28359554100556617,3.0,-1.0,3.0,0.0,659.0,93.75,0,0,3.0,3.0,281.25,11093.75,0.0,0.0,7607.5,3486.25,281.25,281.25
3769,2019-07-11,17:55:16,153.28125,153.3125,153.25,153.3125,290,44449.15625,153.27295258620688,0.03125,0.00020385281897095098,153.25420497401723,153.65875342295698,-0.4045484489397495,0.999999999999986,0.0012695312500000003,-0.17751479289942415,0.4047960089109369,0.001269531250000018,-1,3769,-0.24696308915479076,0.5105747940459191,0.035630482034348314,-113.53998762906402,0.0,-20.0,-2.034757136339064,-0.4674205891246751,-3.0,0.7590431364222392,0.2484683423763201,3.0,-1.0,3.0,0.0,659.0,125.0,0,0,3.0,3.0,93.75,11187.5,0.0,0.0,7607.5,3580.0,93.75,281.25
3770,2019-07-11,17:58:43,153.3125,153.40625,153.28125,153.375,290,44465.71875,153.3300646551724,0.0625,0.00040758101236715305,153.2810483131245,153.65002254840448,-0.3689742352799783,0.9999999999999903,0.0016601562499999997,-1.4878892733564086,0.5413870509510866,0.001660156250000016,-1,3770,0.07636951367826948,0.7590431364222392,0.04074501503251675,-90.55690247887176,0.0,-20.0,-2.034757136339064,-0.4674205891246751,-3.0,0.9624385201035411,0.20339538368130194,3.0,-1.0,3.0,0.0,659.0,187.5,0,0,3.0,3.0,187.5,11375.0,0.0,0.0,7607.5,3767.5,187.5,187.5
3771,2019-07-11,18:02:02,153.375,153.40625,153.375,153.375,289,44325.53125,153.37554065743944,0.0,0.0,153.3019264657635,153.6415603161459,-0.33963385038239835,0.9999999999999937,0.00126953125,-0.17751479289940755,0.4047960089109363,0.001269531250000008,0,3771,0.488567514765571,0.9624385201035411,0.035630482034348175,-95.32114947392168,0.0,-20.0,-2.034757136339064,-0.4674205891246751,-3.0,0.9998427673871657,0.03740424728362457,3.0,-1.0,3.0,0.0,659.0,187.5,0,0,3.0,3.0,0.0,11375.0,0.0,0.0,7607.5,3767.5,0.0,187.5
3772,2019-07-11,18:07:57,153.375,153.375,153.3125,153.375,290,44470.46875,153.34644396551724,0.0,0.0,153.31816502892718,153.6333584602645,-0.31519343133732036,0.9999999999999942,0.0017578124999999998,-2.4074074074074083,0.1656346649999846,0.00175781250000001,0,3772,0.7195343509487435,0.9998427673871657,0.041926274578121175,-75.1780201100436,0.0,-20.0,-2.034757136339064,-0.4674205891246751,-3.0,0.9526115593721646,-0.047231208015001136,-3.0,-1.0,3.0,0.0,659.0,187.5,0,0,-3.0,3.0,0.0,11375.0,0.0,6.0,7622.5,3752.5,-15.0,0.0
3773,2019-07-11,18:18:27,153.375,153.40625,153.3125,153.34375,290,44477.40625,153.37036637931035,-0.03125,-0.0002037697408985295,153.3238505780545,153.6244474307179,-0.3005968526634035,0.9999999999999964,0.00390625,-0.1874999999999988,0.9374999999999997,0.003906250000000014,0,3773,0.8886925110515085,0.9526115593721646,0.06250000000000011,-48.09549642614448,0.0,-20.0,-2.034757136339064,-0.4674205891246751,-3.0,0.8136908949110442,-0.1389206644611204,-3.0,-1.0,-3.0,1.0,660.0,-31.25,0,0,-3.0,-3.0,93.75,11468.75,0.0,0.0,7622.5,3846.25,93.75,93.75
3774,2019-07-11,18:29:37,153.34375,153.4375,153.34375,153.40625,289,44325.78125,153.37640570934255,0.0625,0.0004074979681494284,153.3421615607091,153.6177336636189,-0.2755721029098197,0.9999999999999964,0.00390625,-0.1874999999999988,0.9374999999999997,0.003906250000000014,-1,3774,0.9864059629636027,0.8136908949110442,0.06250000000000011,-44.091536465571075,0.0,-20.0,-2.034757136339064,-0.4674205891246751,-3.0,0.5914414675398719,-0.22224942737117226,3.0,-1.0,-3.0,0.0,660.0,31.25,0,0,3.0,-3.0,-187.5,11281.25,0.0,6.0,7637.5,3643.75,-202.5,93.75
3775,2019-07-11,18:32:14,153.4375,153.53125,153.40625,153.53125,290,44505.875,153.46853448275863,0.125,0.0008144981105955296,153.38418121388486,153.61507262781527,-0.2308914139304079,0.9999999999999964,0.00390625,-0.1874999999999988,0.9374999999999997,0.003906250000000014,-1,3775,0.9883863644154386,0.5914414675398719,0.06250000000000011,-36.9426262288652,0.0,-20.0,-2.034757136339064,-0.4674205891246751,-3.0,0.3210459649551775,-0.2703955025846944,-3.0,1.0,3.0,1.0,661.0,125.0,0,0,-3.0,3.0,375.0,11656.25,0.0,6.0,7652.5,4003.75,360.0,360.0
3776,2019-07-11,18:33:41,153.53125,153.5625,153.5,153.53125,289,44370.40625,153.53081747404843,0.0,0.0,153.4168631663549,153.61249347003636,-0.19563030368146883,0.9999999999999929,0.0031249999999999993,-2.324218750000012,0.05240784322265203,0.003125000000000022,0,3776,0.8966888823515169,0.3210459649551775,0.055901699437494935,-34.99541259925521,0.0,-20.0,-2.034757136339064,-0.4674205891246751,-3.0,0.041623610634022264,-0.27942235432115525,-3.0,1.0,-3.0,1.0,662.0,0.0,0,0,-3.0,-3.0,-0.0,11656.25,0.0,0.0,7652.5,4003.75,-0.0,360.0
3777,2019-07-11,18:38:52,153.53125,153.5625,153.5,153.53125,289,44366.875,153.51859861591694,0.0,0.0,153.44228246272047,153.60999367095835,-0.16771120823787555,0.9999999999999968,0.00458984375,-2.3675871435038496,0.5594072218898556,0.004589843750000016,0,3777,0.7359263129083354,0.041623610634022264,0.06774838558962136,-24.75501176570736,0.0,-20.0,-2.034757136339064,-0.4674205891246751,-3.0,-0.20448564408357342,-0.24610925471759568,-3.0,1.0,-3.0,0.0,662.0,0.0,0,0,-3.0,-3.0,-0.0,11656.25,0.0,0.0,7652.5,4003.75,-0.0,-0.0
3778,2019-07-11,18:41:40,153.53125,153.625,153.5,153.625,289,44376.6875,153.5525519031142,0.09375,0.0006104385172776006,153.4828863598937,153.61045540415967,-0.12756904426595383,0.9999999999999954,0.0026367187499999997,-1.6872427983539058,0.5184205276797867,0.0026367187500000114,-1,3778,0.5475721203061434,-0.20448564408357342,0.05134898976610944,-24.84353535425345,0.0,-20.0,-2.034757136339064,-0.4674205891246751,-3.0,-0.4033650211884795,-0.19887937710490608,-3.0,1.0,-3.0,0.0,662.0,93.75,0,0,-3.0,-3.0,-281.25,11375.0,0.0,0.0,7652.5,3722.5,-281.25,-0.0
3779,2019-07-11,18:44:01,153.625,153.65625,153.59375,153.59375,290,44553.71875,153.6335129310345,-0.03125,-0.00020343810465917045,153.5075227243618,153.60994139172402,-0.1024186673622296,0.9999999999999988,0.005566406249999999,-1.1172668513388746,-0.2057527970555698,0.005566406250000005,0,3779,0.36180825151401397,-0.4033650211884795,0.0746083524144583,-13.727506914143026,0.0,-13.727506914143026,-1.3110524881585086,-0.4674205891246751,-2.0,-0.5444602343074518,-0.14109521311897233,-3.0,1.0,-3.0,0.0,662.0,62.5,0,0,-3.0,-3.0,93.75,11468.75,1.0,0.0,7652.5,3816.25,93.75,93.75
3780,2019-07-11,18:49:00,153.59375,153.6875,153.5625,153.65625,289,44397.03125,153.6229455017301,0.0625,0.0004068348306729419,153.54057323005918,153.61136627197868,-0.07079304191950087,0.9999999999999994,0.005859375,-1.75,0.17010345435994295,0.0058593750000000035,-1,3780,0.20812020822879673,-0.5444602343074518,0.07654655446197434,-9.2483642689193,0.0,-9.2483642689193,-0.794260152504737,-0.4674205891246751,-1.0,-0.5802744223779331,-0.03581418807048131,-2.0,1.0,-3.0,0.0,662.0,125.0,0,0,-2.0,-3.0,-187.5,11281.25,1.0,1.0,7655.0,3626.25,-190.0,93.75
3781,2019-07-11,18:53:57,153.65625,153.65625,153.5625,153.5625,289,44394.0625,153.61267301038063,-0.09375,-0.0006103143308147096,153.5454458456016,153.60986269437933,-0.06441684877773923,1.0000000000000018,0.003125,2.3632812499999987,0.821056210488204,0.003124999999999995,0,3781,0.16556664563155707,-0.5802744223779331,0.0559016994374947,-11.523236221067943,0.0,-11.523236221067943,-1.0567292191502873,-0.4674205891246751,-2.0,-0.6254784963157821,-0.045204073937848976,-1.0,1.0,-2.0,0.0,662.0,31.25,0,0,-1.0,-2.0,187.5,11468.75,-1.0,1.0,7657.5,3811.25,185.0,185.0
3782,2019-07-11,18:55:56,153.5625,153.5625,153.53125,153.53125,289,44376.125,153.55060553633217,-0.03125,-0.00020352091247666237,153.5422912132457,153.60744384224458,-0.06515262899887375,1.0000000000000009,0.0032226562500000003,1.0743801652892546,0.2669003066972995,0.0032226562499999972,0,3782,0.10943390246512973,-0.6254784963157821,0.056768444139327946,-11.476909396876957,0.0,-11.476909396876957,-1.0513841454222579,-0.4674205891246751,-2.0,-0.5973443298860921,0.028134166429690022,-2.0,1.0,-1.0,0.0,662.0,0.0,0,0,-2.0,-1.0,31.25,11500.0,0.0,1.0,7660.0,3840.0,28.75,185.0
3783,2019-07-11,18:58:55,153.53125,153.5625,153.46875,153.5,289,44364.46875,153.51027249134947,-0.03125,-0.0002035623416700716,153.53289316585779,153.60413787786783,-0.07124471201004212,1.0000000000000073,0.001171875,2.916666666666662,-1.2932338163316435,0.001171874999999991,0,3783,0.144702722368417,-0.5973443298860921,0.034232659844072755,-20.811912464458366,0.0,-20.0,-2.034757136339064,-0.4674205891246751,-3.0,-0.6605881931927852,-0.06324386330669307,-2.0,1.0,-2.0,0.0,662.0,-31.25,0,0,-2.0,-2.0,62.5,11562.5,-1.0,0.0,7660.0,3902.5,62.5,62.5
3784,2019-07-11,18:59:47,153.5,153.5625,153.46875,153.5,290,44520.6875,153.51961206896553,0.0,0.0,153.52558357344495,153.6009336354719,-0.07535006202695627,1.000000000000009,0.00029296875,-3.333333333333344,0.6085806194501838,0.00029296874999999733,0,3784,0.06375293078882587,-0.6605881931927852,0.017116329922036363,-44.022323927016075,0.0,-20.0,-2.034757136339064,-0.4674205891246751,-3.0,-0.7248098921844641,-0.06422169899167895,-3.0,1.0,-2.0,0.0,662.0,-31.25,0,0,-3.0,-2.0,-0.0,11562.5,0.0,1.0,7662.5,3900.0,-2.5,62.5
3785,2019-07-11,19:06:52,153.53125,153.5625,153.4375,153.46875,289,44366.0,153.51557093425606,-0.03125,-0.0002036037877335417,153.5129538904572,153.59686644668815,-0.08391255623095617,0.9999999999999978,0.00068359375,-0.612244897959183,0.5122408325718831,0.0006835937500000015,0,3785,-0.025357533623660253,-0.7248098921844641,0.02614562582918989,-32.09430012467832,0.0,-20.0,-2.034757136339064,-0.4674205891246751,-3.0,-0.8430704767660622,-0.11826058458159805,-3.0,1.0,-3.0,0.0,662.0,-62.5,0,0,-3.0,-3.0,93.75,11656.25,0.0,0.0,7662.5,3993.75,93.75,93.75
3786,2019-07-11,19:20:56,153.4375,153.46875,153.4375,153.46875,289,44348.34375,153.4544766435986,0.0,0.0,153.50313080368895,153.59292440217467,-0.08979359848572699,0.999999999999994,0.00126953125,-0.17751479289940755,0.4047960089109363,0.0012695312500000076,0,3786,-0.21585663426644325,-0.8430704767660622,0.03563048203434817,-25.201342602989484,0.0,-20.0,-2.034757136339064,-0.4674205891246751,-3.0,-0.9191882309396017,-0.0761177541735395,-3.0,1.0,-3.0,0.0,662.0,-62.5,0,0,-3.0,-3.0,-0.0,11656.25,0.0,0.0,7662.5,3993.75,-0.0,93.75
3787,2019-07-11,19:32:20,153.46875,153.53125,153.40625,153.5,290,44507.8125,153.47521551724137,0.03125,0.0002036037877335417,153.50243506953586,153.59006518980007,-0.08763012026420824,0.9999999999999998,0.00361328125,-0.021913805697588867,-0.5901286563843656,0.0036132812500000015,-1,3787,-0.3714925127003728,-0.9191882309396017,0.06011057519272296,-14.578153674832382,0.0,-14.578153674832382,-1.409197995254992,-0.4674205891246751,-2.0,-0.9637546189570497,-0.044566388017448055,-3.0,1.0,-3.0,0.0,662.0,-31.25,0,0,-3.0,-3.0,-93.75,11562.5,1.0,0.0,7662.5,3900.0,-93.75,-0.0
3788,2019-07-11,19:37:39,153.5,153.59375,153.5,153.5625,289,44375.34375,153.54790224913495,0.0625,0.00040708325414673396,153.51578283186126,153.58921703011393,-0.07343419825267006,1.0000000000000004,0.005175781249999999,-2.7162691349234627,-0.19669686464742817,0.005175781249999997,-1,3788,-0.49282823558492406,-0.9637546189570497,0.07194290270763334,-10.207288764966457,0.0,-10.207288764966457,-0.9048984753445477,-0.4674205891246751,-1.0,-0.9780809032430243,-0.0143262842859746,-2.0,1.0,-3.0,0.0,662.0,31.25,0,0,-2.0,-3.0,-187.5,11375.0,1.0,1.0,7665.0,3710.0,-190.0,-93.75
3789,2019-07-11,19:43:14,153.5625,153.59375,153.46875,153.46875,289,44370.84375,153.5323313148789,-0.09375,-0.0006106870418802757,153.50533109144766,153.5855103522643,-0.08017926081663518,1.000000000000001,0.005078125,-2.507396449704141,0.2276977550124023,0.005078124999999995,0,3789,-0.5443701665710162,-0.9780809032430243,0.07126096406869609,-11.251498189014367,0.0,-11.251498189014367,-1.0253767610139795,-0.4674205891246751,-1.0,-0.997973106660613,-0.019892203417588683,-1.0,1.0,-2.0,0.0,662.0,-62.5,0,0,-1.0,-2.0,187.5,11562.5,0.0,1.0,7667.5,3895.0,185.0,185.0
3790,2019-07-11,19:55:45,153.4375,153.46875,153.375,153.375,290,44486.0,153.4,-0.09375,-0.0006110602084428152,153.4763686266815,153.57903311065618,-0.10266448397467798,1.0000000000000029,0.004199218750000001,1.9307733910221714,1.4467284665112357,0.0041992187499999886,0,3790,-0.6606753379627504,-0.997973106660613,0.06480137922914904,-15.842947356357705,0.0,-15.842947356357705,-1.5551267438052532,-0.4674205891246751,-2.0,-0.9827251377210425,0.015247968939570478,-1.0,1.0,-1.0,0.0,662.0,-156.25,0,0,-1.0,-1.0,93.75,11656.25,-1.0,0.0,7667.5,3988.75,93.75,185.0
3791,2019-07-11,20:00:40,153.375,153.4375,153.34375,153.34375,290,44485.03125,153.39665948275862,-0.03125,-0.0002037697408985295,153.4468978207523,153.57179363032833,-0.12489580957603152,1.0000000000000282,0.0006835937499999995,-0.6122448979589924,0.5122408325718887,0.0006835937499999802,0,3791,-0.8257566227582919,-0.9827251377210425,0.026145625829189483,-47.76929433320178,0.0,-20.0,-2.034757136339064,-0.4674205891246751,-3.0,-0.8858730315145642,0.09685210620647833,-2.0,1.0,-1.0,0.0,662.0,-187.5,0,0,-2.0,-1.0,31.25,11687.5,-1.0,1.0,7670.0,4017.5,28.75,93.75
3792,2019-07-11,20:09:36,153.34375,153.34375,153.25,153.28125,289,44304.3125,153.30211937716263,-0.0625,-0.0004076640904395745,153.41008719391849,153.56285382631825,-0.15276663239976074,1.0000000000000104,0.002246093749999999,1.4555765595463537,-1.118079933149379,0.0022460937499999755,0,3792,-0.9544532971502729,-0.8858730315145642,0.04739297152532193,-32.23402700506719,0.0,-20.0,-2.034757136339064,-0.4674205891246751,-3.0,-0.6569189466934829,0.22895408482108126,3.0,1.0,-2.0,0.0,662.0,-250.0,0,0,3.0,-2.0,125.0,11812.5,0.0,5.0,7682.5,4130.0,112.5,112.5
3793,2019-07-11,20:29:38,153.28125,153.28125,153.1875,153.21875,290,44437.03125,153.2311422413793,-0.0625,-0.00040783034823022035,153.3675678174922,153.55226601627768,-0.18469819878549742,1.000000000000005,0.00341796875,1.999999999999999,-1.145405322481819,0.0034179687499999822,0,3793,-0.9976429221553552,-0.6569189466934829,0.05846339666834268,-31.592108791296,0.0,-20.0,-2.034757136339064,-0.4674205891246751,-3.0,-0.4388935475223181,0.21802539917116487,3.0,-1.0,3.0,1.0,663.0,-62.5,0,0,3.0,3.0,-187.5,11625.0,0.0,0.0,7682.5,3942.5,-187.5,112.5
3794,2019-07-11,20:32:35,153.21875,153.21875,153.0625,153.0625,290,44409.84375,153.1373922413793,-0.15625,-0.0010203041391205758,153.2997749691606,153.53719629269992,-0.23742132353930856,1.0000000000000004,0.0107421875,1.1322314049586761,0.6852530558585538,0.010742187499999993,0,3794,-0.945707670722409,-0.4388935475223181,0.10364452469860622,-22.90727119736614,0.0,-20.0,-2.034757136339064,-0.4674205891246751,-3.0,-0.23296916018510944,0.20592438733720864,3.0,-1.0,3.0,0.0,663.0,-218.75,0,0,3.0,3.0,-468.75,11156.25,0.0,0.0,7682.5,3473.75,-468.75,-187.5
3795,2019-07-11,20:34:00,153.0625,153.0625,152.96875,153.0625,290,44375.90625,153.02036637931033,0.0,0.0,153.24704719823603,153.52259025292454,-0.27554305468851226,1.0000000000000002,0.010546875,0.859053497942386,0.11551761758082195,0.010546874999999997,0,3795,-0.8523841912766388,-0.23296916018510944,0.10269797953221864,-26.830426065204943,0.0,-20.0,-2.034757136339064,-0.4674205891246751,-3.0,-0.04387371968298646,0.18909544050212299,3.0,-1.0,3.0,0.0,663.0,-218.75,0,0,3.0,3.0,0.0,11156.25,0.0,0.0,7682.5,3473.75,0.0,0.0
3796,2019-07-11,20:40:08,153.0625,153.1875,153.03125,153.1875,291,44556.96875,153.11673109965636,0.125,0.0008163265759453253,153.23381448751692,153.5122797836038,-0.2784652960868641,0.9999999999999997,0.0099609375,2.1164936562860426,-0.466598491396778,0.009960937500000001,-1,3796,-0.737449301992732,-0.04387371968298646,0.09980449639169571,-27.901077221410034,0.0,-20.0,-2.034757136339064,-0.4674205891246751,-3.0,-0.06311143091178238,-0.019237711228795924,-3.0,-1.0,3.0,0.0,663.0,-93.75,0,0,-3.0,3.0,375.0,11531.25,0.0,6.0,7697.5,3833.75,360.0,360.0
3797,2019-07-11,20:48:50,153.1875,153.1875,153.03125,153.1875,290,44408.15625,153.13157327586208,0.0,0.0,153.22352237917985,153.50228655949292,-0.27876418031306116,0.9999999999999954,0.003125,0.3124999999999976,1.257788237343632,0.003125000000000015,0,3797,-0.7503236751085043,-0.06311143091178238,0.05590169943749487,-49.86685254976095,0.0,-20.0,-2.034757136339064,-0.4674205891246751,-3.0,-0.0717966597202127,-0.008685228808430312,-3.0,-1.0,-3.0,1.0,664.0,0.0,0,0,-3.0,-3.0,-0.0,11531.25,0.0,0.0,7697.5,3833.75,-0.0,360.0
3798,2019-07-11,20:59:17,153.1875,153.21875,153.15625,153.1875,289,44275.65625,153.20296280276816,0.0,0.0,153.2155174060288,153.49260081920085,-0.27708341317205054,0.9999999999999923,0.002734374999999999,-0.6122448979591795,0.5122408325718838,0.0027343750000000193,0,3798,-0.7560498484542608,-0.0717966597202127,0.05229125165837991,-52.98848361524095,0.0,-20.0,-2.034757136339064,-0.4674205891246751,-3.0,0.11333673711154396,0.18513339683175667,3.0,-1.0,-3.0,0.0,664.0,0.0,0,0,3.0,-3.0,-0.0,11531.25,0.0,6.0,7712.5,3818.75,-15.0,-0.0
3799,2019-07-11,22:22:22,153.1875,153.3125,153.15625,153.25,290,44442.03125,153.24838362068965,0.0625,0.0004079135279893009,153.22318020468907,153.48513617861005,-0.26195597392097625,0.9999999999999867,0.0009765625,-2.9999999999999964,-9.251858538542974e-16,0.000976562500000013,-1,3799,-0.6224094576890538,0.11333673711154396,0.03125000000000021,-83.82591165471185,0.0,-20.0,-2.034757136339064,-0.4674205891246751,-3.0,0.3034446054359141,0.19010786832437016,3.0,-1.0,3.0,1.0,665.0,62.5,0,0,3.0,3.0,187.5,11718.75,0.0,0.0,7712.5,4006.25,187.5,187.5
3800,2019-07-11,23:50:50,153.25,153.375,153.25,153.3125,290,44457.84375,153.30290948275862,0.0625,0.0004077472023871209,153.24302904809153,153.4798242961913,-0.23679524809978147,0.9999999999999787,0.0007812500000000005,0.31249999999999406,-1.2577882373436315,0.0007812500000000172,-1,3800,-0.45919830850418136,0.3034446054359141,0.02795084971874768,-84.71844344000536,0.0,-20.0,-2.034757136339064,-0.4674205891246751,-3.0,0.4961800545216472,0.1927354490857331,3.0,-1.0,3.0,0.0,665.0,125.0,0,0,3.0,3.0,187.5,11906.25,0.0,0.0,7712.5,4193.75,187.5,187.5
3801,2019-07-12,00:14:46,153.3125,153.34375,153.25,153.34375,290,44462.6875,153.3196120689655,0.03125,0.00020381127146862354,153.265411481849,153.47563739477005,-0.21022591292106085,0.9999999999999787,0.0007812500000000005,0.31249999999999406,-1.2577882373436315,0.0007812500000000172,-1,3801,-0.26307171792054534,0.4961800545216472,0.02795084971874768,-75.21270910775013,0.0,-20.0,-2.034757136339064,-0.4674205891246751,-3.0,0.7380548442095627,0.24187478968791548,3.0,-1.0,3.0,0.0,665.0,156.25,0,0,3.0,3.0,93.75,12000.0,0.0,0.0,7712.5,4287.5,93.75,187.5
3802,2019-07-12,00:26:26,153.34375,153.4375,153.34375,153.40625,289,44331.625,153.39662629757785,0.0625,0.0004074979681494284,153.296708930327,153.4735023980079,-0.1767934676809091,1.0,0.010937500000000001,3.7643494897959187,-1.9128993591356247,0.0109375,-1,3802,0.04476984253214781,0.7380548442095627,0.10458250331675945,-16.904688841252643,0.0,-16.904688841252643,-1.6776278350407505,-0.4674205891246751,-2.0,0.8931623197276407,0.15510747551807802,3.0,-1.0,3.0,0.0,665.0,218.75,0,0,3.0,3.0,187.5,12187.5,1.0,0.0,7712.5,4475.0,187.5,187.5
3803,2019-07-12,00:48:26,153.40625,153.4375,153.375,153.40625,290,44488.84375,153.40980603448276,0.0,0.0,153.32105139025433,153.4714330934538,-0.15038170319948563,1.0,0.010937500000000001,3.7643494897959187,-1.9128993591356247,0.0109375,0,3803,0.31355085750207384,0.8931623197276407,0.10458250331675945,-14.379241118756699,0.0,-14.379241118756699,-1.3862479593692563,-0.4674205891246751,-2.0,0.9692972160670023,0.07613489633936155,2.0,-1.0,3.0,0.0,665.0,218.75,0,0,2.0,3.0,0.0,12187.5,0.0,1.0,7715.0,4472.5,-2.5,187.5
3804,2019-07-12,01:02:43,153.40625,153.40625,153.1875,153.21875,290,44453.1875,153.28685344827585,-0.1875,-0.0012229924068192233,153.2983177479756,153.46365822903985,-0.16534048106424848,1.0000000000000002,0.010546875,3.251028806584363,-1.7355817665801556,0.010546874999999997,0,3804,0.5115246888787282,0.9692972160670023,0.10269797953221864,-16.0996819818035,0.0,-16.0996819818035,-1.5847481462110926,-0.4674205891246751,-2.0,0.9944138542081591,0.025116638141156833,2.0,-1.0,2.0,0.0,665.0,31.25,0,0,2.0,2.0,-375.0,11812.5,0.0,0.0,7715.0,4097.5,-375.0,-2.5
3805,2019-07-12,01:28:37,153.21875,153.34375,153.21875,153.28125,289,44300.0625,153.2874134948097,0.0625,0.00040783034823022035,153.29452491509215,153.45804566814633,-0.16352075305417202,0.9999999999999998,0.013671875,2.000000000000002,-1.1454053224818188,0.013671875000000002,-1,3805,0.628520707376289,0.9944138542081591,0.11692679333668568,-13.984883052708119,0.0,-13.984883052708119,-1.3407479067521622,-0.4674205891246751,-2.0,0.9932586144510785,-0.0011552397570805395,-2.0,-1.0,2.0,0.0,665.0,93.75,0,0,-2.0,2.0,125.0,11937.5,0.0,4.0,7725.0,4212.5,115.0,115.0
3806,2019-07-12,01:56:20,153.28125,153.34375,153.25,153.28125,290,44458.65625,153.30571120689655,0.0,0.0,153.2915749339606,153.45260580143415,-0.16103086747355633,1.0000000000000002,0.013867187500000001,1.0920452291212044,-0.8633948602275885,0.0138671875,0,3806,0.7843073490044619,0.9932586144510785,0.11775902300885482,-13.67460966973611,0.0,-13.67460966973611,-1.3049493356911834,-0.4674205891246751,-2.0,0.9058471889710352,-0.08741142548004333,-2.0,-1.0,-2.0,1.0,666.0,0.0,0,0,-2.0,-2.0,-0.0,11937.5,0.0,0.0,7725.0,4212.5,-0.0,115.0
3807,2019-07-12,02:39:49,153.28125,153.40625,153.25,153.40625,290,44466.84375,153.33394396551725,0.125,0.0008151620585890029,153.31705828196934,153.45117946908235,-0.1341211871130099,0.9999999999999969,0.00390625,-0.1874999999999988,0.9374999999999997,0.003906250000000012,-1,3807,0.9400643861690853,0.9058471889710352,0.0625000000000001,-21.45938993808155,0.0,-20.0,-2.034757136339064,-0.4674205891246751,-3.0,0.6508488240653939,-0.2549983649056413,2.0,-1.0,-2.0,0.0,666.0,125.0,0,0,2.0,-2.0,-250.0,11687.5,-1.0,4.0,7735.0,3952.5,-260.0,-0.0
3808,2019-07-12,03:47:06,153.4375,153.46875,153.3125,153.375,289,44328.75,153.38667820069205,-0.03125,-0.0002037282272508989,153.32993421930948,153.4488354854183,-0.11890126610882135,1.0,0.0080078125,1.668649613325402,0.3321802626221164,0.0080078125,0,3808,0.9970602862232253,0.6508488240653939,0.0894863816454772,-13.287079432921827,0.0,-13.287079432921827,-1.2602370610255684,-0.4674205891246751,-2.0,0.16431123900778744,-0.48653758505760647,-3.0,1.0,2.0,1.0,667.0,-31.25,0,0,-3.0,2.0,-62.5,11625.0,1.0,5.0,7747.5,3877.5,-75.0,-75.0
3809,2019-07-12,04:26:07,153.375,153.4375,153.34375,153.375,290,44488.3125,153.40797413793103,0.0,0.0,153.3399488372407,153.44656362432852,-0.10661478708780692,0.9999999999999994,0.01005859375,-1.0208313695918545,-0.299487953068572,0.010058593750000006,0,3809,0.8136817621900797,0.16431123900778744,0.10029254084925761,-10.630380503376797,0.0,-10.630380503376797,-0.9537137475980557,-0.4674205891246751,-1.0,-0.24031048708247502,-0.4046217260902625,-2.0,1.0,-3.0,1.0,668.0,0.0,0,0,-2.0,-3.0,-0.0,11625.0,1.0,1.0,7750.0,3875.0,-2.5,-2.5
3810,2019-07-12,05:44:54,153.375,153.375,153.25,153.25,290,44459.96875,153.3102370689655,-0.125,-0.000815328214754274,153.3199602067428,153.44051551281072,-0.12055530606792786,0.9999999999999997,0.00732421875,-0.13333333333333405,-0.6085806194501847,0.007324218750000002,0,3810,0.516460602016466,-0.24031048708247502,0.08558164961018222,-14.086583586206615,0.0,-14.086583586206615,-1.3524818613070515,-0.4674205891246751,-2.0,-0.8134421930807533,-0.5731317059982782,-1.0,1.0,-2.0,0.0,668.0,-125.0,0,0,-1.0,-2.0,250.0,11875.0,-1.0,1.0,7752.5,4122.5,247.5,247.5
3811,2019-07-12,06:03:09,153.25,153.34375,153.1875,153.34375,289,44292.5,153.26124567474048,0.09375,0.0006115584738557445,153.32524682746663,153.43753811241655,-0.11229128494991869,0.999999999999999,0.00712890625,2.0210170763745565,-1.338503886932656,0.007128906250000006,-1,3811,-0.1639048245863947,-0.8134421930807533,0.08443285053816439,-13.29947813371077,0.0,-13.29947813371077,-1.261667592278379,-0.4674205891246751,-2.0,-0.9500697571375969,-0.13662756405684362,-2.0,1.0,-1.0,0.0,668.0,-31.25,0,0,-2.0,-1.0,-93.75,11781.25,0.0,1.0,7755.0,4026.25,-96.25,247.5
3812,2019-07-12,06:17:06,153.34375,153.40625,153.28125,153.40625,290,44462.5625,153.31918103448277,0.0625,0.0004074979681494284,153.34324753247407,153.4365754012653,-0.09332786879122068,0.999999999999999,0.00712890625,3.372114843310191,-1.703550401550653,0.007128906250000008,-1,3812,-0.4511568731317584,-0.9500697571375969,0.08443285053816439,-11.053502066596185,0.0,-11.053502066596185,-1.0025324609638364,-0.4674205891246751,-1.0,-0.999863161608824,-0.049793404471227154,-2.0,1.0,-2.0,0.0,668.0,31.25,0,0,-2.0,-2.0,-125.0,11656.25,1.0,0.0,7755.0,3901.25,-125.0,-96.25
3813,2019-07-12,06:35:22,153.40625,153.46875,153.375,153.4375,290,44489.625,153.4125,0.03125,0.00020368673051329722,153.36419252525764,153.43660385045715,-0.07241132519951066,0.999999999999999,0.00712890625,3.372114843310191,-1.703550401550653,0.007128906250000008,-1,3813,-0.718707415935325,-0.999863161608824,0.08443285053816439,-8.576202833135438,0.0,-8.576202833135438,-0.7167078381783457,-0.4674205891246751,-1.0,-0.9996312516859324,0.0002319099228916821,-1.0,1.0,-2.0,0.0,668.0,62.5,0,0,-1.0,-2.0,-62.5,11593.75,0.0,1.0,7757.5,3836.25,-65.0,-65.0
3814,2019-07-12,06:57:49,153.4375,153.5,153.40625,153.46875,289,44345.3125,153.44398788927336,0.03125,0.00020364525067861905,153.38742751964486,153.43759296275078,-0.05016544310592508,0.9999999999999996,0.00537109375,3.3223140495867725,-1.7443694974549941,0.005371093750000002,-1,3814,-0.6876449866149601,-0.9996312516859324,0.0732877462472411,-6.8449973801471,0.0,-6.8449973801471,-0.5169656597280986,-0.4674205891246751,-1.0,-0.9878469079023292,0.011784343783603157,-1.0,1.0,-1.0,0.0,668.0,93.75,0,0,-1.0,-1.0,-31.25,11562.5,0.0,0.0,7757.5,3805.0,-31.25,-31.25
3815,2019-07-12,07:02:52,153.46875,153.46875,153.3125,153.34375,290,44485.53125,153.39838362068966,-0.125,-0.0008148299493413447,153.37772140416823,153.43470548697385,-0.05698408280562717,1.0000000000000018,0.00458984375,-0.7378904481665908,-0.9127170462413431,0.004589843749999993,0,3815,-0.5886076366038424,-0.9878469079023292,0.0677483855896212,-8.411135159854927,0.0,-8.411135159854927,-0.6976627406736852,-0.4674205891246751,-1.0,-0.9394089533574955,0.04843795454483368,-1.0,1.0,-1.0,0.0,668.0,-31.25,0,0,-1.0,-1.0,125.0,11687.5,0.0,0.0,7757.5,3930.0,125.0,125.0
3816,2019-07-12,07:07:34,153.34375,153.375,153.25,153.34375,289,44306.0625,153.30817474048442,0.0,0.0,153.37017220324196,153.43190685660545,-0.06173465336348727,1.0000000000000004,0.00712890625,-0.6811784574967147,-0.18252325730899852,0.007128906249999997,0,3816,-0.4218672903345829,-0.9394089533574955,0.08443285053816434,-7.311686502350493,0.0,-7.311686502350493,-0.5708110896665446,-0.4674205891246751,-1.0,-0.8974749340946176,0.041934019262877875,-1.0,1.0,-1.0,0.0,668.0,-31.25,0,0,-1.0,-1.0,-0.0,11687.5,0.0,0.0,7757.5,3930.0,-0.0,125.0
3817,2019-07-12,07:12:21,153.34375,153.375,153.25,153.28125,290,44459.5625,153.30883620689656,-0.0625,-0.0004076640904395745,153.35041171363264,153.4272712610176,-0.07685954738497003,1.0000000000000009,0.006542968749999999,0.7952773446201853,0.5016571985664501,0.006542968749999993,0,3817,-0.3227302319923717,-0.8974749340946176,0.08088861940965486,-9.501898777097447,0.0,-9.501898777097447,-0.8235123333411591,-0.4674205891246751,-1.0,-0.7831033808764516,0.11437155321816606,-1.0,1.0,-1.0,0.0,668.0,-93.75,0,0,-1.0,-1.0,62.5,11750.0,0.0,0.0,7757.5,3992.5,62.5,62.5
3818,2019-07-12,07:19:23,153.28125,153.375,153.28125,153.375,290,44466.1875,153.33168103448276,0.09375,0.000611433831338104,153.35587577726983,153.42566291452476,-0.06978713725493435,0.9999999999999983,0.00419921875,-1.9632233639805285,0.235513936408806,0.004199218750000006,-1,3818,-0.11399398172052383,-0.7831033808764516,0.06480137922914918,-10.769390726724295,0.0,-10.769390726724295,-0.9697524013524992,-0.4674205891246751,-1.0,-0.8983882819207865,-0.11528490104433486,-1.0,1.0,-1.0,0.0,668.0,0.0,0,0,-1.0,-1.0,-93.75,11656.25,0.0,0.0,7757.5,3898.75,-93.75,62.5
3819,2019-07-12,07:28:18,153.375,153.40625,153.3125,153.34375,289,44324.5,153.3719723183391,-0.03125,-0.0002037697408985295,153.35318116009876,153.4231425171548,-0.06996135705603024,0.9999999999999983,0.00419921875,-1.9632233639805285,0.235513936408806,0.004199218750000006,0,3819,-0.32469365480172774,-0.8983882819207865,0.06480137922914918,-10.796275926263,0.0,-10.796275926263,-0.9728543487930303,-0.4674205891246751,-1.0,-0.9881518601945332,-0.0897635782737467,-1.0,1.0,-1.0,0.0,668.0,-31.25,0,0,-1.0,-1.0,31.25,11687.5,0.0,0.0,7757.5,3930.0,31.25,31.25
3820,2019-07-12,07:36:20,153.34375,153.40625,153.28125,153.40625,290,44465.40625,153.32898706896552,0.0625,0.0004074979681494284,153.3649742356324,153.4226227473962,-0.05764851176380148,0.9999999999999983,0.00419921875,-1.9632233639805285,0.235513936408806,0.004199218750000006,-1,3820,-0.5902026143326866,-0.9881518601945332,0.06480137922914918,-8.896185922207938,0.0,-8.896185922207938,-0.753626690974387,-0.4674205891246751,-1.0,-0.9841560517782978,0.003995808416235369,-1.0,1.0,-1.0,0.0,668.0,31.25,0,0,-1.0,-1.0,-62.5,11625.0,0.0,0.0,7757.5,3867.5,-62.5,31.25
3821,2019-07-12,07:51:17,153.40625,153.40625,153.3125,153.40625,290,44481.75,153.3853448275862,0.0,0.0,153.37414662771408,153.42211897055324,-0.04797234283915941,0.9999999999999987,0.00751953125,0.12987012987012747,0.9266785330582887,0.00751953125000001,0,3821,-0.8212765924178097,-0.9841560517782978,0.08671523078444761,-5.532170347145435,0.0,-5.532170347145435,-0.3654949425769476,-0.4674205891246751,-1.0,-0.9164049795337299,0.06775107224456789,-1.0,1.0,-1.0,0.0,668.0,31.25,0,0,-1.0,-1.0,-0.0,11625.0,0.0,0.0,7757.5,3867.5,-0.0,-0.0
3822,2019-07-12,08:01:03,153.40625,153.4375,153.34375,153.34375,289,44328.25,153.3849480968858,-0.0625,-0.0004074979681494284,153.3673918215554,153.41970761761317,-0.05231579605776915,0.9999999999999978,0.006640625000000001,0.26384083044982276,0.11842841739555011,0.006640625000000016,0,3822,-0.9310172995404664,-0.9164049795337299,0.0814900300650332,-6.419901430398108,0.0,-6.419901430398108,-0.4679191465562086,-0.4674205891246751,-1.0,-0.9612019476697405,-0.04479696813601064,1.0,1.0,-1.0,0.0,668.0,-31.25,0,0,1.0,-1.0,62.5,11687.5,0.0,2.0,7762.5,3925.0,57.5,57.5
3823,2019-07-12,08:05:31,153.34375,153.5,153.34375,153.5,290,44498.3125,153.44245689655173,0.15625,0.0010184337370748864,153.3968603056542,153.42217815245587,-0.02531784680166993,0.9999999999999987,0.00751953125,0.12987012987012747,0.9266785330582887,0.00751953125000001,-1,3823,-0.8747247362112716,-0.9612019476697405,0.08671523078444761,-2.9196539722766546,0.0,-2.9196539722766546,-0.06406930239514796,-0.4674205891246751,-1.0,-0.8760016008739709,0.0852003467957696,-1.0,-1.0,1.0,1.0,669.0,156.25,0,0,-1.0,1.0,156.25,11843.75,0.0,2.0,7767.5,4076.25,151.25,151.25
3824,2019-07-12,08:10:11,153.5,153.5625,153.5,153.5625,289,44370.1875,153.5300605536332,0.0625,0.00040708325414673396,153.43366912661995,153.42649574776493,0.007173378855014789,0.9999999999999987,0.00751953125,0.12987012987012747,0.9266785330582887,0.00751953125000001,-1,3824,-0.27838327678047253,-0.8760016008739709,0.08671523078444761,0.8272340153076473,0.8272340153076473,0.0,0.2727931097101266,-0.37702900575915077,-0.0,0.01415775363781294,0.8901593545117839,-1.0,1.0,-1.0,1.0,670.0,62.5,0,0,-1.0,-1.0,-62.5,11781.25,1.0,0.0,7767.5,4013.75,-62.5,151.25
3825,2019-07-12,08:19:27,153.5625,153.59375,153.53125,153.53125,289,44376.625,153.5523356401384,-0.03125,-0.00020352091247666237,153.45535376514886,153.42971895552603,0.02563480962282938,0.9999999999999987,0.00751953125,0.12987012987012747,0.9266785330582887,0.00751953125000001,0,3825,0.7170469542941807,0.01415775363781294,0.08671523078444761,2.9562061232992747,2.9562061232992747,0.0,0.2727931097101266,-0.1443969376607026,0.0,0.08021758001881761,0.06605982638100467,-0.0,1.0,-1.0,0.0,670.0,31.25,0,0,-0.0,-1.0,31.25,11812.5,0.0,1.0,7770.0,4042.5,28.75,28.75
3826,2019-07-12,08:31:45,153.53125,153.59375,153.5,153.53125,289,44372.28125,153.5373053633218,0.0,0.0,153.47221959511577,153.43284298766372,0.03937660745205562,1.0000000000000022,0.0048828125,0.1999999999999993,0.0,0.00488281249999999,0,3826,0.7615504376092593,0.08021758001881761,0.06987712429686835,5.635121343111761,5.635121343111761,0.0,0.2727931097101266,0.1483272297936501,0.0,-0.10180176566170548,-0.18201934568052308,0.0,1.0,-0.0,0.0,670.0,31.25,0,0,0.0,-0.0,-0.0,11812.5,0.0,0.0,7770.0,4042.5,-0.0,28.75
3827,2019-07-12,08:44:23,153.53125,153.5625,153.4375,153.46875,290,44517.65625,153.50915948275863,-0.0625,-0.0004071661294036133,153.47144857397893,153.43394781881256,0.037500755166377076,1.0000000000000053,0.0027343750000000003,0.535714285714287,-1.0885117692152513,0.0027343749999999855,0,3827,0.6314484338187923,-0.10180176566170548,0.052291251658379584,7.171516071439771,7.171516071439771,0.0,0.2727931097101266,0.316208566390242,1.0,-0.29582704057102227,-0.19402527490931679,0.0,1.0,0.0,0.0,670.0,-31.25,0,0,0.0,0.0,-0.0,11812.5,1.0,0.0,7770.0,4042.5,-0.0,-0.0
3828,2019-07-12,08:54:21,153.46875,153.5,153.34375,153.34375,289,44338.0,153.41868512110727,-0.125,-0.0008148299493413447,153.44307111309473,153.43117250131067,0.011898611784062041,1.0000000000000058,0.002734374999999999,-0.6122448979591795,-0.5122408325718838,0.0027343749999999833,0,3828,0.46627645021487085,-0.29582704057102227,0.05229125165837956,2.275449794507895,2.275449794507895,0.0,0.2727931097101266,-0.21878295335502784,0.0,-0.5942633861450476,-0.2984363455740253,1.0,1.0,0.0,0.0,670.0,-156.25,0,0,1.0,0.0,-0.0,11812.5,-1.0,1.0,7772.5,4040.0,-2.5,-0.0
3829,2019-07-12,08:57:07,153.34375,153.34375,153.3125,153.34375,290,44466.0,153.3310344827586,0.0,0.0,153.42099975462926,153.42848257819344,-0.007482823564174623,1.00000000000001,0.0021484374999999984,0.8677685950413357,0.5516180692881071,0.002148437499999977,0,3829,0.14849745022356622,-0.5942633861450476,0.046351240544347645,-1.6143739576970448,0.0,-1.6143739576970448,0.0865306585451655,-0.4674205891246751,-0.0,-0.9684670292004153,-0.3742036430553677,0.0,1.0,1.0,1.0,671.0,0.0,0,0,0.0,1.0,0.0,11812.5,-0.0,1.0,7775.0,4037.5,-2.5,-2.5
3830,2019-07-12,09:00:11,153.34375,153.34375,153.1875,153.28125,290,44446.40625,153.26346982758622,-0.0625,-0.0004076640904395745,153.38994425360053,153.42395234501828,-0.0340080914177463,1.0000000000000058,0.0031249999999999993,-2.324218750000012,-0.05240784322265203,0.003124999999999981,0,3830,-0.508639780305833,-0.9684670292004153,0.055901699437494574,-6.083552335608652,0.0,-6.083552335608652,-0.42911202473421706,-0.4674205891246751,-1.0,-0.9494344509613792,0.019032578239036035,-0.0,1.0,0.0,0.0,671.0,-62.5,0,0,-0.0,0.0,-0.0,11812.5,-1.0,0.0,7775.0,4037.5,-0.0,-0.0
3831,2019-07-12,09:01:22,153.28125,153.28125,153.1875,153.1875,290,44436.46875,153.2292025862069,-0.09375,-0.0006118079114054709,153.34495664168932,153.4166768882485,-0.07172024655918108,1.0000000000000084,0.0017578125000000003,-2.4074074074074034,0.16563466499998453,0.0017578124999999853,0,3831,-0.8933585467081749,-0.9494344509613792,0.041926274578120884,-17.10627697806666,0.0,-17.10627697806666,-1.7008865727760396,-0.4674205891246751,-2.0,-0.5868694413204476,0.36256500964093163,-1.0,1.0,-0.0,0.0,671.0,-156.25,0,0,-1.0,-0.0,0.0,11812.5,-1.0,1.0,7777.5,4035.0,-2.5,-0.0
3832,2019-07-12,09:05:20,153.1875,153.21875,153.15625,153.1875,290,44423.96875,153.18609913793102,0.0,0.0,153.3099662768695,153.409625291687,-0.09965901481751871,1.0000000000000127,0.0012695312499999994,-0.17751479289940994,0.40479600891093587,0.0012695312499999833,0,3832,-0.9875106965111531,-0.5868694413204476,0.03563048203434783,-27.970156205421894,0.0,-20.0,-2.034757136339064,-0.4674205891246751,-3.0,-0.2224872857119218,0.3643821556085258,2.0,1.0,-1.0,1.0,672.0,0.0,0,0,2.0,-1.0,-0.0,11812.5,-1.0,3.0,7785.0,4027.5,-7.5,-2.5
3833,2019-07-12,09:08:02,153.1875,153.21875,153.125,153.125,290,44413.84375,153.15118534482758,-0.0625,-0.0004080799893397824,153.26886265978737,153.40086759040435,-0.13200493061697216,1.0000000000000109,0.0016601562499999993,-1.487889273356398,0.5413870509510844,0.0016601562499999813,0,3833,-0.846705836469093,-0.2224872857119218,0.040745015032516325,-32.39781124430225,0.0,-20.0,-2.034757136339064,-0.4674205891246751,-3.0,0.10805971236121369,0.3305469980731355,3.0,-1.0,2.0,1.0,673.0,-62.5,0,0,3.0,2.0,-125.0,11687.5,0.0,1.0,7787.5,3900.0,-127.5,-7.5
3834,2019-07-12,09:13:01,153.125,153.15625,153.0625,153.09375,290,44408.125,153.13146551724137,-0.03125,-0.0002041024601435737,153.2299487353902,153.39141781839191,-0.16146908300171958,1.0000000000000024,0.00361328125,-0.021913805697585314,0.5901286563843663,0.0036132812499999915,0,3834,-0.6265564950737676,0.10805971236121369,0.06011057519272288,-26.862009302693778,0.0,-20.0,-2.034757136339064,-0.4674205891246751,-3.0,0.3573075966509064,0.2492478842896927,3.0,-1.0,3.0,0.0,673.0,-93.75,0,0,3.0,3.0,-93.75,11593.75,0.0,0.0,7787.5,3806.25,-93.75,-93.75
3835,2019-07-12,09:14:46,153.09375,153.09375,153.0,153.0,290,44379.4375,153.03254310344826,-0.09375,-0.0006125574464128647,153.17884901641463,153.37937419321065,-0.20052517679602033,1.0000000000000038,0.004199218750000001,1.9307733910221714,1.4467284665112357,0.004199218749999985,0,3835,-0.4077737520911159,0.3573075966509064,0.06480137922914901,-30.944584695786833,0.0,-20.0,-2.034757136339064,-0.4674205891246751,-3.0,0.5587977001944744,0.201490103543568,3.0,-1.0,3.0,0.0,673.0,-187.5,0,0,3.0,3.0,-281.25,11312.5,0.0,0.0,7787.5,3525.0,-281.25,-93.75
3836,2019-07-12,09:19:09,153.0,153.09375,152.96875,153.0625,290,44376.59375,153.0227370689655,0.0625,0.00040841331995089547,153.1529936794336,153.36962421803494,-0.2166305386013505,1.0000000000000024,0.00439453125,-0.9629629629629642,0.5237828008789239,0.00439453124999999,-1,3836,-0.19127684143649146,0.5587977001944744,0.06629126073623876,-32.678596876183306,0.0,-20.0,-2.034757136339064,-0.4674205891246751,-3.0,0.719800679272261,0.1610029790777866,3.0,-1.0,3.0,0.0,673.0,-125.0,0,0,3.0,3.0,187.5,11500.0,0.0,0.0,7787.5,3712.5,187.5,187.5
3837,2019-07-12,09:24:20,153.0625,153.09375,152.96875,152.96875,290,44373.625,153.0125,-0.09375,-0.0006126825475023523,153.11205063955947,153.3572896267108,-0.24523898715133896,1.000000000000002,0.00458984375,-1.82435491172476,0.0686991325127901,0.0045898437499999915,0,3837,0.01811599086034634,0.719800679272261,0.06774838558962118,-36.198499051600834,0.0,-20.0,-2.034757136339064,-0.4674205891246751,-3.0,0.8230092239563644,0.10320854468410345,3.0,-1.0,3.0,0.0,673.0,-218.75,0,0,3.0,3.0,-281.25,11218.75,0.0,0.0,7787.5,3431.25,-281.25,187.5
3838,2019-07-12,09:30:38,152.9375,153.03125,152.9375,152.96875,291,44518.0,152.9828178694158,0.0,0.0,153.08020605299072,153.34533456127357,-0.2651285082828565,1.0,0.00341796875,2.000000000000002,-1.1454053224818188,0.00341796875,0,3838,0.18029894724498263,0.8230092239563644,0.05846339666834283,-45.34948760964142,0.0,-20.0,-2.034757136339064,-0.4674205891246751,-3.0,0.8827145641003555,0.05970534014399109,3.0,-1.0,3.0,0.0,673.0,-218.75,0,0,3.0,3.0,0.0,11218.75,0.0,0.0,7787.5,3431.25,0.0,0.0
3839,2019-07-12,09:35:05,152.96875,152.96875,152.875,152.96875,290,44349.84375,152.93049568965517,0.0,0.0,153.055438041215,153.33374734400363,-0.2783093027886139,1.0,0.00341796875,2.000000000000002,-1.1454053224818188,0.00341796875,0,3839,0.2918972148888703,0.8827145641003555,0.05846339666834283,-47.60402553540217,0.0,-20.0,-2.034757136339064,-0.4674205891246751,-3.0,0.9016801419514037,0.018965577851048132,3.0,-1.0,3.0,0.0,673.0,-218.75,0,0,3.0,3.0,0.0,11218.75,0.0,0.0,7787.5,3431.25,0.0,0.0
3840,2019-07-12,09:43:00,152.96875,153.0,152.96875,153.0,290,44368.625,152.99525862068967,0.03125,0.00020426922755145682,153.04311847650058,153.32347819495737,-0.2803597184567934,0.9999999999999866,0.0006835937499999997,-0.6122448979591795,0.5122408325718838,0.0006835937500000088,-1,3840,0.3318285855589378,0.9016801419514037,0.02614562582919003,-107.2300660494378,0.0,-20.0,-2.034757136339064,-0.4674205891246751,-3.0,0.9246208277422588,0.022940685790855175,3.0,-1.0,3.0,0.0,673.0,-187.5,0,0,3.0,3.0,93.75,11312.5,0.0,0.0,7787.5,3525.0,93.75,93.75
3841,2019-07-12,09:54:30,153.0,153.09375,153.0,153.0625,291,44531.46875,153.02910223367698,0.0625,0.00040841331995089547,153.04742548172268,153.315448096651,-0.26802261492832713,0.9999999999999771,0.0004882812499999999,1.9999999999999691,2.6168207644729593e-15,0.0004882812500000111,-1,3841,0.3844765603938339,0.9246208277422588,0.02209708691207986,-121.293189457388,0.0,-20.0,-2.034757136339064,-0.4674205891246751,-3.0,0.9480152263990088,0.02339439865674997,3.0,-1.0,3.0,0.0,673.0,-125.0,0,0,3.0,3.0,187.5,11500.0,0.0,0.0,7787.5,3712.5,187.5,187.5
3842,2019-07-12,10:07:17,153.0625,153.125,153.0625,153.09375,290,44391.3125,153.07349137931035,0.03125,0.00020414412646196922,153.05771981911764,153.30862661675408,-0.2509067976364463,0.9999999999999771,0.0004882812499999999,1.9999999999999691,2.6168207644729593e-15,0.0004882812500000111,-1,3842,0.44532896215359674,0.9480152263990088,0.02209708691207986,-113.54745475489919,0.0,-20.0,-2.034757136339064,-0.4674205891246751,-3.0,0.969646227632292,0.02163100123328321,3.0,-1.0,3.0,0.0,673.0,-93.75,0,0,3.0,3.0,93.75,11593.75,0.0,0.0,7787.5,3806.25,93.75,187.5
3843,2019-07-12,10:28:16,153.0625,153.125,153.0625,153.125,290,44397.34375,153.09428879310346,0.03125,0.0002041024601435737,153.07267097042484,153.30297656700782,-0.2303055965829799,0.9999999999999921,0.00224609375,1.4555765595463097,1.118079933149378,0.0022460937500000176,-1,3843,0.512747221046067,0.969646227632292,0.047392971525322375,-48.59488425618682,0.0,-20.0,-2.034757136339064,-0.4674205891246751,-3.0,0.9865425688221279,0.01689634118983585,3.0,-1.0,3.0,0.0,673.0,-62.5,0,0,3.0,3.0,93.75,11687.5,0.0,0.0,7787.5,3900.0,93.75,93.75
3844,2019-07-12,10:39:17,153.125,153.15625,153.09375,153.125,290,44409.84375,153.1373922413793,0.0,0.0,153.0842996436638,153.29750036494605,-0.21320072128224865,0.9999999999999932,0.0022460937500000003,3.7240075614366623,1.7487916903105667,0.0022460937500000154,0,3844,0.5819757166445445,0.9865425688221279,0.047392971525322354,-44.985725608771794,0.0,-20.0,-2.034757136339064,-0.4674205891246751,-3.0,0.98937538323168,0.0028328144095520758,3.0,-1.0,3.0,0.0,673.0,-62.5,0,0,3.0,3.0,0.0,11687.5,0.0,0.0,7787.5,3900.0,0.0,93.75
3845,2019-07-12,10:51:09,153.125,153.25,153.09375,153.25,290,44414.125,153.15215517241379,0.125,0.0008159935173290833,153.12112194507185,153.29603881525543,-0.17491687018357993,0.9999999999999921,0.00224609375,1.4555765595463097,1.118079933149378,0.0022460937500000176,-1,3845,0.5967924106916153,0.98937538323168,0.047392971525322375,-36.90776597329853,0.0,-20.0,-2.034757136339064,-0.4674205891246751,-3.0,0.9991912759056077,0.009815892673927795,3.0,-1.0,3.0,0.0,673.0,62.5,0,0,3.0,3.0,375.0,12062.5,0.0,0.0,7787.5,4275.0,375.0,375.0
3846,2019-07-12,11:00:01,153.21875,153.28125,153.21875,153.28125,290,44438.09375,153.23480603448274,0.03125,0.00020389438341616994,153.15670595727812,153.29558377478605,-0.13887781750793238,0.9999999999999976,0.0048828125,0.1999999999999993,0.0,0.004882812500000011,-1,3846,0.678102602384945,0.9991912759056077,0.06987712429686851,-19.874575392930996,0.0,-19.874575392930996,-2.020285957193929,-0.4674205891246751,-2.0,0.9972787010723907,-0.0019125748332170511,-3.0,-1.0,3.0,0.0,673.0,93.75,0,0,-3.0,3.0,93.75,12156.25,1.0,6.0,7802.5,4353.75,78.75,375.0
3847,2019-07-12,11:15:27,153.28125,153.34375,153.25,153.34375,290,44455.40625,153.29450431034482,0.0625,0.0004076640904395745,153.19827130010523,153.29706581248496,-0.09879451237972603,0.9999999999999971,0.00458984375,1.4350384789497497,-0.4220089568642772,0.004589843750000013,-1,3847,0.7573131009678862,0.9972787010723907,0.06774838558962135,-14.582563336366906,0.0,-14.582563336366906,-1.4097067710329414,-0.4674205891246751,-2.0,0.9833952841636119,-0.013883416908778812,-2.0,-1.0,-3.0,1.0,674.0,62.5,0,0,-2.0,-3.0,-187.5,11968.75,0.0,1.0,7805.0,4163.75,-190.0,78.75
3848,2019-07-12,11:25:28,153.34375,153.34375,153.25,153.28125,289,44305.8125,153.3073096885813,-0.0625,-0.0004076640904395745,153.21671101119296,153.29657917210082,-0.0798681609078642,0.9999999999999992,0.00263671875,-1.6872427983539093,-0.5184205276797869,0.0026367187500000028,0,3848,0.8236887281172915,0.9833952841636119,0.05134898976610935,-15.553988748689596,0.0,-15.553988748689596,-1.5217874184941242,-0.4674205891246751,-2.0,0.9585907776015523,-0.02480450656205957,-2.0,-1.0,-2.0,0.0,674.0,0.0,0,0,-2.0,-2.0,125.0,12093.75,0.0,0.0,7805.0,4288.75,125.0,125.0
3849,2019-07-12,11:33:38,153.25,153.34375,153.25,153.3125,290,44447.625,153.2676724137931,0.03125,0.00020385281897095098,153.2379974531501,153.2970690437285,-0.05907159057841227,1.0000000000000009,0.00322265625,-2.2314049586776847,0.5671631517317617,0.0032226562499999964,-1,3849,0.8792009645474015,0.9585907776015523,0.05676844413932794,-10.405708924033865,0.0,-10.405708924033865,-0.9277916996884036,-0.4674205891246751,-1.0,0.9242863579057051,-0.03430441969584719,-2.0,-1.0,-2.0,0.0,674.0,31.25,0,0,-2.0,-2.0,-62.5,12031.25,1.0,0.0,7805.0,4226.25,-62.5,125.0
3850,2019-07-12,11:46:53,153.3125,153.34375,153.25,153.28125,290,44457.4375,153.30150862068965,-0.03125,-0.00020385281897095098,153.24760913022786,153.2965823039215,-0.04897317369363918,1.0000000000000002,0.004589843749999999,-0.7378904481665908,0.912717046241344,0.0045898437499999984,0,3850,0.9234716603040499,0.9242863579057051,0.06774838558962124,-7.22868497417622,0.0,-7.22868497417622,-0.5612345798284946,-0.4674205891246751,-1.0,0.8282988671547197,-0.09598749075098545,-1.0,-1.0,-2.0,0.0,674.0,0.0,0,0,-1.0,-2.0,62.5,12093.75,0.0,1.0,7807.5,4286.25,60.0,60.0
3851,2019-07-12,12:00:37,153.28125,153.3125,153.21875,153.21875,290,44452.65625,153.28502155172413,-0.0625,-0.00040783034823022035,153.24119599017723,153.29418746380085,-0.05299147362362078,0.9999999999999983,0.00419921875,-1.963223363980531,-0.23551393640880577,0.004199218750000007,0,3851,0.9818781448870687,0.8282988671547197,0.06480137922914918,-8.177522493191622,0.0,-8.177522493191622,-0.6707090923517294,-0.4674205891246751,-1.0,0.6890897224621622,-0.13920914469255752,1.0,-1.0,-1.0,0.0,674.0,-62.5,0,0,1.0,-1.0,62.5,12156.25,0.0,2.0,7812.5,4343.75,57.5,60.0
3852,2019-07-12,12:07:24,153.21875,153.3125,153.1875,153.3125,289,44286.09375,153.23907871972318,0.09375,0.0006116831672011713,153.25704132569342,153.29475092645313,-0.03770960075971175,0.9999999999999983,0.00419921875,-1.963223363980531,-0.23551393640880577,0.004199218750000007,-1,3852,0.9996833534735154,0.6890897224621622,0.06480137922914918,-5.819258973850526,0.0,-5.819258973850526,-0.3986185141365105,-0.4674205891246751,-1.0,0.5006390569498564,-0.18845066551230572,-1.0,1.0,1.0,1.0,675.0,93.75,0,0,-1.0,1.0,93.75,12250.0,0.0,2.0,7817.5,4432.5,88.75,88.75
3853,2019-07-12,12:10:03,153.3125,153.375,153.3125,153.375,290,44473.1875,153.35581896551724,0.0625,0.00040758101236715305,153.28325436442825,153.29722012871613,-0.01396576428788876,0.9999999999999976,0.00361328125,-0.021913805697585314,-0.5901286563843663,0.003613281250000009,-1,3853,0.966116591488379,0.5006390569498564,0.060110575192723024,-2.32334564144704,0.0,-2.32334564144704,0.004731269381204939,-0.4674205891246751,-0.0,0.10935625495524678,-0.39128280199460963,-1.0,1.0,-1.0,1.0,676.0,62.5,0,0,-1.0,-1.0,-62.5,12187.5,1.0,0.0,7817.5,4370.0,-62.5,88.75
3854,2019-07-12,12:15:07,153.375,153.4375,153.375,153.40625,290,44487.59375,153.40549568965517,0.03125,0.0002037282272508989,153.31058672788865,153.30057489398644,0.01001183390221172,0.9999999999999883,0.0012695312500000003,-0.17751479289942415,0.4047960089109369,0.001269531250000015,-1,3854,0.7801925428958881,0.10935625495524678,0.03563048203434827,2.8099069478095116,2.8099069478095116,0.0,0.2727931097101266,-0.16038299949191537,0.0,-0.13493365115287417,-0.24428990610812096,-0.0,1.0,-1.0,0.0,676.0,93.75,0,0,-0.0,-1.0,-31.25,12156.25,0.0,1.0,7820.0,4336.25,-33.75,-33.75
3855,2019-07-12,12:20:49,153.40625,153.46875,153.40625,153.40625,289,44343.5625,153.43793252595157,0.0,0.0,153.3318452328023,153.30382643570994,0.028018797092357772,0.9999999999999977,0.00224609375,1.4555765595463157,-1.118079933149378,0.002246093750000005,0,3855,0.6052275325823305,-0.13493365115287417,0.04739297152532224,5.912015261036592,5.912015261036592,0.0,0.2727931097101266,0.17858333532407944,0.0,-0.46821513433139883,-0.3332814831785247,0.0,1.0,-0.0,0.0,676.0,93.75,0,0,0.0,-0.0,-0.0,12156.25,0.0,0.0,7820.0,4336.25,-0.0,-0.0
3856,2019-07-12,12:23:16,153.40625,153.5,153.375,153.4375,290,44498.5,153.44310344827585,0.03125,0.00020368673051329722,153.35532406995736,153.30793946845733,0.04738460150002766,1.0000000000000016,0.00634765625,0.5798816568047324,-1.2068685239272858,0.006347656249999991,-1,3856,0.2937317097143809,-0.46821513433139883,0.0796721798998872,5.947446343198994,5.947446343198994,0.0,0.2727931097101266,0.182454877786973,0.0,-0.6152750969109212,-0.14705996257952236,0.0,1.0,0.0,0.0,676.0,125.0,0,0,0.0,0.0,0.0,12156.25,0.0,0.0,7820.0,4336.25,0.0,0.0
3857,2019-07-12,12:28:34,153.4375,153.46875,153.34375,153.375,289,44333.03125,153.40149221453288,-0.0625,-0.0004074149577641961,153.35969649885575,153.3100028694279,0.04969362942784983,1.0000000000000027,0.005175781249999999,0.2741189035243856,-0.6064819993295686,0.005175781249999985,0,3857,0.12235590204650992,-0.6152750969109212,0.07194290270763326,6.907370644995848,6.907370644995848,0.0,0.2727931097101266,0.2873454842475811,1.0,-0.6712667756385764,-0.0559916787276552,0.0,1.0,0.0,0.0,676.0,62.5,0,0,0.0,0.0,-0.0,12156.25,1.0,0.0,7820.0,4336.25,-0.0,-0.0
3858,2019-07-12,12:31:51,153.375,153.375,153.21875,153.21875,290,44461.8125,153.31659482758621,-0.15625,-0.0010192641795683244,153.3283750546656,153.30719508883016,0.02117996583544368,1.0000000000000044,0.00439453125,2.0,-7.753543005845804e-16,0.004394531249999981,0,3858,0.04946145510359938,-0.6712667756385764,0.06629126073623869,3.1949861264088875,3.1949861264088875,0.0,0.2727931097101266,-0.11830552681721151,0.0,-0.8106098690381017,-0.13934309339952533,1.0,1.0,0.0,0.0,676.0,-93.75,0,0,1.0,0.0,-0.0,12156.25,-1.0,1.0,7822.5,4333.75,-2.5,-0.0
3859,2019-07-12,12:33:30,153.21875,153.21875,153.15625,153.15625,290,44426.03125,153.19321120689656,-0.0625,-0.0004079967416856789,153.2901250425177,153.30255062455848,-0.012425582040776817,1.0000000000000064,0.0031249999999999993,2.3632812499999987,-0.8210562104882043,0.003124999999999979,0,3859,-0.15911549508782147,-0.8106098690381017,0.055901699437494554,-2.2227556882542094,0.0,-2.2227556882542094,0.016337087943214645,-0.4674205891246751,-0.0,-0.9218114109607135,-0.11120154192261178,0.0,1.0,1.0,1.0,677.0,-62.5,0,0,0.0,1.0,-62.5,12093.75,-0.0,1.0,7825.0,4268.75,-65.0,-2.5
3860,2019-07-12,12:35:58,153.15625,153.1875,153.0625,153.09375,290,44409.5,153.13620689655173,-0.0625,-0.0004081632709729277,153.24648614418044,153.2961259899567,-0.04963984577625524,1.0000000000000009,0.0107421875,1.1322314049586761,0.6852530558585538,0.010742187499999991,0,3860,-0.3777171819207832,-0.9218114109607135,0.1036445246986062,-4.789432526282094,0.0,-4.789432526282094,-0.2797997005127855,-0.4674205891246751,-1.0,-0.9848368227315625,-0.06302541177084897,-0.0,1.0,0.0,0.0,677.0,-125.0,0,0,-0.0,0.0,-0.0,12093.75,-1.0,0.0,7825.0,4268.75,-0.0,-0.0
3861,2019-07-12,12:39:08,153.09375,153.09375,153.03125,153.09375,290,44391.84375,153.07532327586208,0.0,0.0,153.21254477880703,153.2898990364196,-0.0773542576125692,1.0000000000000002,0.0060546875,2.814776274713838,1.6712144101358444,0.006054687499999999,0,3861,-0.573713624302038,-0.9848368227315625,0.07781187248742957,-9.941189581971017,0.0,-9.941189581971017,-0.8741966135848169,-0.4674205891246751,-1.0,-0.9994340930026463,-0.014597270271083818,-1.0,1.0,-0.0,0.0,677.0,-125.0,0,0,-1.0,-0.0,-0.0,12093.75,0.0,1.0,7827.5,4266.25,-2.5,-0.0
3862,2019-07-12,12:41:18,153.09375,153.25,153.09375,153.21875,290,44418.125,153.16594827586206,0.125,0.0008161600126586066,153.21392371684993,153.287709835299,-0.07378611844907823,0.9999999999999991,0.005175781250000001,1.1285154859380562,1.032658539398995,0.005175781250000005,-1,3862,-0.7304920585410596,-0.9994340930026463,0.0719429027076334,-10.256205361762428,0.0,-10.256205361762428,-0.9105423505931692,-0.4674205891246751,-1.0,-0.9749832168575563,0.024450876145090006,-1.0,1.0,-1.0,1.0,678.0,125.0,0,0,-1.0,-1.0,-125.0,11968.75,0.0,0.0,7827.5,4141.25,-125.0,-2.5
3863,2019-07-12,12:46:27,153.21875,153.25,153.125,153.1875,290,44426.6875,153.19547413793103,-0.03125,-0.0002039775631752505,153.20805177977218,153.28462645575135,-0.07657467597917389,0.9999999999999967,0.00341796875,1.999999999999999,1.145405322481819,0.0034179687500000113,0,3863,-0.8465918713435634,-0.9749832168575563,0.05846339666834293,-13.097883520790703,0.0,-13.097883520790703,-1.2384081073460846,-0.4674205891246751,-2.0,-0.9760801526352899,-0.0010969357777336208,-1.0,1.0,-1.0,0.0,678.0,93.75,0,0,-1.0,-1.0,31.25,12000.0,-1.0,0.0,7827.5,4172.5,31.25,31.25
3864,2019-07-12,12:50:03,153.1875,153.28125,153.1875,153.21875,290,44436.90625,153.23071120689656,0.03125,0.0002039775631752505,153.21042916204505,153.2825994878821,-0.07217032583704963,0.9999999999999992,0.006640624999999999,0.2638408304498275,0.11842841739554978,0.006640625000000005,-1,3864,-0.8439256754603396,-0.9760801526352899,0.08149003006503314,-8.856338104115816,0.0,-8.856338104115816,-0.7490291488522369,-0.4674205891246751,-1.0,-0.9600267762825052,0.0160533763527847,-2.0,1.0,-1.0,0.0,678.0,125.0,0,0,-2.0,-1.0,-31.25,11968.75,1.0,1.0,7830.0,4138.75,-33.75,31.25
3865,2019-07-12,12:55:04,153.21875,153.28125,153.1875,153.25,290,44438.90625,153.2376077586207,0.03125,0.0002039359648140504,153.2192226815906,153.2815964267165,-0.06237374512591032,1.000000000000002,0.006640625000000001,-1.4878892733564015,-0.5413870509510849,0.006640624999999987,-1,3865,-0.8767664152993634,-0.9600267762825052,0.08149003006503303,-7.654156597578013,0.0,-7.654156597578013,-0.6103244372918823,-0.4674205891246751,-1.0,-0.9363729029791474,0.023653873303357775,-1.0,1.0,-2.0,0.0,678.0,156.25,0,0,-1.0,-2.0,-62.5,11906.25,0.0,1.0,7832.5,4073.75,-65.0,-33.75
3866,2019-07-12,13:02:20,153.25,153.25,153.15625,153.15625,289,44277.3125,153.2086937716263,-0.09375,-0.0006119327064997293,153.20522875234826,153.27773961358676,-0.07251086123849859,1.0000000000000004,0.010546875,-1.6872427983539093,-0.5184205276797867,0.010546874999999995,0,3866,-0.910314930952379,-0.9363729029791474,0.10269797953221863,-7.060592775902697,0.0,-7.060592775902697,-0.5418405201542438,-0.4674205891246751,-1.0,-0.85145207584269,0.08492082713645743,-1.0,1.0,-1.0,0.0,678.0,62.5,0,0,-1.0,-1.0,93.75,12000.0,0.0,0.0,7832.5,4167.5,93.75,93.75
3867,2019-07-12,13:07:53,153.15625,153.15625,152.96875,153.0,291,44538.84375,153.05444587628867,-0.15625,-0.0010207207173857924,153.15962236293757,153.2691937793226,-0.10957141638502321,1.0000000000000002,0.011523437499999999,-2.0382074116633135,-0.6068929550675303,0.011523437499999997,0,3867,-0.9728972567326846,-0.85145207584269,0.10734727523323541,-10.207191206945437,0.0,-10.207191206945437,-0.9048872193427773,-0.4674205891246751,-1.0,-0.6421129777233816,0.2093390981193084,1.0,1.0,-1.0,0.0,678.0,-93.75,0,0,1.0,-1.0,156.25,12156.25,0.0,2.0,7837.5,4318.75,151.25,151.25
3868,2019-07-12,13:11:10,153.0,153.125,153.0,153.09375,290,44386.78125,153.05786637931035,0.09375,0.0006125574464128647,153.14498406006257,153.2637955091896,-0.1188114491270369,1.0000000000000002,0.011523437499999999,-2.0382074116633135,-0.6068929550675303,0.011523437499999997,-1,3868,-0.9961175849993376,-0.6421129777233816,0.10734727523323541,-11.067952015446416,0.0,-11.067952015446416,-1.004199660115074,-0.4674205891246751,-1.0,-0.3174780277119282,0.3246349500114534,1.0,-1.0,1.0,1.0,679.0,93.75,0,0,1.0,1.0,93.75,12250.0,0.0,0.0,7837.5,4412.5,93.75,151.25
3869,2019-07-12,13:16:41,153.09375,153.1875,153.0625,153.15625,290,44406.53125,153.1259698275862,0.0625,0.0004081632709729277,153.1474876022709,153.26048641659915,-0.11299881432825032,0.999999999999999,0.0109375,3.7643494897959235,-1.9128993591356263,0.01093750000000001,-1,3869,-0.8950159224490171,-0.3174780277119282,0.10458250331675949,-10.804753256479193,0.0,-10.804753256479193,-0.9738324420643412,-0.4674205891246751,-1.0,0.08829923180821718,0.4057772595201454,1.0,-1.0,1.0,0.0,679.0,156.25,0,0,1.0,1.0,62.5,12312.5,0.0,0.0,7837.5,4475.0,62.5,93.75
3870,2019-07-12,13:24:54,153.15625,153.21875,153.125,153.1875,290,44416.40625,153.16002155172413,0.03125,0.0002040191785104284,153.15637924621072,153.2582406807038,-0.10186143449308815,0.9999999999999648,0.0006835937499999995,-0.6122448979589924,-0.5122408325718887,0.0006835937500000236,-1,3870,-0.6419078325480104,0.08829923180821718,0.026145625829190312,-38.95926422207299,0.0,-20.0,-2.034757136339064,-0.4674205891246751,-3.0,0.49654813433932316,0.40824890253110596,1.0,-1.0,1.0,0.0,679.0,187.5,0,0,1.0,1.0,31.25,12343.75,-2.0,0.0,7837.5,4506.25,31.25,62.5
3871,2019-07-12,13:30:00,153.1875,153.28125,153.1875,153.28125,290,44442.3125,153.24935344827585,0.09375,0.0006118079114054709,153.18412830260834,153.2589486597591,-0.07482035715077018,0.9999999999999858,0.0012695312499999994,-0.17751479289940994,-0.40479600891093587,0.0012695312500000174,-1,3871,-0.2626626299216208,0.49654813433932316,0.03563048203434831,-20.998974158879538,0.0,-20.0,-2.034757136339064,-0.4674205891246751,-3.0,0.7750381564247878,0.27849002208546464,3.0,-1.0,1.0,0.0,679.0,281.25,0,0,3.0,1.0,93.75,12437.5,0.0,2.0,7842.5,4595.0,88.75,88.75
3872,2019-07-12,13:33:08,153.28125,153.375,153.28125,153.34375,289,44305.78125,153.30720155709344,0.0625,0.0004076640904395745,153.2195997909176,153.26155793176656,-0.04195814084894778,0.999999999999992,0.0016601562499999997,-1.4878892733564086,0.5413870509510866,0.0016601562500000132,-1,3872,0.10120375233199039,0.7750381564247878,0.040745015032516714,-10.297736009046242,0.0,-10.297736009046242,-0.9153340533610865,-0.4674205891246751,-1.0,0.9475141781495304,0.17247602172474263,3.0,-1.0,3.0,0.0,679.0,343.75,0,0,3.0,3.0,187.5,12625.0,2.0,0.0,7842.5,4782.5,187.5,187.5
3873,2019-07-12,13:37:40,153.34375,153.375,153.3125,153.34375,290,44469.3125,153.34245689655174,0.0,0.0,153.2471887262693,153.26408691848147,-0.016898192212181584,0.9999999999999921,0.00224609375,-3.081285444234387,-0.31535587858059516,0.002246093750000017,0,3873,0.4439219396815802,0.9475141781495304,0.047392971525322375,-3.5655481537284,0.0,-3.5655481537284,-0.1385909662616837,-0.4674205891246751,-1.0,0.9995168746347054,0.05200269648517497,1.0,-1.0,3.0,0.0,679.0,343.75,0,0,1.0,3.0,0.0,12625.0,0.0,2.0,7847.5,4777.5,-5.0,187.5
3874,2019-07-12,13:42:32,153.34375,153.40625,153.3125,153.34375,290,44475.40625,153.36346982758621,0.0,0.0,153.26864678709833,153.2665380902205,0.0021086968778263326,0.9999999999999991,0.005175781250000001,0.2741189035243856,-0.6064819993295688,0.005175781250000004,0,3874,0.6847877019624558,0.9995168746347054,0.0719429027076334,0.29310700548124985,0.29310700548124985,0.0,0.2727931097101266,-0.43539288495546924,-0.0,0.9116461560394559,-0.08787071859524953,-1.0,-1.0,1.0,0.0,679.0,343.75,0,0,-1.0,1.0,0.0,12625.0,1.0,2.0,7852.5,4772.5,-5.0,-5.0
3875,2019-07-12,13:46:35,153.34375,153.46875,153.34375,153.4375,289,44339.84375,153.42506487889273,0.09375,0.0006111846986627256,153.30616972329872,153.2717984566753,0.034371266623423935,1.000000000000001,0.005175781250000001,0.2741189035243856,0.6064819993295688,0.0051757812499999955,-1,3875,0.9352351071849815,0.9116461560394559,0.07194290270763333,4.777575734343709,4.777575734343709,0.0,0.2727931097101266,0.054623508778419594,0.0,0.7583904813488843,-0.15325567469057155,0.0,-1.0,-1.0,1.0,680.0,93.75,0,0,0.0,-1.0,-93.75,12531.25,0.0,1.0,7855.0,4676.25,-96.25,-5.0
3876,2019-07-12,13:50:59,153.46875,153.46875,153.34375,153.34375,290,44488.46875,153.4085129310345,-0.09375,-0.0006111846986627256,153.31452089589902,153.27401235031607,0.04050854558295214,1.000000000000001,0.005175781250000001,0.2741189035243856,0.6064819993295688,0.0051757812499999955,0,3876,0.9971555980854904,0.7583904813488843,0.07194290270763333,5.630652094699826,5.630652094699826,0.0,0.2727931097101266,0.14783887651884137,0.0,0.5562871408906753,-0.202103340458209,0.0,1.0,0.0,0.0,680.0,0.0,0,0,0.0,0.0,-0.0,12531.25,0.0,0.0,7855.0,4676.25,-0.0,-0.0
3877,2019-07-12,13:54:56,153.34375,153.34375,153.21875,153.28125,290,44448.96875,153.27230603448277,-0.0625,-0.0004076640904395745,153.30712736347704,153.27423504722944,0.032892316247597364,1.0000000000000002,0.005566406249999999,-1.1172668513388746,0.2057527970555698,0.005566406249999998,0,3877,0.980953174449265,0.5562871408906753,0.07460835241445825,4.4086640681832305,4.4086640681832305,0.0,0.2727931097101266,0.014312654764688237,0.0,0.30033224299767525,-0.2559548978930001,0.0,1.0,0.0,0.0,680.0,-62.5,0,0,0.0,0.0,-0.0,12531.25,0.0,0.0,7855.0,4676.25,-0.0,-0.0
3878,2019-07-12,14:01:05,153.28125,153.34375,153.28125,153.28125,289,44308.4375,153.31639273356402,0.0,0.0,153.30137683825993,153.2744508919301,0.02692594632983969,1.0000000000000047,0.00322265625,-2.2314049586776874,0.5671631517317608,0.003222656249999985,0,3878,0.8868299163630479,0.30033224299767525,0.056768444139327835,4.74311860014251,4.74311860014251,0.0,0.2727931097101266,0.050858389282545824,0.0,-0.013614638300793529,-0.31394688129846876,0.0,1.0,0.0,0.0,680.0,-62.5,0,0,0.0,0.0,0.0,12531.25,0.0,0.0,7855.0,4676.25,0.0,0.0
3879,2019-07-12,14:07:55,153.28125,153.375,153.25,153.3125,290,44460.53125,153.31217672413794,0.03125,0.00020385281897095098,153.30384865197996,153.2756216337169,0.02822701826306684,1.0000000000000044,0.00244140625,-1.1999999999999993,0.0,0.002441406249999989,-1,3879,0.6974142410012186,-0.013614638300793529,0.04941058844013082,5.712746833053524,5.712746833053524,0.0,0.2727931097101266,0.15680934104091432,0.0,-0.5283335034747298,-0.5147188651739363,0.0,1.0,0.0,0.0,680.0,-31.25,0,0,0.0,0.0,0.0,12531.25,0.0,0.0,7855.0,4676.25,0.0,0.0
3880,2019-07-12,14:16:27,153.3125,153.34375,153.21875,153.21875,290,44454.09375,153.28997844827586,-0.09375,-0.0006116831672011713,153.28493784042888,153.27387173729485,0.011066103134027117,0.9999999999999998,0.00859375,1.4488636363636367,0.8848873194830054,0.008593750000000004,0,3880,0.2267715678965851,-0.5283335034747298,0.0927024810886958,1.1937224337544212,1.1937224337544212,0.0,0.2727931097101266,-0.33698293921024236,-0.0,-0.8041662331263801,-0.2758327296516503,0.0,1.0,0.0,0.0,680.0,-125.0,0,0,0.0,0.0,-0.0,12531.25,-0.0,0.0,7855.0,4676.25,-0.0,-0.0
3881,2019-07-12,14:20:20,153.21875,153.21875,153.125,153.1875,290,44423.6875,153.18512931034482,-0.03125,-0.0002039775631752505,153.26328498700025,153.27121414537808,-0.007929158377834256,0.9999999999999994,0.00859375,0.8677685950413215,0.5516180692881073,0.008593750000000006,0,3881,-0.14832396779113835,-0.8041662331263801,0.09270248108869582,-0.8553339980456187,0.0,-0.8553339980456187,0.1741068008279063,-0.4674205891246751,-0.0,-0.896629441775911,-0.09246320864953084,-0.0,1.0,0.0,0.0,680.0,-156.25,0,0,-0.0,0.0,-0.0,12531.25,0.0,0.0,7855.0,4676.25,-0.0,-0.0
3882,2019-07-12,14:24:40,153.1875,153.34375,153.1875,153.34375,289,44293.75,153.26557093425606,0.15625,0.0010194720018450454,153.28116610100022,153.273446017828,0.0077200831722166186,0.9999999999999998,0.009765625,1.0500000000000007,1.1858541225631423,0.009765625,-1,3882,-0.3209188076229746,-0.896629441775911,0.09882117688026186,0.7812174896045583,0.7812174896045583,0.0,0.2727931097101266,-0.3820572160869571,-0.0,-0.9820084406193063,-0.08537899884339528,-0.0,1.0,-0.0,0.0,680.0,0.0,0,0,-0.0,-0.0,-0.0,12531.25,0.0,0.0,7855.0,4676.25,-0.0,-0.0
3883,2019-07-12,14:31:08,153.3125,153.40625,153.3125,153.375,290,44471.96875,153.35161637931034,0.03125,0.0002037697408985295,153.30201807855573,153.276570755741,0.025447322814727613,0.9999999999999986,0.007031249999999999,1.238425925925925,0.9989840732811562,0.007031250000000009,-1,3883,-0.5608568856137487,-0.9820084406193063,0.08385254915624217,3.0347703284859833,3.0347703284859833,0.0,0.2727931097101266,-0.13581225331350555,0.0,-0.9766684983490255,0.005339942270280784,-0.0,1.0,-0.0,0.0,680.0,31.25,0,0,-0.0,-0.0,-0.0,12531.25,0.0,0.0,7855.0,4676.25,-0.0,-0.0
3884,2019-07-12,14:37:22,153.375,153.375,153.28125,153.3125,290,44467.3125,153.3355603448276,-0.0625,-0.00040758101236715305,153.30434739443226,153.277676270949,0.026671123483254178,0.9999999999999983,0.00634765625,1.9999999999999976,0.9051513929454645,0.006347656250000011,0,3884,-0.8424618804770738,-0.9766684983490255,0.07967217989988733,3.347608100690602,3.347608100690602,0.0,0.2727931097101266,-0.1016285748829201,0.0,-0.8946387756201861,0.08202972272883935,0.0,1.0,-0.0,0.0,680.0,-31.25,0,0,0.0,-0.0,0.0,12531.25,0.0,0.0,7855.0,4676.25,0.0,0.0
3885,2019-07-12,14:46:00,153.3125,153.375,153.21875,153.34375,290,44449.78125,153.2751077586207,0.03125,0.00020381127146862354,153.3131035290029,153.27970930876597,0.03339422023691441,0.9999999999999977,0.00224609375,1.4555765595463157,-1.118079933149378,0.002246093750000005,-1,3885,-0.9485335080018095,-0.8946387756201861,0.04739297152532224,7.0462389595199255,7.0462389595199255,0.0,0.2727931097101266,0.3025195783936792,1.0,-0.7726872893003983,0.1219514863197878,-0.0,1.0,0.0,0.0,680.0,0.0,0,0,-0.0,0.0,0.0,12531.25,1.0,0.0,7855.0,4676.25,0.0,0.0
3886,2019-07-12,14:49:40,153.34375,153.40625,153.3125,153.34375,289,44318.71875,153.3519679930796,0.0,0.0,153.31991385589114,153.2816797915732,0.038234064317947514,1.000000000000001,0.00419921875,-1.9632233639805285,-0.235513936408806,0.004199218749999996,0,3886,-0.9952345127112406,-0.7726872893003983,0.0648013792291491,5.900192985514263,5.900192985514263,0.0,0.2727931097101266,0.17729151924341524,0.0,0.05301664052006617,0.8257039298204645,-1.0,-1.0,-0.0,0.0,680.0,0.0,0,0,-1.0,-0.0,-0.0,12531.25,-1.0,1.0,7857.5,4673.75,-2.5,0.0
3887,2019-07-12,14:57:53,153.34375,153.40625,153.3125,153.40625,290,44472.09375,153.35204741379312,0.0625,0.0004074979681494284,153.3390996656931,153.28551272106327,0.05358694462984204,1.0000000000000004,0.00361328125,-0.021913805697588867,-0.5901286563843656,0.0036132812499999984,-1,3887,-0.6686239006699085,0.05301664052006617,0.06011057519272294,8.9147283082943,8.9147283082943,0.0,0.2727931097101266,0.5066887827687206,1.0,0.9889946632416868,0.9359780227216207,-0.0,-1.0,-1.0,1.0,681.0,62.5,0,0,-0.0,-1.0,-62.5,12468.75,1.0,1.0,7860.0,4608.75,-65.0,-2.5
3888,2019-07-12,15:02:44,153.40625,153.40625,153.3125,153.3125,289,44324.34375,153.37143166089965,-0.09375,-0.000611309239618052,153.33318862887242,153.28634309887673,0.046845529995692914,0.9999999999999996,0.005566406249999999,-1.1172668513388746,-0.2057527970555698,0.005566406250000003,0,3888,0.8039421261509708,0.9889946632416868,0.07460835241445828,6.278858663901384,6.278858663901384,0.0,0.2727931097101266,0.21866819090126882,0.0,0.5901153409477853,-0.39887932229390155,1.0,-1.0,-0.0,0.0,681.0,-31.25,0,0,1.0,-0.0,0.0,12468.75,-1.0,1.0,7862.5,4606.25,-2.5,-2.5
3889,2019-07-12,15:08:16,153.28125,153.3125,153.25,153.28125,290,44450.9375,153.27909482758622,-0.03125,-0.00020385281897095098,153.3216467113452,153.28618638814208,0.0354603232031252,0.9999999999999996,0.005566406249999999,-1.1172668513388746,-0.2057527970555698,0.005566406250000003,0,3889,0.9881352622308174,0.5901153409477853,0.07460835241445828,4.752862388133018,4.752862388133018,0.0,0.2727931097101266,0.05192308972781512,0.0,0.26095035016604184,-0.32916499078174344,-0.0,-1.0,1.0,1.0,682.0,-31.25,0,0,-0.0,1.0,-31.25,12437.5,0.0,1.0,7865.0,4572.5,-33.75,-2.5
3890,2019-07-12,15:15:57,153.28125,153.40625,153.28125,153.375,290,44469.34375,153.34256465517242,0.09375,0.000611433831338104,153.33350299771294,153.2889191146608,0.044583883052126794,1.0000000000000009,0.0046875,1.7447916666666667,0.846307423922913,0.004687499999999996,-1,3890,0.86712686538106,0.26095035016604184,0.06846531968814573,6.511892919685901,6.511892919685901,0.0,0.2727931097101266,0.24413176586189866,1.0,-0.09674498613134394,-0.3576953362973858,0.0,1.0,-0.0,0.0,682.0,62.5,0,0,0.0,-0.0,-0.0,12437.5,1.0,0.0,7865.0,4572.5,-0.0,-0.0
3891,2019-07-12,15:21:41,153.375,153.4375,153.34375,153.375,289,44329.65625,153.38981401384083,0.0,0.0,153.34272455377675,153.29156775728666,0.05115679649009053,0.9999999999999999,0.0029296875,3.666666666666669,1.9245008972987523,0.0029296875000000004,0,3891,0.6353808503980775,-0.09674498613134394,0.05412658773652742,9.451324871818453,9.451324871818453,0.0,0.2727931097101266,0.5653225092692066,1.0,-0.7699151290889384,-0.6731701429575945,1.0,1.0,0.0,0.0,682.0,62.5,0,0,1.0,0.0,0.0,12437.5,0.0,1.0,7867.5,4570.0,-2.5,-0.0
3892,2019-07-12,15:30:19,153.375,153.40625,153.28125,153.34375,290,44474.53125,153.3604525862069,-0.03125,-0.0002037697408985295,153.34295243071526,153.29317336475478,0.049779065960478874,0.999999999999998,0.0032226562500000003,-2.231404958677686,0.5671631517317615,0.0032226562500000068,0,3892,-0.09317463603486248,-0.7699151290889384,0.05676844413932803,8.768791661491555,8.768791661491555,0.0,0.2727931097101266,0.4907423343255319,1.0,-0.955481462674098,-0.1855663335851595,1.0,1.0,1.0,1.0,683.0,-31.25,0,0,1.0,1.0,-31.25,12406.25,0.0,0.0,7867.5,4538.75,-31.25,-2.5
3893,2019-07-12,15:41:16,153.34375,153.375,153.28125,153.3125,290,44469.34375,153.34256465517242,-0.03125,-0.00020381127146862354,153.33618522388966,153.29376803045466,0.042417193434999945,0.9999999999999982,0.0016601562499999997,-1.4878892733564004,0.5413870509510851,0.0016601562500000026,0,3893,-0.46699476053777883,-0.955481462674098,0.04074501503251659,10.410400732739667,10.410400732739667,0.0,0.2727931097101266,0.6701204068799342,1.0,-0.9776789795473532,-0.02219751687325522,1.0,1.0,1.0,0.0,683.0,-62.5,0,0,1.0,1.0,-31.25,12375.0,0.0,0.0,7867.5,4507.5,-31.25,-31.25
3894,2019-07-12,15:54:08,153.3125,153.40625,153.25,153.375,289,44309.5625,153.32028546712803,0.0625,0.00040758101236715305,153.34481072969197,153.29626747567144,0.0485432540205295,0.9999999999999971,0.0017578124999999998,-2.407407407407407,-0.1656346649999846,0.0017578125000000046,-1,3894,-0.8398896049393533,-0.9776789795473532,0.04192627457812111,11.578241689487339,11.578241689487339,0.0,0.2727931097101266,0.7977299964835146,1.0,-0.9410683843297729,0.036610595217580255,1.0,1.0,1.0,0.0,683.0,0.0,0,0,1.0,1.0,62.5,12437.5,0.0,0.0,7867.5,4570.0,62.5,62.5
3895,2019-07-12,16:06:25,153.375,153.40625,153.28125,153.40625,290,44467.75,153.33706896551723,0.03125,0.0002037282272508989,153.35846390087156,153.29965155334312,0.058812347528430564,0.9999999999999971,0.0017578124999999998,-2.407407407407407,-0.1656346649999846,0.0017578125000000046,-1,3895,-0.9045909071668083,-0.9410683843297729,0.04192627457812111,14.027563412257313,14.027563412257313,0.0,0.2727931097101266,1.0653665595308093,1.0,-0.9584441914194775,-0.017375807089704542,1.0,1.0,1.0,0.0,683.0,31.25,0,0,1.0,1.0,31.25,12468.75,0.0,0.0,7867.5,4601.25,31.25,62.5
3896,2019-07-12,16:19:49,153.40625,153.4375,153.375,153.4375,290,44490.1875,153.4144396551724,0.03125,0.00020368673051329722,153.37602747845565,153.3038930440095,0.07213443444615564,0.9999999999999928,0.0014648437500000002,2.0000000000000013,-1.3608276348795436,0.0014648437500000108,-1,3896,-0.47599889825856423,-0.9584441914194775,0.0382732772309873,18.847206109581133,18.847206109581133,0.0,0.2727931097101266,1.5920073003678106,2.0,-0.2455452332270898,0.7128989581923877,1.0,1.0,1.0,0.0,683.0,62.5,0,0,1.0,1.0,31.25,12500.0,1.0,0.0,7867.5,4632.5,31.25,31.25
3897,2019-07-12,16:39:13,153.4375,153.4375,153.40625,153.40625,289,44342.15625,153.43306660899654,-0.03125,-0.00020368673051329722,153.38274359435442,153.30704248880923,0.0757011055451926,0.9999999999999928,0.0014648437500000002,2.0000000000000013,-1.3608276348795436,0.0014648437500000108,0,3897,0.5118321024828332,-0.2455452332270898,0.0382732772309873,19.779102032031506,19.779102032031506,0.0,0.2727931097101266,1.6938352552190603,2.0,-0.15990484641067004,0.08564038681641975,2.0,1.0,1.0,0.0,683.0,31.25,0,0,2.0,1.0,-31.25,12468.75,0.0,1.0,7870.0,4598.75,-33.75,31.25
3898,2019-07-12,16:52:04,153.40625,153.53125,153.40625,153.46875,289,44353.25,153.47145328719722,0.0625,0.00040733198119191627,153.40185612894234,153.3120181045382,0.08983802440414479,0.9999999999999986,0.00322265625,-2.2314049586776847,-0.5671631517317617,0.003222656250000004,-1,3898,0.5849382359952362,-0.15990484641067004,0.05676844413932801,15.825345535920167,15.825345535920167,0.0,0.2727931097101266,1.261809609135926,2.0,-0.20290107336716984,-0.042996226956499795,2.0,1.0,2.0,0.0,683.0,93.75,0,0,2.0,2.0,125.0,12593.75,0.0,0.0,7870.0,4723.75,125.0,125.0
3899,2019-07-12,17:15:39,153.46875,153.53125,153.46875,153.53125,290,44513.6875,153.49547413793104,0.0625,0.0004071661294036133,153.43061032251074,153.31876370132167,0.1118466211890734,0.9999999999999982,0.0037109375,-2.479224376731304,-0.7559840489048504,0.0037109375000000063,-1,3899,0.5489256988633019,-0.20290107336716984,0.060917464655056076,18.360353935017265,18.360353935017265,0.0,0.2727931097101266,1.5388091265627715,2.0,-0.38749467307093954,-0.1845935997037697,2.0,1.0,2.0,0.0,683.0,156.25,0,0,2.0,2.0,125.0,12718.75,0.0,0.0,7870.0,4848.75,125.0,125.0
3900,2019-07-12,17:24:54,153.53125,153.53125,153.4375,153.46875,289,44359.53125,153.49318771626298,-0.0625,-0.0004071661294036133,153.43908580639726,153.32337866435796,0.1157071420392981,0.9999999999999966,0.0029296875,3.6666666666666643,-1.924500897298752,0.0029296875000000104,0,3900,0.37786179091485467,-0.38749467307093954,0.05412658773652751,21.37713587313629,20.0,0.0,0.2727931097101266,1.7179727020810263,2.0,-0.5460312209673929,-0.15853654789645333,2.0,1.0,2.0,0.0,683.0,93.75,0,0,2.0,2.0,-125.0,12593.75,0.0,0.0,7870.0,4723.75,-125.0,125.0
3901,2019-07-12,17:35:42,153.46875,153.5625,153.46875,153.53125,289,44363.46875,153.50681228373702,0.0625,0.0004071661294036133,153.45956673830898,153.32977470545467,0.1297920328543114,0.9999999999999977,0.0027343750000000003,0.5357142857142847,-1.088511769215251,0.0027343750000000063,-1,3901,0.20628681128202725,-0.5460312209673929,0.052291251658379785,24.820984148982777,20.0,0.0,0.2727931097101266,1.7179727020810263,2.0,-0.6426791750504367,-0.09664795408304383,2.0,1.0,2.0,0.0,683.0,156.25,0,0,2.0,2.0,125.0,12718.75,0.0,0.0,7870.0,4848.75,125.0,125.0
3902,2019-07-12,17:44:17,153.53125,153.5625,153.5,153.5625,290,44525.1875,153.53512931034481,0.03125,0.00020352091247666237,153.48244079646255,153.3369354837484,0.1455053127141639,0.9999999999999981,0.00224609375,1.4555765595463157,-1.118079933149378,0.002246093750000004,-1,3902,0.08729674621986112,-0.6426791750504367,0.047392971525322236,30.701875833301543,20.0,0.0,0.2727931097101266,1.7179727020810263,2.0,-0.6792241555034821,-0.03654498045304544,2.0,1.0,2.0,0.0,683.0,187.5,0,0,2.0,2.0,62.5,12781.25,0.0,0.0,7870.0,4911.25,62.5,125.0
3903,2019-07-12,18:00:18,153.5625,153.5625,153.53125,153.5625,289,44375.25,153.5475778546713,0.0,0.0,153.50023173058202,153.3438759304023,0.1563558001797105,0.9999999999999981,0.00224609375,1.4555765595463157,-1.118079933149378,0.002246093750000004,0,3903,0.03868350066742879,-0.6792241555034821,0.047392971525322236,32.99134769301584,20.0,0.0,0.2727931097101266,1.7179727020810263,2.0,-0.7173606247936132,-0.038136469290131036,2.0,1.0,2.0,0.0,683.0,187.5,0,0,2.0,2.0,0.0,12781.25,0.0,0.0,7870.0,4911.25,0.0,62.5
3904,2019-07-12,18:10:26,153.5625,153.625,153.53125,153.59375,289,44382.96875,153.57428633217992,0.03125,0.00020347950014176774,153.52101356823047,153.35156436331303,0.16944920491744142,1.0000000000000002,0.00146484375,2.0000000000000013,-1.3608276348795436,0.00146484375,-1,3904,-0.014607824658634753,-0.7173606247936132,0.038273277230987154,44.273502865924016,20.0,0.0,0.2727931097101266,1.7179727020810263,2.0,-0.786808689907288,-0.06944806511367485,2.0,1.0,2.0,0.0,683.0,218.75,0,0,2.0,2.0,62.5,12843.75,0.0,0.0,7870.0,4973.75,62.5,62.5
3905,2019-07-12,18:26:01,153.625,153.625,153.5,153.53125,290,44528.65625,153.54709051724137,-0.0625,-0.0004070004126184301,153.52328833084593,153.35709315213418,0.16619517871174594,0.9999999999999986,0.00322265625,1.0743801652892582,0.2669003066972995,0.003222656250000004,0,3905,-0.11993360550146095,-0.786808689907288,0.05676844413932801,29.27597915205313,20.0,0.0,0.2727931097101266,1.7179727020810263,2.0,-0.8309262911297611,-0.0441176012224731,2.0,1.0,2.0,0.0,683.0,156.25,0,0,2.0,2.0,-125.0,12718.75,0.0,0.0,7870.0,4848.75,-125.0,62.5
3906,2019-07-12,18:44:31,153.53125,153.59375,153.5,153.53125,289,44374.28125,153.54422577854672,0.0,0.0,153.52505759065795,153.36245182437622,0.16260576628172885,0.9999999999999977,0.00439453125,-0.9629629629629642,-0.5237828008789239,0.00439453125000001,0,3906,-0.1941317685589712,-0.8309262911297611,0.06629126073623891,24.528989866206974,20.0,0.0,0.2727931097101266,1.7179727020810263,2.0,-0.8495885671881606,-0.01866227605839943,2.0,1.0,2.0,0.0,683.0,156.25,0,0,2.0,2.0,0.0,12718.75,0.0,0.0,7870.0,4848.75,0.0,0.0
3907,2019-07-12,18:51:41,153.53125,153.65625,153.53125,153.625,289,44390.5,153.60034602076124,0.09375,0.0006104385172776006,153.5472670149562,153.37053022978006,0.17673678517613212,0.9999999999999983,0.00458984375,-1.82435491172476,-0.0686991325127901,0.004589843750000008,-1,3907,-0.22778920476930933,-0.8495885671881606,0.0677483855896213,26.08723198906857,20.0,0.0,0.2727931097101266,1.7179727020810263,2.0,-0.8125834867015908,0.03700508048656981,2.0,1.0,2.0,0.0,683.0,250.0,0,0,2.0,2.0,187.5,12906.25,0.0,0.0,7870.0,5036.25,187.5,187.5
3908,2019-07-12,18:58:48,153.625,153.71875,153.59375,153.71875,289,44404.0,153.64705882352942,0.09375,0.0006100661094139426,153.58537434496594,153.38124468424837,0.20412966071756955,0.9999999999999972,0.00341796875,-2.897959183673469,0.3818017741606066,0.00341796875000001,-1,3908,-0.1624497734086183,-0.8125834867015908,0.05846339666834292,34.915805846105215,20.0,0.0,0.2727931097101266,1.7179727020810263,2.0,-0.7820306358163562,0.030552850885234517,2.0,1.0,2.0,0.0,683.0,343.75,0,0,2.0,2.0,187.5,13093.75,0.0,0.0,7870.0,5223.75,187.5,187.5
3909,2019-07-12,18:59:32,153.71875,153.75,153.71875,153.71875,289,44427.4375,153.72815743944636,0.0,0.0,153.61501337941797,153.3916294631946,0.2233839162233835,0.9999999999999981,0.0041015625,-3.163265306122449,0.4414786044290983,0.004101562500000008,0,3909,-0.11228194272400899,-0.7820306358163562,0.06404344228724755,34.8800608220686,20.0,0.0,0.2727931097101266,1.7179727020810263,2.0,-0.7433841978368004,0.0386464379795558,2.0,1.0,2.0,0.0,683.0,343.75,0,0,2.0,2.0,0.0,13093.75,0.0,0.0,7870.0,5223.75,0.0,187.5
3910,2019-07-12,19:02:16,153.71875,153.75,153.6875,153.6875,289,44423.0,153.71280276816609,-0.03125,-0.00020331401920170578,153.6311215173251,153.4007331720194,0.23038834530572672,1.0000000000000004,0.0029296875,3.666666666666669,1.9245008972987523,0.002929687499999999,0,3910,-0.052693270001616214,-0.7433841978368004,0.054126587736527405,42.56472741773241,20.0,0.0,0.2727931097101266,1.7179727020810263,2.0,-0.7092874114376042,0.03409678639919622,2.0,1.0,2.0,0.0,683.0,312.5,0,0,2.0,2.0,-62.5,13031.25,0.0,0.0,7870.0,5161.25,-62.5,0.0
3911,2019-07-12,19:13:51,153.6875,153.6875,153.65625,153.65625,289,44412.53125,153.67657871972318,-0.03125,-0.00020335536419846534,153.63670562458623,153.40859522826494,0.22811039632128427,1.0000000000000118,0.001171875,2.916666666666662,-1.2932338163316435,0.0011718749999999859,0,3911,-0.0030886467563340154,-0.7092874114376042,0.03423265984407268,66.63531182219286,20.0,0.0,0.2727931097101266,1.7179727020810263,2.0,-0.7573660233401793,-0.04807861190257512,2.0,1.0,2.0,0.0,683.0,281.25,0,0,2.0,2.0,-62.5,12968.75,0.0,0.0,7870.0,5098.75,-62.5,-62.5
3912,2019-07-12,19:39:52,153.65625,153.6875,153.59375,153.625,289,44397.375,153.6241349480969,-0.03125,-0.00020339672601377146,153.63410437467817,153.41525383662602,0.21885053805215193,1.000000000000023,0.0007812499999999996,0.31250000000000827,-1.2577882373436324,0.0007812499999999815,0,3912,-0.07380457883666502,-0.7573660233401793,0.02795084971874704,78.29834879952351,20.0,0.0,0.2727931097101266,1.7179727020810263,2.0,-0.8170561508366505,-0.05969012749647118,2.0,1.0,2.0,0.0,683.0,250.0,0,0,2.0,2.0,-62.5,12906.25,0.0,0.0,7870.0,5036.25,-62.5,-62.5
3913,2019-07-12,20:01:47,153.59375,153.625,153.5,153.53125,289,44379.53125,153.56239186851212,-0.09375,-0.0006104385172776006,153.61124784697193,153.41882294934524,0.1924248976266938,1.0000000000000298,0.0006835937499999995,-0.612244897959202,-0.5122408325718871,0.0006835937499999792,0,3913,-0.17005780033716167,-0.8170561508366505,0.026145625829189462,73.59735769333433,20.0,0.0,0.2727931097101266,1.7179727020810263,2.0,-0.8936244164407035,-0.07656826560405294,2.0,1.0,2.0,0.0,683.0,156.25,0,0,2.0,2.0,-187.5,12718.75,0.0,0.0,7870.0,4848.75,-187.5,-62.5
3914,2019-07-12,20:24:32,153.5,153.5625,153.4375,153.46875,290,44522.90625,153.52726293103447,-0.0625,-0.0004071661294036133,153.57958165875596,153.4203591662885,0.15922249246744968,1.000000000000004,0.0036132812500000006,2.607742878013145,1.5174736878455115,0.0036132812499999863,0,3914,-0.3145273623109008,-0.8936244164407035,0.06011057519272284,26.488266325344632,20.0,0.0,0.2727931097101266,1.7179727020810263,2.0,-0.9759080484099871,-0.08228363196928368,2.0,1.0,2.0,0.0,683.0,93.75,0,0,2.0,2.0,-125.0,12593.75,0.0,0.0,7870.0,4723.75,-125.0,-125.0
3915,2019-07-12,20:53:04,153.46875,153.5,153.375,153.40625,289,44343.25,153.43685121107268,-0.0625,-0.00040733198119191627,153.54106351236575,153.41992503809504,0.12113847427070823,1.000000000000004,0.0036132812500000006,2.607742878013145,1.5174736878455115,0.0036132812499999863,0,3915,-0.5357930716712697,-0.9759080484099871,0.06011057519272284,20.152606073444062,20.0,0.0,0.2727931097101266,1.7179727020810263,2.0,-0.9991231115733565,-0.02321506316336941,2.0,1.0,2.0,0.0,683.0,31.25,0,0,2.0,2.0,-125.0,12468.75,0.0,0.0,7870.0,4598.75,-125.0,-125.0
3916,2019-07-14,22:12:22,153.40625,153.59375,153.34375,153.46875,290,44503.84375,153.4615301724138,0.0625,0.00040733198119191627,153.52499384295115,153.4214273446152,0.10356649833593679,1.000000000000004,0.0036132812500000006,2.607742878013145,1.5174736878455115,0.0036132812499999863,-1,3916,-0.7360925369985221,-0.9991231115733565,0.06011057519272284,17.229330779798435,17.229330779798435,0.0,0.2727931097101266,1.4152226057820947,2.0,-0.9586102156853616,0.04051289588799489,2.0,1.0,2.0,0.0,683.0,93.75,0,0,2.0,2.0,125.0,12593.75,0.0,0.0,7870.0,4723.75,125.0,125.0
3917,2019-07-15,01:00:18,153.46875,153.5,153.34375,153.4375,289,44344.46875,153.44106833910035,-0.03125,-0.00020364525067861905,153.5055507667398,153.42192188785782,0.08362887888196724,1.0000000000000027,0.00830078125,0.8927335640138416,5.973385973830623e-16,0.008300781249999977,0,3917,-0.8791684386973084,-0.9586102156853616,0.0911086233569577,9.179030019399448,9.179030019399448,0.0,0.2727931097101266,0.5355689420838895,1.0,-0.8422913307586889,0.11631888492667275,2.0,1.0,2.0,0.0,683.0,62.5,0,0,2.0,2.0,-62.5,12531.25,-1.0,0.0,7870.0,4661.25,-62.5,125.0
3918,2019-07-15,02:19:30,153.4375,153.4375,153.1875,153.34375,290,44462.875,153.32025862068966,-0.09375,-0.0006111846986627256,153.46959504079763,153.41951659900067,0.05007844179695553,1.0000000000000018,0.009082031249999999,-0.003468609087756628,-0.5429955844662835,0.009082031249999982,0,3918,-0.9767364151276643,-0.8422913307586889,0.09529969176235557,5.254837751399429,5.254837751399429,0.0,0.2727931097101266,0.10677376928946314,0.0,-0.644237104571861,0.1980542261868279,-1.0,1.0,2.0,0.0,683.0,-31.25,0,0,-1.0,2.0,-187.5,12343.75,-1.0,3.0,7877.5,4466.25,-195.0,-62.5
3919,2019-07-15,03:23:59,153.3125,153.34375,153.125,153.15625,290,44424.4375,153.18771551724137,-0.1875,-0.0012234911803554738,153.39996280950928,153.41141608826223,-0.011453278752952656,1.0000000000000044,0.005566406249999999,1.0987996306555914,-1.2639100390556421,0.005566406249999975,0,3919,-0.9963579574753875,-0.644237104571861,0.0746083524144581,-1.5351201818971094,0.0,-1.5351201818971094,0.095674762037539,-0.4674205891246751,-0.0,-0.4117286795708156,0.2325084250010454,-0.0,-1.0,-1.0,1.0,684.0,-187.5,0,0,-0.0,-1.0,187.5,12531.25,-0.0,1.0,7880.0,4651.25,185.0,185.0
3920,2019-07-15,06:06:02,153.15625,153.21875,153.125,153.15625,290,44420.34375,153.17359913793103,0.0,0.0,153.34580440739612,153.40356482400804,-0.05776041661192721,1.0000000000000018,0.009082031249999999,-0.003468609087756628,-0.5429955844662835,0.009082031249999982,0,3920,-0.9355271307253793,-0.4117286795708156,0.09529969176235557,-6.060923759959444,0.0,-6.060923759959444,-0.4265011959688634,-0.4674205891246751,-1.0,-0.19149768964612898,0.22023098992468662,0.0,-1.0,-0.0,0.0,684.0,-187.5,0,0,0.0,-0.0,-0.0,12531.25,-1.0,0.0,7880.0,4651.25,-0.0,185.0
3921,2019-07-15,06:24:22,153.15625,153.21875,153.125,153.125,290,44417.4375,153.16357758620688,-0.03125,-0.000204060810829354,153.2967367613081,153.39499359865397,-0.09825683734587187,1.0000000000000013,0.0087890625,2.925925925925931,-1.4814814814814816,0.008789062499999988,0,3921,-0.8294297162371677,-0.19149768964612898,0.09374999999999993,-10.480729316893008,0.0,-10.480729316893008,-0.9364473659884447,-0.4674205891246751,-1.0,0.09753186611245768,0.2890295557585867,1.0,-1.0,0.0,0.0,684.0,-218.75,0,0,1.0,0.0,-0.0,12531.25,0.0,1.0,7882.5,4648.75,-2.5,-0.0
3922,2019-07-15,06:42:37,153.125,153.1875,153.0625,153.1875,290,44404.34375,153.11842672413792,0.0625,0.0004080799893397824,153.27246192546187,153.38860918023386,-0.11614725477198817,1.0000000000000007,0.00146484375,2.0000000000000013,1.3608276348795436,0.0014648437499999991,-1,3922,-0.634770136792337,0.09753186611245768,0.03827327723098715,-30.346827649750363,0.0,-20.0,-2.034757136339064,-0.4674205891246751,-3.0,0.27911693538389143,0.18158506927143375,1.0,-1.0,1.0,1.0,685.0,62.5,0,0,1.0,1.0,62.5,12593.75,-2.0,0.0,7882.5,4711.25,62.5,62.5
3923,2019-07-15,07:00:18,153.1875,153.25,153.15625,153.1875,290,44428.71875,153.20247844827585,0.0,0.0,153.25358149758148,153.38242120545743,-0.12883970787595445,1.0000000000000007,0.00146484375,2.0000000000000013,1.3608276348795436,0.0014648437499999991,0,3923,-0.4816388434332886,0.27911693538389143,0.03827327723098715,-33.663097909902035,0.0,-20.0,-2.034757136339064,-0.4674205891246751,-3.0,0.434097303413028,0.15498036802913656,3.0,-1.0,1.0,0.0,685.0,62.5,0,0,3.0,1.0,0.0,12593.75,0.0,2.0,7887.5,4706.25,-5.0,62.5
3924,2019-07-15,07:14:00,153.1875,153.25,153.125,153.15625,289,44276.8125,153.20696366782008,-0.03125,-0.0002040191785104284,153.2319522758967,153.37546209144338,-0.14350981554667896,0.9999999999999966,0.0017578124999999998,-2.4074074074074083,0.1656346649999846,0.0017578125000000057,0,3924,-0.33005530322932886,0.434097303413028,0.04192627457812113,-34.22908832008851,0.0,-20.0,-2.034757136339064,-0.4674205891246751,-3.0,0.5010807178175729,0.06698341440454492,3.0,-1.0,3.0,0.0,685.0,31.25,0,0,3.0,3.0,-93.75,12500.0,0.0,0.0,7887.5,4612.5,-93.75,-5.0
3925,2019-07-15,07:33:50,153.15625,153.1875,153.0625,153.15625,291,44560.125,153.12757731958763,0.0,0.0,153.21512954791967,153.36871710401437,-0.153587556094692,0.9999999999999969,0.0026367187499999997,-1.6872427983539058,0.5184205276797867,0.002636718750000008,0,3925,-0.2576130247929617,0.5010807178175729,0.0513489897661094,-29.910531208943194,0.0,-20.0,-2.034757136339064,-0.4674205891246751,-3.0,0.5614878606824767,0.060407142864903784,3.0,-1.0,3.0,0.0,685.0,31.25,0,0,3.0,3.0,0.0,12500.0,0.0,0.0,7887.5,4612.5,0.0,0.0
3926,2019-07-15,07:46:54,153.15625,153.28125,153.15625,153.21875,289,44280.5625,153.2199394463668,0.0625,0.0004079967416856789,153.21593409282644,153.36410273158316,-0.14816863875671515,0.9999999999999959,0.00244140625,-1.1999999999999993,0.0,0.00244140625000001,-1,3926,-0.18808836265005194,0.5614878606824767,0.04941058844013103,-29.987224081786756,0.0,-20.0,-2.034757136339064,-0.4674205891246751,-3.0,0.6290813170376609,0.06759345635518421,3.0,-1.0,3.0,0.0,685.0,93.75,0,0,3.0,3.0,187.5,12687.5,0.0,0.0,7887.5,4800.0,187.5,187.5
3927,2019-07-15,08:05:43,153.21875,153.3125,153.21875,153.3125,290,44446.53125,153.26390086206897,0.09375,0.0006116831672011713,153.23739318330945,153.36251495522674,-0.1251217719172928,0.9999999999999959,0.00244140625,-1.1999999999999993,0.0,0.00244140625000001,-1,3927,-0.10483436576309454,0.6290813170376609,0.04941058844013103,-25.3228661846232,0.0,-20.0,-2.034757136339064,-0.4674205891246751,-3.0,0.7007179587741215,0.07163664173646056,3.0,-1.0,3.0,0.0,685.0,187.5,0,0,3.0,3.0,281.25,12968.75,0.0,0.0,7887.5,5081.25,281.25,281.25
3928,2019-07-15,08:23:02,153.3125,153.34375,153.28125,153.34375,290,44461.96875,153.31713362068965,0.03125,0.00020381127146862354,153.26102803146293,153.36193757198902,-0.10090954052608936,0.9999999999999943,0.0021484375,0.867768595041318,-0.5516180692881069,0.0021484375000000123,-1,3928,-0.008994706115959723,0.7007179587741215,0.04635124054434803,-21.770623470053824,0.0,-20.0,-2.034757136339064,-0.4674205891246751,-3.0,0.7649906645590299,0.0642727057849084,3.0,-1.0,3.0,0.0,685.0,218.75,0,0,3.0,3.0,93.75,13062.5,0.0,0.0,7887.5,5175.0,93.75,281.25
3929,2019-07-15,08:40:00,153.34375,153.34375,153.28125,153.3125,290,44465.34375,153.32877155172415,-0.03125,-0.00020381127146862354,153.2724662466934,153.36041641592783,-0.087950169234432,0.9999999999999961,0.0021484374999999997,0.8677685950413286,0.5516180692881066,0.002148437500000008,0,3929,0.08552406808283083,0.7649906645590299,0.04635124054434798,-18.9747174404713,0.0,-18.9747174404713,-1.916462585213544,-0.4674205891246751,-2.0,0.8612230957353668,0.09623243117633695,3.0,-1.0,3.0,0.0,685.0,187.5,0,0,3.0,3.0,-93.75,12968.75,1.0,0.0,7887.5,5081.25,-93.75,93.75
3930,2019-07-15,09:04:36,153.3125,153.34375,153.28125,153.34375,289,44310.5625,153.32374567474048,0.03125,0.00020381127146862354,153.28830708076154,153.35990360313008,-0.07159652236853731,1.0000000000000009,0.0009765625,-3.0,0.0,0.0009765624999999991,-1,3930,0.2496058663526876,0.8612230957353668,0.031249999999999986,-22.910887157931946,0.0,-20.0,-2.034757136339064,-0.4674205891246751,-3.0,0.9374770175924306,0.07625392185706381,2.0,-1.0,3.0,0.0,685.0,218.75,0,0,2.0,3.0,93.75,13062.5,-1.0,1.0,7890.0,5172.5,91.25,91.25
3931,2019-07-15,09:30:35,153.34375,153.34375,153.21875,153.34375,290,44454.875,153.2926724137931,0.0,0.0,153.3006277294812,153.35940656918763,-0.05877883970643438,1.0000000000000009,0.0009765625,-3.0,0.0,0.0009765624999999991,0,3931,0.4167898331839193,0.9374770175924306,0.031249999999999986,-18.80922870605901,0.0,-18.80922870605901,-1.8973689067229718,-0.4674205891246751,-2.0,0.9852747592260389,0.04779774163360828,3.0,-1.0,2.0,0.0,685.0,218.75,0,0,3.0,2.0,0.0,13062.5,1.0,1.0,7892.5,5170.0,-2.5,91.25
3932,2019-07-15,10:07:25,153.34375,153.375,153.3125,153.3125,290,44466.6875,153.3334051724138,-0.03125,-0.00020381127146862354,153.30326601181872,153.3579632901357,-0.054697278316979236,1.0000000000000009,0.0009765625,-3.0,0.0,0.0009765624999999991,0,3932,0.5757944039610223,0.9852747592260389,0.031249999999999986,-17.503129061433363,0.0,-17.503129061433363,-1.746674378906938,-0.4674205891246751,-2.0,0.9999544076324609,0.014679648406421997,2.0,-1.0,3.0,0.0,685.0,187.5,0,0,2.0,3.0,-93.75,12968.75,0.0,1.0,7895.0,5073.75,-96.25,-2.5
3933,2019-07-15,10:43:00,153.3125,153.375,153.28125,153.34375,289,44312.59375,153.33077422145328,0.03125,0.00020381127146862354,153.31226245363678,153.35752595813153,-0.04526350449475558,1.0000000000000009,0.0009765625,-3.0,0.0,0.0009765624999999991,-1,3933,0.7138266775993649,0.9999544076324609,0.031249999999999986,-14.484321438321793,0.0,-14.484321438321793,-1.3983718652326242,-0.4674205891246751,-2.0,0.9842150644905626,-0.015739343141898288,-2.0,-1.0,2.0,0.0,685.0,218.75,0,0,-2.0,2.0,62.5,13031.25,0.0,4.0,7905.0,5126.25,52.5,52.5
3934,2019-07-15,11:07:40,153.34375,153.34375,153.3125,153.3125,290,44465.90625,153.33071120689655,-0.03125,-0.00020381127146862354,153.3123152417175,153.35614054403518,-0.043825302317685555,0.9999999999999979,0.0027343750000000003,-0.6122448979591854,0.5122408325718829,0.002734375000000006,0,3934,0.821086480005982,0.9842150644905626,0.05229125165837978,-8.381000822852261,0.0,-8.381000822852261,-0.6941859158354335,-0.4674205891246751,-1.0,0.9020096194509593,-0.08220544503960336,-2.0,-1.0,-2.0,1.0,686.0,-31.25,0,0,-2.0,-2.0,62.5,13093.75,1.0,0.0,7905.0,5188.75,62.5,62.5
3935,2019-07-15,11:24:44,153.3125,153.40625,153.3125,153.34375,290,44477.40625,153.37036637931035,0.03125,0.00020381127146862354,153.31930074355807,153.35575929652643,-0.03645855296835521,0.9999999999999944,0.001953125,2.0000000000000013,-6.542051911182396e-16,0.0019531250000000104,-1,3935,0.9430863820619932,0.9020096194509593,0.04419417382415934,-8.249628811575304,0.0,-8.249628811575304,-0.6790285399881276,-0.4674205891246751,-1.0,0.7944340045099736,-0.10757561494098566,1.0,-1.0,-2.0,0.0,686.0,0.0,0,0,1.0,-2.0,-62.5,13031.25,0.0,3.0,7912.5,5118.75,-70.0,62.5
3936,2019-07-15,11:34:44,153.34375,153.4375,153.34375,153.4375,289,44334.78125,153.40754757785467,0.09375,0.0006111846986627256,153.34556724498964,153.35827439509487,-0.012707150105228493,0.9999999999999944,0.001953125,2.0000000000000013,-6.542051911182396e-16,0.0019531250000000104,-1,3936,0.9912113187885645,0.7944340045099736,0.04419417382415934,-2.875299842867966,0.0,-2.875299842867966,-0.05895183328363213,-0.4674205891246751,-1.0,0.4861999705171965,-0.3082340339927771,-1.0,1.0,1.0,1.0,687.0,93.75,0,0,-1.0,1.0,93.75,13125.0,0.0,2.0,7917.5,5207.5,88.75,88.75
3937,2019-07-15,11:46:18,153.4375,153.46875,153.40625,153.46875,290,44498.6875,153.44375,0.03125,0.00020364525067861905,153.37294119054752,153.36167364447658,0.011267546070939716,0.9999999999999891,0.001171875,2.916666666666662,1.2932338163316435,0.0011718750000000128,-1,3937,0.9616988439255255,0.4861999705171965,0.03423265984407307,3.2914608804172554,3.2914608804172554,0.0,0.2727931097101266,-0.10776376280818101,0.0,0.22438105968583202,-0.26181891083136444,-1.0,1.0,-1.0,1.0,688.0,31.25,0,0,-1.0,-1.0,-31.25,13093.75,1.0,0.0,7917.5,5176.25,-31.25,88.75
3938,2019-07-15,12:00:39,153.46875,153.53125,153.46875,153.5,289,44357.0,153.48442906574394,0.03125,0.0002036037877335417,153.401176481537,153.36592984003119,0.035246641505807474,0.99999999999999,0.0017578124999999994,-2.407407407407393,0.1656346649999839,0.0017578125000000172,-1,3938,0.847737975665062,0.22438105968583202,0.04192627457812126,8.406814547792074,8.406814547792074,0.0,0.2727931097101266,0.45118921653308935,1.0,-0.2291871179377311,-0.45356817762356316,0.0,1.0,-1.0,0.0,688.0,62.5,0,0,0.0,-1.0,-31.25,13062.5,1.0,1.0,7920.0,5142.5,-33.75,-31.25
3939,2019-07-15,12:07:17,153.5,153.53125,153.5,153.5,289,44363.875,153.5082179930796,0.0,0.0,153.42313726341766,153.37005507572258,0.05308218769508244,0.99999999999999,0.0017578124999999994,-2.407407407407393,0.1656346649999839,0.0017578125000000172,0,3939,0.5262255189742682,-0.2291871179377311,0.04192627457812126,12.660840541931375,12.660840541931375,0.0,0.2727931097101266,0.916025209943424,1.0,-0.4376509139758315,-0.2084637960381004,1.0,1.0,0.0,0.0,688.0,62.5,0,0,1.0,0.0,0.0,13062.5,0.0,1.0,7922.5,5140.0,-2.5,-2.5
3940,2019-07-15,12:16:35,153.5,153.59375,153.46875,153.59375,290,44520.71875,153.51971982758621,0.09375,0.0006105627542885017,153.46105120488042,153.3769379964696,0.0841132084108267,0.9999999999999959,0.003125,-2.324218750000005,-0.052407843222650706,0.003125000000000013,-1,3940,0.3263255766570511,-0.4376509139758315,0.05590169943749486,15.046628144977214,15.046628144977214,0.0,0.2727931097101266,1.1767194210403296,1.0,-0.5655971347654465,-0.12794622078961498,1.0,1.0,1.0,1.0,689.0,93.75,0,0,1.0,1.0,93.75,13156.25,0.0,0.0,7922.5,5233.75,93.75,93.75
3941,2019-07-15,12:23:55,153.59375,153.6875,153.53125,153.6875,289,44389.875,153.59818339100346,0.09375,0.0006101901948714072,153.51137315935145,153.3864937504244,0.12487940892705751,0.9999999999999977,0.0041015625,-3.163265306122449,0.4414786044290983,0.004101562500000009,-1,3941,0.18320044218746276,-0.5655971347654465,0.06404344228724757,19.499171885069597,19.499171885069597,0.0,0.2727931097101266,1.6632473819602211,2.0,-0.6170330340841825,-0.051435899318736045,1.0,1.0,1.0,0.0,689.0,187.5,0,0,1.0,1.0,93.75,13250.0,1.0,0.0,7922.5,5327.5,93.75,93.75
3942,2019-07-15,12:28:29,153.6875,153.6875,153.625,153.65625,289,44410.6875,153.67019896193773,-0.03125,-0.00020335536419846534,153.5435680128289,153.39479394271905,0.14877407010985166,0.9999999999999968,0.0041015625,-3.1632653061224514,-0.4414786044290978,0.004101562500000013,0,3942,0.12014042296177047,-0.6170330340841825,0.06404344228724759,23.23018013968867,20.0,0.0,0.2727931097101266,1.7179727020810263,2.0,-0.6041564569861447,0.0128765770980378,2.0,1.0,1.0,0.0,689.0,156.25,0,0,2.0,1.0,-31.25,13218.75,0.0,1.0,7925.0,5293.75,-33.75,93.75
3943,2019-07-15,12:33:49,153.65625,153.6875,153.5625,153.625,289,44399.4375,153.63127162629758,-0.03125,-0.00020339672601377146,153.56166400997805,153.40187720602,0.1597868039580419,0.999999999999998,0.0032226562500000003,-2.231404958677686,0.5671631517317615,0.0032226562500000068,0,3943,0.13626602657288098,-0.6041564569861447,0.05676844413932803,28.147117008504523,20.0,0.0,0.2727931097101266,1.7179727020810263,2.0,-0.6307232046455189,-0.026566747659374168,2.0,1.0,2.0,0.0,689.0,125.0,0,0,2.0,2.0,-62.5,13156.25,0.0,0.0,7925.0,5231.25,-62.5,-33.75
3944,2019-07-15,12:40:19,153.625,153.71875,153.59375,153.6875,289,44406.5625,153.65592560553634,0.0625,0.0004067520902122368,153.58962756331627,153.41066559968093,0.178961963635345,0.9999999999999981,0.00224609375,-3.081285444234402,0.31535587858059355,0.0022460937500000046,-1,3944,0.10273178338258437,-0.6307232046455189,0.047392971525322236,37.76128777654825,20.0,0.0,0.2727931097101266,1.7179727020810263,2.0,-0.6418868424125644,-0.011163637767045542,2.0,1.0,2.0,0.0,689.0,187.5,0,0,2.0,2.0,125.0,13281.25,0.0,0.0,7925.0,5356.25,125.0,125.0
3945,2019-07-15,12:51:46,153.6875,153.71875,153.625,153.6875,289,44410.0,153.66782006920414,0.0,0.0,153.61137699369044,153.41918358122922,0.19219341246122212,1.0000000000000002,0.0060546875,0.3173777315296557,-0.9198156830980229,0.0060546874999999984,0,3945,0.08832649886493044,-0.6418868424125644,0.07781187248742957,24.69975420425344,20.0,0.0,0.2727931097101266,1.7179727020810263,2.0,-0.650775362616172,-0.00888852020360753,2.0,1.0,2.0,0.0,689.0,187.5,0,0,2.0,2.0,0.0,13281.25,0.0,0.0,7925.0,5356.25,0.0,125.0
3946,2019-07-15,13:00:11,153.6875,153.75,153.65625,153.75,289,44422.125,153.7097750865052,0.0625,0.00040658671021631676,153.6421821062037,153.42936254796066,0.21281955824304077,0.999999999999999,0.007617187499999999,2.0414201183431957,-1.4964964675439432,0.007617187500000007,-1,3946,0.07671752408539981,-0.650775362616172,0.08727650027355592,24.384520183094853,20.0,0.0,0.2727931097101266,1.7179727020810263,2.0,-0.680841333664675,-0.03006597104850306,2.0,1.0,2.0,0.0,689.0,250.0,0,0,2.0,2.0,125.0,13406.25,0.0,0.0,7925.0,5481.25,125.0,125.0
3947,2019-07-15,13:10:12,153.75,153.75,153.625,153.625,289,44416.875,153.6916089965398,-0.125,-0.0008133388004285536,153.63836386038068,153.4353821618696,0.20298169851108128,0.9999999999999986,0.00849609375,1.5814506539833555,-1.4301684243036634,0.00849609375000001,0,3947,0.036479358791094894,-0.680841333664675,0.09217425752345397,22.021517066132272,20.0,0.0,0.2727931097101266,1.7179727020810263,2.0,-0.7094806990209298,-0.028639365356254776,2.0,1.0,2.0,0.0,689.0,125.0,0,0,2.0,2.0,-250.0,13156.25,0.0,0.0,7925.0,5231.25,-250.0,125.0
3948,2019-07-15,13:28:37,153.65625,153.71875,153.65625,153.71875,289,44412.09375,153.67506487889273,0.09375,0.0006100661094139426,153.65622744696276,153.44410117227363,0.21212627468912615,0.9999999999999988,0.00830078125,3.3840830449827,-1.8158673720971525,0.008300781250000012,-1,3948,-0.0033628812986438664,-0.7094806990209298,0.09110862335695788,23.28278782767123,20.0,0.0,0.2727931097101266,1.7179727020810263,2.0,-0.7248804304221462,-0.015399731401216421,2.0,1.0,2.0,0.0,689.0,218.75,0,0,2.0,2.0,187.5,13343.75,0.0,0.0,7925.0,5418.75,187.5,187.5
3949,2019-07-15,13:34:04,153.71875,153.84375,153.71875,153.8125,289,44440.3125,153.77270761245674,0.09375,0.0006096941556616997,153.69095468097106,153.4554365208191,0.2355181601519689,0.9999999999999984,0.008984375000000001,3.2632325141776874,-1.838381428543688,0.008984375000000015,-1,3949,-0.025459891374668604,-0.7248804304221462,0.09478594305064446,24.847372149489587,20.0,0.0,0.2727931097101266,1.7179727020810263,2.0,-0.7343037753747459,-0.009423344952599666,2.0,1.0,2.0,0.0,689.0,312.5,0,0,2.0,2.0,187.5,13531.25,0.0,0.0,7925.0,5606.25,187.5,187.5
3950,2019-07-15,13:37:04,153.8125,153.875,153.78125,153.84375,289,44458.03125,153.83401816608998,0.03125,0.00020314880719940476,153.72490919631082,153.46738462787084,0.25752456843997606,0.9999999999999931,0.0031249999999999993,0.31250000000000117,-1.257788237343632,0.003125000000000021,-1,3950,-0.03923223867037186,-0.7343037753747459,0.05590169943749493,46.06739527264652,20.0,0.0,0.2727931097101266,1.7179727020810263,2.0,-0.7325261243708497,0.0017776510038961524,2.0,1.0,2.0,0.0,689.0,343.75,0,0,2.0,2.0,62.5,13593.75,0.0,0.0,7925.0,5668.75,62.5,187.5
3951,2019-07-15,13:40:37,153.84375,154.0,153.8125,153.9375,288,44325.59375,153.90831163194446,0.09375,0.0006091989222829497,153.77215159713066,153.48184971624406,0.29030188088660225,0.9999999999999931,0.0031249999999999993,0.31250000000000117,-1.257788237343632,0.003125000000000021,-1,3951,-0.03661908343530831,-0.7325261243708497,0.05590169943749493,51.93077917267899,20.0,0.0,0.2727931097101266,1.7179727020810263,2.0,-0.7364074290820283,-0.003881304711178535,2.0,1.0,2.0,0.0,689.0,437.5,0,0,2.0,2.0,187.5,13781.25,0.0,0.0,7925.0,5856.25,187.5,187.5
3952,2019-07-15,13:44:13,153.9375,153.9375,153.90625,153.90625,289,44486.6875,153.93317474048442,-0.03125,-0.00020302507429459382,153.80195124221274,153.49490818651347,0.3070430556992676,0.9999999999999954,0.003125,-2.324218750000005,-0.052407843222650706,0.003125000000000015,0,3952,-0.04233385303411664,-0.7364074290820283,0.05590169943749487,54.925531565025196,20.0,0.0,0.2727931097101266,1.7179727020810263,2.0,-0.7270945704507635,0.009312858631264742,2.0,1.0,2.0,0.0,689.0,406.25,0,0,2.0,2.0,-62.5,13718.75,0.0,0.0,7925.0,5793.75,-62.5,187.5
3953,2019-07-15,13:49:00,153.90625,154.0,153.90625,154.0,288,44338.25,153.95225694444446,0.09375,0.0006089516071670076,153.8459620772766,153.5104494730823,0.3355126041942924,0.9999999999999962,0.00341796875,-2.897959183673469,0.3818017741606066,0.003417968750000013,-1,3953,-0.028678309977754887,-0.7270945704507635,0.058463396668342944,57.38848977551239,20.0,0.0,0.2727931097101266,1.7179727020810263,2.0,-0.71619314971361,0.0109014207371535,2.0,1.0,2.0,0.0,689.0,500.0,0,0,2.0,2.0,187.5,13906.25,0.0,0.0,7925.0,5981.25,187.5,187.5
3954,2019-07-15,13:52:39,154.0,154.03125,153.96875,154.0,289,44504.96875,153.99643166089965,0.0,0.0,153.8801927267707,153.52551256621825,0.3546801605524479,0.9999999999999961,0.0022460937500000003,1.455576559546311,1.1180799331493774,0.002246093750000009,0,3954,-0.012933709522855314,-0.71619314971361,0.047392971525322285,74.83813509413324,20.0,0.0,0.2727931097101266,1.7179727020810263,2.0,-0.7024080724955898,0.013785077218020247,2.0,1.0,2.0,0.0,689.0,500.0,0,0,2.0,2.0,0.0,13906.25,0.0,0.0,7925.0,5981.25,0.0,187.5
3955,2019-07-15,13:58:18,154.0,154.03125,153.96875,154.0,288,44347.9375,153.98589409722223,0.0,0.0,153.9068165652661,153.5401121795654,0.3667043857007002,0.9999999999999979,0.00322265625,1.0743801652892582,0.2669003066972995,0.0032226562500000068,0,3955,0.006623044953644144,-0.7024080724955898,0.05676844413932803,64.59651858710265,20.0,0.0,0.2727931097101266,1.7179727020810263,2.0,-0.6972086865198994,0.005199385975690363,2.0,1.0,2.0,0.0,689.0,500.0,0,0,2.0,2.0,0.0,13906.25,0.0,0.0,7925.0,5981.25,0.0,0.0
3956,2019-07-15,14:06:01,154.0,154.0625,153.9375,154.03125,289,44504.03125,153.99318771626298,0.03125,0.00020290149202129015,153.93446843965143,153.55522411250186,0.37924432714956424,1.0000000000000018,0.0017578124999999998,-2.4074074074074083,-0.1656346649999846,0.0017578124999999964,-1,3956,0.013901390718687852,-0.6972086865198994,0.041926274578121016,90.4550501960102,20.0,0.0,0.2727931097101266,1.7179727020810263,2.0,-0.7002121012363689,-0.003003414716469477,2.0,1.0,2.0,0.0,689.0,531.25,0,0,2.0,2.0,62.5,13968.75,0.0,0.0,7925.0,6043.75,62.5,62.5
3957,2019-07-15,14:10:57,154.03125,154.0625,153.9375,153.96875,288,44350.3125,153.994140625,-0.0625,-0.0004058441614143149,153.94208656417334,153.56794798596334,0.37413857820999397,1.0000000000000018,0.0017578124999999998,-2.4074074074074083,-0.1656346649999846,0.0017578124999999964,0,3957,0.009703470119333433,-0.7002121012363689,0.041926274578121016,89.23725801415134,20.0,0.0,0.2727931097101266,1.7179727020810263,2.0,-0.7180562610368171,-0.01784415980044818,2.0,1.0,2.0,0.0,689.0,468.75,0,0,2.0,2.0,-125.0,13843.75,0.0,0.0,7925.0,5918.75,-125.0,62.5
3958,2019-07-15,14:19:37,153.96875,154.0,153.90625,153.90625,288,44339.71875,153.95735677083334,-0.0625,-0.00040600893777398284,153.93412288324595,153.57835727870292,0.35576560454302353,1.0000000000000007,0.00224609375,-3.081285444234402,-0.31535587858059355,0.0022460937499999985,0,3958,-0.01560669478283517,-0.7180562610368171,0.047392971525322174,75.06716567728553,20.0,0.0,0.2727931097101266,1.7179727020810263,2.0,-0.75034435692112,-0.032288095884302925,2.0,1.0,2.0,0.0,689.0,406.25,0,0,2.0,2.0,-125.0,13718.75,0.0,0.0,7925.0,5793.75,-125.0,-125.0
3959,2019-07-15,14:27:17,153.90625,153.9375,153.875,153.90625,289,44481.9375,153.91673875432525,0.0,0.0,153.9279289091913,153.58844628551208,0.3394826236792312,1.0000000000000018,0.0017578124999999998,-2.4074074074074083,-0.1656346649999846,0.0017578124999999964,0,3959,-0.06314265439707618,-0.75034435692112,0.041926274578121016,80.97133053085243,20.0,0.0,0.2727931097101266,1.7179727020810263,2.0,-0.8046402716262315,-0.054295914705111525,2.0,1.0,2.0,0.0,689.0,406.25,0,0,2.0,2.0,0.0,13718.75,0.0,0.0,7925.0,5793.75,0.0,0.0
3960,2019-07-15,14:32:18,153.875,153.9375,153.875,153.9375,289,44480.59375,153.912089100346,0.03125,0.00020302507429459382,153.93005581825992,153.59918639980404,0.33086941845587603,1.000000000000001,0.00126953125,-0.17751479289940755,-0.4047960089109363,0.0012695312499999985,-1,3960,-0.1491130267736103,-0.8046402716262315,0.03563048203434804,92.8613365760574,20.0,0.0,0.2727931097101266,1.7179727020810263,2.0,-0.858403308020944,-0.05376303639471247,2.0,1.0,2.0,0.0,689.0,437.5,0,0,2.0,2.0,62.5,13781.25,0.0,0.0,7925.0,5856.25,62.5,62.5
3961,2019-07-15,14:38:36,153.9375,153.96875,153.90625,153.9375,288,44332.625,153.93272569444446,0.0,0.0,153.93171008086884,153.60959604904085,0.3221140318279936,0.999999999999999,0.00068359375,-0.612244897959183,0.5122408325718831,0.0006835937500000006,0,3961,-0.2442544163287733,-0.858403308020944,0.026145625829189872,123.1999700188375,20.0,0.0,0.2727931097101266,1.7179727020810263,2.0,-0.8992781757188257,-0.040874867697881734,2.0,1.0,2.0,0.0,689.0,437.5,0,0,2.0,2.0,0.0,13781.25,0.0,0.0,7925.0,5856.25,0.0,62.5
3962,2019-07-15,14:47:39,153.9375,153.96875,153.90625,153.90625,289,44490.625,153.94679930795849,-0.03125,-0.00020302507429459382,153.92605228512022,153.6187238629165,0.30732842220371026,0.9999999999999973,0.0009765625,-3.0,0.0,0.0009765625000000026,0,3962,-0.3266133545282005,-0.8992781757188257,0.03125000000000004,98.34509510518716,20.0,0.0,0.2727931097101266,1.7179727020810263,2.0,-0.9267633608365573,-0.02748518511773157,2.0,1.0,2.0,0.0,689.0,406.25,0,0,2.0,2.0,-62.5,13718.75,0.0,0.0,7925.0,5793.75,-62.5,0.0
3963,2019-07-15,14:53:34,153.90625,153.90625,153.84375,153.875,288,44320.5625,153.89084201388889,-0.03125,-0.0002030663018448564,153.9147073328713,153.6266092825191,0.2880980503522039,0.9999999999999973,0.0009765625,-3.0,0.0,0.0009765625000000026,0,3963,-0.38969905301418767,-0.9267633608365573,0.03125000000000004,92.19137611270513,20.0,0.0,0.2727931097101266,1.7179727020810263,2.0,-0.9539470339306013,-0.027183673094044014,2.0,1.0,2.0,0.0,689.0,375.0,0,0,2.0,2.0,-62.5,13656.25,0.0,0.0,7925.0,5731.25,-62.5,-62.5
3964,2019-07-15,15:00:11,153.875,153.9375,153.875,153.90625,289,44476.34375,153.89738321799308,0.03125,0.0002030663018448564,153.91282792556657,153.63521361228777,0.2776143132788036,0.9999999999999961,0.001171875,-3.3333333333333326,-0.6085806194501847,0.0011718750000000047,-1,3964,-0.4624279940969179,-0.9539470339306013,0.03423265984407295,81.09633155685674,20.0,0.0,0.2727931097101266,1.7179727020810263,2.0,-0.975440807668037,-0.021493773737435662,2.0,1.0,2.0,0.0,689.0,406.25,0,0,2.0,2.0,62.5,13718.75,0.0,0.0,7925.0,5793.75,62.5,62.5
3965,2019-07-15,15:07:40,153.90625,153.96875,153.90625,153.9375,288,44332.125,153.93098958333334,0.03125,0.00020302507429459382,153.91831060877402,153.6445147319097,0.2737958768643125,0.9999999999999887,0.00078125,4.999999999999997,-2.236067977499789,0.0007812500000000089,-1,3965,-0.5339922451706128,-0.975440807668037,0.02795084971874753,97.9561908204418,20.0,0.0,0.2727931097101266,1.7179727020810263,2.0,-0.9941317790881617,-0.01869097142012477,2.0,1.0,2.0,0.0,689.0,437.5,0,0,2.0,2.0,62.5,13781.25,0.0,0.0,7925.0,5856.25,62.5,62.5
3966,2019-07-15,15:16:07,153.9375,154.0,153.90625,153.96875,289,44499.1875,153.97642733564012,0.03125,0.00020298386347938902,153.9295193623798,153.6544912016971,0.27502816068269453,0.9999999999999887,0.00078125,4.999999999999997,-2.236067977499789,0.0007812500000000089,-1,3966,-0.6264654737780643,-0.9941317790881617,0.02795084971874753,98.39706608211783,20.0,0.0,0.2727931097101266,1.7179727020810263,2.0,-0.9973256283013169,-0.003193849213155131,2.0,1.0,2.0,0.0,689.0,468.75,0,0,2.0,2.0,62.5,13843.75,0.0,0.0,7925.0,5918.75,62.5,62.5
3967,2019-07-15,15:25:57,153.96875,154.03125,153.9375,154.0,288,44348.28125,153.98708767361111,0.03125,0.00020294266939302474,153.94518172629543,153.6651222416449,0.2800594846505362,0.9999999999999911,0.00078125,0.3125000000000024,-1.2577882373436315,0.0007812500000000069,-1,3967,-0.7568954552121627,-0.9973256283013169,0.027950849718747495,100.19712726754483,20.0,0.0,0.2727931097101266,1.7179727020810263,2.0,-0.9816400818045107,0.015685546496806202,2.0,1.0,2.0,0.0,689.0,500.0,0,0,2.0,2.0,62.5,13906.25,0.0,0.0,7925.0,5981.25,62.5,62.5
3968,2019-07-15,15:35:23,154.0,154.0625,153.96875,153.96875,289,44510.09375,154.01416522491348,-0.03125,-0.00020294266939302474,153.950419120452,153.67446463420967,0.2759544862423411,0.9999999999999973,0.0009765625,-3.0,0.0,0.0009765625000000026,0,3968,-0.8289997636156143,-0.9816400818045107,0.03125000000000004,88.30543559754902,20.0,0.0,0.2727931097101266,1.7179727020810263,2.0,-0.9085305168835531,0.07310956492095755,2.0,1.0,2.0,0.0,689.0,468.75,0,0,2.0,2.0,-62.5,13843.75,0.0,0.0,7925.0,5918.75,-62.5,62.5
3969,2019-07-15,15:41:17,153.96875,154.0,153.90625,153.96875,288,44338.0625,153.95160590277777,0.0,0.0,153.95449264924048,153.6835195685417,0.2709730806987807,1.000000000000002,0.00078125,0.3125000000000024,1.2577882373436315,0.0007812499999999984,0,3969,-0.9378703848615498,-0.9085305168835531,0.027950849718747343,96.94627656240166,20.0,0.0,0.2727931097101266,1.7179727020810263,2.0,-0.7101923697944907,0.1983381470890624,-2.0,1.0,2.0,0.0,689.0,468.75,0,0,-2.0,2.0,0.0,13843.75,0.0,4.0,7935.0,5908.75,-10.0,-10.0
3970,2019-07-15,15:52:55,153.96875,153.96875,153.9375,153.9375,289,44492.5,153.95328719723184,-0.03125,-0.00020298386347938902,153.95071650496484,153.69133435104814,0.25938215391670383,0.9999999999999994,0.0016601562499999997,2.6643598615916986,1.7143923280117699,0.0016601562500000006,0,3970,-0.9999904373230234,-0.7101923697944907,0.04074501503251656,63.65984985149812,20.0,0.0,0.2727931097101266,1.7179727020810263,2.0,-0.48910054176028517,0.22109182803420557,-2.0,-1.0,-2.0,1.0,690.0,-31.25,0,0,-2.0,-2.0,62.5,13906.25,0.0,0.0,7935.0,5971.25,62.5,62.5
3971,2019-07-15,16:10:52,153.9375,154.0,153.875,153.90625,288,44334.65625,153.93977864583334,-0.03125,-0.00020302507429459382,153.94083505941714,153.6979471402467,0.2428879191704425,0.9999999999999969,0.00224609375,-3.081285444234402,0.31535587858059355,0.0022460937500000068,0,3971,-0.9626042282545871,-0.48910054176028517,0.047392971525322264,51.24977635991161,20.0,0.0,0.2727931097101266,1.7179727020810263,2.0,0.970385009014982,1.459485550775267,-2.0,-1.0,-2.0,0.0,690.0,-62.5,0,0,-2.0,-2.0,62.5,13968.75,0.0,0.0,7935.0,6033.75,62.5,62.5
3972,2019-07-15,16:34:07,153.9375,154.0,153.90625,153.96875,289,44494.5625,153.96042387543253,0.0625,0.00040600893777398284,153.94703837954668,153.70627953593143,0.24075884361525368,0.9999999999999969,0.00224609375,-3.081285444234402,0.31535587858059355,0.0022460937500000068,-1,3972,0.5153546170337309,0.970385009014982,0.047392971525322264,50.80053768871935,20.0,0.0,0.2727931097101266,1.7179727020810263,2.0,0.8909166231482533,-0.07946838586672877,2.0,-1.0,-2.0,0.0,690.0,0.0,0,0,2.0,-2.0,-125.0,13843.75,0.0,4.0,7945.0,5898.75,-135.0,62.5
3973,2019-07-15,16:53:33,153.96875,154.03125,153.9375,154.03125,288,44344.25,153.97309027777777,0.0625,0.0004058441614143149,153.96575207298076,153.71627862713353,0.2494734458472294,0.9999999999999933,0.001953125,-1.7499999999999953,-0.8838834764831853,0.001953125000000013,-1,3973,0.9511176785673452,0.8909166231482533,0.04419417382415937,56.44939689105609,20.0,0.0,0.2727931097101266,1.7179727020810263,2.0,0.5257562914650604,-0.36516033168319284,-2.0,-1.0,2.0,1.0,691.0,62.5,0,0,-2.0,2.0,125.0,13968.75,0.0,4.0,7955.0,6013.75,115.0,115.0
3974,2019-07-15,17:05:26,154.03125,154.0625,153.96875,154.03125,289,44508.4375,154.00843425605535,0.0,0.0,153.98030716787395,153.72597005399098,0.2543371138829684,0.9999999999999983,0.004687500000000001,1.7447916666666632,-1.5309606208043702,0.004687500000000009,0,3974,0.9732557898121611,0.5257562914650604,0.06846531968814583,37.148313195856545,20.0,0.0,0.2727931097101266,1.7179727020810263,2.0,0.2843218337170976,-0.2414344577479628,2.0,1.0,-2.0,1.0,692.0,0.0,0,0,2.0,-2.0,-0.0,13968.75,0.0,4.0,7965.0,6003.75,-10.0,115.0
3975,2019-07-15,17:13:47,154.03125,154.125,154.0,154.09375,288,44369.0,154.05902777777777,0.0625,0.00040567951874859176,154.0055166861242,153.73728636002204,0.2682303261021559,0.9999999999999979,0.00419921875,1.9307733910221774,-1.4467284665112368,0.004199218750000008,-1,3975,0.8789695999164177,0.2843218337170976,0.06480137922914919,41.39268782438192,20.0,0.0,0.2727931097101266,1.7179727020810263,2.0,0.02986654405296338,-0.2544552896641342,2.0,1.0,2.0,1.0,693.0,62.5,0,0,2.0,2.0,125.0,14093.75,0.0,0.0,7965.0,6128.75,125.0,125.0
3976,2019-07-15,17:24:40,154.09375,154.09375,154.0,154.0,288,44372.0,154.06944444444446,-0.09375,-0.0006085810107698819,154.0042907558744,153.74536985663676,0.25892089923763706,0.9999999999999991,0.00341796875,2.000000000000002,-1.1454053224818188,0.0034179687500000035,0,3976,0.7279101733362066,0.02986654405296338,0.05846339666834286,44.287693495892825,20.0,0.0,0.2727931097101266,1.7179727020810263,2.0,-0.4057234992912348,-0.43559004334419815,2.0,1.0,2.0,0.0,693.0,-31.25,0,0,2.0,2.0,-187.5,13906.25,0.0,0.0,7965.0,5941.25,-187.5,125.0
3977,2019-07-15,17:36:58,154.0,154.0625,154.0,154.03125,289,44515.65625,154.03341262975778,0.03125,0.00020290149202129015,154.01028169901343,153.75416616874026,0.2561155302731777,0.9999999999999979,0.00419921875,1.9307733910221774,-1.4467284665112368,0.004199218750000008,-1,3977,0.35940283682503443,-0.4057234992912348,0.06480137922914919,39.52316035859479,20.0,0.0,0.2727931097101266,1.7179727020810263,2.0,-0.5592381636117519,-0.15351466432051714,2.0,1.0,2.0,0.0,693.0,0.0,0,0,2.0,2.0,62.5,13968.75,0.0,0.0,7965.0,6003.75,62.5,62.5
3978,2019-07-15,17:48:37,154.03125,154.0625,154.0,154.03125,288,44362.15625,154.03526475694446,0.0,0.0,154.0149413214549,153.76269182508673,0.2522494963681652,1.0000000000000002,0.00419921875,-1.9632233639805285,-0.235513936408806,0.004199218749999999,0,3978,0.19075540354910675,-0.5592381636117519,0.06480137922914912,38.92656288628772,20.0,0.0,0.2727931097101266,1.7179727020810263,2.0,-0.6242978785896784,-0.06505971497792651,2.0,1.0,2.0,0.0,693.0,0.0,0,0,2.0,2.0,0.0,13968.75,0.0,0.0,7965.0,6003.75,0.0,62.5
3979,2019-07-15,18:03:53,154.03125,154.125,154.03125,154.09375,288,44378.40625,154.09168836805554,0.0625,0.00040567951874859176,154.03245436113158,153.77287823046868,0.2595761306629072,0.9999999999999966,0.00224609375,1.4555765595463157,-1.118079933149378,0.0022460937500000076,-1,3979,0.11093692255444747,-0.6242978785896784,0.04739297152532227,54.77101821400132,20.0,0.0,0.2727931097101266,1.7179727020810263,2.0,-0.6574827392987959,-0.033184860709117414,2.0,1.0,2.0,0.0,693.0,62.5,0,0,2.0,2.0,125.0,14093.75,0.0,0.0,7965.0,6128.75,125.0,125.0
3980,2019-07-15,18:19:39,154.09375,154.09375,154.0,154.03125,289,44519.75,154.0475778546713,-0.0625,-0.00040567951874859176,154.03218672532458,153.78082813106965,0.25135859425492413,0.9999999999999984,0.00244140625,-1.2000000000000004,0.0,0.0024414062500000035,0,3980,0.06787296451742351,-0.6574827392987959,0.049410588440130965,50.871402707435124,20.0,0.0,0.2727931097101266,1.7179727020810263,2.0,-0.7176805551730236,-0.06019781587422779,2.0,1.0,2.0,0.0,693.0,0.0,0,0,2.0,2.0,-125.0,13968.75,0.0,0.0,7965.0,6003.75,-125.0,125.0
3981,2019-07-15,18:28:41,154.03125,154.0625,154.03125,154.0625,288,44365.65625,154.04741753472223,0.03125,0.00020286033135885617,154.0389230085858,153.789494957806,0.24942805077981234,0.9999999999999993,0.00263671875,-1.6872427983539093,0.5184205276797869,0.0026367187500000015,-1,3981,-0.015067089614703058,-0.7176805551730236,0.05134898976610934,48.575064848585676,20.0,0.0,0.2727931097101266,1.7179727020810263,2.0,-0.7899420772541406,-0.07226152208111691,2.0,1.0,2.0,0.0,693.0,31.25,0,0,2.0,2.0,62.5,14031.25,0.0,0.0,7965.0,6066.25,62.5,62.5
3982,2019-07-15,18:47:16,154.0625,154.0625,153.96875,154.03125,288,44356.375,154.01519097222223,-0.03125,-0.00020286033135885617,154.03721789556676,153.79693357448892,0.24028432107783715,0.9999999999999991,0.00390625,-0.1875000000000012,0.9375000000000003,0.0039062500000000035,0,3982,-0.12498862436352728,-0.7899420772541406,0.06250000000000003,38.44549137245393,20.0,0.0,0.2727931097101266,1.7179727020810263,2.0,-0.8639305751611326,-0.07398849790699202,2.0,1.0,2.0,0.0,693.0,0.0,0,0,2.0,2.0,-62.5,13968.75,0.0,0.0,7965.0,6003.75,-62.5,62.5
3983,2019-07-15,18:58:15,154.03125,154.03125,153.96875,154.0,289,44501.65625,153.98496972318338,-0.03125,-0.00020290149202129015,154.02894725210749,153.80318177219698,0.22576547991050688,0.9999999999999973,0.002734375,0.5357142857142883,1.0885117692152515,0.0027343750000000076,0,3983,-0.25478446976306873,-0.8639305751611326,0.05229125165837979,43.17461769426348,20.0,0.0,0.2727931097101266,1.7179727020810263,2.0,-0.8871117962314614,-0.023181221070328828,2.0,1.0,2.0,0.0,693.0,-31.25,0,0,2.0,2.0,-62.5,13906.25,0.0,0.0,7965.0,5941.25,-62.5,-62.5
3984,2019-07-15,18:59:27,154.0,154.09375,154.0,154.09375,288,44360.875,154.03081597222223,0.09375,0.0006085810107698819,154.0433478627503,153.81212233305249,0.2312255296978094,0.999999999999998,0.00263671875,3.251028806584363,1.7355817665801556,0.0026367187500000054,-1,3984,-0.3009143698882676,-0.8871117962314614,0.051348989766109375,45.030200350780724,20.0,0.0,0.2727931097101266,1.7179727020810263,2.0,-0.8993506397918014,-0.012238843560339996,2.0,1.0,2.0,0.0,693.0,62.5,0,0,2.0,2.0,187.5,14093.75,0.0,0.0,7965.0,6128.75,187.5,187.5
3985,2019-07-15,19:00:11,154.09375,154.125,154.0625,154.09375,288,44375.5625,154.08181423611111,0.0,0.0,154.05454833769468,153.8207877997278,0.23376053796687302,0.9999999999999966,0.00224609375,3.724007561436674,1.7487916903105656,0.0022460937500000076,0,3985,-0.3267699692730061,-0.8993506397918014,0.04739297152532227,49.3238829394721,20.0,0.0,0.2727931097101266,1.7179727020810263,2.0,-0.9130602441254195,-0.01370960433361812,2.0,1.0,2.0,0.0,693.0,62.5,0,0,2.0,2.0,0.0,14093.75,0.0,0.0,7965.0,6128.75,0.0,187.5
3986,2019-07-15,19:07:56,154.09375,154.09375,154.03125,154.09375,289,44524.9375,154.0655276816609,0.0,0.0,154.063259818207,153.82918663665927,0.23407318154772838,0.9999999999999927,0.0016601562499999997,2.664359861591702,1.714392328011769,0.0016601562500000119,0,3986,-0.35725547530115326,-0.9130602441254195,0.0407450150325167,57.448299224070844,20.0,0.0,0.2727931097101266,1.7179727020810263,2.0,-0.9672632547828462,-0.05420301065742672,2.0,1.0,2.0,0.0,693.0,62.5,0,0,2.0,2.0,0.0,14093.75,0.0,0.0,7965.0,6128.75,0.0,0.0
3987,2019-07-15,19:19:20,154.09375,154.09375,154.0625,154.09375,288,44376.3125,154.08441840277777,0.0,0.0,154.07003541416103,153.837327047839,0.23270836632201508,0.9999999999999876,0.00078125,0.3124999999999976,1.257788237343632,0.0007812500000000098,0,3987,-0.5045123201125139,-0.9672632547828462,0.027950849718747547,83.25627616463123,20.0,0.0,0.2727931097101266,1.7179727020810263,2.0,-0.9703194477681585,-0.003056192985312234,2.0,1.0,2.0,0.0,693.0,62.5,0,0,2.0,2.0,0.0,14093.75,0.0,0.0,7965.0,6128.75,0.0,0.0
3988,2019-07-15,19:37:19,154.09375,154.125,154.0625,154.125,288,44381.21875,154.10145399305554,0.03125,0.00020277806010859933,154.0822497665697,153.84617852329015,0.23607124327955376,0.999999999999994,0.00126953125,-0.17751479289940755,0.4047960089109363,0.0012695312500000076,-1,3988,-0.5151221379419918,-0.9703194477681585,0.03563048203434817,66.25541665475605,20.0,0.0,0.2727931097101266,1.7179727020810263,2.0,-0.9031175766056886,0.0672018711624699,2.0,1.0,2.0,0.0,693.0,93.75,0,0,2.0,2.0,62.5,14156.25,0.0,0.0,7965.0,6191.25,62.5,62.5
3989,2019-07-15,19:55:00,154.125,154.1875,154.125,154.1875,288,44396.53125,154.15462239583334,0.0625,0.00040543280506710744,154.105638707332,153.85668072257354,0.248957984758448,0.9999999999999964,0.0016601562499999997,-1.4878892733564004,0.5413870509510851,0.0016601562500000054,-1,3989,-0.33497361814882876,-0.9031175766056886,0.040745015032516624,61.101458561192494,20.0,0.0,0.2727931097101266,1.7179727020810263,2.0,-0.8138173225088101,0.08930025409687847,2.0,1.0,2.0,0.0,693.0,156.25,0,0,2.0,2.0,125.0,14281.25,0.0,0.0,7965.0,6316.25,125.0,125.0
3990,2019-07-15,20:08:18,154.15625,154.21875,154.125,154.15625,288,44399.0,154.16319444444446,-0.03125,-0.00020269585556320635,154.11688566125824,153.86589823880206,0.250987422456177,0.9999999999999956,0.0017578124999999998,-2.407407407407407,-0.1656346649999846,0.0017578125000000074,0,3990,-0.1645413003456286,-0.8138173225088101,0.04192627457812115,59.863993398343226,20.0,0.0,0.2727931097101266,1.7179727020810263,2.0,-0.6405969085768447,0.1732204139319654,2.0,1.0,2.0,0.0,693.0,125.0,0,0,2.0,2.0,-62.5,14218.75,0.0,0.0,7965.0,6253.75,-62.5,125.0
3991,2019-07-15,20:38:04,154.15625,154.1875,154.125,154.125,288,44395.5,154.15104166666666,-0.03125,-0.0002027369495039011,154.1186888476453,153.87387060068508,0.24481824696022159,0.9999999999999956,0.0017578124999999998,-2.407407407407407,-0.1656346649999846,0.0017578125000000074,0,3991,0.0900008522286886,-0.6405969085768447,0.04192627457812115,58.392559182441126,20.0,0.0,0.2727931097101266,1.7179727020810263,2.0,-0.5172551547899273,0.12334175378691736,2.0,1.0,2.0,0.0,693.0,93.75,0,0,2.0,2.0,-62.5,14156.25,0.0,0.0,7965.0,6191.25,-62.5,-62.5
3992,2019-07-15,22:01:11,154.125,154.1875,154.0625,154.15625,289,44538.9375,154.1139705882353,0.03125,0.0002027369495039011,154.12703577039082,153.88255919758709,0.24447657280373392,1.0000000000000004,0.0017578124999999998,-2.407407407407407,0.1656346649999846,0.001757812499999999,-1,3992,0.23940944310751994,-0.5172551547899273,0.041926274578121044,58.31106514083473,20.0,0.0,0.2727931097101266,1.7179727020810263,2.0,-0.4974975190322879,0.019757635757639447,2.0,1.0,2.0,0.0,693.0,125.0,0,0,2.0,2.0,62.5,14218.75,0.0,0.0,7965.0,6253.75,62.5,62.5
3993,2019-07-16,00:01:04,154.15625,154.1875,154.125,154.1875,288,44395.21875,154.15006510416666,0.03125,0.00020269585556320635,154.14047226585953,153.8919419915075,0.2485302743520208,0.999999999999998,0.00263671875,-1.6872427983539093,-0.5184205276797869,0.0026367187500000054,-1,3993,0.26160679678489085,-0.4974975190322879,0.051348989766109375,48.400226661528635,20.0,0.0,0.2727931097101266,1.7179727020810263,2.0,-0.6168100174869597,-0.11931249845467184,2.0,1.0,2.0,0.0,693.0,156.25,0,0,2.0,2.0,62.5,14281.25,0.0,0.0,7965.0,6316.25,62.5,62.5
3994,2019-07-16,01:11:26,154.1875,154.21875,154.125,154.125,288,44396.65625,154.15505642361111,-0.0625,-0.00040543280506710744,154.13703398455743,153.89911300715346,0.23792097740397367,0.9999999999999966,0.00224609375,1.4555765595463157,-1.118079933149378,0.0022460937500000076,0,3994,0.12042173240349649,-0.6168100174869597,0.04739297152532227,50.20174294765447,20.0,0.0,0.2727931097101266,1.7179727020810263,2.0,-0.7087367813382991,-0.09192676385133935,2.0,1.0,2.0,0.0,693.0,93.75,0,0,2.0,2.0,-125.0,14156.25,0.0,0.0,7965.0,6191.25,-125.0,62.5
3995,2019-07-16,02:12:44,154.125,154.21875,154.125,154.1875,288,44403.78125,154.17979600694446,0.0625,0.00040543280506710744,154.14824865465582,153.90798645308723,0.24026220156858358,1.0000000000000007,0.0056640625,-0.9453032104637344,-0.6013638196305312,0.005664062499999996,-1,3995,-0.0023078313676340115,-0.7087367813382991,0.07525996611745182,31.924303711966438,20.0,0.0,0.2727931097101266,1.7179727020810263,2.0,-0.8018040743346645,-0.0930672929963654,2.0,1.0,2.0,0.0,693.0,156.25,0,0,2.0,2.0,125.0,14281.25,0.0,0.0,7965.0,6316.25,125.0,125.0
3996,2019-07-16,04:30:07,154.1875,154.21875,154.15625,154.1875,288,44404.9375,154.18381076388889,0.0,0.0,154.1569711758434,153.91658686991534,0.24038430592807458,1.000000000000002,0.0056640625,-0.9453032104637344,0.6013638196305304,0.005664062499999988,0,3996,-0.14440327584120125,-0.8018040743346645,0.07525996611745177,31.940528056168326,20.0,0.0,0.2727931097101266,1.7179727020810263,2.0,-0.9097085943930516,-0.10790452005838713,2.0,1.0,2.0,0.0,693.0,156.25,0,0,2.0,2.0,0.0,14281.25,0.0,0.0,7965.0,6316.25,0.0,125.0
3997,2019-07-16,05:37:31,154.1875,154.1875,154.03125,154.0625,288,44376.15625,154.08387586805554,-0.125,-0.0008110300525654424,154.13597758121156,153.92107650468716,0.2149010765243986,1.000000000000002,0.005566406250000001,-1.1172668513388768,0.20575279705556965,0.00556640624999999,0,3997,-0.3496369742059521,-0.9097085943930516,0.07460835241445819,28.803889855467894,20.0,0.0,0.2727931097101266,1.7179727020810263,2.0,-0.9798344629597228,-0.07012586856667113,2.0,1.0,2.0,0.0,693.0,31.25,0,0,2.0,2.0,-250.0,14031.25,0.0,0.0,7965.0,6066.25,-250.0,0.0
3998,2019-07-16,06:17:53,154.0625,154.0625,153.9375,153.96875,289,44507.71875,154.00594723183391,-0.09375,-0.0006087044927731711,154.09881589649788,153.92254338146603,0.17627251503185448,1.0000000000000004,0.00947265625,0.7620363481772792,0.9334509605008141,0.009472656249999994,0,3998,-0.5515598987660173,-0.9798344629597228,0.09732757188998395,18.111261958852467,18.111261958852467,0.0,0.2727931097101266,1.5115909298825854,2.0,-0.9809027650284322,-0.001068302068709448,2.0,1.0,2.0,0.0,693.0,-62.5,0,0,2.0,2.0,-187.5,13843.75,0.0,0.0,7965.0,5878.75,-187.5,-187.5
3999,2019-07-16,06:51:33,153.96875,153.96875,153.875,153.9375,288,44335.03125,153.94108072916666,-0.03125,-0.00020298386347938902,154.06296791949836,153.92300358511324,0.13996433438512668,1.0000000000000009,0.00927734375,1.999999999999999,1.2806954299797044,0.009277343749999991,0,3999,-0.8311343851800937,-0.9809027650284322,0.09631896879639021,14.531336468208968,14.531336468208968,0.0,0.2727931097101266,1.1204136723691565,1.0,-0.8446601866860504,0.13624257834238185,2.0,1.0,2.0,0.0,693.0,-93.75,0,0,2.0,2.0,-62.5,13781.25,-1.0,0.0,7965.0,5816.25,-62.5,-62.5
4000,2019-07-16,07:11:57,153.9375,154.09375,153.9375,154.0625,289,44509.375,154.01167820069205,0.125,0.0008116883562525601,154.06286393738762,153.92729578249438,0.13556815489323526,0.9999999999999999,0.0068359375,0.6734693877551029,0.8099238707340586,0.006835937500000002,-1,4000,-0.9757812393948365,-0.8446601866860504,0.08267972847076846,16.396782790737586,16.396782790737586,0.0,0.2727931097101266,1.3242503662870757,2.0,-0.6216639398381563,0.2229962468478941,-1.0,1.0,2.0,0.0,693.0,31.25,0,0,-1.0,2.0,250.0,14031.25,1.0,3.0,7972.5,6058.75,242.5,242.5
4001,2019-07-16,07:39:57,154.0625,154.09375,154.0,154.03125,288,44360.75,154.03038194444446,-0.03125,-0.00020286033135885617,154.05583861796816,153.93049437380228,0.12534424416588763,0.9999999999999972,0.00439453125,-0.9629629629629607,0.5237828008789243,0.004394531250000012,0,4001,-0.9934482702021294,-0.6216639398381563,0.06629126073623892,18.908109873578958,18.908109873578958,0.0,0.2727931097101266,1.5986622342303116,2.0,-0.4692841342635402,0.15237980557461606,-2.0,-1.0,-1.0,1.0,694.0,-31.25,0,0,-2.0,-1.0,31.25,14062.5,0.0,1.0,7975.0,6087.5,28.75,242.5
4002,2019-07-16,08:04:07,154.03125,154.125,154.0,154.0625,288,44370.28125,154.0634765625,0.03125,0.00020286033135885617,154.05731892508635,153.9345560853776,0.12276283970874147,0.9999999999999949,0.00322265625,1.0743801652892557,0.2669003066973004,0.0032226562500000163,-1,4002,-0.9562426744457028,-0.4692841342635402,0.05676844413932811,21.62519011573433,20.0,0.0,0.2727931097101266,1.7179727020810263,2.0,-0.16133232444223977,0.30795180982130044,-2.0,-1.0,-2.0,0.0,694.0,0.0,0,0,-2.0,-2.0,-62.5,14000.0,0.0,0.0,7975.0,6025.0,-62.5,28.75
4003,2019-07-16,08:17:09,154.0625,154.125,154.0625,154.125,289,44535.5,154.10207612456747,0.0625,0.0004055972474983349,154.07235916395607,153.94041589813523,0.13194326582083704,0.9999999999999969,0.0017578124999999998,-2.407407407407407,-0.1656346649999846,0.001757812500000005,-1,4003,-0.8119229601077375,-0.16133232444223977,0.04192627457812112,31.470305231863016,20.0,0.0,0.2727931097101266,1.7179727020810263,2.0,0.016171978666983455,0.17750430310922322,-2.0,-1.0,-2.0,0.0,694.0,62.5,0,0,-2.0,-2.0,-125.0,13875.0,0.0,0.0,7975.0,5900.0,-125.0,-62.5
4004,2019-07-16,08:35:47,154.125,154.1875,154.125,154.15625,288,44400.34375,154.16786024305554,0.03125,0.0002027369495039011,154.09100157196585,153.9470569474234,0.14394462454245627,0.9999999999999933,0.0021484375,0.867768595041318,-0.5516180692881069,0.002148437500000014,-1,4004,-0.6955789935179866,0.016171978666983455,0.04635124054434805,31.05518274203095,20.0,0.0,0.2727931097101266,1.7179727020810263,2.0,-0.018462101398334076,-0.03463408006531753,2.0,-1.0,-2.0,0.0,694.0,93.75,0,0,2.0,-2.0,-62.5,13812.5,0.0,4.0,7985.0,5827.5,-72.5,-72.5
4005,2019-07-16,09:00:03,154.15625,154.1875,154.09375,154.125,288,44391.4375,154.13693576388889,-0.03125,-0.0002027369495039011,154.09855677819567,153.95253211827193,0.14602465992373936,0.9999999999999979,0.00419921875,-1.963223363980531,-0.23551393640880577,0.004199218750000008,0,4005,-0.7200409396236029,-0.018462101398334076,0.06480137922914919,22.534190114591578,20.0,0.0,0.2727931097101266,1.7179727020810263,2.0,0.4182138997292267,0.4366760011275608,-2.0,-1.0,2.0,1.0,695.0,-31.25,0,0,-2.0,2.0,-62.5,13750.0,0.0,4.0,7995.0,5755.0,-72.5,-72.5
4006,2019-07-16,09:15:53,154.125,154.25,154.125,154.21875,288,44408.03125,154.19455295138889,0.09375,0.0006080875833474053,154.1252663830411,153.96072343770973,0.1645429453313625,1.0,0.00390625,-0.1875000000000012,0.9375000000000003,0.003906250000000001,-1,4006,-0.34657755272215435,0.4182138997292267,0.0625,26.326871253018,20.0,0.0,0.2727931097101266,1.7179727020810263,2.0,0.7971584045769143,0.37894450484768766,-2.0,-1.0,-2.0,1.0,696.0,93.75,0,0,-2.0,-2.0,-187.5,13562.5,0.0,0.0,7995.0,5567.5,-187.5,-72.5
4007,2019-07-16,09:31:42,154.21875,154.25,154.09375,154.15625,288,44396.03125,154.15288628472223,-0.0625,-0.0004053506338435042,154.1321516312542,153.96673963962635,0.16541199162784892,1.0000000000000016,0.005078125,2.818047337278107,1.4926852828590789,0.005078124999999992,0,4007,0.13674609703568574,0.7971584045769143,0.07126096406869607,23.21214619948035,20.0,0.0,0.2727931097101266,1.7179727020810263,2.0,0.9987961861339764,0.20163778155706202,-2.0,-1.0,-2.0,0.0,696.0,31.25,0,0,-2.0,-2.0,125.0,13687.5,0.0,0.0,7995.0,5692.5,125.0,125.0
4008,2019-07-16,09:57:41,154.15625,154.1875,154.09375,154.125,288,44388.25,154.12586805555554,-0.03125,-0.0002027369495039011,154.1305623798644,153.97160918917632,0.15895319068806657,1.0000000000000007,0.005175781249999999,1.128515485938055,1.032658539398995,0.005175781249999995,0,4008,0.671569978801978,0.9987961861339764,0.07194290270763333,22.09435325872683,20.0,0.0,0.2727931097101266,1.7179727020810263,2.0,0.9674128337011317,-0.031383352432844625,2.0,-1.0,-2.0,0.0,696.0,0.0,0,0,2.0,-2.0,62.5,13750.0,0.0,4.0,8005.0,5745.0,52.5,125.0
4009,2019-07-16,10:21:05,154.125,154.15625,154.03125,154.03125,288,44381.875,154.10373263888889,-0.09375,-0.0006084575788571911,154.10849296211674,153.97344429104783,0.13504867106891538,1.0000000000000115,0.0012695312500000003,-0.17751479289942415,-0.4047960089109369,0.001269531249999986,0,4009,0.8631066408159044,0.9674128337011317,0.03563048203434786,37.902566386480025,20.0,0.0,0.2727931097101266,1.7179727020810263,2.0,0.7845829370145426,-0.1828298966865891,2.0,-1.0,2.0,1.0,697.0,-93.75,0,0,2.0,2.0,-187.5,13562.5,0.0,0.0,8005.0,5557.5,-187.5,52.5
4010,2019-07-16,10:56:08,154.03125,154.09375,153.96875,154.03125,289,44511.96875,154.02065311418684,0.0,0.0,154.09132785942413,153.97522292824638,0.11610493117774467,1.000000000000003,0.0021484374999999997,0.8677685950413286,-0.5516180692881066,0.002148437499999993,0,4010,0.9932070070225175,0.7845829370145426,0.04635124054434782,25.048937162028725,20.0,0.0,0.2727931097101266,1.7179727020810263,2.0,0.3764243189489918,-0.4081586180655508,-2.0,-1.0,2.0,0.0,697.0,-93.75,0,0,-2.0,2.0,0.0,13562.5,0.0,4.0,8015.0,5547.5,-10.0,-10.0
4011,2019-07-16,11:16:23,154.03125,154.03125,153.875,154.0,288,44343.25,153.96961805555554,-0.03125,-0.00020290149202129015,154.0710327795521,153.97598529968496,0.09504747986713369,0.9999999999999994,0.0048828125,0.1999999999999993,0.0,0.004882812500000002,0,4011,0.9212694073112935,0.3764243189489918,0.06987712429686845,13.602088068669026,13.602088068669026,0.0,0.2727931097101266,1.018875011458245,1.0,-0.4909370949731671,-0.8673614139221589,2.0,1.0,-2.0,1.0,698.0,-31.25,0,0,2.0,-2.0,62.5,13625.0,-1.0,4.0,8025.0,5600.0,52.5,52.5
4012,2019-07-16,11:33:39,154.0,154.03125,153.96875,154.03125,289,44501.46875,153.98432093425606,0.03125,0.00020290149202129015,154.06219216187387,153.97768575200237,0.08450640987149427,0.999999999999999,0.00361328125,-0.021913805697588867,0.5901286563843656,0.003613281250000004,-1,4012,0.26888295978341203,-0.4909370949731671,0.06011057519272298,14.058492969091512,14.058492969091512,0.0,0.2727931097101266,1.0687462218310806,1.0,-0.9067910326089872,-0.41585393763582007,1.0,1.0,2.0,1.0,699.0,31.25,0,0,1.0,2.0,62.5,13687.5,0.0,1.0,8027.5,5660.0,60.0,60.0
4013,2019-07-16,11:46:34,154.03125,154.15625,154.03125,154.125,288,44379.8125,154.09657118055554,0.09375,0.0006084575788571911,154.07614945923524,153.98221849809462,0.0939309611406145,0.9999999999999979,0.00419921875,-1.963223363980531,-0.23551393640880577,0.0041992187500000085,-1,4013,-0.34309573741410726,-0.9067910326089872,0.06480137922914919,14.495210172681345,14.495210172681345,0.0,0.2727931097101266,1.1164661641750473,1.0,-0.8933064716351952,0.013484560973792026,1.0,1.0,1.0,0.0,699.0,125.0,0,0,1.0,1.0,93.75,13781.25,0.0,0.0,8027.5,5753.75,93.75,93.75
4014,2019-07-16,12:01:26,154.125,154.125,154.0625,154.0625,288,44381.1875,154.10134548611111,-0.0625,-0.0004055972474983349,154.07311624607186,153.98468869815326,0.08842754791859875,1.0,0.00830078125,-1.5986159169550167,-0.6052891240323843,0.008300781250000002,0,4014,-0.9494708262114204,-0.8933064716351952,0.09110862335695782,9.705727587623095,9.705727587623095,0.0,0.2727931097101266,0.5931210086884052,1.0,-0.4798378422597645,0.41346862937543066,-1.0,1.0,1.0,0.0,699.0,62.5,0,0,-1.0,1.0,-62.5,13718.75,0.0,2.0,8032.5,5686.25,-67.5,93.75
4015,2019-07-16,12:13:37,154.0625,154.125,154.03125,154.125,288,44375.0,154.07986111111111,0.0625,0.0004055972474983349,154.084645969167,153.98900596897934,0.0956400001876716,1.0,0.00830078125,-1.5986159169550167,-0.6052891240323843,0.008300781250000002,-1,4015,-0.9596818132386113,-0.4798378422597645,0.09110862335695782,10.497359817737573,10.497359817737573,0.0,0.2727931097101266,0.6796223969281247,1.0,-0.07787887386777974,0.40195896839198475,-1.0,-1.0,-1.0,1.0,700.0,62.5,0,0,-1.0,-1.0,-62.5,13656.25,0.0,0.0,8032.5,5623.75,-62.5,-62.5
4016,2019-07-16,12:19:52,154.125,154.15625,154.0,154.0,289,44530.15625,154.0835856401384,-0.125,-0.0008113590708784812,154.06583575379656,153.98934424685692,0.07649150693964657,1.000000000000001,0.01884765625,0.09584149910064947,-0.8208679059838495,0.018847656249999976,0,4016,-0.7600278563024997,-0.07787887386777974,0.1372867664780549,5.571659155645831,5.571659155645831,0.0,0.2727931097101266,0.14139273785698592,0.0,0.6547525913466271,0.7326314652144068,-1.0,-1.0,-1.0,0.0,700.0,-62.5,0,0,-1.0,-1.0,125.0,13781.25,-1.0,0.0,8032.5,5748.75,125.0,125.0
4017,2019-07-16,12:26:07,154.0,154.09375,154.0,154.03125,288,44362.28125,154.03569878472223,0.03125,0.00020290149202129015,154.05815003073067,153.99063365464593,0.0675163760847397,1.000000000000001,0.02001953125,0.23914336704342531,-1.131249779303307,0.02001953124999998,-1,4017,-0.07148190220170554,0.6547525913466271,0.14149039278339706,4.771799325491893,4.771799325491893,0.0,0.2727931097101266,0.053992322520818536,0.0,0.7427283268871908,0.0879757355405637,-0.0,-1.0,-1.0,0.0,700.0,-31.25,0,0,-0.0,-1.0,-31.25,13750.0,0.0,1.0,8035.0,5715.0,-33.75,125.0
4018,2019-07-16,12:30:03,154.03125,154.0625,153.75,153.75,289,44478.90625,153.90625,-0.28125,-0.001827597219023147,153.9896722461239,153.98322954219532,0.006442703928570381,1.0000000000000013,0.018261718750000003,0.5138837255855174,-1.2576463743153716,0.01826171874999998,0,4018,0.05171456648282336,0.7427283268871908,0.13513592694024776,0.4767572972226041,0.4767572972226041,0.0,0.2727931097101266,-0.4153254791804929,-0.0,0.6884624738643271,-0.054265853022863686,0.0,-1.0,-0.0,0.0,700.0,-312.5,0,0,0.0,-0.0,0.0,13750.0,-0.0,0.0,8035.0,5715.0,0.0,0.0
4019,2019-07-16,12:30:19,153.75,153.8125,153.6875,153.75,288,44285.09375,153.76768663194446,0.0,0.0,153.93641174698527,153.97605324858932,-0.03964150160405211,1.0000000000000007,0.018750000000000003,4.796549479166667,-2.1835206990820093,0.01874999999999999,0,4019,-0.026028240241090562,0.6884624738643271,0.1369306393762915,-2.8950059522555427,0.0,-2.8950059522555427,-0.06122547516193083,-0.4674205891246751,-1.0,0.47719231549263397,-0.21127015837169316,-0.0,-1.0,0.0,0.0,700.0,-312.5,0,0,-0.0,0.0,0.0,13750.0,-1.0,0.0,8035.0,5715.0,0.0,0.0
4020,2019-07-16,12:31:10,153.75,153.84375,153.71875,153.78125,289,44447.75,153.7984429065744,0.03125,0.0002032313796238583,153.90193135876635,153.9700593024789,-0.06812794371253972,1.0000000000000009,0.017871093750000004,4.729015497626082,-2.1600657609858023,0.017871093749999987,-1,4020,-0.28397873420257874,0.47719231549263397,0.13368281022629644,-5.096238147388857,0.0,-5.096238147388857,-0.31519816983649485,-0.4674205891246751,-1.0,0.3881961815330884,-0.08899613395954559,-1.0,-1.0,-0.0,0.0,700.0,-281.25,0,0,-1.0,-0.0,-0.0,13750.0,0.0,1.0,8037.5,5712.5,-2.5,0.0
4021,2019-07-16,12:31:53,153.78125,153.84375,153.71875,153.8125,289,44445.9375,153.79217128027682,0.03125,0.00020319008502323044,153.88205772348496,153.9652113239411,-0.08315360045614284,0.9999999999999959,0.00068359375,-0.612244897959183,-0.5122408325718831,0.0006835937500000028,-1,4021,-0.3771570240144072,0.3881961815330884,0.026145625829189913,-31.804019914989826,0.0,-20.0,-2.034757136339064,-0.4674205891246751,-3.0,0.4332160137382716,0.04501983220518324,1.0,-1.0,-1.0,1.0,701.0,31.25,0,0,1.0,-1.0,-31.25,13718.75,-2.0,2.0,8042.5,5676.25,-36.25,-2.5
4022,2019-07-16,12:33:21,153.8125,153.84375,153.75,153.8125,289,44447.875,153.79887543252596,0.0,0.0,153.86660045159942,153.96051251397373,-0.09391206237430083,0.9999999999999996,0.0009765625,-3.0,0.0,0.0009765625000000007,0,4022,-0.33097837660907725,0.4332160137382716,0.03125000000000001,-30.05185995977626,0.0,-20.0,-2.034757136339064,-0.4674205891246751,-3.0,0.5280274544967983,0.09481144075852671,3.0,-1.0,1.0,1.0,702.0,0.0,0,0,3.0,1.0,0.0,13718.75,0.0,2.0,8047.5,5671.25,-5.0,-5.0
4023,2019-07-16,12:35:12,153.8125,153.875,153.75,153.78125,289,44450.09375,153.80655276816609,-0.03125,-0.00020319008502323044,153.84763368457735,153.954996744313,-0.10736305973566118,1.000000000000003,0.00341796875,1.999999999999999,-1.145405322481819,0.0034179687499999896,0,4023,-0.22712258896811455,0.5280274544967983,0.05846339666834274,-18.36415019550122,0.0,-18.36415019550122,-1.84601685539553,-0.4674205891246751,-2.0,0.6499528490541865,0.12192539455738816,3.0,-1.0,3.0,0.0,702.0,-31.25,0,0,3.0,3.0,-93.75,13625.0,1.0,0.0,8047.5,5577.5,-93.75,-5.0
4024,2019-07-16,12:38:20,153.78125,153.84375,153.75,153.75,288,44288.125,153.77821180555554,-0.03125,-0.0002032313796238583,153.82593731022686,153.94868915218032,-0.122751841953459,1.0000000000000047,0.00263671875,3.2510288065843675,-1.7355817665801556,0.0026367187499999876,0,4024,-0.07779708028330971,0.6499528490541865,0.0513489897661092,-23.905405444699973,0.0,-20.0,-2.034757136339064,-0.4674205891246751,-3.0,0.7001053400962549,0.050152491042068426,2.0,-1.0,3.0,0.0,702.0,-62.5,0,0,2.0,3.0,-93.75,13531.25,-1.0,1.0,8050.0,5481.25,-96.25,-93.75
4025,2019-07-16,12:41:45,153.75,153.75,153.625,153.625,289,44412.46875,153.6763624567474,-0.125,-0.0008133388004285536,153.7812845746209,153.9387294859594,-0.15744491133850147,1.0000000000000073,0.00263671875,-1.6872427983539187,-0.5184205276797864,0.002636718749999981,0,4025,-0.009852991051559191,0.7001053400962549,0.05134898976610914,-30.661734934932788,0.0,-20.0,-2.034757136339064,-0.4674205891246751,-3.0,0.7726440247784809,0.07253868468222602,3.0,-1.0,2.0,0.0,702.0,-187.5,0,0,3.0,2.0,-250.0,13281.25,0.0,1.0,8052.5,5228.75,-252.5,-96.25
4026,2019-07-16,12:44:08,153.625,153.6875,153.59375,153.625,290,44560.0,153.6551724137931,0.0,0.0,153.74655466914962,153.9290762710068,-0.18252160185718935,1.0000000000000087,0.0026367187499999993,-1.687242798353914,0.5184205276797867,0.0026367187499999768,0,4026,0.097442502691596,0.7726440247784809,0.0513489897661091,-35.5453150468124,0.0,-20.0,-2.034757136339064,-0.4674205891246751,-3.0,0.8280375729605843,0.0553935481821034,3.0,-1.0,3.0,0.0,702.0,-187.5,0,0,3.0,3.0,0.0,13281.25,0.0,0.0,8052.5,5228.75,0.0,0.0
4027,2019-07-16,12:49:41,153.625,153.65625,153.5,153.53125,289,44391.40625,153.60348183391002,-0.09375,-0.0006104385172776006,153.69870918711638,153.91683546266813,-0.21812627555175368,1.0000000000000087,0.0026367187499999993,-1.687242798353914,0.5184205276797867,0.0026367187499999768,0,4027,0.18905557699820882,0.8280375729605843,0.0513489897661091,-42.479175645967516,0.0,-20.0,-2.034757136339064,-0.4674205891246751,-3.0,0.8492824804348673,0.02124490747428298,3.0,-1.0,3.0,0.0,702.0,-281.25,0,0,3.0,3.0,-281.25,13000.0,0.0,0.0,8052.5,4947.5,-281.25,0.0
4028,2019-07-16,12:50:52,153.53125,153.53125,153.4375,153.4375,289,44358.15625,153.48842993079586,-0.09375,-0.0006108113800822323,153.64066270109055,153.90208667920143,-0.2614239781108836,1.000000000000011,0.0016601562499999993,-1.487889273356398,0.5413870509510844,0.0016601562499999809,0,4028,0.22722436793278689,0.8492824804348673,0.04074501503251632,-64.16097230600006,0.0,-20.0,-2.034757136339064,-0.4674205891246751,-3.0,0.8096273728568196,-0.03965510757804769,-3.0,-1.0,3.0,0.0,702.0,-375.0,0,0,-3.0,3.0,-281.25,12718.75,0.0,6.0,8067.5,4651.25,-296.25,-281.25
4029,2019-07-16,12:52:14,153.4375,153.4375,153.375,153.40625,290,44486.9375,153.4032327586207,-0.03125,-0.00020368673051329722,153.5885709897371,153.88683016599526,-0.29825917625817056,1.0000000000000038,0.004199218750000001,1.9307733910221714,1.4467284665112357,0.004199218749999985,0,4029,0.15746076760396313,0.8096273728568196,0.06480137922914901,-46.0266710070281,0.0,-20.0,-2.034757136339064,-0.4674205891246751,-3.0,0.7685720132236292,-0.0410553596331904,-3.0,-1.0,-3.0,1.0,703.0,-31.25,0,0,-3.0,-3.0,93.75,12812.5,0.0,0.0,8067.5,4745.0,93.75,93.75
4030,2019-07-16,12:56:10,153.40625,153.4375,153.34375,153.34375,289,44326.0625,153.37737889273356,-0.0625,-0.0004074979681494284,153.5341663253511,153.87012000704158,-0.33595368169048356,1.000000000000003,0.005175781249999999,1.1285154859380597,1.0326585393989955,0.005175781249999983,0,4030,0.09108152539338762,0.7685720132236292,0.07194290270763325,-46.69726533772988,0.0,-20.0,-2.034757136339064,-0.4674205891246751,-3.0,0.7195146905493001,-0.04905732267432916,-3.0,-1.0,-3.0,0.0,703.0,-93.75,0,0,-3.0,-3.0,187.5,13000.0,0.0,0.0,8067.5,4932.5,187.5,187.5
4031,2019-07-16,13:00:36,153.34375,153.40625,153.3125,153.40625,290,44474.3125,153.35969827586206,0.0625,0.0004074979681494284,153.5057404752731,153.855847083748,-0.3501066084749027,1.0000000000000029,0.0046875,1.7447916666666619,0.8463074239229124,0.004687499999999985,-1,4031,0.01770416470780551,0.7195146905493001,0.06846531968814566,-51.13634319822236,0.0,-20.0,-2.034757136339064,-0.4674205891246751,-3.0,0.7048137181893269,-0.014700972359973141,-3.0,-1.0,-3.0,0.0,703.0,-31.25,0,0,-3.0,-3.0,-187.5,12812.5,0.0,0.0,8067.5,4745.0,-187.5,187.5
4032,2019-07-16,13:03:40,153.40625,153.40625,153.28125,153.28125,289,44318.90625,153.35261678200692,-0.125,-0.0008151620585890029,153.4558537029902,153.83816717347884,-0.38231347048863995,1.0000000000000027,0.005078125,-0.1775147928994123,0.4047960089109363,0.005078124999999987,0,4032,-0.003237639621152212,0.7048137181893269,0.07126096406869603,-53.64977522898614,0.0,-20.0,-2.034757136339064,-0.4674205891246751,-3.0,0.6660023355732143,-0.03881138261611261,-3.0,-1.0,-3.0,0.0,703.0,-156.25,0,0,-3.0,-3.0,375.0,13187.5,0.0,0.0,8067.5,5120.0,375.0,375.0
4033,2019-07-16,13:06:47,153.28125,153.28125,153.21875,153.21875,290,44440.21875,153.24213362068966,-0.0625,-0.00040783034823022035,153.4031639912146,153.81910818352566,-0.41594419231105917,1.0000000000000009,0.0056640625,-0.9453032104637344,-0.6013638196305312,0.005664062499999994,0,4033,-0.05653129228089942,0.6660023355732143,0.07525996611745181,-55.26765606855716,0.0,-20.0,-2.034757136339064,-0.4674205891246751,-3.0,0.6439061670758242,-0.022096168497390156,-3.0,-1.0,-3.0,0.0,703.0,-218.75,0,0,-3.0,-3.0,187.5,13375.0,0.0,0.0,8067.5,5307.5,187.5,375.0
4034,2019-07-16,13:11:47,153.21875,153.3125,153.21875,153.21875,290,44445.03125,153.25872844827586,0.0,0.0,153.36218310427805,153.80063562403257,-0.43845251975452015,1.0000000000000009,0.0056640625,-0.9453032104637344,-0.6013638196305312,0.005664062499999994,0,4034,-0.08570014093612444,0.6439061670758242,0.07525996611745181,-58.258399833752875,0.0,-20.0,-2.034757136339064,-0.4674205891246751,-3.0,0.6516113360342043,0.0077051689583801375,3.0,-1.0,-3.0,0.0,703.0,-218.75,0,0,3.0,-3.0,-0.0,13375.0,0.0,6.0,8082.5,5292.5,-15.0,187.5
4035,2019-07-16,13:14:48,153.21875,153.28125,153.21875,153.25,290,44440.9375,153.24461206896552,0.03125,0.0002039359648140504,153.33725352554958,153.78369298944696,-0.4464394638973772,0.9999999999999977,0.00224609375,1.4555765595463157,-1.118079933149378,0.002246093750000005,-1,4035,-0.07561918181404943,0.6516113360342043,0.04739297152532224,-94.19950881510836,0.0,-20.0,-2.034757136339064,-0.4674205891246751,-3.0,0.6735273821278931,0.0219160460936888,3.0,-1.0,3.0,1.0,704.0,31.25,0,0,3.0,3.0,93.75,13468.75,0.0,0.0,8082.5,5386.25,93.75,93.75
4036,2019-07-16,13:18:54,153.25,153.3125,153.25,153.3125,290,44455.96875,153.29644396551726,0.0625,0.0004077472023871209,153.33175274209412,153.76919474361785,-0.4374420015237206,0.999999999999986,0.0006835937499999997,-0.6122448979591795,0.5122408325718838,0.0006835937500000093,-1,4036,-0.046410876273377186,0.6735273821278931,0.02614562582919004,-167.30982244660694,0.0,-20.0,-2.034757136339064,-0.4674205891246751,-3.0,0.7018873302966704,0.028359948168777294,3.0,-1.0,3.0,0.0,704.0,93.75,0,0,3.0,3.0,187.5,13656.25,0.0,0.0,8082.5,5573.75,187.5,187.5
4037,2019-07-16,13:22:24,153.3125,153.375,153.25,153.34375,289,44307.59375,153.313473183391,0.03125,0.00020381127146862354,153.33441879940656,153.75610413612193,-0.42168533671537034,0.999999999999986,0.0006835937499999997,-0.6122448979591795,0.5122408325718838,0.0006835937500000093,-1,4037,-0.0073543744590794,0.7018873302966704,0.02614562582919004,-161.28332114528456,0.0,-20.0,-2.034757136339064,-0.4674205891246751,-3.0,0.7319242774883191,0.030036947191648733,3.0,-1.0,3.0,0.0,704.0,125.0,0,0,3.0,3.0,93.75,13750.0,0.0,0.0,8082.5,5667.5,93.75,187.5
4038,2019-07-16,13:27:11,153.34375,153.375,153.25,153.34375,290,44462.9375,153.32047413793103,0.0,0.0,153.33649239953846,153.74341631654897,-0.40692391701051633,0.9999999999999885,0.0009765625,-2.9999999999999964,-9.251858538542974e-16,0.0009765625000000115,0,4038,0.03573597375470593,0.7319242774883191,0.03125000000000018,-130.2156534433645,0.0,-20.0,-2.034757136339064,-0.4674205891246751,-3.0,0.782088038552908,0.05016376106458886,3.0,-1.0,3.0,0.0,704.0,125.0,0,0,3.0,3.0,0.0,13750.0,0.0,0.0,8082.5,5667.5,0.0,93.75
4039,2019-07-16,13:31:02,153.34375,153.375,153.3125,153.34375,290,44468.90625,153.34105603448276,0.0,0.0,153.33810519964103,153.73111889142442,-0.39301369178338064,0.9999999999999885,0.0009765625,-2.9999999999999964,-9.251858538542974e-16,0.0009765625000000115,0,4039,0.11237346885275719,0.782088038552908,0.03125000000000018,-125.76438137068108,0.0,-20.0,-2.034757136339064,-0.4674205891246751,-3.0,0.8360936082773851,0.05400556972447712,3.0,-1.0,3.0,0.0,704.0,125.0,0,0,3.0,3.0,0.0,13750.0,0.0,0.0,8082.5,5667.5,0.0,0.0
4040,2019-07-16,13:35:35,153.34375,153.4375,153.34375,153.40625,289,44328.4375,153.38559688581316,0.0625,0.0004074979681494284,153.35324848860972,153.72112292553444,-0.36787443692472266,0.9999999999999959,0.0017578124999999998,-2.4074074074074083,0.1656346649999846,0.0017578125000000072,-1,4040,0.2032980130848589,0.8360936082773851,0.04192627457812114,-87.74317313580127,0.0,-20.0,-2.034757136339064,-0.4674205891246751,-3.0,0.8867518273098788,0.05065821903249368,3.0,-1.0,3.0,0.0,704.0,187.5,0,0,3.0,3.0,187.5,13937.5,0.0,0.0,8082.5,5855.0,187.5,187.5
4041,2019-07-16,13:41:48,153.40625,153.5,153.40625,153.46875,290,44501.625,153.45387931034483,0.0625,0.00040733198119191627,153.3789154911409,153.71335760474878,-0.3344421136078779,0.9999999999999977,0.00224609375,-3.081285444234402,0.31535587858059355,0.002246093750000005,-1,4041,0.30017107745188754,0.8867518273098788,0.04739297152532224,-70.56787174215995,0.0,-20.0,-2.034757136339064,-0.4674205891246751,-3.0,0.9124289598383947,0.02567713252851589,3.0,-1.0,3.0,0.0,704.0,250.0,0,0,3.0,3.0,187.5,14125.0,0.0,0.0,8082.5,6042.5,187.5,187.5
4042,2019-07-16,13:48:47,153.46875,153.5,153.40625,153.4375,289,44347.5625,153.4517733564014,-0.03125,-0.00020364525067861905,153.3919342708874,153.70486967844883,-0.3129354075614401,0.9999999999999971,0.0022460937500000003,-3.081285444234405,-0.3153558785805939,0.002246093750000007,0,4042,0.3558117679285594,0.9124289598383947,0.047392971525322264,-66.02991909765299,0.0,-20.0,-2.034757136339064,-0.4674205891246751,-3.0,0.9165137553783812,0.00408479553998653,3.0,-1.0,3.0,0.0,704.0,218.75,0,0,3.0,3.0,-93.75,14031.25,0.0,0.0,8082.5,5948.75,-93.75,187.5
4043,2019-07-16,13:57:02,153.4375,153.4375,153.375,153.40625,290,44488.21875,153.40765086206898,-0.03125,-0.00020368673051329722,153.39511554402355,153.69568138065043,-0.3005658366268733,0.9999999999999972,0.00439453125,-0.9629629629629607,0.5237828008789243,0.004394531250000011,0,4043,0.36522813730583376,0.9165137553783812,0.06629126073623892,-45.34019013799889,0.0,-20.0,-2.034757136339064,-0.4674205891246751,-3.0,0.9504531761033279,0.03393942072494671,3.0,-1.0,3.0,0.0,704.0,187.5,0,0,3.0,3.0,-93.75,13937.5,0.0,0.0,8082.5,5855.0,-93.75,-93.75
4044,2019-07-16,14:04:08,153.40625,153.46875,153.375,153.4375,289,44335.25,153.409169550173,0.03125,0.00020368673051329722,153.4045343120183,153.68773733816892,-0.283203026150602,1.0000000000000002,0.00849609375,0.6302021403091563,0.3234440850605016,0.00849609375,-1,4044,0.4522551896199108,0.9504531761033279,0.0921742575234539,-30.72474178363091,0.0,-20.0,-2.034757136339064,-0.4674205891246751,-3.0,0.9774013192421388,0.026948143138810887,3.0,-1.0,3.0,0.0,704.0,218.75,0,0,3.0,3.0,93.75,14031.25,0.0,0.0,8082.5,5948.75,93.75,93.75
4045,2019-07-16,14:07:47,153.4375,153.5625,153.4375,153.5625,290,44518.1875,153.51099137931035,0.125,0.0008143322925588947,153.43963779823648,153.6838838816099,-0.2442460833734117,0.9999999999999992,0.009082031249999999,-0.0034686090877530753,-0.5429955844662838,0.009082031250000006,-1,4045,0.5416502444683231,0.9774013192421388,0.0952996917623557,-25.629262682451955,0.0,-20.0,-2.034757136339064,-0.4674205891246751,-3.0,0.9970988489813056,0.01969752973916683,3.0,-1.0,3.0,0.0,704.0,343.75,0,0,3.0,3.0,375.0,14406.25,0.0,0.0,8082.5,6323.75,375.0,375.0
4046,2019-07-16,14:15:45,153.5625,153.5625,153.4375,153.4375,289,44365.5625,153.5140570934256,-0.125,-0.0008143322925588947,153.43916273196172,153.6763028390988,-0.237140107137094,0.9999999999999992,0.00859375,1.4488636363636367,-0.8848873194830054,0.008593750000000008,0,4046,0.651232103545033,0.9970988489813056,0.09270248108869583,-25.580772418615553,0.0,-20.0,-2.034757136339064,-0.4674205891246751,-3.0,0.9973870077760122,0.00028815879470656114,3.0,-1.0,3.0,0.0,704.0,218.75,0,0,3.0,3.0,-375.0,14031.25,0.0,0.0,8082.5,5948.75,-375.0,375.0
4047,2019-07-16,14:22:50,153.4375,153.5625,153.4375,153.5,289,44362.34375,153.502919550173,0.0625,0.00040724903841216076,153.45268212485914,153.67087813635732,-0.21819601149817913,0.9999999999999992,0.00859375,1.4488636363636367,-0.8848873194830054,0.008593750000000008,-1,4047,0.7563431490027671,0.9973870077760122,0.09270248108869583,-23.537235350736047,0.0,-20.0,-2.034757136339064,-0.4674205891246751,-3.0,0.9568480054013372,-0.040539002374675004,-3.0,-1.0,3.0,0.0,704.0,281.25,0,0,-3.0,3.0,187.5,14218.75,0.0,6.0,8097.5,6121.25,172.5,172.5
4048,2019-07-16,14:32:37,153.5,153.5625,153.46875,153.5,290,44518.5625,153.51228448275862,0.0,0.0,153.4631972082238,153.66562034754634,-0.20242313932254774,1.0000000000000004,0.005078125,2.8180473372781023,-1.4926852828590786,0.005078124999999999,0,4048,0.8820710775816036,0.9568480054013372,0.07126096406869611,-28.40589402178313,0.0,-20.0,-2.034757136339064,-0.4674205891246751,-3.0,0.8335306590428561,-0.12331734635848113,-3.0,-1.0,-3.0,1.0,705.0,0.0,0,0,-3.0,-3.0,-0.0,14218.75,0.0,0.0,8097.5,6121.25,-0.0,172.5
4049,2019-07-16,14:44:12,153.5,153.5625,153.46875,153.53125,289,44362.78125,153.50443339100346,0.03125,0.0002035623416700716,153.47832005084072,153.66148587531416,-0.1831658244734342,0.9999999999999994,0.00341796875,2.000000000000002,-1.1454053224818188,0.0034179687500000013,-1,4049,0.980052729858828,0.8335306590428561,0.05846339666834285,-31.33000046379722,0.0,-20.0,-2.034757136339064,-0.4674205891246751,-3.0,0.5928094345431455,-0.24072122449971056,3.0,-1.0,-3.0,0.0,705.0,31.25,0,0,3.0,-3.0,-93.75,14125.0,0.0,6.0,8112.5,6012.5,-108.75,-0.0
4050,2019-07-16,14:54:13,153.53125,153.59375,153.53125,153.53125,289,44376.46875,153.55179498269896,0.0,0.0,153.49008226176502,153.65747861761218,-0.16739635584715984,0.9999999999999994,0.00341796875,2.000000000000002,-1.1454053224818188,0.0034179687500000013,0,4050,0.9886429037013853,0.5928094345431455,0.05846339666834285,-28.632677091408674,0.0,-20.0,-2.034757136339064,-0.4674205891246751,-3.0,0.36553550685516506,-0.22727392768798044,-3.0,1.0,3.0,1.0,706.0,0.0,0,0,-3.0,3.0,0.0,14125.0,0.0,6.0,8127.5,5997.5,-15.0,-15.0
4051,2019-07-16,14:59:36,153.53125,153.5625,153.4375,153.4375,290,44508.25,153.47672413793103,-0.09375,-0.0006108113800822323,153.47839731470614,153.65071004476258,-0.17231273005643288,1.0000000000000007,0.00419921875,-1.9632233639805285,-0.235513936408806,0.004199218749999997,0,4051,0.9166457865985436,0.36553550685516506,0.06480137922914911,-26.590904716256837,0.0,-20.0,-2.034757136339064,-0.4674205891246751,-3.0,-0.1278515247637117,-0.49338703161887676,-3.0,1.0,-3.0,1.0,707.0,-93.75,0,0,-3.0,-3.0,281.25,14406.25,0.0,0.0,8127.5,6278.75,281.25,281.25
4052,2019-07-16,15:04:55,153.4375,153.5,153.40625,153.5,289,44348.09375,153.4536115916955,0.0625,0.00040724903841216076,153.4831979114381,153.64607281261604,-0.16287490117792913,1.0000000000000007,0.00419921875,-1.9632233639805285,-0.235513936408806,0.004199218749999997,-1,4052,0.6108991012558643,-0.1278515247637117,0.06480137922914911,-25.1344806415269,0.0,-20.0,-2.034757136339064,-0.4674205891246751,-3.0,-0.42841242439522637,-0.30056089963151467,-3.0,1.0,-3.0,0.0,707.0,-31.25,0,0,-3.0,-3.0,-187.5,14218.75,0.0,0.0,8127.5,6091.25,-187.5,281.25
4053,2019-07-16,15:11:57,153.5,153.5,153.4375,153.4375,289,44356.78125,153.4836721453287,-0.0625,-0.00040724903841216076,153.47304282000744,153.63965518761248,-0.1666123676050404,1.000000000000001,0.00419921875,-1.963223363980531,0.23551393640880577,0.0041992187499999955,0,4053,0.3359965540692591,-0.42841242439522637,0.0648013792291491,-25.71123787595164,0.0,-20.0,-2.034757136339064,-0.4674205891246751,-3.0,-0.66165211621828,-0.23323969182305365,-3.0,1.0,-3.0,0.0,707.0,-93.75,0,0,-3.0,-3.0,187.5,14406.25,0.0,0.0,8127.5,6278.75,187.5,187.5
4054,2019-07-16,15:20:27,153.46875,153.53125,153.46875,153.46875,290,44510.21875,153.48351293103448,0.03125,0.00020364525067861905,153.4720888600058,153.63439656645517,-0.16230770644935433,1.0000000000000007,0.00322265625,-2.2314049586776847,0.5671631517317617,0.0032226562499999977,-1,4054,0.06233771690454583,-0.66165211621828,0.056768444139327946,-28.59118457624085,0.0,-20.0,-2.034757136339064,-0.4674205891246751,-3.0,-0.8257686544977729,-0.1641165382794929,-3.0,1.0,-3.0,0.0,707.0,-62.5,0,0,-3.0,-3.0,-93.75,14312.5,0.0,0.0,8127.5,6185.0,-93.75,187.5
4055,2019-07-16,15:32:24,153.46875,153.5,153.40625,153.4375,289,44347.78125,153.45253027681662,-0.03125,-0.00020364525067861905,153.46440244667122,153.62833821056424,-0.1639357638930221,1.0000000000000067,0.0016601562499999997,2.664359861591688,1.714392328011769,0.001660156249999989,0,4055,-0.18509204104887764,-0.8257686544977729,0.040745015032516416,-40.23455722428714,0.0,-20.0,-2.034757136339064,-0.4674205891246751,-3.0,-0.9324961536108484,-0.10672749911307544,-3.0,1.0,-3.0,0.0,707.0,-93.75,0,0,-3.0,-3.0,93.75,14406.25,0.0,0.0,8127.5,6278.75,93.75,93.75
4056,2019-07-16,15:44:14,153.4375,153.46875,153.375,153.375,290,44485.28125,153.39752155172414,-0.0625,-0.0004074149577641961,153.44453523629986,153.62054318870074,-0.17600795240088019,1.0000000000000047,0.00322265625,1.0743801652892628,0.2669003066972998,0.0032226562499999846,0,4056,-0.40398159386382243,-0.9324961536108484,0.056768444139327835,-31.004540474792762,0.0,-20.0,-2.034757136339064,-0.4674205891246751,-3.0,-0.9931899250449635,-0.06069377143411514,-3.0,1.0,-3.0,0.0,707.0,-156.25,0,0,-3.0,-3.0,187.5,14593.75,0.0,0.0,8127.5,6466.25,187.5,187.5
4057,2019-07-16,15:55:43,153.375,153.40625,153.3125,153.3125,289,44317.78125,153.3487240484429,-0.0625,-0.00040758101236715305,153.41519407267768,153.61106493674072,-0.1958708640630391,1.0000000000000016,0.006542968749999999,2.3991980396524837,1.2281952102833766,0.006542968749999989,0,4057,-0.6199087697768166,-0.9931899250449635,0.08088861940965483,-24.21488529443983,0.0,-20.0,-2.034757136339064,-0.4674205891246751,-3.0,-0.9886255713777352,0.004564353667228294,-3.0,1.0,-3.0,0.0,707.0,-218.75,0,0,-3.0,-3.0,187.5,14781.25,0.0,0.0,8127.5,6653.75,187.5,187.5
4058,2019-07-16,16:00:01,153.3125,153.34375,153.15625,153.1875,290,44436.40625,153.22898706896552,-0.125,-0.0008156607303764218,153.36459538986043,153.5980321694564,-0.2334367795959622,1.0000000000000009,0.00751953125,-1.0844999156687447,0.4773798503633612,0.007519531249999993,0,4058,-0.8054111060435025,-0.9886255713777352,0.08671523078444751,-26.919928308353114,0.0,-20.0,-2.034757136339064,-0.4674205891246751,-3.0,-0.9542800167190556,0.03434555465867961,-3.0,1.0,-3.0,0.0,707.0,-343.75,0,0,-3.0,-3.0,375.0,15156.25,0.0,0.0,8127.5,7028.75,375.0,375.0
4059,2019-07-16,16:02:35,153.1875,153.28125,153.15625,153.28125,290,44433.96875,153.22058189655172,0.09375,0.0006118079114054709,153.3460741921137,153.58828502578083,-0.24221083366714424,0.9999999999999994,0.01298828125,-1.6298264458137848,-0.13607128123709536,0.01298828125000001,-1,4059,-0.8861420705084903,-0.9542800167190556,0.11396614080506547,-21.252876683912305,0.0,-20.0,-2.034757136339064,-0.4674205891246751,-3.0,-0.8583263112615679,0.09595370545748771,-3.0,1.0,-3.0,0.0,707.0,-250.0,0,0,-3.0,-3.0,-281.25,14875.0,0.0,0.0,8127.5,6747.5,-281.25,375.0
4060,2019-07-16,16:04:08,153.28125,153.3125,153.25,153.3125,290,44455.03125,153.29321120689656,0.03125,0.00020385281897095098,153.33861326053287,153.57979933267993,-0.2411860721470589,0.9999999999999988,0.01123046875,0.48771266540642816,-0.5769467849539452,0.011230468750000014,-1,4060,-0.9697478305205128,-0.8583263112615679,0.10597390598633238,-22.759005615794234,0.0,-20.0,-2.034757136339064,-0.4674205891246751,-3.0,-0.7292986920434372,0.12902761921813066,3.0,1.0,-3.0,0.0,707.0,-218.75,0,0,3.0,-3.0,-93.75,14781.25,0.0,6.0,8142.5,6638.75,-108.75,-108.75
4061,2019-07-16,16:10:53,153.3125,153.46875,153.3125,153.46875,290,44479.375,153.37715517241378,0.15625,0.0010186412208099682,153.36753253597,153.57638243013596,-0.2088498941659509,0.999999999999992,0.003613281249999999,-0.021913805697603077,0.5901286563843674,0.003613281250000028,-1,4061,-0.999491295064579,-0.7292986920434372,0.060110575192723184,-34.74428476126671,0.0,-20.0,-2.034757136339064,-0.4674205891246751,-3.0,-0.5599323135631504,0.1693663784802868,3.0,-1.0,3.0,1.0,708.0,156.25,0,0,3.0,3.0,468.75,15250.0,0.0,0.0,8142.5,7107.5,468.75,468.75
4062,2019-07-16,16:16:15,153.46875,153.53125,153.46875,153.46875,289,44358.71875,153.49037629757785,0.0,0.0,153.39002530575448,153.5730706630549,-0.18304535730041493,0.9999999999999936,0.00361328125,2.6077428780131497,1.5174736878455117,0.0036132812500000236,0,4062,-0.9817970245888087,-0.5599323135631504,0.06011057519272315,-30.451439985983363,0.0,-20.0,-2.034757136339064,-0.4674205891246751,-3.0,-0.5895085817585909,-0.029576268195440458,-3.0,-1.0,3.0,0.0,708.0,156.25,0,0,-3.0,3.0,0.0,15250.0,0.0,6.0,8157.5,7092.5,-15.0,468.75
4063,2019-07-16,16:24:35,153.46875,153.5625,153.46875,153.53125,289,44368.21875,153.5232482698962,0.0625,0.0004071661294036133,153.42140857114236,153.57178387342245,-0.15037530228008222,0.9999999999999972,0.006542968749999999,0.7952773446201841,0.5016571985664501,0.006542968750000017,-1,4063,-0.9880195837824041,-0.5895085817585909,0.08088861940965501,-18.59041523734217,0.0,-18.59041523734217,-1.8721227530441509,-0.4674205891246751,-2.0,-0.5227999862697322,0.06670859548885866,3.0,-1.0,-3.0,1.0,709.0,62.5,0,0,3.0,-3.0,-187.5,15062.5,1.0,6.0,8172.5,6890.0,-202.5,-15.0
4064,2019-07-16,16:32:23,153.53125,153.5625,153.5,153.5625,289,44370.53125,153.53125,0.03125,0.00020352091247666237,153.45276222199962,153.5714982157787,-0.11873599377906885,0.9999999999999967,0.0027343750000000003,0.5357142857142847,-1.088511769215251,0.00273437500000001,-1,4064,-0.9724523951308027,-0.5227999862697322,0.05229125165837981,-22.70666507559895,0.0,-20.0,-2.034757136339064,-0.4674205891246751,-3.0,-0.26878162152476814,0.2540183647449641,2.0,-1.0,3.0,1.0,710.0,31.25,0,0,2.0,3.0,93.75,15156.25,-1.0,1.0,8175.0,6981.25,91.25,91.25
4065,2019-07-16,16:48:40,153.5625,153.59375,153.46875,153.5,290,44523.96875,153.53092672413794,-0.0625,-0.00040708325414673396,153.46325950599973,153.56929827067782,-0.10603876467808959,0.9999999999999961,0.0046875,1.7447916666666619,-0.8463074239229124,0.004687500000000019,0,4065,-0.8711433663861163,-0.26878162152476814,0.0684653196881459,-15.487952902445759,0.0,-15.487952902445759,-1.5141683668317227,-0.4674205891246751,-2.0,0.38561173130371434,0.6543933528284824,3.0,-1.0,2.0,0.0,710.0,-31.25,0,0,3.0,2.0,-125.0,15031.25,1.0,1.0,8177.5,6853.75,-127.5,91.25
4066,2019-07-16,17:00:03,153.46875,153.5625,153.46875,153.5625,289,44369.6875,153.528330449827,0.0625,0.00040708325414673396,153.48531294911092,153.56908909311852,-0.0837761440076008,0.999999999999998,0.005566406250000001,-1.1172668513388746,0.20575279705556937,0.005566406250000012,-1,4066,-0.37975128386179,0.38561173130371434,0.07460835241445835,-11.228788908541269,0.0,-11.228788908541269,-1.0227566207268146,-0.4674205891246751,-1.0,0.8400077993633605,0.4543960680596461,2.0,-1.0,3.0,0.0,710.0,31.25,0,0,2.0,3.0,187.5,15218.75,1.0,1.0,8180.0,7038.75,185.0,185.0
4067,2019-07-16,17:00:45,153.5625,153.71875,153.5625,153.6875,289,44410.96875,153.6711721453287,0.125,0.000813669695013175,153.53024340486405,153.572732505638,-0.04248910077393475,0.9999999999999989,0.00615234375,-1.216931216931216,0.8284388773693415,0.006152343750000008,-1,4067,0.21031722741737013,0.8400077993633605,0.07843687748756963,-5.416980141855884,0.0,-5.416980141855884,-0.3522045832490296,-0.4674205891246751,-1.0,0.988771623593652,0.14876382423029155,1.0,-1.0,2.0,0.0,710.0,156.25,0,0,1.0,2.0,250.0,15468.75,0.0,1.0,8182.5,7286.25,247.5,247.5
4068,2019-07-16,17:05:01,153.6875,153.71875,153.625,153.65625,289,44408.21875,153.66165657439447,-0.03125,-0.00020335536419846534,153.55824487044984,153.5753022746953,-0.017057404245463204,0.9999999999999976,0.00458984375,-0.7378904481665908,0.9127170462413431,0.004589843750000012,0,4068,0.5935009562132432,0.988771623593652,0.06774838558962133,-2.5177580391046694,0.0,-2.5177580391046694,-0.017699549421288763,-0.4674205891246751,-0.0,0.912291180523381,-0.07648044307027102,-1.0,-1.0,1.0,0.0,710.0,125.0,0,0,-1.0,1.0,-31.25,15437.5,1.0,2.0,8187.5,7250.0,-36.25,247.5
4069,2019-07-16,17:15:06,153.65625,153.65625,153.5625,153.625,289,44393.5,153.6107266435986,-0.03125,-0.00020339672601377146,153.57307934368325,153.57683143547393,-0.003752091790687473,0.9999999999999992,0.00537109375,3.3223140495867725,1.7443694974549941,0.0053710937500000035,0,4069,0.9346773369167659,0.912291180523381,0.07328774624724112,-0.5119671408682074,0.0,-0.5119671408682074,0.21372361461614997,-0.4674205891246751,-0.0,0.7577980792085353,-0.15449310131484573,0.0,-1.0,-1.0,1.0,711.0,-31.25,0,0,0.0,-1.0,31.25,15468.75,0.0,1.0,8190.0,7278.75,28.75,28.75
4070,2019-07-16,17:30:02,153.625,153.6875,153.5625,153.625,289,44402.5625,153.64208477508652,0.0,0.0,153.5846172673092,153.57831354515167,0.006303722157525726,1.000000000000003,0.00126953125,-0.1775147928994123,0.4047960089109363,0.0012695312499999964,0,4070,0.9972236525088667,0.7577980792085353,0.03563048203434801,1.7691936223172335,1.7691936223172335,0.0,0.2727931097101266,-0.2741013954718753,-0.0,0.48978917828593455,-0.2680089009226007,-0.0,1.0,0.0,0.0,711.0,-31.25,0,0,-0.0,0.0,0.0,15468.75,0.0,0.0,8190.0,7278.75,0.0,28.75
4071,2019-07-16,17:40:53,153.625,153.625,153.5,153.5625,290,44534.46875,153.56713362068965,-0.0625,-0.0004069176048009382,153.57970231901828,153.57782697453163,0.0018753444866490554,0.9999999999999994,0.0016601562499999997,-1.4878892733564004,-0.5413870509510851,0.0016601562500000008,0,4071,0.9628178642247408,0.48978917828593455,0.04074501503251656,0.4602635402520865,0.4602635402520865,0.0,0.2727931097101266,-0.41712774647200035,-0.0,0.21009786086443527,-0.2796913174214993,-0.0,1.0,-0.0,0.0,711.0,-93.75,0,0,-0.0,-0.0,0.0,15468.75,0.0,0.0,8190.0,7278.75,0.0,0.0
4072,2019-07-16,17:55:25,153.5625,153.6875,153.5625,153.59375,289,44398.78125,153.6290008650519,0.03125,0.00020347950014176774,153.58282402590314,153.57831691377683,0.004507112126304946,0.9999999999999979,0.00146484375,2.0000000000000013,-1.3608276348795436,0.001464843750000003,-1,4072,0.8398860354340116,0.21009786086443527,0.038273277230987196,1.177613325115481,1.177613325115481,0.0,0.2727931097101266,-0.33874317610758453,-0.0,-0.09840245079330238,-0.30850031165773767,-0.0,1.0,-0.0,0.0,711.0,-62.5,0,0,-0.0,-0.0,-0.0,15468.75,0.0,0.0,8190.0,7278.75,-0.0,-0.0
4073,2019-07-16,18:18:44,153.625,153.6875,153.59375,153.625,289,44398.90625,153.62943339100346,0.03125,0.00020343810465917045,153.59219646459132,153.57975331642987,0.0124431481614522,1.0000000000000013,0.00458984375,-0.7378904481665908,-0.9127170462413431,0.004589843749999994,-1,4073,0.6340939407257002,-0.09840245079330238,0.06774838558962121,1.8366708008107049,1.8366708008107049,0.0,0.2727931097101266,-0.2667281868124193,0.0,-0.42048620965491007,-0.32208375886160767,-0.0,1.0,-0.0,0.0,711.0,-31.25,0,0,-0.0,-0.0,-0.0,15468.75,0.0,0.0,8190.0,7278.75,-0.0,-0.0
4074,2019-07-16,18:33:03,153.65625,153.65625,153.59375,153.625,289,44397.40625,153.62424307958477,0.0,0.0,153.59948613912658,153.5811455220782,0.018340617048380636,0.9999999999999996,0.00537109375,3.3223140495867725,-1.7443694974549941,0.005371093750000003,0,4074,0.3442285753774225,-0.42048620965491007,0.0732877462472411,2.5025489235959504,2.5025489235959504,0.0,0.2727931097101266,-0.19396790769764305,0.0,-0.7065316801803827,-0.28604547052547263,0.0,1.0,-0.0,0.0,711.0,-31.25,0,0,0.0,-0.0,-0.0,15468.75,0.0,0.0,8190.0,7278.75,-0.0,-0.0
4075,2019-07-16,18:46:49,153.625,153.65625,153.46875,153.5,289,44383.375,153.5756920415225,-0.125,-0.0008140008589476722,153.57737810820956,153.5786487367835,-0.0012706285739341183,0.9999999999999996,0.00537109375,3.3223140495867725,-1.7443694974549941,0.005371093750000003,0,4075,0.0008129851701546606,-0.7065316801803827,0.0732877462472411,-0.17337531019818347,0.0,-0.17337531019818347,0.25278949772479287,-0.4674205891246751,-0.0,-0.8471352740728175,-0.14060359389243482,0.0,1.0,0.0,0.0,711.0,-156.25,0,0,0.0,0.0,-0.0,15468.75,-0.0,0.0,8190.0,7278.75,-0.0,-0.0
4076,2019-07-16,18:55:10,153.5,153.5625,153.46875,153.5625,289,44369.40625,153.52735726643598,0.0625,0.00040708325414673396,153.57407186194078,153.5781518525748,-0.00407999063401121,0.9999999999999996,0.00537109375,3.3223140495867725,-1.7443694974549941,0.005371093750000003,-1,4076,-0.22327460969319537,-0.8471352740728175,0.0732877462472411,-0.5567084325730375,0.0,-0.5567084325730375,0.20856147568204797,-0.4674205891246751,-0.0,-0.9424414454278138,-0.0953061713549963,-0.0,1.0,0.0,0.0,711.0,-93.75,0,0,-0.0,0.0,0.0,15468.75,0.0,0.0,8190.0,7278.75,0.0,0.0
4077,2019-07-16,18:59:33,153.5625,153.625,153.5625,153.59375,290,44538.53125,153.5811422413793,0.03125,0.00020347950014176774,153.57844478150952,153.5786317955725,-0.00018701406298760048,0.9999999999999991,0.005566406249999999,4.422899353647277,-2.042831342194585,0.0055664062500000045,-1,4077,-0.42997057013560763,-0.9424414454278138,0.07460835241445829,-0.02506610278011704,0.0,-0.02506610278011704,0.269901045128239,-0.4674205891246751,-0.0,-0.9999933120446394,-0.05755186661682554,-0.0,1.0,-0.0,0.0,711.0,-62.5,0,0,-0.0,-0.0,-0.0,15468.75,0.0,0.0,8190.0,7278.75,-0.0,-0.0
4078,2019-07-16,19:10:33,153.5625,153.65625,153.5625,153.625,289,44393.15625,153.60953719723184,0.03125,0.00020343810465917045,153.58879038561852,153.5800585095549,0.008731876063620803,0.9999999999999245,0.00019531250000000017,5.000000000000166,2.2360679774997756,0.00019531250000001492,-1,4078,-0.7045159482624632,-0.9999933120446394,0.01397542485937422,6.248021903794767,6.248021903794767,0.0,0.2727931097101266,0.2152986684682927,0.0,-0.9868552275165037,0.013138084528135696,-0.0,1.0,-0.0,0.0,711.0,-31.25,0,0,-0.0,-0.0,-0.0,15468.75,0.0,0.0,8190.0,7278.75,-0.0,-0.0
4079,2019-07-16,19:35:11,153.625,153.65625,153.59375,153.65625,289,44391.625,153.60423875432525,0.03125,0.00020339672601377146,153.60378141103664,153.5824028631071,0.021378547929543856,0.9999999999999788,0.0007812500000000005,4.999999999999967,2.236067977499787,0.0007812500000000171,-1,4079,-0.8120852922238531,-0.9868552275165037,0.027950849718747676,7.648621828911509,7.648621828911509,0.0,0.2727931097101266,0.3683417524689595,1.0,-0.9635875596193887,0.023267667897114985,0.0,1.0,-0.0,0.0,711.0,0.0,0,0,0.0,-0.0,-0.0,15468.75,1.0,0.0,8190.0,7278.75,-0.0,-0.0
4080,2019-07-16,19:55:52,153.65625,153.71875,153.59375,153.6875,289,44408.15625,153.6614403114187,0.03125,0.00020335536419846534,153.6223855419174,153.58563662116535,0.03674892075204639,0.999999999999987,0.001171875,2.916666666666662,1.2932338163316435,0.001171875000000015,-1,4080,-0.8704346992293716,-0.9635875596193887,0.0342326598440731,10.735046858594874,10.735046858594874,0.0,0.2727931097101266,0.7055943801529287,1.0,-0.95636523667634,0.007222322943048698,1.0,1.0,0.0,0.0,711.0,31.25,0,0,1.0,0.0,0.0,15468.75,0.0,1.0,8192.5,7276.25,-2.5,-0.0
4081,2019-07-16,20:14:44,153.6875,153.78125,153.65625,153.78125,289,44424.625,153.71842560553634,0.09375,0.000609818089840175,153.65768875482465,153.59165549436025,0.06603326046439406,0.9999999999999918,0.00263671875,-1.6872427983539187,0.5184205276797864,0.0026367187500000214,-1,4081,-0.8828504250617162,-0.95636523667634,0.051348989766109535,12.859700018475571,12.859700018475571,0.0,0.2727931097101266,0.9377545182400422,1.0,-0.9949189020747603,-0.03855366539842031,1.0,1.0,1.0,1.0,712.0,93.75,0,0,1.0,1.0,93.75,15562.5,0.0,0.0,8192.5,7370.0,93.75,93.75
4082,2019-07-16,20:26:44,153.78125,153.8125,153.75,153.78125,289,44437.0625,153.76146193771626,0.0,0.0,153.68514680930807,153.59748917145686,0.08765763785120839,0.9999999999999905,0.00244140625,-1.2000000000000028,0.0,0.002441406250000024,0,4082,-0.7747051177670015,-0.9949189020747603,0.049410588440131166,17.740658554880326,17.740658554880326,0.0,0.2727931097101266,1.4710952202456498,2.0,-0.19499876108561837,0.7999201409891419,1.0,1.0,1.0,0.0,712.0,93.75,0,0,1.0,1.0,0.0,15562.5,1.0,0.0,8192.5,7370.0,0.0,93.75
4083,2019-07-16,20:52:38,153.78125,153.90625,153.75,153.90625,289,44461.15625,153.8448313148789,0.125,0.0008125127402109911,153.73428085168408,153.6069895046428,0.12729134704127887,0.999999999999998,0.00751953125,0.12987012987012983,-0.9266785330582887,0.007519531250000015,-1,4083,0.5556478514868827,-0.19499876108561837,0.08671523078444764,14.679237532988099,14.679237532988099,0.0,0.2727931097101266,1.136574772105681,1.0,0.08033147738624673,0.2753302384718651,2.0,1.0,1.0,0.0,712.0,218.75,0,0,2.0,1.0,125.0,15687.5,-1.0,1.0,8195.0,7492.5,122.5,122.5
4084,2019-07-16,22:28:39,153.90625,154.0,153.875,153.96875,288,44332.6875,153.93294270833334,0.0625,0.00040600893777398284,153.78638510686542,153.61812059680764,0.16826451005778154,0.9999999999999984,0.006640624999999999,0.2638408304498275,-0.11842841739554957,0.0066406250000000085,-1,4084,0.7616244891603366,0.08033147738624673,0.08149003006503316,20.648478092779932,20.0,0.0,0.2727931097101266,1.7179727020810263,2.0,0.03731363683680734,-0.043017840549439385,1.0,1.0,2.0,0.0,712.0,281.25,0,0,1.0,2.0,125.0,15812.5,1.0,1.0,8197.5,7615.0,122.5,122.5
4085,2019-07-17,00:11:59,153.96875,154.0,153.84375,153.875,289,44480.5,153.91176470588235,-0.09375,-0.0006090752396188392,153.8060773053398,153.62602457844434,0.18005272689546814,0.999999999999998,0.00859375,-0.41064049586777074,-0.8389191470423293,0.008593750000000018,0,4085,0.7329990803273595,0.03731363683680734,0.09270248108869589,19.422643793448987,19.422643793448987,0.0,0.2727931097101266,1.6548851830593982,2.0,-0.06090927835318251,-0.09822291518998985,2.0,1.0,1.0,0.0,712.0,187.5,0,0,2.0,1.0,-93.75,15718.75,0.0,1.0,8200.0,7518.75,-96.25,122.5
4086,2019-07-17,01:19:39,153.875,153.90625,153.84375,153.875,288,44312.1875,153.86176215277777,0.0,0.0,153.82139345970876,153.63368536064607,0.18770809906268937,0.9999999999999984,0.006640624999999999,0.2638408304498275,-0.11842841739554957,0.006640625000000009,0,4086,0.6627245366842012,-0.06090927835318251,0.08149003006503316,23.03448641666825,20.0,0.0,0.2727931097101266,1.7179727020810263,2.0,-0.21361222383181921,-0.15270294547863672,2.0,1.0,2.0,0.0,712.0,187.5,0,0,2.0,2.0,0.0,15718.75,0.0,0.0,8200.0,7518.75,0.0,0.0
4087,2019-07-17,02:38:09,153.875,154.0,153.84375,154.0,289,44489.65625,153.94344723183391,0.125,0.000812017909011864,153.8610838019957,153.6449565803185,0.21612722167719767,0.9999999999999994,0.00634765625,1.9999999999999976,0.9051513929454648,0.006347656250000003,-1,4087,0.5397390665068019,-0.21361222383181921,0.07967217989988729,27.127062664630746,20.0,0.0,0.2727931097101266,1.7179727020810263,2.0,-0.3638934034776785,-0.1502811796458593,2.0,1.0,2.0,0.0,712.0,312.5,0,0,2.0,2.0,250.0,15968.75,0.0,0.0,8200.0,7768.75,250.0,250.0
4088,2019-07-17,03:45:59,154.0,154.0625,153.96875,154.0,288,44354.71875,154.00944010416666,0.0,0.0,153.8919540682189,153.6558809932318,0.23607307498710384,0.9999999999999973,0.0037109375,4.168975069252075,1.9439589828981871,0.0037109375000000094,0,4088,0.4013164711438137,-0.3638934034776785,0.060917464655056104,38.75293831151096,20.0,0.0,0.2727931097101266,1.7179727020810263,2.0,-0.5041038216107159,-0.14021041813303736,2.0,1.0,2.0,0.0,712.0,312.5,0,0,2.0,2.0,0.0,15968.75,0.0,0.0,8200.0,7768.75,0.0,250.0
4089,2019-07-17,04:58:50,154.0,154.0,153.96875,153.96875,289,44503.5,153.99134948096886,-0.03125,-0.00020294266939302474,153.90901983083694,153.66550773190158,0.24351209893535497,0.9999999999999968,0.00458984375,-2.3675871435038496,0.5594072218898556,0.004589843750000016,0,4089,0.25423263436652505,-0.5041038216107159,0.06774838558962136,35.94360172807713,20.0,0.0,0.2727931097101266,1.7179727020810263,2.0,-0.6304770816465693,-0.12637326003585347,2.0,1.0,2.0,0.0,712.0,281.25,0,0,2.0,2.0,-62.5,15906.25,0.0,0.0,8200.0,7706.25,-62.5,0.0
4090,2019-07-17,05:49:01,153.96875,153.96875,153.90625,153.96875,288,44334.5,153.93923611111111,0.0,0.0,153.92229320176207,153.67483826322768,0.24745493853438916,0.9999999999999961,0.0022460937500000003,1.455576559546311,1.1180799331493774,0.002246093750000009,0,4090,0.10304722505966364,-0.6304770816465693,0.047392971525322285,52.21342544477778,20.0,0.0,0.2727931097101266,1.7179727020810263,2.0,-0.7194689804877088,-0.08899189884113945,2.0,1.0,2.0,0.0,712.0,281.25,0,0,2.0,2.0,0.0,15906.25,0.0,0.0,8200.0,7706.25,0.0,0.0
4091,2019-07-17,06:06:10,153.96875,154.0625,153.9375,154.0625,289,44495.875,153.96496539792386,0.09375,0.0006087044927731711,153.9534502680372,153.68676631666685,0.2666839513703394,0.9999999999999994,0.0048828125,0.1999999999999993,0.0,0.004882812500000002,-1,4091,-0.017638357846920583,-0.7194689804877088,0.06987712429686845,38.164700401428924,20.0,0.0,0.2727931097101266,1.7179727020810263,2.0,-0.7819940757475294,-0.06252509525982064,2.0,1.0,2.0,0.0,712.0,375.0,0,0,2.0,2.0,187.5,16093.75,0.0,0.0,8200.0,7893.75,187.5,187.5
4092,2019-07-17,06:15:31,154.0625,154.125,154.0625,154.09375,288,44382.125,154.10460069444446,0.03125,0.0002028191873897356,153.98462798625116,153.69928889153866,0.28533909471249785,0.999999999999999,0.004589843749999999,1.4350384789497521,-0.42200895686427736,0.004589843750000004,-1,4092,-0.1122236543259181,-0.7819940757475294,0.06774838558962128,42.117475158878236,20.0,0.0,0.2727931097101266,1.7179727020810263,2.0,-0.8052113421368503,-0.023217266389320868,2.0,1.0,2.0,0.0,712.0,406.25,0,0,2.0,2.0,62.5,16156.25,0.0,0.0,8200.0,7956.25,62.5,187.5
4093,2019-07-17,06:34:10,154.09375,154.09375,153.96875,154.0,288,44364.0625,154.04188368055554,-0.09375,-0.0006085810107698819,153.98804398930648,153.7085415410298,0.2795024482766735,0.9999999999999983,0.00732421875,-0.13333333333333405,-0.6085806194501847,0.007324218750000012,0,4093,-0.1500646082628017,-0.8052113421368503,0.08558164961018228,32.659156437131706,20.0,0.0,0.2727931097101266,1.7179727020810263,2.0,-0.8638808288982316,-0.058669486761381284,2.0,1.0,2.0,0.0,712.0,312.5,0,0,2.0,2.0,-187.5,15968.75,0.0,0.0,8200.0,7768.75,-187.5,62.5
4094,2019-07-17,06:56:17,154.0,154.0,153.9375,154.0,289,44499.875,153.9788062283737,0.0,0.0,153.99070088057172,153.7175094936135,0.2731913869582172,1.0,0.00732421875,-0.13333333333333405,0.6085806194501847,0.007324218750000001,0,4094,-0.25468895737683406,-0.8638808288982316,0.0855816496101822,31.921724832669483,20.0,0.0,0.2727931097101266,1.7179727020810263,2.0,-0.8774367797999857,-0.013555950901754099,2.0,1.0,2.0,0.0,712.0,312.5,0,0,2.0,2.0,0.0,15968.75,0.0,0.0,8200.0,7768.75,0.0,0.0
4095,2019-07-17,07:07:23,154.0,154.15625,154.0,154.125,288,44376.6875,154.08572048611111,0.125,0.0008113590708784812,154.02054512933358,153.7300476630408,0.29049746629277706,1.0000000000000007,0.00712890625,2.0210170763745565,1.338503886932656,0.007128906249999996,-1,4095,-0.2812478226971732,-0.8774367797999857,0.08443285053816432,34.40573952450769,20.0,0.0,0.2727931097101266,1.7179727020810263,2.0,-0.8890469372569373,-0.011610157456951598,2.0,1.0,2.0,0.0,712.0,437.5,0,0,2.0,2.0,250.0,16218.75,0.0,0.0,8200.0,8018.75,250.0,250.0
4096,2019-07-17,07:22:07,154.125,154.125,154.03125,154.0625,288,44374.125,154.07682291666666,-0.0625,-0.0004055972474983349,154.0298684339261,153.7402769657165,0.2895914682096077,1.0000000000000009,0.015332031250000001,1.4592884092660914,-0.35686462184001705,0.015332031249999985,0,4096,-0.3049262786773548,-0.8890469372569373,0.12382257972599338,23.38761386254783,20.0,0.0,0.2727931097101266,1.7179727020810263,2.0,-0.9009094388473072,-0.011862501590369945,2.0,1.0,2.0,0.0,712.0,375.0,0,0,2.0,2.0,-125.0,16093.75,0.0,0.0,8200.0,7893.75,-125.0,250.0
4097,2019-07-17,07:42:05,154.0625,154.125,154.03125,154.03125,289,44527.78125,154.0753676470588,-0.03125,-0.00020286033135885617,154.0301754486092,153.749229982156,0.28094546645320406,1.0000000000000009,0.01611328125,0.8980716253443551,-0.5222063253668664,0.016113281249999986,0,4097,-0.33014979353981116,-0.9009094388473072,0.12693810007243683,22.132477663749764,20.0,0.0,0.2727931097101266,1.7179727020810263,2.0,-0.9265823609015243,-0.025672922054217118,2.0,1.0,2.0,0.0,712.0,343.75,0,0,2.0,2.0,-62.5,16031.25,0.0,0.0,8200.0,7831.25,-62.5,-62.5
4098,2019-07-17,08:05:39,154.03125,154.0625,153.8125,153.8125,288,44335.9375,153.94422743055554,-0.21875,-0.0014211757543760584,153.98180312669606,153.75117675193584,0.2306263747602202,1.0000000000000018,0.012011718750000002,1.5050565139797751,-1.1845768280070512,0.012011718749999982,0,4098,-0.3892555273338557,-0.9265823609015243,0.10959798697968855,21.04293893673079,20.0,0.0,0.2727931097101266,1.7179727020810263,2.0,-0.9542975351670594,-0.027715174265535047,2.0,1.0,2.0,0.0,712.0,125.0,0,0,2.0,2.0,-437.5,15593.75,0.0,0.0,8200.0,7393.75,-437.5,-62.5
4099,2019-07-17,08:26:32,153.8125,153.875,153.78125,153.84375,289,44460.1875,153.84147923875432,0.03125,0.00020314880719940476,153.95112465409696,153.7540251595686,0.19709949452834508,1.0000000000000007,0.012890625,3.19214876033058,-1.778640325099973,0.012890624999999989,-1,4099,-0.46346560959429395,-0.9542975351670594,0.11353688827865589,17.35995212803435,17.35995212803435,0.0,0.2727931097101266,1.4294955566882452,2.0,-0.9743303129154649,-0.020032777748405506,2.0,1.0,2.0,0.0,712.0,156.25,0,0,2.0,2.0,62.5,15656.25,0.0,0.0,8200.0,7456.25,62.5,62.5
4100,2019-07-17,08:48:10,153.84375,153.9375,153.84375,153.90625,288,44315.90625,153.87467447916666,0.0625,0.0004061738479883559,153.94115250874208,153.75870900081267,0.18244350792940622,1.0000000000000004,0.013476562499999999,4.747952110901072,-2.1574289263635196,0.013476562499999994,-1,4100,-0.5297694517978595,-0.9743303129154649,0.11608859763129191,15.71588525075164,15.71588525075164,0.0,0.2727931097101266,1.2498489204928882,2.0,-0.9879434140564263,-0.01361310114096137,2.0,1.0,2.0,0.0,712.0,218.75,0,0,2.0,2.0,125.0,15781.25,0.0,0.0,8200.0,7581.25,125.0,125.0
4101,2019-07-17,09:03:26,153.90625,154.0,153.90625,153.9375,289,44488.71875,153.94020328719722,0.03125,0.00020302507429459382,153.94034084013273,153.76421026232615,0.17613057780658892,0.9999999999999977,0.0022460937500000003,3.7240075614366694,-1.7487916903105647,0.002246093750000006,-1,4101,-0.589110462522889,-0.9879434140564263,0.04739297152532225,37.163860407546224,20.0,0.0,0.2727931097101266,1.7179727020810263,2.0,-0.9997971631269584,-0.01185374907053216,2.0,1.0,2.0,0.0,712.0,250.0,0,0,2.0,2.0,62.5,15843.75,0.0,0.0,8200.0,7643.75,62.5,125.0
4102,2019-07-17,09:24:10,153.9375,154.0,153.875,153.96875,288,44334.375,153.93880208333334,0.03125,0.00020298386347938902,153.94665398676992,153.7705037927161,0.17615019405380394,0.9999999999999969,0.0026367187499999997,3.2510288065843675,-1.7355817665801567,0.0026367187500000084,-1,4102,-0.6927219950169707,-0.9997971631269584,0.0513489897661094,34.3045101483309,20.0,0.0,0.2727931097101266,1.7179727020810263,2.0,-0.9993469433568896,0.0004502197700688715,2.0,1.0,2.0,0.0,712.0,281.25,0,0,2.0,2.0,62.5,15906.25,0.0,0.0,8200.0,7706.25,62.5,62.5
4103,2019-07-17,09:49:26,153.96875,153.96875,153.84375,153.90625,289,44476.9375,153.89943771626298,-0.0625,-0.00040600893777398284,153.9376753230433,153.7746805990941,0.1629947239491969,0.999999999999997,0.00341796875,2.0000000000000013,-1.1454053224818184,0.003417968750000011,0,4103,-0.7321958008162766,-0.9993469433568896,0.058463396668342923,27.87979030261445,20.0,0.0,0.2727931097101266,1.7179727020810263,2.0,-0.9999857478575975,-0.0006388045007079679,2.0,1.0,2.0,0.0,712.0,218.75,0,0,2.0,2.0,-125.0,15781.25,0.0,0.0,8200.0,7581.25,-125.0,62.5
4104,2019-07-17,10:34:05,153.90625,153.96875,153.875,153.96875,289,44483.0625,153.92063148788927,0.0625,0.00040600893777398284,153.94458080681144,153.78065196527584,0.16392884153560772,0.999999999999997,0.00341796875,2.0000000000000013,-1.1454053224818184,0.003417968750000011,-1,4104,-0.7108718909239128,-0.9999857478575975,0.058463396668342923,28.039568495405742,20.0,0.0,0.2727931097101266,1.7179727020810263,2.0,-0.9933052764852397,0.006680471372357832,2.0,1.0,2.0,0.0,712.0,281.25,0,0,2.0,2.0,125.0,15906.25,0.0,0.0,8200.0,7706.25,125.0,125.0
4105,2019-07-17,10:54:15,153.96875,154.09375,153.9375,154.0625,288,44361.875,154.03428819444446,0.09375,0.0006087044927731711,153.97078507196446,153.78932421249812,0.18146085946634116,0.9999999999999976,0.00361328125,-0.021913805697585314,-0.5901286563843663,0.0036132812500000084,-1,4105,-0.7840571293778692,-0.9933052764852397,0.060110575192723024,30.1878428021279,20.0,0.0,0.2727931097101266,1.7179727020810263,2.0,-0.9907658825182157,0.002539393967023962,2.0,1.0,2.0,0.0,712.0,375.0,0,0,2.0,2.0,187.5,16093.75,0.0,0.0,8200.0,7893.75,187.5,187.5
4106,2019-07-17,11:07:30,154.0625,154.15625,154.0625,154.09375,288,44383.5,154.109375,0.03125,0.0002028191873897356,153.99811061152792,153.79869115980588,0.19941945172203646,0.999999999999988,0.0012695312500000003,-0.17751479289942415,0.4047960089109369,0.0012695312500000154,-1,4106,-0.7964494964501526,-0.9907658825182157,0.03563048203434828,55.96877738835903,20.0,0.0,0.2727931097101266,1.7179727020810263,2.0,-0.959093699982709,0.03167218253550674,2.0,1.0,2.0,0.0,712.0,406.25,0,0,2.0,2.0,62.5,16156.25,0.0,0.0,8200.0,7956.25,62.5,187.5
4107,2019-07-17,11:27:28,154.09375,154.15625,154.09375,154.09375,288,44384.0625,154.111328125,0.0,0.0,154.01936380896618,153.80776989335035,0.21159391561582197,0.9999999999999961,0.0021484374999999997,0.8677685950413286,0.5516180692881066,0.002148437500000008,0,4107,-0.8783556766625936,-0.959093699982709,0.04635124054434798,45.650108417998645,20.0,0.0,0.2727931097101266,1.7179727020810263,2.0,-0.906872384222012,0.052221315760696996,2.0,1.0,2.0,0.0,712.0,406.25,0,0,2.0,2.0,0.0,16156.25,0.0,0.0,8200.0,7956.25,0.0,62.5
4108,2019-07-17,11:56:01,154.09375,154.1875,154.09375,154.125,289,44545.375,154.13624567474048,0.03125,0.00020277806010859933,154.04283851808484,153.81753081970882,0.22530769837601383,0.9999999999999956,0.00126953125,-0.1775147928994123,-0.4047960089109363,0.0012695312500000055,-1,4108,-0.939234201328192,-0.906872384222012,0.03563048203434814,63.234535575133386,20.0,0.0,0.2727931097101266,1.7179727020810263,2.0,-0.8187086686337366,0.0881637155882754,-2.0,1.0,2.0,0.0,712.0,437.5,0,0,-2.0,2.0,62.5,16218.75,0.0,4.0,8210.0,8008.75,52.5,52.5
4109,2019-07-17,12:06:22,154.125,154.15625,154.09375,154.09375,288,44382.65625,154.1064453125,-0.03125,-0.00020277806010859933,154.05415218073264,153.8260298714101,0.22812230932254352,1.0000000000000007,0.00244140625,-1.2000000000000004,0.0,0.0024414062499999983,0,4109,-0.9849416154639002,-0.8187086686337366,0.04941058844013091,46.16870928362883,20.0,0.0,0.2727931097101266,1.7179727020810263,2.0,0.9969724407235991,1.8156811093573357,-2.0,-1.0,-2.0,1.0,713.0,-31.25,0,0,-2.0,-2.0,62.5,16281.25,0.0,0.0,8210.0,8071.25,62.5,62.5
4110,2019-07-17,12:18:00,154.09375,154.1875,154.09375,154.15625,288,44391.5625,154.13736979166666,0.0625,0.0004055150096125004,154.07684058501428,153.83619049075133,0.24065009426294637,0.9999999999999983,0.00419921875,-1.963223363980531,-0.23551393640880577,0.004199218750000006,-1,4110,0.7599475724028032,0.9969724407235991,0.06480137922914918,37.13656979614044,20.0,0.0,0.2727931097101266,1.7179727020810263,2.0,0.7598693096085579,-0.23710313111504122,2.0,-1.0,-2.0,0.0,713.0,31.25,0,0,2.0,-2.0,-125.0,16156.25,0.0,4.0,8220.0,7936.25,-135.0,62.5
4111,2019-07-17,12:22:13,154.15625,154.1875,154.09375,154.09375,288,44395.8125,154.15212673611111,-0.0625,-0.0004055150096125004,154.0805982327889,153.84411539872823,0.2364828340606664,0.9999999999999983,0.00458984375,-2.367587143503846,-0.5594072218898565,0.004589843750000008,0,4111,0.99698179518706,0.7598693096085579,0.0677483855896213,34.90604713345292,20.0,0.0,0.2727931097101266,1.7179727020810263,2.0,0.5312032644105512,-0.2286660451980067,-2.0,-1.0,2.0,1.0,714.0,-62.5,0,0,-2.0,2.0,-125.0,16031.25,0.0,4.0,8230.0,7801.25,-135.0,-135.0
4112,2019-07-17,12:31:47,154.09375,154.1875,154.0625,154.1875,288,44388.9375,154.12825520833334,0.09375,0.0006082108651757068,154.10435418105806,153.85468107876738,0.24967310229067152,0.9999999999999957,0.004199218749999999,3.877771768523535,-1.917756339328849,0.004199218750000018,-1,4112,0.9747096987555917,0.5312032644105512,0.06480137922914926,38.528979669982455,20.0,0.0,0.2727931097101266,1.7179727020810263,2.0,0.22752852524484712,-0.3036747391657041,2.0,1.0,-2.0,1.0,715.0,93.75,0,0,2.0,-2.0,-187.5,15843.75,0.0,4.0,8240.0,7603.75,-197.5,-135.0
4113,2019-07-17,12:33:22,154.1875,154.28125,154.15625,154.25,288,44416.03125,154.22233072916666,0.0625,0.00040526849592215086,154.13671991860073,153.86684473788225,0.26987518071848626,0.9999999999999981,0.00537109375,-2.628099173553719,-0.5814564991516649,0.00537109375000001,-1,4113,0.8494473345411978,0.22752852524484712,0.07328774624724116,36.824052387699865,20.0,0.0,0.2727931097101266,1.7179727020810263,2.0,-0.061275874707167485,-0.2888043999520146,2.0,1.0,2.0,1.0,716.0,62.5,0,0,2.0,2.0,125.0,15968.75,0.0,0.0,8240.0,7728.75,125.0,125.0
4114,2019-07-17,12:34:48,154.25,154.375,154.25,154.34375,288,44445.65625,154.3251953125,0.09375,0.0006075949554009696,154.18272660335614,153.88151874594743,0.3012078574087127,0.9999999999999989,0.007031249999999999,-1.53935185185185,-0.812645075156174,0.007031250000000008,-1,4114,0.6624494476928332,-0.061275874707167485,0.08385254915624216,35.921133041223726,20.0,0.0,0.2727931097101266,1.7179727020810263,2.0,-0.3245701810281649,-0.2632943063209974,2.0,1.0,2.0,0.0,716.0,156.25,0,0,2.0,2.0,187.5,16156.25,0.0,0.0,8240.0,7916.25,187.5,187.5
4115,2019-07-17,12:40:52,154.34375,154.375,154.3125,154.3125,288,44447.875,154.33289930555554,-0.03125,-0.0002024906355000411,154.2115651359437,153.8947797076106,0.3167854283330769,1.0000000000000002,0.005859375,-1.75,0.17010345435994295,0.005859374999999998,0,4115,0.4393193871224922,-0.3245701810281649,0.07654655446197431,41.384675059469195,20.0,0.0,0.2727931097101266,1.7179727020810263,2.0,-0.4975538294591536,-0.17298364843098873,2.0,1.0,2.0,0.0,716.0,125.0,0,0,2.0,2.0,-62.5,16093.75,0.0,0.0,8240.0,7853.75,-62.5,187.5
4116,2019-07-17,12:42:52,154.3125,154.3125,154.21875,154.21875,288,44428.71875,154.26638454861111,-0.09375,-0.0006077180375427815,154.21316177240067,153.90474802429955,0.3084137481011169,1.0000000000000007,0.005078125,-0.17751479289940994,0.4047960089109366,0.005078124999999996,0,4116,0.2615441419746738,-0.4975538294591536,0.0712609640686961,43.27948016585963,20.0,0.0,0.2727931097101266,1.7179727020810263,2.0,-0.7544106326989044,-0.2568568032397508,2.0,1.0,2.0,0.0,716.0,31.25,0,0,2.0,2.0,-187.5,15906.25,0.0,0.0,8240.0,7666.25,-187.5,-62.5
4117,2019-07-17,12:47:45,154.21875,154.25,154.15625,154.1875,288,44405.8125,154.18684895833334,-0.03125,-0.00020265477828029788,154.20745915631164,153.91344808509035,0.29401107122129133,1.0000000000000056,0.003710937499999999,-0.8171745152354504,0.08099829095409124,0.003710937499999978,0,4117,-0.06930202388923713,-0.7544106326989044,0.06091746465505585,48.26383909542596,20.0,0.0,0.2727931097101266,1.7179727020810263,2.0,-0.8442714112509512,-0.08986077855204677,2.0,1.0,2.0,0.0,716.0,0.0,0,0,2.0,2.0,-62.5,15843.75,0.0,0.0,8240.0,7603.75,-62.5,-62.5
4118,2019-07-17,12:54:16,154.1875,154.25,154.1875,154.21875,288,44413.75,154.21440972222223,0.03125,0.00020265477828029788,154.20996823268683,153.9228419901645,0.28712624252233354,1.0000000000000022,0.00634765625,-2.2603550295857993,0.0,0.006347656249999985,-1,4118,-0.21804031770349733,-0.8442714112509512,0.07967217989988717,36.03845694734658,20.0,0.0,0.2727931097101266,1.7179727020810263,2.0,-0.9110047594289743,-0.06673334817802312,2.0,1.0,2.0,0.0,716.0,31.25,0,0,2.0,2.0,62.5,15906.25,0.0,0.0,8240.0,7666.25,62.5,62.5
4119,2019-07-17,13:02:54,154.21875,154.25,154.09375,154.09375,288,44407.3125,154.19205729166666,-0.125,-0.0008108656434560046,154.18414195875644,153.92810069815945,0.2560412605969873,1.0000000000000018,0.005175781250000001,1.1285154859380562,-1.032658539398995,0.005175781249999992,0,4119,-0.35256974856117623,-0.9110047594289743,0.0719429027076333,35.58950931372703,20.0,0.0,0.2727931097101266,1.7179727020810263,2.0,-0.9493838318840266,-0.03837907245505234,2.0,1.0,2.0,0.0,716.0,-93.75,0,0,2.0,2.0,-250.0,15656.25,0.0,0.0,8240.0,7416.25,-250.0,62.5
4120,2019-07-17,13:10:23,154.09375,154.15625,154.0625,154.15625,288,44381.15625,154.10123697916666,0.0625,0.0004055150096125004,154.17794374569948,153.93512067667763,0.2428230690218527,1.0000000000000018,0.005175781250000001,1.1285154859380562,-1.032658539398995,0.005175781249999992,-1,4120,-0.44920052789858833,-0.9493838318840266,0.0719429027076333,33.752192347402826,20.0,0.0,0.2727931097101266,1.7179727020810263,2.0,-0.9834459590567618,-0.03406212717273516,2.0,1.0,2.0,0.0,716.0,-31.25,0,0,2.0,2.0,125.0,15781.25,0.0,0.0,8240.0,7541.25,125.0,125.0
4121,2019-07-17,13:20:27,154.15625,154.1875,154.125,154.15625,288,44392.96875,154.14225260416666,0.0,0.0,154.17312291332183,153.94192465585678,0.23119825746505285,1.0000000000000024,0.004687500000000001,1.7447916666666632,-0.846307423922913,0.004687499999999989,0,4121,-0.5672723761716818,-0.9834459590567618,0.06846531968814569,33.768666898532466,20.0,0.0,0.2727931097101266,1.7179727020810263,2.0,-0.9995501199376162,-0.016104160880854423,2.0,1.0,2.0,0.0,716.0,-31.25,0,0,2.0,2.0,0.0,15781.25,0.0,0.0,8240.0,7541.25,0.0,125.0
4122,2019-07-17,13:30:05,154.15625,154.25,154.0625,154.125,288,44393.3125,154.14344618055554,-0.03125,-0.0002027369495039011,154.16242893258365,153.9475577433689,0.21487118921476167,0.9999999999999978,0.00390625,-0.1874999999999988,0.9374999999999997,0.003906250000000009,0,4122,-0.6855806773187518,-0.9995501199376162,0.06250000000000007,34.379390274361825,20.0,0.0,0.2727931097101266,1.7179727020810263,2.0,-0.9976139457667017,0.0019361741709145175,2.0,1.0,2.0,0.0,716.0,-62.5,0,0,2.0,2.0,-62.5,15718.75,0.0,0.0,8240.0,7478.75,-62.5,0.0
4123,2019-07-17,13:35:37,154.125,154.15625,154.09375,154.125,289,44541.21875,154.1218641868512,0.0,0.0,154.15411139200953,153.9530175051114,0.20109388689812135,0.9999999999999978,0.00390625,-0.1874999999999988,0.9374999999999997,0.003906250000000009,0,4123,-0.7542376934146638,-0.9976139457667017,0.06250000000000007,32.17502190369938,20.0,0.0,0.2727931097101266,1.7179727020810263,2.0,-0.9904175315622085,0.00719641420449324,2.0,1.0,2.0,0.0,716.0,-62.5,0,0,2.0,2.0,0.0,15718.75,0.0,0.0,8240.0,7478.75,0.0,0.0
4124,2019-07-17,13:41:32,154.125,154.28125,154.125,154.25,288,44407.34375,154.19216579861111,0.125,0.0008107013009892583,154.17541997156297,153.96215542803108,0.21326454353189206,0.9999999999999997,0.00712890625,-0.6811784574967147,0.18252325730899852,0.0071289062500000016,-1,4124,-0.7979862474950143,-0.9904175315622085,0.08443285053816436,25.2584796287903,20.0,0.0,0.2727931097101266,1.7179727020810263,2.0,-0.9664987994496466,0.023918732112561902,2.0,1.0,2.0,0.0,716.0,62.5,0,0,2.0,2.0,250.0,15968.75,0.0,0.0,8240.0,7728.75,250.0,250.0
4125,2019-07-17,13:47:17,154.25,154.3125,154.1875,154.3125,288,44427.3125,154.26150173611111,0.0625,0.00040510431990092854,154.20588220010455,153.97293526101475,0.2329469390897998,0.9999999999999997,0.00712890625,-0.6811784574967147,0.18252325730899852,0.0071289062500000016,-1,4125,-0.864911753980969,-0.9664987994496466,0.08443285053816436,27.58960968450376,20.0,0.0,0.2727931097101266,1.7179727020810263,2.0,-0.9314636760245044,0.035035123425142145,2.0,1.0,2.0,0.0,716.0,125.0,0,0,2.0,2.0,125.0,16093.75,0.0,0.0,8240.0,7853.75,125.0,250.0
4126,2019-07-17,13:53:49,154.3125,154.34375,154.21875,154.21875,287,44279.8125,154.28506097560975,-0.09375,-0.0006077180375427815,154.20874171119246,153.9804987914451,0.2282429197473732,0.9999999999999997,0.00712890625,-0.6811784574967147,0.18252325730899852,0.0071289062500000016,0,4126,-0.9159140042618743,-0.9314636760245044,0.08443285053816436,27.03247827031559,20.0,0.0,0.2727931097101266,1.7179727020810263,2.0,-0.8003213868665899,0.13114228915791448,2.0,1.0,2.0,0.0,716.0,31.25,0,0,2.0,2.0,-187.5,15906.25,0.0,0.0,8240.0,7666.25,-187.5,125.0
4127,2019-07-17,14:03:20,154.21875,154.21875,154.15625,154.1875,289,44561.875,154.193339100346,-0.03125,-0.00020265477828029788,154.20402133092747,153.98686805940065,0.21715327152682562,0.9999999999999994,0.009082031249999999,-0.003468609087756628,0.5429955844662838,0.009082031250000004,0,4127,-0.9898735728629054,-0.8003213868665899,0.09529969176235568,22.78635612676801,20.0,0.0,0.2727931097101266,1.7179727020810263,2.0,-0.6381626387605824,0.1621587481060075,-2.0,1.0,2.0,0.0,716.0,0.0,0,0,-2.0,2.0,-62.5,15843.75,0.0,4.0,8250.0,7593.75,-72.5,-72.5
4128,2019-07-17,14:15:03,154.1875,154.21875,154.125,154.1875,288,44400.09375,154.1669921875,0.0,0.0,154.20034992405473,153.99304134988066,0.20730857417407833,1.0000000000000009,0.010546875,2.093621399176955,1.4341089597228887,0.010546874999999992,0,4128,-0.9956517590866031,-0.6381626387605824,0.10269797953221861,20.186236878111224,20.0,0.0,0.2727931097101266,1.7179727020810263,2.0,0.3488398463067892,0.9870024850673716,-2.0,-1.0,-2.0,1.0,717.0,0.0,0,0,-2.0,-2.0,-0.0,15843.75,0.0,0.0,8250.0,7593.75,-0.0,-0.0
4129,2019-07-17,14:20:23,154.15625,154.34375,154.15625,154.34375,287,44285.15625,154.30368031358884,0.15625,0.0010128634513231205,154.23221660759813,154.00383238526896,0.22838422232916855,1.0000000000000004,0.00947265625,2.6750983101286017,1.5491313812566696,0.009472656249999994,-1,4129,-0.41602097571074564,0.3488398463067892,0.09732757188998395,23.46552142360306,20.0,0.0,0.2727931097101266,1.7179727020810263,2.0,0.9455603889748461,0.5967205426680569,-2.0,-1.0,-2.0,0.0,717.0,156.25,0,0,-2.0,-2.0,-312.5,15531.25,0.0,0.0,8250.0,7281.25,-312.5,-0.0
4130,2019-07-17,14:28:28,154.34375,154.34375,154.21875,154.25,288,44432.78125,154.28049045138889,-0.09375,-0.0006075949554009696,154.23616847257634,154.01140677341456,0.2247616991617747,0.9999999999999994,0.01240234375,-2.6802653605307207,0.27176875823526203,0.012402343750000006,0,4130,0.898737727488209,0.9455603889748461,0.11136581050753416,20.18228917272317,20.0,0.0,0.2727931097101266,1.7179727020810263,2.0,0.582615944422008,-0.36294444455283803,2.0,-1.0,-2.0,0.0,717.0,62.5,0,0,2.0,-2.0,187.5,15718.75,0.0,4.0,8260.0,7458.75,177.5,177.5
4131,2019-07-17,14:34:49,154.25,154.25,154.1875,154.1875,288,44418.625,154.23133680555554,-0.0625,-0.00040526849592215086,154.22535325644827,154.0168250265403,0.2085282299079836,0.9999999999999989,0.01298828125,-2.8509243032393035,-0.4824345425678836,0.012988281250000013,0,4131,0.9866710244810771,0.582615944422008,0.1139661408050655,18.297384506917957,18.297384506917957,0.0,0.2727931097101266,1.531928478276807,2.0,0.29812617140215214,-0.2844897730198559,-2.0,-1.0,2.0,1.0,718.0,-62.5,0,0,-2.0,2.0,-125.0,15593.75,0.0,4.0,8270.0,7323.75,-135.0,177.5
4132,2019-07-17,14:42:34,154.21875,154.34375,154.15625,154.3125,288,44425.125,154.25390625,0.125,0.0008103728158230794,154.24471919945978,154.02592271803135,0.21879648142842711,1.0,0.00947265625,-2.681475183335104,0.4369344921493172,0.00947265625,-1,4132,0.8857591786862271,0.29812617140215214,0.09732757188998398,22.48042123929155,20.0,0.0,0.2727931097101266,1.7179727020810263,2.0,-0.23740964433378323,-0.5355358157359353,2.0,1.0,-2.0,1.0,719.0,125.0,0,0,2.0,-2.0,-250.0,15343.75,0.0,4.0,8280.0,7063.75,-260.0,-135.0
4133,2019-07-17,14:48:44,154.3125,154.4375,154.28125,154.40625,288,44453.09375,154.35101996527777,0.09375,0.0006073489406253074,154.28061493291318,154.0376250959381,0.24298983697508447,0.9999999999999992,0.00712890625,-2.707825107900167,0.5779903148118288,0.007128906250000004,-1,4133,0.5190163641692446,-0.23740964433378323,0.08443285053816438,28.779063531113515,20.0,0.0,0.2727931097101266,1.7179727020810263,2.0,-0.6194291231330291,-0.3820194787992459,2.0,1.0,2.0,1.0,720.0,93.75,0,0,2.0,2.0,187.5,15531.25,0.0,0.0,8280.0,7251.25,187.5,187.5
4134,2019-07-17,14:53:44,154.40625,154.4375,154.34375,154.375,288,44463.3125,154.38650173611111,-0.03125,-0.00020240866378173905,154.30158939226584,154.04800586221694,0.2535835300488998,0.9999999999999977,0.005175781250000001,-2.7162691349234627,-0.19669686464742725,0.005175781250000014,0,4134,0.11711347309955678,-0.6194291231330291,0.07194290270763345,35.247886936037325,20.0,0.0,0.2727931097101266,1.7179727020810263,2.0,-0.716153167098869,-0.09672404396583989,2.0,1.0,2.0,0.0,720.0,62.5,0,0,2.0,2.0,-62.5,15468.75,0.0,0.0,8280.0,7188.75,-62.5,187.5
4135,2019-07-17,15:02:59,154.375,154.40625,154.3125,154.34375,287,44305.625,154.375,-0.03125,-0.00020244964134352728,154.31095841620677,154.05710568184105,0.2538527343657222,0.9999999999999998,0.004589843749999999,-2.3675871435038487,0.5594072218898559,0.004589843749999999,0,4135,-0.012876426260879429,-0.716153167098869,0.06774838558962125,37.46993115133526,20.0,0.0,0.2727931097101266,1.7179727020810263,2.0,-0.7271013580438691,-0.010948190945000102,2.0,1.0,2.0,0.0,720.0,31.25,0,0,2.0,2.0,-62.5,15406.25,0.0,0.0,8280.0,7126.25,-62.5,-62.5
4136,2019-07-17,15:06:56,154.34375,154.40625,154.34375,154.40625,288,44456.90625,154.3642578125,0.0625,0.0004048583051252663,154.33213432371642,154.0678485839383,0.2642857397781313,1.0000000000000038,0.00224609375,1.4555765595463157,1.118079933149378,0.002246093749999992,-1,4136,-0.028688192668359525,-0.7271013580438691,0.047392971525322104,55.7647539861313,20.0,0.0,0.2727931097101266,1.7179727020810263,2.0,-0.7381249653868633,-0.011023607342994235,2.0,1.0,2.0,0.0,720.0,93.75,0,0,2.0,2.0,125.0,15531.25,0.0,0.0,8280.0,7251.25,125.0,125.0
4137,2019-07-17,15:14:22,154.40625,154.40625,154.28125,154.34375,288,44452.03125,154.34733072916666,-0.0625,-0.0004048583051252663,154.33471558511278,154.07633785827866,0.2583777268341123,1.0000000000000004,0.003125,-2.32421875,-0.052407843222651435,0.0031249999999999993,0,4137,-0.044873667134550044,-0.7381249653868633,0.055901699437494734,46.22001288583574,20.0,0.0,0.2727931097101266,1.7179727020810263,2.0,-0.75738823103189,-0.019263265645026673,2.0,1.0,2.0,0.0,720.0,31.25,0,0,2.0,2.0,-125.0,15406.25,0.0,0.0,8280.0,7126.25,-125.0,125.0
4138,2019-07-17,15:24:01,154.3125,154.4375,154.3125,154.34375,288,44463.375,154.38671875,0.0,0.0,154.33672323286552,154.08456592417778,0.25215730868774244,1.0000000000000009,0.00390625,-3.0,0.0,0.003906249999999997,0,4138,-0.07383849591689831,-0.75738823103189,0.06249999999999997,40.345169390038805,20.0,0.0,0.2727931097101266,1.7179727020810263,2.0,-0.7624391190540402,-0.005050888022150146,2.0,1.0,2.0,0.0,720.0,31.25,0,0,2.0,2.0,0.0,15406.25,0.0,0.0,8280.0,7126.25,0.0,0.0
4139,2019-07-17,15:36:00,154.375,154.4375,154.34375,154.40625,287,44304.96875,154.37271341463415,0.0625,0.0004048583051252663,154.35217362556207,154.09446389574154,0.2577097298205331,1.0000000000000018,0.003125,-2.32421875,0.052407843222651435,0.0031249999999999945,-1,4139,-0.08158538692166203,-0.7624391190540402,0.05590169943749469,46.100517947345374,20.0,0.0,0.2727931097101266,1.7179727020810263,2.0,-0.8253013534314892,-0.06286223437744909,2.0,1.0,2.0,0.0,720.0,93.75,0,0,2.0,2.0,125.0,15531.25,0.0,0.0,8280.0,7251.25,125.0,125.0
4140,2019-07-17,15:52:37,154.375,154.40625,154.28125,154.34375,288,44452.0,154.34722222222223,-0.0625,-0.0004048583051252663,154.3503017087705,154.10213423741104,0.2481674713594657,0.9999999999999984,0.0027343750000000003,0.5357142857142847,-1.088511769215251,0.002734375000000004,0,4140,-0.184278252144164,-0.8253013534314892,0.052291251658379764,47.4586978680011,20.0,0.0,0.2727931097101266,1.7179727020810263,2.0,-0.915546711799327,-0.09024535836783776,2.0,1.0,2.0,0.0,720.0,31.25,0,0,2.0,2.0,-125.0,15406.25,0.0,0.0,8280.0,7126.25,-125.0,125.0
4141,2019-07-17,16:02:39,154.34375,154.4375,154.34375,154.375,288,44465.28125,154.39333767361111,0.03125,0.00020244964134352728,154.35579021793262,154.11053010702918,0.24526011090344468,0.9999999999999973,0.0026367187499999997,3.2510288065843675,-1.7355817665801567,0.0026367187500000067,-1,4141,-0.36298269696248003,-0.915546711799327,0.05134898976610939,47.76337607041253,20.0,0.0,0.2727931097101266,1.7179727020810263,2.0,-0.965261891653864,-0.049715179854536995,2.0,1.0,2.0,0.0,720.0,62.5,0,0,2.0,2.0,62.5,15468.75,0.0,0.0,8280.0,7188.75,62.5,62.5
4142,2019-07-17,16:24:13,154.375,154.46875,154.375,154.4375,287,44319.25,154.4224738675958,0.0625,0.0004047763665866455,154.37394794728095,154.1205907191206,0.253357228160354,0.9999999999999974,0.00341796875,2.0000000000000013,-1.1454053224818184,0.003417968750000009,-1,4142,-0.4977873354998861,-0.965261891653864,0.05846339666834291,43.33604316520037,20.0,0.0,0.2727931097101266,1.7179727020810263,2.0,-0.9775919097711585,-0.012330018117294506,2.0,1.0,2.0,0.0,720.0,125.0,0,0,2.0,2.0,125.0,15593.75,0.0,0.0,8280.0,7313.75,125.0,125.0
4143,2019-07-17,16:40:30,154.4375,154.5,154.40625,154.46875,288,44483.8125,154.45768229166666,0.03125,0.0002023267584041477,154.39501507010743,154.13130331237844,0.26371175772899846,0.9999999999999892,0.0012695312500000003,-0.17751479289942415,0.4047960089109369,0.0012695312500000141,-1,4143,-0.5424094955407318,-0.9775919097711585,0.03563048203434826,74.01296380856617,20.0,0.0,0.2727931097101266,1.7179727020810263,2.0,-0.9335364957564041,0.044055414014754435,2.0,1.0,2.0,0.0,720.0,156.25,0,0,2.0,2.0,62.5,15656.25,0.0,0.0,8280.0,7376.25,62.5,125.0
4144,2019-07-17,16:50:32,154.46875,154.59375,154.46875,154.5625,287,44351.09375,154.53342770034843,0.09375,0.0006067347744025398,154.43223394341692,154.14457090276682,0.2876630406501022,0.9999999999999892,0.0012695312500000003,-0.17751479289942415,0.4047960089109369,0.0012695312500000141,-1,4144,-0.4066246704021056,-0.9335364957564041,0.03563048203434826,80.7350965313327,20.0,0.0,0.2727931097101266,1.7179727020810263,2.0,-0.8509924890165531,0.08254400673985096,2.0,1.0,2.0,0.0,720.0,250.0,0,0,2.0,2.0,187.5,15843.75,0.0,0.0,8280.0,7563.75,187.5,187.5
4145,2019-07-17,16:54:42,154.5625,154.59375,154.53125,154.5625,288,44510.625,154.55078125,0.0,0.0,154.46118195599095,154.15743025960478,0.30375169638617194,0.9999999999999892,0.0012695312500000003,-0.17751479289942415,0.4047960089109369,0.0012695312500000141,0,4145,-0.23038573425841508,-0.8509924890165531,0.03563048203434826,85.25051558195347,20.0,0.0,0.2727931097101266,1.7179727020810263,2.0,-0.6990654616018127,0.1519270274147404,2.0,1.0,2.0,0.0,720.0,250.0,0,0,2.0,2.0,0.0,15843.75,0.0,0.0,8280.0,7563.75,0.0,187.5
4146,2019-07-17,17:05:34,154.5625,154.625,154.5,154.59375,287,44359.09375,154.56130226480838,0.03125,0.00020216314634691201,154.4906415213263,154.17085548238617,0.3197860389401228,0.9999999999999962,0.00244140625,-1.1999999999999993,0.0,0.0024414062500000095,-1,4146,0.011308203439446786,-0.6990654616018127,0.04941058844013102,64.72014380634137,20.0,0.0,0.2727931097101266,1.7179727020810263,2.0,-0.5719885201992716,0.1270769414025411,2.0,1.0,2.0,0.0,720.0,281.25,0,0,2.0,2.0,62.5,15906.25,0.0,0.0,8280.0,7626.25,62.5,62.5
4147,2019-07-17,17:11:08,154.59375,154.65625,154.5625,154.65625,287,44373.21875,154.61051829268294,0.0625,0.00040420372417759864,154.52744340547602,154.18579069831276,0.3416527071632629,0.9999999999999999,0.0016601562499999997,-1.4878892733564004,0.5413870509510851,0.0016601562499999997,-1,4147,0.17555559569454968,-0.5719885201992716,0.040745015032516554,83.85141271652668,20.0,0.0,0.2727931097101266,1.7179727020810263,2.0,-0.5564530200649026,0.015535500134368996,2.0,1.0,2.0,0.0,720.0,343.75,0,0,2.0,2.0,125.0,16031.25,0.0,0.0,8280.0,7751.25,125.0,125.0
4148,2019-07-17,17:21:59,154.65625,154.6875,154.59375,154.625,288,44536.75,154.64149305555554,-0.03125,-0.00020208143950739554,154.5491226487036,154.1993048306724,0.34981781803119816,0.9999999999999982,0.0022460937500000003,-3.081285444234405,-0.3153558785805939,0.0022460937500000046,0,4148,0.19404852403327147,-0.5564530200649026,0.047392971525322236,73.8121723058216,20.0,0.0,0.2727931097101266,1.7179727020810263,2.0,-0.5418143808749959,0.01463863918990671,2.0,1.0,2.0,0.0,720.0,312.5,0,0,2.0,2.0,-62.5,15968.75,0.0,0.0,8280.0,7688.75,-62.5,125.0
4149,2019-07-17,17:35:33,154.625,154.6875,154.5625,154.59375,287,44377.21875,154.6244555749129,-0.03125,-0.0002021222846702031,154.5590398378806,154.21144160511327,0.34759823276732504,0.999999999999997,0.0026367187499999997,-3.333333333333331,-0.6085806194501848,0.002636718750000007,0,4149,0.21120133394221532,-0.5418143808749959,0.051348989766109396,67.69329530154491,20.0,0.0,0.2727931097101266,1.7179727020810263,2.0,-0.5807837143332626,-0.0389693334582667,2.0,1.0,2.0,0.0,720.0,281.25,0,0,2.0,2.0,-62.5,15906.25,0.0,0.0,8280.0,7626.25,-62.5,-62.5
4150,2019-07-17,17:42:58,154.59375,154.65625,154.59375,154.65625,287,44371.03125,154.6028963414634,0.0625,0.00040420372417759864,154.58064209612937,154.22512801726364,0.35551407886572406,0.9999999999999982,0.0022460937500000003,-3.081285444234405,-0.3153558785805939,0.0022460937500000046,-1,4150,0.16494976403860473,-0.5807837143332626,0.047392971525322236,75.01409331883137,20.0,0.0,0.2727931097101266,1.7179727020810263,2.0,-0.6095067709825097,-0.028723056649247125,2.0,1.0,2.0,0.0,720.0,343.75,0,0,2.0,2.0,125.0,16031.25,0.0,0.0,8280.0,7751.25,125.0,125.0
4151,2019-07-17,18:00:26,154.65625,154.71875,154.65625,154.71875,287,44395.28125,154.68739111498257,0.0625,0.00040404040953667675,154.61133274143396,154.24031638596324,0.3710163554707151,0.9999999999999982,0.0022460937500000003,-3.081285444234405,-0.3153558785805939,0.0022460937500000046,-1,4151,0.12959435300819794,-0.6095067709825097,0.047392971525322236,78.28510083451503,20.0,0.0,0.2727931097101266,1.7179727020810263,2.0,-0.6067536369763641,0.00275313400614563,2.0,1.0,2.0,0.0,720.0,406.25,0,0,2.0,2.0,125.0,16156.25,0.0,0.0,8280.0,7876.25,125.0,125.0
4152,2019-07-17,18:07:08,154.71875,154.78125,154.71875,154.75,287,44408.3125,154.7327961672474,0.03125,0.00020195900300912228,154.64214768778197,154.25599895870286,0.38614872907911035,0.9999999999999954,0.0016601562499999997,-1.4878892733564004,-0.5413870509510853,0.0016601562500000071,-1,4152,0.1330324589035183,-0.6067536369763641,0.040745015032516645,94.77201782130736,20.0,0.0,0.2727931097101266,1.7179727020810263,2.0,-0.6312176782587792,-0.024464041282415083,2.0,1.0,2.0,0.0,720.0,437.5,0,0,2.0,2.0,62.5,16218.75,0.0,0.0,8280.0,7938.75,62.5,125.0
4153,2019-07-17,18:16:32,154.75,154.75,154.71875,154.71875,287,44410.71875,154.74118031358884,-0.03125,-0.00020195900300912228,154.65917042383043,154.27023745228126,0.38893297154916695,0.9999999999999999,0.0016601562499999997,-1.4878892733564004,0.5413870509510851,0.0016601562499999997,0,4153,0.10209776788505484,-0.6312176782587792,0.040745015032516554,95.45535109970608,20.0,0.0,0.2727931097101266,1.7179727020810263,2.0,-0.6850499957036911,-0.053832317444911904,2.0,1.0,2.0,0.0,720.0,406.25,0,0,2.0,2.0,-62.5,16156.25,0.0,0.0,8280.0,7876.25,-62.5,62.5
4154,2019-07-17,18:32:02,154.71875,154.75,154.6875,154.71875,288,44558.375,154.71657986111111,0.0,0.0,154.6724103296459,154.28403783836495,0.3883724912809612,0.9999999999999999,0.0016601562499999997,-1.4878892733564004,0.5413870509510851,0.0016601562499999997,0,4154,0.0307210037440156,-0.6850499957036911,0.040745015032516554,95.31779310205692,20.0,0.0,0.2727931097101266,1.7179727020810263,2.0,-0.750963893529148,-0.06591389782545698,2.0,1.0,2.0,0.0,720.0,406.25,0,0,2.0,2.0,0.0,16156.25,0.0,0.0,8280.0,7876.25,0.0,0.0
4155,2019-07-17,18:52:41,154.71875,154.75,154.625,154.6875,287,44392.90625,154.67911585365854,-0.03125,-0.0002019997986870692,154.67576358972462,154.29645205872296,0.3793115310016617,0.9999999999999999,0.0016601562499999997,-1.4878892733564004,0.5413870509510851,0.0016601562499999997,0,4155,-0.06407845935032351,-0.750963893529148,0.040745015032516554,93.0939725261979,20.0,0.0,0.2727931097101266,1.7179727020810263,2.0,-0.7758946509895551,-0.02493075746040707,2.0,1.0,2.0,0.0,720.0,375.0,0,0,2.0,2.0,-62.5,16093.75,0.0,0.0,8280.0,7813.75,-62.5,0.0
4156,2019-07-17,18:58:59,154.65625,154.78125,154.65625,154.75,287,44410.28125,154.73965592334494,0.0625,0.00040395880169619147,154.69226056978584,154.31040737999305,0.3818531897927926,0.9999999999999964,0.00126953125,-0.1775147928994123,-0.4047960089109363,0.0012695312500000046,-1,4156,-0.10255321932687186,-0.7758946509895551,0.03563048203434813,107.1703687378359,20.0,0.0,0.2727931097101266,1.7179727020810263,2.0,-0.7650218502872287,0.010872800702326435,2.0,1.0,2.0,0.0,720.0,437.5,0,0,2.0,2.0,125.0,16218.75,0.0,0.0,8280.0,7938.75,125.0,125.0
4157,2019-07-17,19:00:26,154.78125,154.78125,154.71875,154.78125,287,44415.9375,154.75936411149826,0.03125,0.0002019182238059969,154.71203599872234,154.32489484522407,0.38714115349827694,0.9999999999999938,0.0014648437500000002,2.0000000000000013,-1.3608276348795436,0.0014648437500000095,-1,4157,-0.0855723138905424,-0.7650218502872287,0.03827327723098728,101.15181701368259,20.0,0.0,0.2727931097101266,1.7179727020810263,2.0,-0.7753978070257384,-0.010375956738509662,2.0,1.0,2.0,0.0,720.0,468.75,0,0,2.0,2.0,62.5,16281.25,0.0,0.0,8280.0,8001.25,62.5,125.0
4158,2019-07-17,19:02:03,154.78125,154.84375,154.78125,154.8125,287,44431.3125,154.81293554006967,0.03125,0.00020187746106703486,154.7343613323396,154.33989808075563,0.39446325158397144,0.999999999999997,0.0026367187499999997,3.2510288065843675,-1.7355817665801567,0.002636718750000007,-1,4158,-0.10177015600600636,-0.7753978070257384,0.051348989766109396,76.82006079977823,20.0,0.0,0.2727931097101266,1.7179727020810263,2.0,-0.7593283256226315,0.016069481403106822,2.0,1.0,2.0,0.0,720.0,500.0,0,0,2.0,2.0,62.5,16343.75,0.0,0.0,8280.0,8063.75,62.5,62.5
4159,2019-07-17,19:05:26,154.84375,154.90625,154.8125,154.875,286,44291.0625,154.8638548951049,0.0625,0.0004036326997276518,154.76561436959747,154.35636275519394,0.4092516144035301,0.9999999999999989,0.00224609375,1.4555765595463157,-1.118079933149378,0.002246093750000002,-1,4159,-0.07680639015435198,-0.7593283256226315,0.047392971525322215,86.35280743788468,20.0,0.0,0.2727931097101266,1.7179727020810263,2.0,-0.7603084402302575,-0.000980114607625926,2.0,1.0,2.0,0.0,720.0,562.5,0,0,2.0,2.0,125.0,16468.75,0.0,0.0,8280.0,8188.75,125.0,125.0
4160,2019-07-17,19:11:16,154.875,154.90625,154.78125,154.8125,287,44442.21875,154.85093641114983,-0.0625,-0.0004036326997276518,154.77603339857583,154.37039774734185,0.40563565123397893,0.9999999999999984,0.0027343750000000003,0.5357142857142847,-1.088511769215251,0.002734375000000004,0,4160,-0.07830940436972768,-0.7603084402302575,0.052291251658379764,77.5723736513343,20.0,0.0,0.2727931097101266,1.7179727020810263,2.0,-0.7577514246216269,0.0025570156086305307,2.0,1.0,2.0,0.0,720.0,500.0,0,0,2.0,2.0,-125.0,16343.75,0.0,0.0,8280.0,8063.75,-125.0,125.0
4161,2019-07-17,19:32:08,154.8125,154.84375,154.75,154.8125,287,44428.25,154.80226480836237,0.0,0.0,154.78413708778123,154.3840008935775,0.4001361942037249,0.9999999999999993,0.002734375,-0.612244897959183,-0.5122408325718831,0.0027343750000000016,0,4161,-0.07439336746064583,-0.7577514246216269,0.05229125165837974,76.52067631079598,20.0,0.0,0.2727931097101266,1.7179727020810263,2.0,-0.7517009702695334,0.006050454352093504,2.0,1.0,2.0,0.0,720.0,500.0,0,0,2.0,2.0,0.0,16343.75,0.0,0.0,8280.0,8063.75,0.0,0.0
4162,2019-07-17,19:56:50,154.8125,154.875,154.78125,154.875,287,44432.1875,154.8159843205575,0.0625,0.0004036326997276518,154.8043288460521,154.3991085583905,0.40522028766159224,1.0000000000000004,0.0021484375,0.8677685950413228,-0.5516180692881075,0.0021484374999999993,-1,4162,-0.06519303572119668,-0.7517009702695334,0.04635124054434789,87.4238279068035,20.0,0.0,0.2727931097101266,1.7179727020810263,2.0,-0.7597791587234495,-0.008078188453916058,2.0,1.0,2.0,0.0,720.0,562.5,0,0,2.0,2.0,125.0,16468.75,0.0,0.0,8280.0,8188.75,125.0,125.0
4163,2019-07-17,20:06:20,154.875,154.90625,154.84375,154.875,287,44448.21875,154.87184233449477,0.0,0.0,154.8200335469294,154.41375137197852,0.4062821749508885,0.9999999999999927,0.0016601562499999997,-1.4878892733564086,0.5413870509510866,0.0016601562500000117,0,4163,-0.07749743962383743,-0.7597791587234495,0.0407450150325167,99.71334520962958,20.0,0.0,0.2727931097101266,1.7179727020810263,2.0,-0.7765138152290559,-0.01673465650560646,2.0,1.0,2.0,0.0,720.0,562.5,0,0,2.0,2.0,0.0,16468.75,0.0,0.0,8280.0,8188.75,0.0,125.0
4164,2019-07-17,20:18:56,154.875,154.96875,154.875,154.90625,287,44460.59375,154.91496080139373,0.03125,0.00020175527154098205,154.83919275872287,154.42890517591766,0.4102875828052106,0.9999999999999861,0.0012695312499999994,-0.17751479289940994,-0.40479600891093587,0.0012695312500000167,-1,4164,-0.10353004182800689,-0.7765138152290559,0.0356304820343483,115.15072471084937,20.0,0.0,0.2727931097101266,1.7179727020810263,2.0,-0.7751084543812327,0.0014053608478232782,2.0,1.0,2.0,0.0,720.0,593.75,0,0,2.0,2.0,62.5,16531.25,0.0,0.0,8280.0,8251.25,62.5,62.5
4165,2019-07-17,20:38:25,154.9375,155.0,154.90625,155.0,286,44318.84375,154.96099213286712,0.09375,0.0006050216983997103,154.8749277012289,154.44647732435098,0.42845037687791887,0.9999999999999983,0.00361328125,-0.021913805697585314,-0.5901286563843663,0.0036132812500000062,-1,4165,-0.10131443409358713,-0.7751084543812327,0.060110575192723004,71.27703827558568,20.0,0.0,0.2727931097101266,1.7179727020810263,2.0,-0.7675722420767942,0.007536212304438461,2.0,1.0,2.0,0.0,720.0,687.5,0,0,2.0,2.0,187.5,16718.75,0.0,0.0,8280.0,8438.75,187.5,187.5
4166,2019-07-17,20:55:06,155.0,155.09375,155.0,155.0625,287,44499.40625,155.05019599303137,0.0625,0.0004031445327727923,154.91661043428914,154.46543186821714,0.45117856607200224,1.0000000000000009,0.010449218750000001,-0.6664337496724583,-0.8485565356690448,0.010449218749999994,-1,4166,-0.08952664757092574,-0.7675722420767942,0.10222142021122575,44.13737992875731,20.0,0.0,0.2727931097101266,1.7179727020810263,2.0,-0.7650619801217486,0.0025102619550455563,2.0,1.0,2.0,0.0,720.0,750.0,0,0,2.0,2.0,125.0,16843.75,0.0,0.0,8280.0,8563.75,125.0,187.5
4167,2019-07-17,22:27:26,155.0625,155.09375,154.96875,155.0,286,44338.59375,155.03004807692307,-0.0625,-0.0004031445327727923,154.93514144889156,154.48188011842586,0.4532613304656934,1.0000000000000009,0.01005859375,-0.6814968423037051,-0.6080512986543732,0.010058593749999992,0,4167,-0.08563440044530199,-0.7650619801217486,0.10029254084925754,45.19392236227794,20.0,0.0,0.2727931097101266,1.7179727020810263,2.0,-0.7849990482883415,-0.01993706816659291,2.0,1.0,2.0,0.0,720.0,687.5,0,0,2.0,2.0,-125.0,16718.75,0.0,0.0,8280.0,8438.75,-125.0,125.0
4168,2019-07-18,00:07:58,155.0,155.03125,154.84375,154.84375,287,44471.84375,154.95415940766551,-0.15625,-0.0010085729548849898,154.91483223802678,154.49301457632046,0.42181766170631363,0.9999999999999997,0.019824218749999997,0.4554830255526703,0.5477642304700889,0.019824218750000004,0,4168,-0.11702764280141321,-0.7849990482883415,0.14079850407586014,29.95895904398562,20.0,0.0,0.2727931097101266,1.7179727020810263,2.0,-0.7990616116594136,-0.014062563371072034,2.0,1.0,2.0,0.0,720.0,531.25,0,0,2.0,2.0,-312.5,16406.25,0.0,0.0,8280.0,8126.25,-312.5,-125.0
4169,2019-07-18,00:43:46,154.84375,154.875,154.8125,154.84375,287,44444.78125,154.8598649825784,0.0,0.0,154.89903618513196,154.50380643551063,0.39522974962133617,1.0000000000000004,0.019238281250000003,2.400731789018008,1.2214393677039785,0.019238281249999996,0,4169,-0.13987453280939852,-0.7990616116594136,0.1387021313823259,28.494857698466358,20.0,0.0,0.2727931097101266,1.7179727020810263,2.0,-0.8312386163723676,-0.03217700471295404,2.0,1.0,2.0,0.0,720.0,531.25,0,0,2.0,2.0,0.0,16406.25,0.0,0.0,8280.0,8126.25,0.0,0.0
4170,2019-07-18,01:03:21,154.84375,155.0625,154.84375,155.0625,286,44313.96875,154.94394667832168,0.21875,0.001411717487657782,154.93536147732488,154.52099700672568,0.414364470599196,1.0,0.018261718750000003,2.2640052618033075,0.8866592432488907,0.018261718750000003,-1,4170,-0.1946826394004029,-0.8312386163723676,0.13513592694024784,30.66279116007491,20.0,0.0,0.2727931097101266,1.7179727020810263,2.0,-0.8548733796745378,-0.02363476330217018,2.0,1.0,2.0,0.0,720.0,750.0,0,0,2.0,2.0,437.5,16843.75,0.0,0.0,8280.0,8563.75,437.5,437.5
4171,2019-07-18,01:14:52,155.0625,155.0625,155.0,155.03125,287,44497.625,155.04398954703834,-0.03125,-0.00020155195069726517,154.95667003791934,154.53669709882644,0.4199729390929008,0.9999999999999989,0.01123046875,4.570888468809076,2.115471544831134,0.011230468750000012,0,4171,-0.23761382619829183,-0.8548733796745378,0.10597390598633237,39.629844270066386,20.0,0.0,0.2727931097101266,1.7179727020810263,2.0,-0.8593486112218723,-0.004475231547334535,2.0,1.0,2.0,0.0,720.0,718.75,0,0,2.0,2.0,-62.5,16781.25,0.0,0.0,8280.0,8501.25,-62.5,437.5
4172,2019-07-18,01:30:52,155.03125,155.0625,154.96875,155.03125,286,44330.5625,155.00196678321677,0.0,0.0,154.97324336282617,154.55191411117025,0.4213292516559193,0.9999999999999988,0.010937500000000001,3.7643494897959138,1.9128993591356258,0.010937500000000015,0,4172,-0.2460437329710876,-0.8593486112218723,0.10458250331675951,40.28678204228839,20.0,0.0,0.2727931097101266,1.7179727020810263,2.0,-0.8532299394400387,0.006118671781833673,2.0,1.0,2.0,0.0,720.0,718.75,0,0,2.0,2.0,0.0,16781.25,0.0,0.0,8280.0,8501.25,0.0,0.0
4173,2019-07-18,01:34:29,155.03125,155.09375,155.0,155.0,287,44497.21875,155.04257404181186,-0.03125,-0.0002015925820755271,154.97918928219812,154.5657013692881,0.4134879129100284,0.9999999999999982,0.0009765625,-3.0,0.0,0.0009765625000000017,0,4173,-0.23454379911562612,-0.8532299394400387,0.03125000000000003,132.31613213120897,20.0,0.0,0.2727931097101266,1.7179727020810263,2.0,-0.8319346619992115,0.021295277440827154,2.0,1.0,2.0,0.0,720.0,687.5,0,0,2.0,2.0,-62.5,16718.75,0.0,0.0,8280.0,8438.75,-62.5,0.0
4174,2019-07-18,02:15:39,155.0,155.125,155.0,155.03125,286,44344.9375,155.052229020979,0.03125,0.0002015925820755271,154.99075833059854,154.58002594254077,0.4107323880577667,0.9999999999999928,0.00126953125,-0.1775147928994123,-0.4047960089109363,0.0012695312500000092,-1,4174,-0.19591175179997752,-0.8319346619992115,0.03563048203434819,115.2755631152607,20.0,0.0,0.2727931097101266,1.7179727020810263,2.0,-0.8169925707135565,0.014942091285655046,2.0,1.0,2.0,0.0,720.0,718.75,0,0,2.0,2.0,62.5,16781.25,0.0,0.0,8280.0,8501.25,62.5,62.5
4175,2019-07-18,03:34:40,155.03125,155.0625,154.96875,155.0625,287,44490.28125,155.01840156794424,0.03125,0.00020155195069726517,155.0067009237989,154.5948712981549,0.41182962564397485,0.9999999999999986,0.00263671875,-1.6872427983539093,-0.5184205276797869,0.002636718750000004,-1,4175,-0.16994913874418352,-0.8169925707135565,0.05134898976610936,80.20208917835126,20.0,0.0,0.2727931097101266,1.7179727020810263,2.0,-0.8129289007991988,0.004063669914357693,2.0,1.0,2.0,0.0,720.0,750.0,0,0,2.0,2.0,62.5,16843.75,0.0,0.0,8280.0,8563.75,62.5,62.5
4176,2019-07-18,04:18:37,155.0625,155.15625,155.0625,155.125,286,44362.875,155.11494755244755,0.0625,0.00040298207275135667,155.03298960739914,154.6111829505194,0.4218066568797383,0.9999999999999994,0.00341796875,-2.897959183673469,-0.38180177416060623,0.0034179687500000017,-1,4176,-0.16303474931655954,-0.8129289007991988,0.05846339666834285,72.14884541734828,20.0,0.0,0.2727931097101266,1.7179727020810263,2.0,-0.816384037642436,-0.003455136843237172,2.0,1.0,2.0,0.0,720.0,812.5,0,0,2.0,2.0,125.0,16968.75,0.0,0.0,8280.0,8688.75,125.0,125.0
4177,2019-07-18,06:03:34,155.125,155.125,155.03125,155.0625,287,44504.125,155.06663763066203,-0.0625,-0.00040298207275135667,155.0395474724216,154.62506962896498,0.4144778434566092,1.0000000000000004,0.003125,-2.32421875,0.052407843222651435,0.0031249999999999993,0,4177,-0.1689098785827663,-0.816384037642436,0.055901699437494734,74.14405065091958,20.0,0.0,0.2727931097101266,1.7179727020810263,2.0,-0.8402047264628284,-0.023820688820392455,2.0,1.0,2.0,0.0,720.0,750.0,0,0,2.0,2.0,-125.0,16843.75,0.0,0.0,8280.0,8563.75,-125.0,125.0
4178,2019-07-18,06:19:30,155.0625,155.125,155.0,155.0,286,44349.09375,155.06676136363637,-0.0625,-0.0004031445327727923,155.0307591452168,154.63660594807376,0.39415319714302655,1.0000000000000027,0.003125,0.3125000000000024,1.2577882373436315,0.003124999999999992,0,4178,-0.21067214482045898,-0.8402047264628284,0.05590169943749467,70.50826738885475,20.0,0.0,0.2727931097101266,1.7179727020810263,2.0,-0.8616719213739445,-0.02146719491111615,2.0,1.0,2.0,0.0,720.0,687.5,0,0,2.0,2.0,-125.0,16718.75,0.0,0.0,8280.0,8438.75,-125.0,-125.0
4179,2019-07-18,06:37:52,155.0,155.0,154.9375,155.0,287,44475.8125,154.96798780487805,0.0,0.0,155.02392377961309,154.64778730351765,0.3761364760954393,1.0000000000000053,0.001953125,-1.7499999999999953,0.8838834764831853,0.0019531249999999896,0,4179,-0.2504615770129462,-0.8616719213739445,0.044194173824159105,85.10996892758322,20.0,0.0,0.2727931097101266,1.7179727020810263,2.0,-0.9090332988837798,-0.04736137750983527,2.0,1.0,2.0,0.0,720.0,687.5,0,0,2.0,2.0,0.0,16718.75,0.0,0.0,8280.0,8438.75,0.0,0.0
4180,2019-07-18,06:55:26,155.0,155.0625,154.9375,154.9375,286,44330.3125,155.00109265734267,-0.0625,-0.0004033071238378483,155.00471849525462,154.6567015403325,0.34801695492211593,1.000000000000001,0.00224609375,-3.081285444234402,-0.31535587858059355,0.0022460937499999972,0,4180,-0.3481156090551992,-0.9090332988837798,0.04739297152532216,73.43218703561767,20.0,0.0,0.2727931097101266,1.7179727020810263,2.0,-0.9591411524925739,-0.050107853608794106,2.0,1.0,2.0,0.0,720.0,625.0,0,0,2.0,2.0,-125.0,16593.75,0.0,0.0,8280.0,8313.75,-125.0,0.0
4181,2019-07-18,07:04:16,154.9375,155.03125,154.9375,154.96875,287,44476.875,154.97168989547038,0.03125,0.00020167389399805558,154.99672549630915,154.66630303139922,0.33042246490992966,1.0000000000000018,0.00458984375,-0.7378904481665908,-0.9127170462413431,0.004589843749999992,-1,4181,-0.4781549101396582,-0.9591411524925739,0.0677483855896212,48.77200571411833,20.0,0.0,0.2727931097101266,1.7179727020810263,2.0,-0.9828201055716763,-0.023678953079102394,2.0,1.0,2.0,0.0,720.0,656.25,0,0,2.0,2.0,62.5,16656.25,0.0,0.0,8280.0,8376.25,62.5,62.5
4182,2019-07-18,07:16:17,154.96875,155.0625,154.96875,155.0,286,44340.375,155.0362762237762,0.03125,0.0002016332298397927,154.99745316379602,154.67657063043313,0.32088253336289085,1.0000000000000018,0.00458984375,-0.7378904481665908,-0.9127170462413431,0.004589843749999992,-1,4182,-0.5644508303816533,-0.9828201055716763,0.0677483855896212,47.36386418218191,20.0,0.0,0.2727931097101266,1.7179727020810263,2.0,-0.9998488111708992,-0.01702870559922287,2.0,1.0,2.0,0.0,720.0,687.5,0,0,2.0,2.0,62.5,16718.75,0.0,0.0,8280.0,8438.75,62.5,62.5
4183,2019-07-18,07:27:34,155.0,155.0,154.84375,154.875,287,44459.15625,154.90995209059233,-0.125,-0.0008067769699406924,154.97024134961913,154.68267614949673,0.28756520012240117,1.0000000000000016,0.00419921875,1.9307733910221725,-1.446728466511237,0.004199218749999995,0,4183,-0.7192952964553279,-0.9998488111708992,0.06480137922914908,44.37640117280837,20.0,0.0,0.2727931097101266,1.7179727020810263,2.0,-0.9596856845419178,0.04016312662898136,2.0,1.0,2.0,0.0,720.0,562.5,0,0,2.0,2.0,-250.0,16468.75,0.0,0.0,8280.0,8188.75,-250.0,62.5
4184,2019-07-18,07:49:06,154.875,154.9375,154.84375,154.875,287,44452.84375,154.88795731707316,0.0,0.0,154.94907660525934,154.6885938064353,0.2604827988240288,1.0,0.00654296875,0.7952773446201805,-0.5016571985664497,0.006542968749999999,0,4184,-0.877350584762456,-0.9596856845419178,0.0808886194096549,32.20265109295924,20.0,0.0,0.2727931097101266,1.7179727020810263,2.0,-0.8136413073364018,0.146044377205516,2.0,1.0,2.0,0.0,720.0,562.5,0,0,2.0,2.0,0.0,16468.75,0.0,0.0,8280.0,8188.75,0.0,0.0
4185,2019-07-18,08:03:19,154.875,154.875,154.8125,154.84375,287,44438.84375,154.8391768292683,-0.03125,-0.0002017959849442974,154.9256706929795,154.69336784316042,0.23230284981909222,0.9999999999999997,0.00732421875,-0.13333333333333405,-0.6085806194501847,0.007324218750000002,0,4185,-0.9864199764208651,-0.8136413073364018,0.08558164961018222,27.144002350645692,20.0,0.0,0.2727931097101266,1.7179727020810263,2.0,-0.6143448831253484,0.19929642421105342,-2.0,1.0,2.0,0.0,720.0,531.25,0,0,-2.0,2.0,-62.5,16406.25,0.0,4.0,8290.0,8116.25,-72.5,0.0
4186,2019-07-18,08:23:02,154.84375,154.9375,154.84375,154.9375,286,44299.125,154.89204545454547,0.09375,0.0006052658310471415,154.92829942787296,154.7008796018324,0.22741982604054556,0.9999999999999991,0.005566406249999999,-1.1172668513388746,-0.2057527970555698,0.0055664062500000045,-1,4186,-0.9923412840218792,-0.6143448831253484,0.07460835241445829,30.481818547231995,20.0,0.0,0.2727931097101266,1.7179727020810263,2.0,-0.271915491671203,0.3424293914541454,-2.0,-1.0,-2.0,1.0,721.0,93.75,0,0,-2.0,-2.0,-187.5,16218.75,0.0,0.0,8290.0,7928.75,-187.5,-72.5
4187,2019-07-18,08:39:44,154.9375,155.0,154.875,155.0,287,44470.1875,154.94838850174216,0.0625,0.0004033071238378483,154.94423288834565,154.71008330639145,0.234149581954199,1.0,0.00654296875,-2.412564045444421,0.36326900585846356,0.006542968749999999,-1,4187,-0.8727370877648284,-0.271915491671203,0.0808886194096549,28.947160139841724,20.0,0.0,0.2727931097101266,1.7179727020810263,2.0,-0.01493268125415122,0.2569828104170518,-2.0,-1.0,-2.0,0.0,721.0,156.25,0,0,-2.0,-2.0,-125.0,16093.75,0.0,0.0,8290.0,7803.75,-125.0,-125.0
4188,2019-07-18,08:59:01,155.0,155.0,154.875,154.90625,287,44463.75,154.92595818815332,-0.09375,-0.0006050216983997103,154.93579224649108,154.71611920465634,0.21967304183473857,0.9999999999999998,0.00634765625,-2.2603550295857993,0.0,0.006347656250000002,0,4188,-0.7175869398752972,-0.01493268125415122,0.07967217989988727,27.572113893553624,20.0,0.0,0.2727931097101266,1.7179727020810263,2.0,0.44587549181756625,0.46080817307171745,-2.0,-1.0,-2.0,0.0,721.0,62.5,0,0,-2.0,-2.0,187.5,16281.25,0.0,0.0,8290.0,7991.25,187.5,187.5
4189,2019-07-18,09:31:28,154.90625,154.90625,154.8125,154.84375,286,44292.15625,154.8676791958042,-0.0625,-0.00040355125648527945,154.91533841393752,154.72004630605156,0.19529210788596174,1.0000000000000029,0.00390625,-0.1875,0.9375000000000006,0.003906249999999989,0,4189,-0.31764615525193984,0.44587549181756625,0.06249999999999991,31.24673726175392,20.0,0.0,0.2727931097101266,1.7179727020810263,2.0,0.640659663710259,0.1947841718926927,-2.0,-1.0,-2.0,0.0,721.0,0.0,0,0,-2.0,-2.0,125.0,16406.25,0.0,0.0,8290.0,8116.25,125.0,187.5
4190,2019-07-18,09:59:00,154.84375,154.84375,154.71875,154.84375,287,44423.75,154.78658536585365,0.0,0.0,154.89942987750698,154.72385257355768,0.1755773039492965,1.0000000000000018,0.005566406250000001,1.0987996306555854,1.263910039055643,0.0055664062499999915,0,4190,-0.08991945535410224,0.640659663710259,0.0746083524144582,23.533196789274186,20.0,0.0,0.2727931097101266,1.7179727020810263,2.0,0.7360638044596863,0.09540414074942738,-2.0,-1.0,-2.0,0.0,721.0,0.0,0,0,-2.0,-2.0,-0.0,16406.25,0.0,0.0,8290.0,8116.25,-0.0,125.0
4191,2019-07-18,10:20:19,154.84375,154.875,154.78125,154.78125,287,44436.46875,154.83090156794424,-0.0625,-0.00040371417585038927,154.87316768250545,154.72561864821745,0.14754903428800503,1.0000000000000016,0.004687500000000001,1.7447916666666632,1.5309606208043702,0.004687499999999994,0,4191,0.04182652713552663,0.7360638044596863,0.06846531968814572,21.550915844704967,20.0,0.0,0.2727931097101266,1.7179727020810263,2.0,0.8040232996470245,0.06795949518733813,-2.0,-1.0,-2.0,0.0,721.0,-62.5,0,0,-2.0,-2.0,125.0,16531.25,0.0,0.0,8290.0,8241.25,125.0,125.0
4192,2019-07-18,10:30:04,154.78125,154.875,154.75,154.875,287,44425.21875,154.79170296167248,0.09375,0.0006055101607946867,154.8735748641709,154.73021499750305,0.1433598666678506,0.9999999999999998,0.00439453125,-0.9629629629629631,0.5237828008789241,0.004394531250000002,-1,4192,0.14808619698320705,0.8040232996470245,0.06629126073623884,21.625756559111778,20.0,0.0,0.2727931097101266,1.7179727020810263,2.0,0.8528106881797102,0.048787388532685716,-2.0,-1.0,-2.0,0.0,721.0,31.25,0,0,-2.0,-2.0,-187.5,16343.75,0.0,0.0,8290.0,8053.75,-187.5,125.0
4193,2019-07-18,10:31:43,154.90625,154.90625,154.78125,154.8125,287,44438.59375,154.83830574912892,-0.0625,-0.0004036326997276518,154.86000267213294,154.73274684373374,0.1272558283991998,1.0000000000000009,0.00927734375,-0.6592797783933513,0.08537969533198,0.00927734374999999,0,4193,0.23376278083618285,0.8528106881797102,0.09631896879639021,13.211917651258018,13.211917651258018,0.0,0.2727931097101266,0.9762412208263977,1.0,0.8951800271905095,0.04236933901079931,-2.0,-1.0,-2.0,0.0,721.0,-31.25,0,0,-2.0,-2.0,125.0,16468.75,-1.0,0.0,8290.0,8178.75,125.0,125.0
4194,2019-07-18,10:34:42,154.8125,154.875,154.78125,154.84375,287,44437.125,154.83318815331012,0.03125,0.0002018367147833544,154.85639096721454,154.73616232546502,0.1202286417495202,1.0000000000000004,0.009082031249999999,-0.003468609087756628,-0.5429955844662838,0.009082031249999995,-1,4194,0.3178270206443209,0.8951800271905095,0.09529969176235564,12.61584791368777,12.61584791368777,0.0,0.2727931097101266,0.9111088805475596,1.0,0.8718160258982979,-0.02336400129221161,1.0,-1.0,-2.0,0.0,721.0,0.0,0,0,1.0,-2.0,-62.5,16406.25,0.0,3.0,8297.5,8108.75,-70.0,125.0
4195,2019-07-18,10:41:18,154.84375,154.84375,154.65625,154.6875,287,44417.96875,154.76644163763066,-0.15625,-0.0010095912013525776,154.81885964116688,154.73466502314304,0.08419461802384376,1.0000000000000004,0.009082031249999999,-0.003468609087756628,-0.5429955844662838,0.009082031249999995,0,4195,0.27010246375952934,0.8718160258982979,0.09529969176235564,8.834720917439682,8.834720917439682,0.0,0.2727931097101266,0.4979464020076929,1.0,0.8463433720696604,-0.025472653828637504,1.0,-1.0,1.0,1.0,722.0,-156.25,0,0,1.0,1.0,-156.25,16250.0,0.0,0.0,8297.5,7952.5,-156.25,-70.0
4196,2019-07-18,10:50:15,154.6875,154.71875,154.625,154.6875,287,44393.8125,154.68227351916377,0.0,0.0,154.78966860979648,154.73321379166174,0.05645481813473907,1.0000000000000004,0.00859375,1.4488636363636367,-0.8848873194830054,0.008593749999999997,0,4196,0.22182342322266624,0.8463433720696604,0.09270248108869578,6.08989289949255,6.08989289949255,0.0,0.2727931097101266,0.19801996521093762,0.0,0.7951153098460509,-0.05122806222360943,1.0,-1.0,1.0,0.0,722.0,-156.25,0,0,1.0,1.0,0.0,16250.0,-1.0,0.0,8297.5,7952.5,0.0,0.0
4197,2019-07-18,11:02:59,154.6875,154.78125,154.65625,154.78125,287,44405.46875,154.72288763066203,0.09375,0.0006058770255021884,154.78779780761948,154.7346918288414,0.05310597877809187,1.0,0.00947265625,0.7620363481772768,-0.9334509605008138,0.00947265625,-1,4197,0.13340066589926725,0.7951153098460509,0.09732757188998398,5.45641669126619,5.45641669126619,0.0,0.2727931097101266,0.12880023243112199,0.0,0.7391656550762316,-0.05594965476981939,0.0,-1.0,1.0,0.0,722.0,-62.5,0,0,0.0,1.0,93.75,16343.75,0.0,1.0,8300.0,8043.75,91.25,91.25
4198,2019-07-18,11:15:21,154.78125,154.78125,154.6875,154.75,287,44409.9375,154.73845818815332,-0.03125,-0.0002019182238059969,154.77939829481517,154.73516284949244,0.04423544532272672,0.9999999999999972,0.0032226562500000003,-2.231404958677686,0.5671631517317615,0.0032226562500000094,0,4198,0.046415892617605946,0.7391656550762316,0.05676844413932805,7.792259589528063,7.792259589528063,0.0,0.2727931097101266,0.38403700238972094,1.0,0.7374999896910671,-0.0016656653851644387,0.0,-1.0,0.0,0.0,722.0,-93.75,0,0,0.0,0.0,-0.0,16343.75,1.0,0.0,8300.0,8043.75,-0.0,91.25
4199,2019-07-18,11:39:58,154.75,154.8125,154.71875,154.8125,287,44419.375,154.77134146341464,0.0625,0.00040379568487303175,154.7867542293007,154.73754245412346,0.04921177517724118,0.999999999999998,0.0037109375,-2.479224376731304,0.7559840489048504,0.0037109375000000068,-1,4199,0.043948698502858145,0.7374999896910671,0.06091746465505608,8.078434559924952,8.078434559924952,0.0,0.2727931097101266,0.41530724541053854,1.0,0.7627115112454892,0.02521152155442208,-1.0,-1.0,0.0,0.0,722.0,-31.25,0,0,-1.0,0.0,0.0,16343.75,0.0,1.0,8302.5,8041.25,-2.5,-0.0
4200,2019-07-18,11:46:49,154.8125,154.8125,154.75,154.78125,287,44425.375,154.79224738675958,-0.03125,-0.00020187746106703486,154.7855310672339,154.73888730168892,0.04664376554498517,0.999999999999998,0.0037109375,-2.479224376731304,0.7559840489048504,0.0037109375000000068,0,4200,0.08200504945107293,0.7627115112454892,0.06091746465505608,7.6568789934224215,7.6568789934224215,0.0,0.2727931097101266,0.36924401006528607,1.0,0.8064267071607955,0.04371519591530626,-1.0,-1.0,-1.0,1.0,723.0,-31.25,0,0,-1.0,-1.0,31.25,16375.0,0.0,0.0,8302.5,8072.5,31.25,31.25
4201,2019-07-18,12:01:09,154.78125,154.8125,154.71875,154.75,287,44419.875,154.77308362369337,-0.03125,-0.0002019182238059969,154.77763527451526,154.73922923086775,0.03840604364751243,0.999999999999999,0.004589843749999999,-2.3675871435038487,0.5594072218898559,0.0045898437500000045,0,4201,0.15209347210416538,0.8064267071607955,0.06774838558962128,5.668923814679955,5.668923814679955,0.0,0.2727931097101266,0.1520208145232152,0.0,0.8621981048160247,0.055771397655229205,-1.0,-1.0,-1.0,0.0,723.0,-62.5,0,0,-1.0,-1.0,31.25,16406.25,-1.0,0.0,8302.5,8103.75,31.25,31.25
4202,2019-07-18,12:09:42,154.75,154.875,154.75,154.84375,287,44428.03125,154.80150261324042,0.09375,0.0006056323996563862,154.7923274357341,154.74244525453338,0.04988218120072929,1.0000000000000022,0.008007812500000001,1.6686496133254007,0.3321802626221164,0.008007812499999985,-1,4202,0.25146616289812457,0.8621981048160247,0.08948638164547712,5.574276251145134,5.574276251145134,0.0,0.2727931097101266,0.14167870700431706,0.0,0.9101987743610692,0.04800066954504456,-0.0,-1.0,-1.0,0.0,723.0,31.25,0,0,-0.0,-1.0,-93.75,16312.5,0.0,1.0,8305.0,8007.5,-96.25,31.25
4203,2019-07-18,12:19:54,154.875,154.90625,154.75,154.78125,287,44440.90625,154.84636324041813,-0.0625,-0.00040371417585038927,154.78986578334877,154.7436392467016,0.04622653664716836,1.0000000000000002,0.013378906250000001,-1.6212904257019563,-0.08282633405930129,0.013378906249999998,0,4203,0.3507441129943066,0.9101987743610692,0.11566722202076091,3.996511357285925,3.996511357285925,0.0,0.2727931097101266,-0.030723133702672434,0.0,0.9149219943614654,0.0047232200003961555,-0.0,-1.0,-0.0,0.0,723.0,-31.25,0,0,-0.0,-0.0,0.0,16312.5,0.0,0.0,8305.0,8007.5,0.0,0.0
4204,2019-07-18,12:21:35,154.78125,154.78125,154.625,154.625,287,44394.15625,154.6834712543554,-0.15625,-0.0010099990758591915,154.75322894260464,154.73998880834156,0.013240134263071468,0.9999999999999993,0.01630859375,-1.6074437950446416,-0.8601286118096307,0.01630859375000001,0,4204,0.36153753943278444,0.9149219943614654,0.12770510463564097,1.0367740820421603,1.0367740820421603,0.0,0.2727931097101266,-0.35413263295513076,-0.0,0.9183198062575645,0.003397811896099112,-0.0,-1.0,-0.0,0.0,723.0,-187.5,0,0,-0.0,-0.0,0.0,16312.5,-0.0,0.0,8305.0,8007.5,0.0,0.0
4205,2019-07-18,12:24:30,154.625,154.75,154.5625,154.75,287,44386.4375,154.65657665505228,0.125,0.0008080808520531946,154.7525113998036,154.740296845008,0.012214554795605181,1.0000000000000004,0.03154296875,-1.8904619041685418,-0.21190725112790967,0.03154296874999998,-1,4205,0.3694495250801886,0.9183198062575645,0.17760340297978522,0.6877432859209032,0.6877432859209032,0.0,0.2727931097101266,-0.39227111096850986,-0.0,0.9387147082804881,0.0203949020229236,0.0,-1.0,-0.0,0.0,723.0,-62.5,0,0,0.0,-0.0,-0.0,16312.5,0.0,0.0,8305.0,8007.5,-0.0,-0.0
4206,2019-07-18,12:26:23,154.75,154.96875,154.75,154.875,287,44443.78125,154.8563806620209,0.125,0.0008074283846006836,154.77973108873616,154.7444415574693,0.03528953126686929,1.0000000000000002,0.03271484375,-1.7424816217420371,-0.6833586053106282,0.03271484374999999,-1,4206,0.42003530907753295,0.9387147082804881,0.18087245160609725,1.9510727561609318,1.9510727561609318,0.0,0.2727931097101266,-0.2542275235262592,0.0,0.940135439262523,0.001420730982034879,0.0,-1.0,0.0,0.0,723.0,62.5,0,0,0.0,0.0,0.0,16312.5,0.0,0.0,8305.0,8007.5,0.0,0.0
4207,2019-07-18,12:30:15,154.875,154.90625,154.59375,154.59375,287,44410.78125,154.7413980836237,-0.28125,-0.0018176315213240812,154.73840195790592,154.73980489416255,-0.0014029362566247983,0.9999999999999997,0.02783203125,2.8864265927977826,-1.643133002774902,0.027832031250000007,0,4207,0.423793410678222,0.940135439262523,0.16682934768798927,-0.0840940923205325,0.0,-0.0840940923205325,0.2630905425388501,-0.4674205891246751,-0.0,0.9554254337806342,0.015289994518111194,-0.0,-1.0,0.0,0.0,723.0,-218.75,0,0,-0.0,0.0,-0.0,16312.5,-0.0,0.0,8305.0,8007.5,-0.0,-0.0
4208,2019-07-18,12:31:00,154.59375,154.71875,154.59375,154.625,287,44381.8125,154.64046167247386,0.03125,0.0002021222846702031,154.71320152281575,154.73627243588064,-0.023070913064884735,1.0000000000000002,0.02294921875,2.7243096423721127,-1.3825433726447656,0.022949218749999993,-1,4208,0.46682688668121314,0.9554254337806342,0.15148999554426026,-1.5229331139655486,0.0,-1.5229331139655486,0.09708087561774348,-0.4674205891246751,-0.0,0.9523835758891375,-0.003041857891496691,-0.0,-1.0,-0.0,0.0,723.0,-187.5,0,0,-0.0,-0.0,-0.0,16312.5,0.0,0.0,8305.0,8007.5,-0.0,-0.0
4209,2019-07-18,12:32:00,154.625,154.625,154.53125,154.625,288,44523.40625,154.59516059027777,0.0,0.0,154.69360118441224,154.7328486686228,-0.03924748421056279,1.0000000000000013,0.016308593750000003,4.416436587902036,-2.0704629105400487,0.016308593749999982,0,4209,0.4578382711971068,0.9523835758891375,0.12770510463564086,-3.0732901650674753,0.0,-3.0732901650674753,-0.08179546411897393,-0.4674205891246751,-1.0,0.8647829787376075,-0.08760059715153001,-0.0,-1.0,-0.0,0.0,723.0,-187.5,0,0,-0.0,-0.0,-0.0,16312.5,-1.0,0.0,8305.0,8007.5,-0.0,-0.0
4210,2019-07-18,12:33:05,154.625,154.6875,154.5625,154.59375,287,44375.9375,154.6199912891986,-0.03125,-0.0002021222846702031,154.67141203232063,154.72856870958827,-0.05715667726764195,0.9999999999999982,0.00068359375,-0.612244897959183,0.5122408325718831,0.000683593750000001,0,4210,0.2564232115555648,0.8647829787376075,0.026145625829189882,-21.860894683129082,0.0,-20.0,-2.034757136339064,-0.4674205891246751,-3.0,0.3541967564242801,-0.5105862223133273,-1.0,-1.0,-0.0,0.0,723.0,-218.75,0,0,-1.0,-0.0,0.0,16312.5,-2.0,1.0,8307.5,8005.0,-2.5,-0.0
4211,2019-07-18,12:34:08,154.59375,154.6875,154.5625,154.59375,287,44376.84375,154.62314895470382,0.0,0.0,154.65415380291606,154.72442044160098,-0.07026663868492733,1.0000000000000084,0.0006835937499999997,-0.6122448979591795,-0.5122408325718838,0.000683593749999994,0,4211,-0.41081077383028664,0.3541967564242801,0.026145625829189747,-26.87510298815628,0.0,-20.0,-2.034757136339064,-0.4674205891246751,-3.0,0.23645888517399144,-0.11773787125028867,-3.0,-1.0,-1.0,1.0,724.0,0.0,0,0,-3.0,-1.0,-0.0,16312.5,0.0,2.0,8312.5,8000.0,-5.0,-2.5
4212,2019-07-18,12:36:15,154.59375,154.625,154.53125,154.5625,287,44365.75,154.58449477351917,-0.03125,-0.00020216314634691201,154.63378629115695,154.71943827416712,-0.08565198301016608,1.0000000000000084,0.0006835937499999997,-0.6122448979591795,-0.5122408325718838,0.000683593749999994,0,4212,-0.5198526091154736,0.23645888517399144,0.026145625829189747,-32.75958417279179,0.0,-20.0,-2.034757136339064,-0.4674205891246751,-3.0,0.24049679544311908,0.0040379102691276425,3.0,-1.0,-3.0,0.0,724.0,-31.25,0,0,3.0,-3.0,93.75,16406.25,0.0,6.0,8327.5,8078.75,78.75,78.75
4213,2019-07-18,12:38:01,154.5625,154.5625,154.46875,154.5,288,44501.625,154.51953125,-0.0625,-0.00040444894383462326,154.6040560042332,154.7126863272697,-0.10863032303649334,1.0000000000000084,0.0006835937499999997,-0.6122448979591795,-0.5122408325718838,0.000683593749999994,0,4213,-0.5162962344881697,0.24049679544311908,0.026145625829189747,-41.54818237902542,0.0,-20.0,-2.034757136339064,-0.4674205891246751,-3.0,0.44210984960497646,0.20161305416185737,3.0,-1.0,3.0,1.0,725.0,-62.5,0,0,3.0,3.0,-187.5,16218.75,0.0,0.0,8327.5,7891.25,-187.5,78.75
4214,2019-07-18,12:39:46,154.5,154.5,154.4375,154.5,287,44334.375,154.47517421602788,0.0,0.0,154.58093244773696,154.7061421325845,-0.12520968484753325,1.0000000000000107,0.0012695312500000003,-0.17751479289942415,-0.4047960089109369,0.0012695312499999868,0,4214,-0.32162827192116794,0.44210984960497646,0.03563048203434788,-35.141170620939334,0.0,-20.0,-2.034757136339064,-0.4674205891246751,-3.0,0.6346634867797851,0.19255363717480867,3.0,-1.0,3.0,0.0,725.0,-62.5,0,0,3.0,3.0,0.0,16218.75,0.0,0.0,8327.5,7891.25,0.0,0.0
4215,2019-07-18,12:41:52,154.5,154.5,154.40625,154.46875,288,44478.15625,154.43804253472223,-0.03125,-0.0002022858305679165,154.55600301490654,154.69883775927423,-0.14283474436768984,1.0000000000000107,0.0012695312500000003,-0.17751479289942415,-0.4047960089109369,0.0012695312499999868,0,4215,-0.09766922171359602,0.6346634867797851,0.03563048203434788,-40.08779455467281,0.0,-20.0,-2.034757136339064,-0.4674205891246751,-3.0,0.717837612350975,0.08317412557118986,3.0,-1.0,3.0,0.0,725.0,-93.75,0,0,3.0,3.0,-93.75,16125.0,0.0,0.0,8327.5,7797.5,-93.75,0.0
4216,2019-07-18,12:43:00,154.46875,154.46875,154.375,154.375,288,44470.65625,154.41200086805554,-0.09375,-0.0006071031249907932,154.51578012270508,154.68887352052735,-0.17309339782227084,1.0000000000000058,0.0014648437500000002,2.0000000000000058,-1.3608276348795423,0.0014648437499999915,0,4216,0.015292626010791998,0.717837612350975,0.03827327723098705,-45.22565360097512,0.0,-20.0,-2.034757136339064,-0.4674205891246751,-3.0,0.7467939957313298,0.028956383380354778,3.0,-1.0,3.0,0.0,725.0,-187.5,0,0,3.0,3.0,-281.25,15843.75,0.0,0.0,8327.5,7516.25,-281.25,-93.75
4217,2019-07-18,12:43:30,154.375,154.375,154.3125,154.34375,287,44300.84375,154.35834059233449,-0.03125,-0.00020244964134352728,154.4775512065484,154.67825433528037,-0.20070312873195917,1.0000000000000084,0.0017578124999999994,-2.407407407407393,-0.1656346649999839,0.0017578124999999842,0,4217,0.05779789253570455,0.7467939957313298,0.04192627457812087,-47.870489508432414,0.0,-20.0,-2.034757136339064,-0.4674205891246751,-3.0,0.7439765519456534,-0.002817443785676388,-3.0,-1.0,3.0,0.0,725.0,-218.75,0,0,-3.0,3.0,-93.75,15750.0,0.0,6.0,8342.5,7407.5,-108.75,-108.75
4218,2019-07-18,12:49:45,154.34375,154.40625,154.34375,154.34375,288,44462.125,154.38237847222223,0.0,0.0,154.4478176050932,154.66796189419483,-0.22014428910162565,1.0000000000000002,0.008105468749999999,1.331107562781246,1.2169587297571165,0.008105468749999997,0,4218,0.05357806595559054,0.7439765519456534,0.09003037681804957,-24.452223447485387,0.0,-20.0,-2.034757136339064,-0.4674205891246751,-3.0,0.7226090604079431,-0.021367491537710226,-3.0,-1.0,-3.0,1.0,726.0,0.0,0,0,-3.0,-3.0,-0.0,15750.0,0.0,0.0,8342.5,7407.5,-0.0,-0.0
4219,2019-07-18,12:51:55,154.34375,154.375,154.25,154.25,288,44440.5625,154.30750868055554,-0.09375,-0.0006075949554009696,154.40385813729472,154.6551015282196,-0.2512433909248841,0.9999999999999998,0.00654296875,2.3991980396524824,1.2281952102833766,0.006542968750000002,0,4219,0.022169302715281232,0.7226090604079431,0.08088861940965492,-31.06041279459587,0.0,-20.0,-2.034757136339064,-0.4674205891246751,-3.0,0.7367057490656059,0.014096688657662781,3.0,-1.0,-3.0,0.0,726.0,-93.75,0,0,3.0,-3.0,281.25,16031.25,0.0,6.0,8357.5,7673.75,266.25,266.25
4220,2019-07-18,12:54:38,154.25,154.375,154.25,154.375,288,44437.625,154.29730902777777,0.125,0.0008100445967444969,154.3974452178959,154.64648301965903,-0.24903780176313717,0.9999999999999987,0.00712890625,-0.6811784574967147,0.18252325730899852,0.007128906250000009,-1,4220,0.04277450999927592,0.7367057490656059,0.0844328505381644,-29.49536823354908,0.0,-20.0,-2.034757136339064,-0.4674205891246751,-3.0,0.7597195114629052,0.023013762397299242,3.0,-1.0,3.0,1.0,727.0,125.0,0,0,3.0,3.0,375.0,16406.25,0.0,0.0,8357.5,8048.75,375.0,375.0
4221,2019-07-18,13:00:00,154.375,154.40625,154.28125,154.34375,288,44450.53125,154.34212239583334,-0.03125,-0.00020244964134352728,154.38551294725238,154.63716815751567,-0.2516552102632943,0.9999999999999993,0.00830078125,-1.5986159169550167,0.6052891240323843,0.008300781250000005,0,4221,0.07740598066345691,0.7597195114629052,0.09110862335695785,-27.621448002493135,0.0,-20.0,-2.034757136339064,-0.4674205891246751,-3.0,0.7908891750910783,0.031169663628173083,3.0,-1.0,3.0,0.0,727.0,93.75,0,0,3.0,3.0,-93.75,16312.5,0.0,0.0,8357.5,7955.0,-93.75,375.0
4222,2019-07-18,13:04:12,154.34375,154.4375,154.28125,154.40625,287,44301.375,154.36019163763066,0.0625,0.0004048583051252663,154.3901211811963,154.63006298343828,-0.23994180224198658,0.9999999999999968,0.006542968749999999,-2.4125640454444195,-0.36326900585846333,0.00654296875000002,-1,4222,0.12652245415973146,0.7908891750910783,0.08088861940965503,-29.6632337148465,0.0,-20.0,-2.034757136339064,-0.4674205891246751,-3.0,0.809359449415849,0.018470274324770775,3.0,-1.0,3.0,0.0,727.0,156.25,0,0,3.0,3.0,187.5,16500.0,0.0,0.0,8357.5,8142.5,187.5,187.5
4223,2019-07-18,13:07:13,154.40625,154.40625,154.34375,154.34375,288,44460.59375,154.37706163194446,-0.0625,-0.0004048583051252663,154.3798164742638,154.62125335317867,-0.2414368789148682,0.9999999999999967,0.00419921875,-1.963223363980531,-0.23551393640880577,0.004199218750000013,0,4223,0.1570101156849635,0.809359449415849,0.06480137922914923,-37.25798459645502,0.0,-20.0,-2.034757136339064,-0.4674205891246751,-3.0,0.8185037287213269,0.009144279305477898,3.0,-1.0,3.0,0.0,727.0,93.75,0,0,3.0,3.0,-187.5,16312.5,0.0,0.0,8357.5,7955.0,-187.5,187.5
4224,2019-07-18,13:11:55,154.375,154.4375,154.34375,154.4375,288,44465.5625,154.39431423611111,0.09375,0.0006072260079301728,154.39263503553852,154.6155994038501,-0.22296436831157962,0.9999999999999958,0.00361328125,-0.021913805697585314,-0.5901286563843663,0.0036132812500000154,-1,4224,0.1725358320587234,0.8185037287213269,0.06011057519272308,-37.092369786302,0.0,-20.0,-2.034757136339064,-0.4674205891246751,-3.0,0.8564944762609329,0.03799074753960596,3.0,-1.0,3.0,0.0,727.0,187.5,0,0,3.0,3.0,281.25,16593.75,0.0,0.0,8357.5,8236.25,281.25,281.25
4225,2019-07-18,13:18:06,154.4375,154.46875,154.40625,154.46875,287,44329.9375,154.45971254355402,0.03125,0.0002023267584041477,154.40954947208553,154.61108096065473,-0.2015314885692021,0.999999999999996,0.0032226562500000003,1.0743801652892546,-0.2669003066972995,0.003222656250000013,-1,4225,0.24065551034595692,0.8564944762609329,0.056768444139328085,-35.50061863146694,0.0,-20.0,-2.034757136339064,-0.4674205891246751,-3.0,0.8934890460703844,0.03699456980945148,3.0,-1.0,3.0,0.0,727.0,218.75,0,0,3.0,3.0,93.75,16687.5,0.0,0.0,8357.5,8330.0,93.75,281.25
4226,2019-07-18,13:26:10,154.46875,154.5,154.40625,154.46875,288,44478.21875,154.43825954861111,0.0,0.0,154.42270514495542,154.60670154648074,-0.18399640152532015,0.9999999999999987,0.00654296875,2.3991980396524824,-1.2281952102833766,0.006542968750000008,0,4226,0.3142411245400593,0.8934890460703844,0.08088861940965496,-22.746883661530035,0.0,-20.0,-2.034757136339064,-0.4674205891246751,-3.0,0.9248255913741246,0.03133654530374019,3.0,-1.0,3.0,0.0,727.0,218.75,0,0,3.0,3.0,0.0,16687.5,0.0,0.0,8357.5,8330.0,0.0,93.75
4227,2019-07-18,13:32:51,154.46875,154.5,154.40625,154.5,287,44329.46875,154.4580792682927,0.03125,0.0002022858305679165,154.43988177940977,154.60341842197366,-0.16353664256388356,0.9999999999999992,0.00537109375,3.3223140495867725,-1.7443694974549941,0.005371093750000005,-1,4227,0.384973100873726,0.9248255913741246,0.07328774624724112,-22.31432278080728,0.0,-20.0,-2.034757136339064,-0.4674205891246751,-3.0,0.9296261762019365,0.004800584827811982,3.0,-1.0,3.0,0.0,727.0,250.0,0,0,3.0,3.0,93.75,16781.25,0.0,0.0,8357.5,8423.75,93.75,93.75
4228,2019-07-18,13:35:46,154.5,154.5,154.375,154.375,288,44471.15625,154.41373697916666,-0.125,-0.0008093889555587097,154.42546360620761,154.596390162836,-0.17092655662838752,1.0,0.005175781250000001,1.1285154859380562,-1.032658539398995,0.005175781250000001,0,4228,0.3967733203279836,0.9296261762019365,0.07194290270763337,-23.758640560141266,0.0,-20.0,-2.034757136339064,-0.4674205891246751,-3.0,0.9632985321968696,0.03367235599493301,3.0,-1.0,3.0,0.0,727.0,125.0,0,0,3.0,3.0,-375.0,16406.25,0.0,0.0,8357.5,8048.75,-375.0,93.75
4229,2019-07-18,13:40:18,154.375,154.4375,154.34375,154.4375,288,44464.65625,154.39116753472223,0.0625,0.0004047763665866455,154.4281383603837,154.59150123474876,-0.16336287436504904,0.9999999999999996,0.005566406249999999,1.0987996306555878,-1.2639100390556428,0.005566406250000003,-1,4229,0.4913445745115531,0.9632985321968696,0.07460835241445828,-21.896057087221124,0.0,-20.0,-2.034757136339064,-0.4674205891246751,-3.0,0.9870496754781961,0.023751143281326548,3.0,-1.0,3.0,0.0,727.0,187.5,0,0,3.0,3.0,187.5,16593.75,0.0,0.0,8357.5,8236.25,187.5,187.5
4230,2019-07-18,13:45:23,154.4375,154.46875,154.375,154.40625,287,44320.40625,154.42650261324042,-0.03125,-0.00020236770280490646,154.42327428029847,154.58580119675653,-0.16252691645806294,1.0,0.005175781250000001,1.1285154859380562,-1.032658539398995,0.005175781250000001,0,4230,0.5845190597212221,0.9870496754781961,0.07194290270763337,-22.591097987601536,0.0,-20.0,-2.034757136339064,-0.4674205891246751,-3.0,0.9999848214024157,0.012935145924219627,3.0,-1.0,3.0,0.0,727.0,156.25,0,0,3.0,3.0,-93.75,16500.0,0.0,0.0,8357.5,8142.5,-93.75,187.5
4231,2019-07-18,13:50:28,154.40625,154.46875,154.40625,154.4375,288,44475.5,154.42881944444446,0.03125,0.00020236770280490646,154.42643555134325,154.5812380830102,-0.15480253166694524,0.9999999999999906,0.0016601562499999997,-1.4878892733564004,-0.5413870509510853,0.0016601562500000154,-1,4231,0.7032000911120035,0.9999848214024157,0.04074501503251674,-37.9929990315145,0.0,-20.0,-2.034757136339064,-0.4674205891246751,-3.0,0.9780187790145374,-0.02196604238787836,-3.0,-1.0,3.0,0.0,727.0,187.5,0,0,-3.0,3.0,93.75,16593.75,0.0,6.0,8372.5,8221.25,78.75,78.75
4232,2019-07-18,13:57:42,154.4375,154.46875,154.34375,154.4375,288,44466.84375,154.39876302083334,0.0,0.0,154.4288943177114,154.57681537276375,-0.14792105505233621,0.9999999999999926,0.00244140625,-1.1999999999999993,0.0,0.0024414062500000178,0,4232,0.8390073744085302,0.9780187790145374,0.04941058844013111,-29.937116663074438,0.0,-20.0,-2.034757136339064,-0.4674205891246751,-3.0,0.9023782780818737,-0.07564050093266372,-3.0,-1.0,-3.0,1.0,728.0,0.0,0,0,-3.0,-3.0,-0.0,16593.75,0.0,0.0,8372.5,8221.25,-0.0,78.75
4233,2019-07-18,14:02:26,154.4375,154.5,154.40625,154.5,287,44324.21875,154.43978658536585,0.0625,0.0004046125889720642,154.44469558044221,154.57445182283257,-0.1297562423903571,0.9999999999999822,0.0012695312500000003,-0.17751479289942415,0.4047960089109369,0.0012695312500000228,-1,4233,0.9428018085647227,0.9023782780818737,0.03563048203434838,-36.417200941954675,0.0,-20.0,-2.034757136339064,-0.4674205891246751,-3.0,0.6975086328902339,-0.20486964519163975,3.0,-1.0,-3.0,0.0,728.0,62.5,0,0,3.0,-3.0,-187.5,16406.25,0.0,6.0,8387.5,8018.75,-202.5,-0.0
4234,2019-07-18,14:07:02,154.5,154.625,154.5,154.59375,288,44512.53125,154.55740017361111,0.09375,0.0006066120901815353,154.4778187847884,154.5750456128993,-0.0972268281108768,0.9999999999999958,0.00361328125,-0.021913805697585314,-0.5901286563843663,0.0036132812500000154,-1,4234,0.9999091011325871,0.6975086328902339,0.06011057519272308,-16.17466274430975,0.0,-16.17466274430975,-1.5933992400596053,-0.4674205891246751,-2.0,0.3202375677060825,-0.3772710651841514,-3.0,1.0,3.0,1.0,729.0,93.75,0,0,-3.0,3.0,281.25,16687.5,1.0,6.0,8402.5,8285.0,266.25,266.25
4235,2019-07-18,14:15:49,154.59375,154.625,154.53125,154.625,287,44370.3125,154.6003919860627,0.03125,0.0002021222846702031,154.51052572150212,154.57658267096392,-0.06605694946179597,0.9999999999999958,0.00361328125,-0.021913805697585314,-0.5901286563843663,0.0036132812500000154,-1,4235,0.8963107623205988,0.3202375677060825,0.06011057519272308,-10.98923928942752,0.0,-10.98923928942752,-0.9951179816004687,-0.4674205891246751,-1.0,0.05637555998841907,-0.26386200771766344,-2.0,1.0,-3.0,1.0,730.0,31.25,0,0,-2.0,-3.0,-93.75,16593.75,1.0,1.0,8405.0,8188.75,-96.25,266.25
4236,2019-07-18,14:24:36,154.625,154.65625,154.5625,154.5625,287,44367.84375,154.59179006968643,-0.0625,-0.0004042854310171151,154.52207556116832,154.57614935801118,-0.05407379684285729,0.9999999999999958,0.00361328125,-0.021913805697585314,-0.5901286563843663,0.0036132812500000154,0,4236,0.7458457630003396,0.05637555998841907,0.06011057519272308,-8.995721080606696,0.0,-8.995721080606696,-0.7651108099370669,-0.4674205891246751,-1.0,-0.36410554081907376,-0.42048110080749285,-1.0,1.0,-2.0,0.0,730.0,-31.25,0,0,-1.0,-2.0,125.0,16718.75,0.0,1.0,8407.5,8311.25,122.5,122.5
4237,2019-07-18,14:33:27,154.5625,154.625,154.53125,154.5625,288,44516.96875,154.57280815972223,0.0,0.0,154.5310587697976,154.5757293777647,-0.04467060796710598,0.9999999999999977,0.00244140625,-1.2000000000000004,0.0,0.0024414062500000056,0,4237,0.40110784452582865,-0.36410554081907376,0.049410588440130986,-9.040695400993195,0.0,-9.040695400993195,-0.7702998351407551,-0.4674205891246751,-1.0,-0.5259877927775287,-0.16188225195845496,-1.0,1.0,-1.0,0.0,730.0,-31.25,0,0,-1.0,-1.0,-0.0,16718.75,0.0,0.0,8407.5,8311.25,-0.0,122.5
4238,2019-07-18,14:39:35,154.59375,154.625,154.53125,154.625,287,44364.59375,154.58046602787456,0.0625,0.0004042854310171151,154.5519345987315,154.5772453969104,-0.025310798178907135,0.9999999999999994,0.00224609375,1.4555765595463157,1.118079933149378,0.0022460937500000007,-1,4238,0.2294592085021107,-0.5259877927775287,0.0473929715253222,-5.340622747274562,0.0,-5.340622747274562,-0.3433946570163394,-0.4674205891246751,-1.0,-0.6295499392659619,-0.1035621464884332,-1.0,1.0,-1.0,0.0,730.0,31.25,0,0,-1.0,-1.0,-62.5,16656.25,0.0,0.0,8407.5,8248.75,-62.5,-0.0
4239,2019-07-18,14:48:14,154.625,154.625,154.5625,154.59375,287,44369.8125,154.59864982578398,-0.03125,-0.0002021222846702031,154.56122691012453,154.57775323085164,-0.016526320727109578,0.9999999999999994,0.00224609375,1.4555765595463157,1.118079933149378,0.0022460937500000007,0,4239,0.10423466829013514,-0.6295499392659619,0.0473929715253222,-3.4870826190502777,0.0,-3.4870826190502777,-0.12953780806903964,-0.4674205891246751,-1.0,-0.7109025643721413,-0.08135262510617935,-1.0,1.0,-1.0,0.0,730.0,0.0,0,0,-1.0,-1.0,31.25,16687.5,0.0,0.0,8407.5,8280.0,31.25,31.25
4240,2019-07-18,14:54:38,154.59375,154.65625,154.5625,154.5625,287,44374.15625,154.61378484320556,-0.03125,-0.00020216314634691201,154.56150981898574,154.5772839006716,-0.01577408168586203,0.9999999999999983,0.00341796875,-2.897959183673469,0.38180177416060623,0.0034179687500000056,0,4240,-0.005382534001956903,-0.7109025643721413,0.05846339666834288,-2.698112423290567,0.0,-2.698112423290567,-0.038508389601499715,-0.4674205891246751,-1.0,-0.7392587773509938,-0.02835621297885249,-1.0,1.0,-1.0,0.0,730.0,-31.25,0,0,-1.0,-1.0,31.25,16718.75,0.0,0.0,8407.5,8311.25,31.25,31.25
4241,2019-07-18,14:58:13,154.5625,154.59375,154.46875,154.5,288,44503.0625,154.52452256944446,-0.0625,-0.00040444894383462326,154.54784097032226,154.57490593449708,-0.0270649641748264,1.0000000000000013,0.0026367187499999997,3.2510288065843675,1.7355817665801567,0.002636718749999996,0,4241,-0.04655401496053112,-0.7392587773509938,0.051348989766109285,-5.270788052132134,0.0,-5.270788052132134,-0.33533730361840536,-0.4674205891246751,-1.0,-0.7623926135037398,-0.023133836152746,-1.0,1.0,-1.0,0.0,730.0,-93.75,0,0,-1.0,-1.0,62.5,16781.25,0.0,0.0,8407.5,8373.75,62.5,62.5
4242,2019-07-18,15:04:38,154.5,154.5625,154.46875,154.5625,287,44349.625,154.52831010452962,0.0625,0.00040444894383462326,154.55109853247288,154.57452421343564,-0.023425680962759543,0.9999999999999998,0.00322265625,-2.2314049586776847,0.5671631517317617,0.0032226562500000007,-1,4242,-0.08151375725183085,-0.7623926135037398,0.056768444139327974,-4.126532146145384,0.0,-4.126532146145384,-0.20331590374825714,-0.4674205891246751,-1.0,-0.8434331813261002,-0.08104056782236047,-1.0,1.0,-1.0,0.0,730.0,-31.25,0,0,-1.0,-1.0,-62.5,16718.75,0.0,0.0,8407.5,8311.25,-62.5,62.5
4243,2019-07-18,15:15:00,154.5625,154.5625,154.46875,154.5,288,44498.3125,154.50802951388889,-0.0625,-0.00040444894383462326,154.53974330303447,154.57223116071455,-0.03248785768008133,0.9999999999999992,0.003125,-2.32421875,0.052407843222651435,0.003125000000000003,0,4243,-0.21651545309328354,-0.8434331813261002,0.05590169943749477,-5.811604657280035,0.0,-5.811604657280035,-0.3977353781322317,-0.4674205891246751,-1.0,-0.9207984222189898,-0.07736524089288954,-1.0,1.0,-1.0,0.0,730.0,-93.75,0,0,-1.0,-1.0,62.5,16781.25,0.0,0.0,8407.5,8373.75,62.5,62.5
4244,2019-07-18,15:22:56,154.5,154.53125,154.4375,154.53125,287,44337.9375,154.48758710801394,0.03125,0.00020224491928555466,154.53785590236018,154.57097020192336,-0.033114299563180793,0.9999999999999953,0.00224609375,1.4555765595463157,-1.118079933149378,0.0022460937500000102,-1,4244,-0.3753037279299739,-0.9207984222189898,0.0473929715253223,-6.987175207084801,0.0,-6.987175207084801,-0.5333697837047403,-0.4674205891246751,-1.0,-0.9971791648295806,-0.0763807426105908,-1.0,1.0,-1.0,0.0,730.0,-62.5,0,0,-1.0,-1.0,-31.25,16750.0,0.0,0.0,8407.5,8342.5,-31.25,62.5
4245,2019-07-18,15:29:59,154.53125,154.5625,154.53125,154.53125,288,44508.0,154.54166666666666,0.0,0.0,154.53638792405792,154.5697480418642,-0.03336011780626791,0.9999999999999961,0.00146484375,2.0000000000000013,-1.3608276348795436,0.0014648437500000054,0,4245,-0.6520380822548596,-0.9971791648295806,0.03827327723098723,-8.716295081012431,0.0,-8.716295081012431,-0.7328713332312526,-0.4674205891246751,-1.0,-0.980098363984968,0.01708080084461261,-1.0,1.0,-1.0,0.0,730.0,-62.5,0,0,-1.0,-1.0,-0.0,16750.0,0.0,0.0,8407.5,8342.5,-0.0,-0.0
4246,2019-07-18,15:39:49,154.53125,154.625,154.53125,154.5625,287,44362.03125,154.57153745644598,0.03125,0.0002022040245490686,154.54219060760062,154.56952502519144,-0.027334417590822113,1.0000000000000002,0.00615234375,4.225245653817083,-2.017343525807786,0.006152343749999998,-1,4246,-0.8334037062667286,-0.980098363984968,0.07843687748756957,-3.48489364523135,0.0,-3.48489364523135,-0.12928524971531652,-0.4674205891246751,-1.0,-0.9044786637038783,0.07561970028108966,-1.0,1.0,-1.0,0.0,730.0,-31.25,0,0,-1.0,-1.0,-31.25,16718.75,0.0,0.0,8407.5,8311.25,-31.25,-0.0
4247,2019-07-18,15:53:58,154.5625,154.59375,154.53125,154.5625,287,44360.4375,154.5659843205575,0.0,0.0,154.54670380591162,154.56930887057018,-0.02260506465856338,1.0000000000000016,0.00537109375,3.3223140495867747,-1.744369497454994,0.005371093749999993,0,4247,-0.9411573821879596,-0.9044786637038783,0.07328774624724103,-3.084426226221189,0.0,-3.084426226221189,-0.08308031515173747,-0.4674205891246751,-1.0,-0.7392426137217235,0.1652360499821548,1.0,1.0,-1.0,0.0,730.0,-31.25,0,0,1.0,-1.0,-0.0,16718.75,0.0,2.0,8412.5,8306.25,-5.0,-5.0
4248,2019-07-18,16:06:19,154.5625,154.59375,154.40625,154.40625,288,44493.6875,154.49197048611111,-0.15625,-0.001011429235611594,154.51549184904238,154.56429167455266,-0.04879982551028661,0.9999999999999997,0.010449218750000001,1.2201939033976774,-0.4199926287654868,0.010449218750000003,0,4248,-0.9989168911711837,-0.7392426137217235,0.10222142021122581,-4.77393342896712,0.0,-4.77393342896712,-0.2780114532216501,-0.4674205891246751,-1.0,-0.254126536708998,0.4851160770127255,1.0,-1.0,1.0,1.0,731.0,-156.25,0,0,1.0,1.0,-156.25,16562.5,0.0,0.0,8412.5,8150.0,-156.25,-5.0
4249,2019-07-18,16:16:07,154.40625,154.4375,154.34375,154.375,288,44464.71875,154.39138454861111,-0.03125,-0.00020240866378173905,154.48427143814408,154.5584673153357,-0.07419587719161314,0.9999999999999997,0.010449218750000001,1.2201939033976774,-0.4199926287654868,0.010449218750000003,0,4249,-0.863587755467488,-0.254126536708998,0.10222142021122581,-7.25834928122678,0.0,-7.25834928122678,-0.5646571737801644,-0.4674205891246751,-1.0,0.11650637226722164,0.37063290897621964,1.0,-1.0,1.0,0.0,731.0,-187.5,0,0,1.0,1.0,-31.25,16531.25,0.0,0.0,8412.5,8118.75,-31.25,-31.25
4250,2019-07-18,16:26:42,154.375,154.5,154.375,154.5,287,44321.03125,154.42868031358884,0.125,0.0008093889555587097,154.48776667411207,154.55666832101767,-0.06890164690560141,1.0000000000000002,0.0119140625,-0.6436441816715934,0.30976631200586324,0.011914062499999996,-1,4250,-0.619908898654676,0.11650637226722164,0.10915155747858112,-6.312474919940746,0.0,-6.312474919940746,-0.455524543024304,-0.4674205891246751,-1.0,0.4809975857176886,0.3644912134504669,1.0,-1.0,1.0,0.0,731.0,-62.5,0,0,1.0,1.0,125.0,16656.25,0.0,0.0,8412.5,8243.75,125.0,125.0
4251,2019-07-18,16:48:00,154.5,154.53125,154.46875,154.53125,288,44492.8125,154.48893229166666,0.03125,0.00020224491928555466,154.4974296354205,154.55588621883254,-0.0584565834120383,0.9999999999999987,0.00654296875,0.7952773446201805,0.5016571985664497,0.006542968750000008,-1,4251,-0.27981935925357593,0.4809975857176886,0.08088861940965496,-7.226799497712882,0.0,-7.226799497712882,-0.5610170382446498,-0.4674205891246751,-1.0,0.6848007520019288,0.20380316628424022,1.0,-1.0,1.0,0.0,731.0,-31.25,0,0,1.0,1.0,31.25,16687.5,0.0,0.0,8412.5,8275.0,31.25,125.0
4252,2019-07-18,17:02:22,154.53125,154.53125,154.4375,154.4375,287,44334.8125,154.47669860627178,-0.09375,-0.0006068575082576189,154.4841119386604,154.5522435659454,-0.06813162728499833,0.9999999999999974,0.006542968749999999,0.7952773446201853,-0.5016571985664501,0.006542968750000015,0,4252,-0.031062920057925523,0.6848007520019288,0.080888619409655,-8.42289407116102,0.0,-8.42289407116102,-0.6990194546075673,-0.4674205891246751,-1.0,0.7636542813329035,0.07885352933097467,1.0,-1.0,1.0,0.0,731.0,-125.0,0,0,1.0,1.0,-93.75,16593.75,0.0,0.0,8412.5,8181.25,-93.75,31.25
4253,2019-07-18,17:07:56,154.4375,154.4375,154.40625,154.4375,288,44473.25,154.42100694444446,0.0,0.0,154.4737537300692,154.54871299468556,-0.0749592646163535,0.9999999999999983,0.00341796875,2.000000000000002,-1.1454053224818188,0.003417968750000005,0,4253,0.08345903250993703,0.7636542813329035,0.05846339666834288,-12.821571938693548,0.0,-12.821571938693548,-1.206527964383358,-0.4674205891246751,-2.0,0.807121981315313,0.04346769998240951,1.0,-1.0,1.0,0.0,731.0,-125.0,0,0,1.0,1.0,0.0,16593.75,-1.0,0.0,8412.5,8181.25,0.0,0.0
4254,2019-07-18,17:13:22,154.4375,154.5,154.40625,154.5,287,44330.5625,154.46189024390245,0.0625,0.0004046125889720642,154.4795862344983,154.54721413331063,-0.06762789881233289,0.9999999999999983,0.00341796875,2.000000000000002,-1.1454053224818188,0.003417968750000005,-1,4254,0.1532563933991042,0.807121981315313,0.05846339666834288,-11.56756238368758,0.0,-11.56756238368758,-1.0618434615232553,-0.4674205891246751,-2.0,0.8761279721155305,0.06900599080021752,2.0,-1.0,1.0,0.0,731.0,-62.5,0,0,2.0,1.0,62.5,16656.25,0.0,1.0,8415.0,8241.25,60.0,60.0
4255,2019-07-18,17:19:29,154.5,154.5,154.4375,154.5,288,44485.6875,154.46419270833334,0.0,0.0,154.484122626832,154.54576139074723,-0.06163876391522649,0.9999999999999842,0.00078125,0.3124999999999976,1.257788237343632,0.0007812500000000124,0,4255,0.2786349832194358,0.8761279721155305,0.027950849718747593,-22.052554586161026,0.0,-20.0,-2.034757136339064,-0.4674205891246751,-3.0,0.9291686104999919,0.05304063838446138,2.0,-1.0,2.0,0.0,731.0,-62.5,0,0,2.0,2.0,0.0,16656.25,-1.0,0.0,8415.0,8241.25,0.0,60.0
4256,2019-07-18,17:29:39,154.5,154.53125,154.4375,154.53125,287,44341.0625,154.4984756097561,0.03125,0.00020224491928555466,154.4945953764249,154.54531488641658,-0.050719509991665745,0.9999999999999882,0.0016601562499999997,-1.4878892733564086,0.5413870509510866,0.0016601562500000195,-1,4256,0.39563503199594857,0.9291686104999919,0.04074501503251679,-12.448028292832571,0.0,-12.448028292832571,-1.1634294277875277,-0.4674205891246751,-2.0,0.9862902170248524,0.057121606524860535,3.0,-1.0,2.0,0.0,731.0,-31.25,0,0,3.0,2.0,62.5,16718.75,1.0,1.0,8417.5,8301.25,60.0,60.0
4257,2019-07-18,17:37:30,154.53125,154.5625,154.5,154.53125,288,44502.59375,154.52289496527777,0.0,0.0,154.5027408483305,154.54488212068068,-0.04214127235019305,0.9999999999999883,0.0014648437500000002,2.0000000000000058,1.3608276348795423,0.0014648437500000171,0,4257,0.580725723788118,0.9862902170248524,0.03827327723098738,-11.010625532760493,0.0,-11.010625532760493,-0.9975854731537221,-0.4674205891246751,-1.0,0.994455580940296,0.008165363915443535,2.0,-1.0,3.0,0.0,731.0,-31.25,0,0,2.0,3.0,0.0,16718.75,1.0,1.0,8420.0,8298.75,-2.5,60.0
4258,2019-07-18,17:48:34,154.5625,154.625,154.5625,154.625,287,44366.375,154.5866724738676,0.09375,0.0006064894555661837,154.5299095487015,154.54734728619823,-0.01743773749672073,0.9999999999999883,0.0014648437500000002,2.0000000000000058,1.3608276348795423,0.0014648437500000171,-1,4258,0.7775438585837834,0.994455580940296,0.03827327723098738,-4.556112974460031,0.0,-4.556112974460031,-0.252879871052031,-0.4674205891246751,-1.0,0.9027299768430497,-0.09172560409724628,-1.0,-1.0,2.0,0.0,731.0,62.5,0,0,-1.0,2.0,187.5,16906.25,0.0,3.0,8427.5,8478.75,180.0,180.0
4259,2019-07-18,17:57:57,154.625,154.6875,154.625,154.65625,287,44381.96875,154.641006097561,0.03125,0.00020208143950739554,154.55798520454564,154.5506981389306,0.007287065615031452,0.9999999999999925,0.00322265625,-2.231404958677679,0.5671631517317608,0.003222656250000024,-1,4259,0.9425292075471189,0.9027299768430497,0.05676844413932818,1.2836472313996536,1.2836472313996536,0.0,0.2727931097101266,-0.3271568867358964,-0.0,0.6195257810550543,-0.2832041957879954,1.0,-1.0,-1.0,1.0,732.0,31.25,0,0,1.0,-1.0,-31.25,16875.0,1.0,2.0,8432.5,8442.5,-36.25,180.0
4260,2019-07-18,18:07:17,154.65625,154.6875,154.625,154.65625,288,44540.90625,154.65592447916666,0.0,0.0,154.57982182575776,154.553945888502,0.025875937255761983,0.9999999999999925,0.00322265625,-2.231404958677679,0.5671631517317608,0.003222656250000024,0,4260,0.9931329524815624,0.6195257810550543,0.05676844413932818,4.558155089164331,4.558155089164331,0.0,0.2727931097101266,0.03064748848206761,0.0,0.3462139023012741,-0.2733118787537802,-0.0,1.0,1.0,1.0,733.0,0.0,0,0,-0.0,1.0,0.0,16875.0,0.0,1.0,8435.0,8440.0,-2.5,-2.5
4261,2019-07-18,18:11:51,154.65625,154.8125,154.65625,154.78125,287,44408.71875,154.73421167247386,0.125,0.0008079176363517959,154.62458364225606,154.5609398611635,0.06364378109256563,0.9999999999999926,0.00263671875,3.2510288065843675,1.7355817665801556,0.0026367187500000193,-1,4261,0.9081863861496767,0.3462139023012741,0.051348989766109514,12.394358950868927,12.394358950868927,0.0,0.2727931097101266,0.8869068558765393,1.0,0.028365158369307534,-0.31784874393196655,0.0,1.0,-0.0,0.0,733.0,125.0,0,0,0.0,-0.0,-0.0,16875.0,1.0,0.0,8435.0,8440.0,-0.0,-0.0
4262,2019-07-18,18:15:39,154.78125,154.8125,154.71875,154.78125,287,44417.21875,154.76382839721254,0.0,0.0,154.65939838842138,154.56771863466616,0.09167975375521564,0.9999999999999928,0.00322265625,-2.231404958677679,0.5671631517317608,0.0032226562500000237,0,4262,0.7268794570093499,0.028365158369307534,0.056768444139328175,16.14977390083191,16.14977390083191,0.0,0.2727931097101266,1.2972597877436742,2.0,-0.16096963016409702,-0.18933478853340455,1.0,1.0,0.0,0.0,733.0,125.0,0,0,1.0,0.0,0.0,16875.0,1.0,1.0,8437.5,8437.5,-2.5,-0.0
4263,2019-07-18,18:18:51,154.78125,154.8125,154.75,154.8125,287,44424.21875,154.78821864111498,0.03125,0.00020187746106703486,154.6934209687722,154.57525036898414,0.11817059978804423,0.9999999999999883,0.0026367187499999993,-1.687242798353914,-0.5184205276797867,0.0026367187500000305,-1,4263,0.5840629391119971,-0.16096963016409702,0.05134898976610962,23.01322778233837,20.0,0.0,0.2727931097101266,1.7179727020810263,2.0,-0.22614045370301342,-0.0651708235389164,2.0,1.0,1.0,1.0,734.0,31.25,0,0,2.0,1.0,31.25,16906.25,0.0,1.0,8440.0,8466.25,28.75,28.75
4264,2019-07-18,18:21:24,154.8125,154.90625,154.8125,154.90625,286,44292.125,154.86756993006992,0.09375,0.0006053879712686339,154.74071630904504,154.5854349730154,0.15528133602964544,0.999999999999986,0.0017578124999999994,-2.407407407407393,0.1656346649999839,0.0017578125000000237,-1,4264,0.5288835234324218,-0.22614045370301342,0.04192627457812134,37.03675978658903,20.0,0.0,0.2727931097101266,1.7179727020810263,2.0,-0.2658161187919518,-0.03967566508893841,2.0,1.0,2.0,0.0,734.0,125.0,0,0,2.0,2.0,187.5,17093.75,0.0,0.0,8440.0,8653.75,187.5,187.5
4265,2019-07-18,18:23:00,154.90625,155.0,154.875,155.0,287,44471.0625,154.95143728222996,0.09375,0.0006050216983997103,154.79833490703504,154.59819081999956,0.2001440870354827,0.999999999999986,0.0017578124999999994,-2.407407407407393,0.1656346649999839,0.0017578125000000237,-1,4265,0.4937073508597589,-0.2658161187919518,0.04192627457812134,47.737150283303535,20.0,0.0,0.2727931097101266,1.7179727020810263,2.0,-0.2927040591496815,-0.02688794035772968,2.0,1.0,2.0,0.0,734.0,218.75,0,0,2.0,2.0,187.5,17281.25,0.0,0.0,8440.0,8841.25,187.5,187.5
4266,2019-07-18,18:25:15,155.0,155.0625,154.9375,155.03125,287,44487.59375,155.00903745644598,0.03125,0.0002015925820755271,154.8500938165828,154.61151571784572,0.23857809873709357,0.9999999999999939,0.003125,-2.324218750000005,-0.052407843222650706,0.0031250000000000193,-1,4266,0.4691646582686466,-0.2927040591496815,0.055901699437494914,42.67814773750371,20.0,0.0,0.2727931097101266,1.7179727020810263,2.0,-0.32142127258803777,-0.02871721343835626,2.0,1.0,2.0,0.0,734.0,250.0,0,0,2.0,2.0,62.5,17343.75,0.0,0.0,8440.0,8903.75,62.5,187.5
4267,2019-07-18,18:27:07,155.03125,155.0625,154.96875,155.03125,286,44332.78125,155.00972465034965,0.0,0.0,154.8903507462311,154.6244306188351,0.2659201273959866,0.9999999999999962,0.002734375,0.5357142857142883,1.0885117692152515,0.0027343750000000102,0,4267,0.44230592107825956,-0.32142127258803777,0.05229125165837982,50.853655049844676,20.0,0.0,0.2727931097101266,1.7179727020810263,2.0,-0.3075917696804442,0.01382950290759355,2.0,1.0,2.0,0.0,734.0,250.0,0,0,2.0,2.0,0.0,17343.75,0.0,0.0,8440.0,8903.75,0.0,62.5
4268,2019-07-18,18:31:38,155.03125,155.03125,154.9375,155.0,287,44483.625,154.99520905923345,-0.03125,-0.0002015925820755271,154.91471724706864,154.63598659979402,0.27873064727461383,1.000000000000001,0.00126953125,-0.1775147928994123,0.4047960089109363,0.0012695312499999985,0,4268,0.4553249008885654,-0.3075917696804442,0.03563048203434804,78.22814381402853,20.0,0.0,0.2727931097101266,1.7179727020810263,2.0,-0.3094732846718751,-0.0018815149914309104,2.0,1.0,2.0,0.0,734.0,218.75,0,0,2.0,2.0,-62.5,17281.25,0.0,0.0,8440.0,8841.25,-62.5,0.0
4269,2019-07-18,18:33:19,155.0,155.0625,154.96875,154.96875,286,44333.6875,155.01289335664336,-0.03125,-0.0002016332298397927,154.92672452549783,154.64622547364652,0.28049905185130797,1.0000000000000127,0.0004882812499999999,1.9999999999999691,-2.6168207644729593e-15,0.0004882812499999938,0,4269,0.4535629341653143,-0.3094732846718751,0.02209708691207947,126.9393802754932,20.0,0.0,0.2727931097101266,1.7179727020810263,2.0,-0.32389822446984884,-0.014424939797973713,2.0,1.0,2.0,0.0,734.0,187.5,0,0,2.0,2.0,-62.5,17218.75,0.0,0.0,8440.0,8778.75,-62.5,-62.5
4270,2019-07-18,18:36:58,155.0,155.0,154.90625,154.90625,287,44475.9375,154.96842334494772,-0.0625,-0.0004033884685599176,154.92217463094278,154.65422622830357,0.26794840263920605,1.0000000000000007,0.0022460937500000003,3.7240075614366694,1.7487916903105647,0.0022460937499999985,0,4270,0.4399573884570371,-0.32389822446984884,0.047392971525322174,56.5375822649231,20.0,0.0,0.2727931097101266,1.7179727020810263,2.0,-0.2983490282253377,0.02554919624451113,2.0,1.0,2.0,0.0,734.0,125.0,0,0,2.0,2.0,-125.0,17093.75,0.0,0.0,8440.0,8653.75,-125.0,-62.5
4271,2019-07-18,18:40:57,154.90625,154.9375,154.875,154.875,287,44457.625,154.90461672473867,-0.03125,-0.00020175527154098205,154.91169137962217,154.66101926743272,0.2506721121894486,0.9999999999999994,0.00224609375,1.4555765595463157,1.118079933149378,0.0022460937500000007,0,4271,0.4639382821301135,-0.2983490282253377,0.0473929715253222,52.892254720832135,20.0,0.0,0.2727931097101266,1.7179727020810263,2.0,-0.31282584530307944,-0.014476817077741733,2.0,1.0,2.0,0.0,734.0,93.75,0,0,2.0,2.0,-62.5,17031.25,0.0,0.0,8440.0,8591.25,-62.5,-62.5
4272,2019-07-18,18:44:46,154.875,154.9375,154.8125,154.9375,286,44296.75,154.88374125874125,0.0625,0.0004034698461028441,154.91742662859502,154.66952636689632,0.24790026169870316,0.9999999999999986,0.0021484375,0.8677685950413228,0.5516180692881075,0.002148437500000003,-1,4272,0.45041617056030914,-0.31282584530307944,0.04635124054434793,53.482983149397526,20.0,0.0,0.2727931097101266,1.7179727020810263,2.0,-0.37643073055699733,-0.06360488525391789,2.0,1.0,2.0,0.0,734.0,156.25,0,0,2.0,2.0,125.0,17156.25,0.0,0.0,8440.0,8716.25,125.0,125.0
4273,2019-07-18,18:52:50,154.9375,154.96875,154.90625,154.9375,287,44469.96875,154.9476263066202,0.0,0.0,154.92188737779614,154.67777170945337,0.2441156683427721,0.9999999999999926,0.0017578124999999998,-2.4074074074074083,0.1656346649999846,0.0017578125000000126,0,4273,0.3889186544551118,-0.37643073055699733,0.04192627457812121,58.224984403971185,20.0,0.0,0.2727931097101266,1.7179727020810263,2.0,-0.4795934924073038,-0.10316276185030648,2.0,1.0,2.0,0.0,734.0,156.25,0,0,2.0,2.0,0.0,17156.25,0.0,0.0,8440.0,8716.25,0.0,125.0
4274,2019-07-18,18:59:08,154.9375,154.9375,154.84375,154.9375,287,44453.09375,154.88882839721254,0.0,0.0,154.92535684939702,154.68576334916253,0.23959350023449133,0.9999999999999981,0.0041015625,0.9183673469387786,-1.0223715049937014,0.004101562500000008,0,4274,0.2813558755327971,-0.4795934924073038,0.06404344228724755,37.41109029709348,20.0,0.0,0.2727931097101266,1.7179727020810263,2.0,-0.5625925342993837,-0.0829990418920799,2.0,1.0,2.0,0.0,734.0,156.25,0,0,2.0,2.0,0.0,17156.25,0.0,0.0,8440.0,8716.25,0.0,0.0
4275,2019-07-18,19:00:36,154.9375,155.0,154.90625,155.0,286,44317.71875,154.95705856643357,0.0625,0.0004033071238378483,154.9419442161977,154.6954321691883,0.24651204700938933,0.9999999999999992,0.003125,2.3632812499999987,-0.8210562104882035,0.003125000000000003,-1,4275,0.18677644978152866,-0.5625925342993837,0.05590169943749477,44.09741555084945,20.0,0.0,0.2727931097101266,1.7179727020810263,2.0,-0.604382732352314,-0.04179019805293027,2.0,1.0,2.0,0.0,734.0,218.75,0,0,2.0,2.0,125.0,17281.25,0.0,0.0,8440.0,8841.25,125.0,125.0
4276,2019-07-18,19:04:28,155.0,155.0,154.90625,154.90625,287,44472.59375,154.95677264808361,-0.09375,-0.0006050216983997103,154.93401216815377,154.70191887167485,0.23209329647892218,0.999999999999998,0.005175781250000001,0.2741189035243856,-0.6064819993295688,0.00517578125000001,0,4276,0.13598468275121978,-0.604382732352314,0.07194290270763344,32.26076343098346,20.0,0.0,0.2727931097101266,1.7179727020810263,2.0,-0.6823268495259577,-0.07794411717364369,2.0,1.0,2.0,0.0,734.0,125.0,0,0,2.0,2.0,-187.5,17093.75,0.0,0.0,8440.0,8653.75,-187.5,125.0
4277,2019-07-18,19:10:25,154.90625,155.0,154.875,154.90625,287,44467.375,154.93858885017423,0.0,0.0,154.92784279745294,154.70820598331565,0.21963681413728864,0.9999999999999974,0.00634765625,0.5798816568047324,-1.2068685239272863,0.006347656250000017,0,4277,0.034450520084327516,-0.6823268495259577,0.07967217989988737,27.567566798507936,20.0,0.0,0.2727931097101266,1.7179727020810263,2.0,-0.7497170710944847,-0.06739022156852703,2.0,1.0,2.0,0.0,734.0,125.0,0,0,2.0,2.0,0.0,17093.75,0.0,0.0,8440.0,8653.75,0.0,0.0
4278,2019-07-18,19:13:36,154.90625,155.0,154.875,155.0,286,44313.4375,154.94208916083917,0.09375,0.0006050216983997103,154.9438777313523,154.71718426075213,0.22669347060016776,0.9999999999999978,0.00615234375,-0.6122448979591854,-0.5122408325718828,0.006152343750000013,-1,4278,-0.06219610155693363,-0.7497170710944847,0.07843687748756967,28.90138897180005,20.0,0.0,0.2727931097101266,1.7179727020810263,2.0,-0.8655152852638924,-0.11579821416940772,2.0,1.0,2.0,0.0,734.0,218.75,0,0,2.0,2.0,187.5,17281.25,0.0,0.0,8440.0,8841.25,187.5,187.5
4279,2019-07-18,19:16:21,155.0,155.09375,155.0,155.09375,287,44495.96875,155.03821864111498,0.09375,0.000604655868467141,154.97718267994068,154.72877089888286,0.24841178105782546,0.9999999999999897,0.00263671875,-3.3333333333333197,-0.6085806194501858,0.0026367187500000275,-1,4279,-0.2578343065138999,-0.8655152852638924,0.05134898976610959,48.37715059036617,20.0,0.0,0.2727931097101266,1.7179727020810263,2.0,-0.9291723318864319,-0.06365704662253946,2.0,1.0,2.0,0.0,734.0,312.5,0,0,2.0,2.0,187.5,17468.75,0.0,0.0,8440.0,9028.75,187.5,187.5
4280,2019-07-18,19:21:05,155.09375,155.125,155.0625,155.09375,286,44355.375,155.0887237762238,0.0,0.0,155.00308652884277,154.74000102507108,0.26308550377169126,0.9999999999999897,0.00263671875,-3.3333333333333197,-0.6085806194501858,0.0026367187500000275,0,4280,-0.39564427784762746,-0.9291723318864319,0.05134898976610959,51.23479643319645,20.0,0.0,0.2727931097101266,1.7179727020810263,2.0,-0.9735571050723872,-0.04438477318595535,2.0,1.0,2.0,0.0,734.0,312.5,0,0,2.0,2.0,0.0,17468.75,0.0,0.0,8440.0,9028.75,0.0,187.5
4281,2019-07-18,19:28:13,155.09375,155.1875,155.0625,155.1875,287,44523.875,155.13545296167248,0.09375,0.0006042904806715654,155.04406730021105,154.7537702242997,0.29029707591135434,0.99999999999999,0.0022460937500000003,-3.081285444234408,0.3153558785805946,0.002246093750000023,-1,4281,-0.5268746809763938,-0.9735571050723872,0.04739297152532243,61.25319146874898,20.0,0.0,0.2727931097101266,1.7179727020810263,2.0,-0.9877949277835151,-0.014237822711127834,2.0,1.0,2.0,0.0,734.0,406.25,0,0,2.0,2.0,187.5,17656.25,0.0,0.0,8440.0,9216.25,187.5,187.5
4282,2019-07-18,19:34:14,155.15625,155.21875,155.125,155.1875,286,44379.9375,155.17460664335664,0.0,0.0,155.0759412334975,154.76711575585972,0.30882547763778234,0.999999999999988,0.0014648437500000002,2.0000000000000058,1.3608276348795423,0.001464843750000018,0,4282,-0.5883375327076955,-0.9877949277835151,0.03827327723098739,80.68958291027829,20.0,0.0,0.2727931097101266,1.7179727020810263,2.0,-0.988414598435877,-0.0006196706523619033,2.0,1.0,2.0,0.0,734.0,406.25,0,0,2.0,2.0,0.0,17656.25,0.0,0.0,8440.0,9216.25,0.0,187.5
4283,2019-07-18,19:41:04,155.1875,155.25,155.15625,155.21875,286,44388.25,155.20367132867133,0.03125,0.00020134903923807457,155.10767651494254,154.781012194141,0.32666432080154095,0.9999999999999976,0.0046875,1.7447916666666667,-0.846307423922913,0.004687500000000011,-1,4283,-0.5915913648212382,-0.988414598435877,0.06846531968814584,47.71237792936209,20.0,0.0,0.2727931097101266,1.7179727020810263,2.0,-0.9043308301267551,0.0840837683091219,2.0,1.0,2.0,0.0,734.0,437.5,0,0,2.0,2.0,62.5,17718.75,0.0,0.0,8440.0,9278.75,62.5,62.5
4284,2019-07-18,19:47:50,155.21875,155.28125,155.21875,155.25,286,44400.75,155.24737762237763,0.03125,0.00020130850596444816,155.1393039560664,154.79544258816745,0.3438613678989668,0.9999999999999993,0.002734375,0.5357142857142883,-1.0885117692152515,0.0027343750000000016,-1,4284,-0.337642500546015,-0.9043308301267551,0.05229125165837974,65.75887112923269,20.0,0.0,0.2727931097101266,1.7179727020810263,2.0,-0.5321133759734612,0.3722174541532939,2.0,1.0,2.0,0.0,734.0,468.75,0,0,2.0,2.0,62.5,17781.25,0.0,0.0,8440.0,9341.25,62.5,62.5
4285,2019-07-18,19:50:25,155.25,155.28125,155.15625,155.15625,286,44388.78125,155.20552884615384,-0.09375,-0.0006040471340416076,155.1430697436072,154.80654435468537,0.33652538892184225,1.0000000000000016,0.00390625,-2.9999999999999996,4.625929269271487e-16,0.0039062499999999944,0,4285,0.22242732098209536,-0.5321133759734612,0.06249999999999995,53.8440622274948,20.0,0.0,0.2727931097101266,1.7179727020810263,2.0,-0.2597458800716234,0.2723674959018378,2.0,1.0,2.0,0.0,734.0,375.0,0,0,2.0,2.0,-187.5,17593.75,0.0,0.0,8440.0,9153.75,-187.5,62.5
4286,2019-07-18,19:51:48,155.15625,155.1875,155.09375,155.125,287,44520.9375,155.12521777003485,-0.03125,-0.00020143015477547266,155.13905424502784,154.81634298992586,0.3227112551019786,1.0000000000000027,0.003125,-2.324218750000005,0.052407843222650706,0.003124999999999992,0,4286,0.49916868541429643,-0.2597458800716234,0.05590169943749467,57.728344280984075,20.0,0.0,0.2727931097101266,1.7179727020810263,2.0,-0.32038605441802426,-0.060640174346400844,2.0,1.0,2.0,0.0,734.0,343.75,0,0,2.0,2.0,-62.5,17531.25,0.0,0.0,8440.0,9091.25,-62.5,-62.5
4287,2019-07-18,20:00:28,155.09375,155.125,154.96875,155.03125,286,44340.3125,155.03605769230768,-0.09375,-0.0006045340234486218,155.11509774613276,154.82295551331276,0.29214223281999807,1.0000000000000027,0.003125,-2.324218750000005,0.052407843222650706,0.003124999999999992,0,4287,0.44328595296010165,-0.32038605441802426,0.05590169943749467,52.259991334726934,20.0,0.0,0.2727931097101266,1.7179727020810263,2.0,-0.46888681785381764,-0.14850076343579338,2.0,1.0,2.0,0.0,734.0,250.0,0,0,2.0,2.0,-187.5,17343.75,0.0,0.0,8440.0,8903.75,-187.5,-62.5
4288,2019-07-18,20:06:30,155.03125,155.0625,155.0,155.03125,286,44339.5,155.03321678321677,0.0,0.0,155.09646491365882,154.82936457444163,0.267100339217194,1.000000000000001,0.0021484374999999997,0.8677685950413286,-0.5516180692881066,0.0021484374999999967,0,4288,0.293004855944978,-0.46888681785381764,0.04635124054434786,57.62528382851764,20.0,0.0,0.2727931097101266,1.7179727020810263,2.0,-0.7373328332159688,-0.2684460153621511,2.0,1.0,2.0,0.0,734.0,250.0,0,0,2.0,2.0,0.0,17343.75,0.0,0.0,8440.0,8903.75,0.0,0.0
4289,2019-07-18,20:23:00,155.03125,155.125,155.0,155.0625,287,44509.71875,155.0861280487805,0.03125,0.00020155195069726517,155.08891715506797,154.83653797215115,0.25237918291682604,0.999999999999999,0.00361328125,-0.021913805697588867,-0.5901286563843656,0.0036132812500000036,-1,4289,-0.04370145778445151,-0.7373328332159688,0.06011057519272298,41.985820649305516,20.0,0.0,0.2727931097101266,1.7179727020810263,2.0,-0.9418781402316332,-0.20454530701566442,2.0,1.0,2.0,0.0,734.0,281.25,0,0,2.0,2.0,62.5,17406.25,0.0,0.0,8440.0,8966.25,62.5,62.5
4290,2019-07-18,20:38:20,155.0625,155.125,155.0,155.03125,286,44350.0625,155.0701486013986,-0.03125,-0.00020155195069726517,155.07610223171955,154.8425291114696,0.23357312024995736,0.9999999999999948,0.0016601562499999997,-1.4878892733564004,0.5413870509510851,0.0016601562500000084,0,4290,-0.4284525645206054,-0.9418781402316332,0.04074501503251666,57.32556978161715,20.0,0.0,0.2727931097101266,1.7179727020810263,2.0,-0.9949375270508765,-0.05305938681924327,2.0,1.0,2.0,0.0,734.0,250.0,0,0,2.0,2.0,-62.5,17343.75,0.0,0.0,8440.0,8903.75,-62.5,62.5
4291,2019-07-18,20:58:59,155.03125,155.15625,155.0,155.09375,287,44513.21875,155.0983231707317,0.0625,0.00040306328639161393,155.08002395800412,154.85025898496284,0.2297649730412843,1.0000000000000007,0.01494140625,3.023196206587213,-1.630844943605738,0.014941406249999989,-1,4291,-0.632466122107711,-0.9949375270508765,0.12223504509754962,18.796980265186672,18.796980265186672,0.0,0.2727931097101266,1.5865191391985707,2.0,-0.9740374788586212,0.020900048192255216,2.0,1.0,2.0,0.0,734.0,312.5,0,0,2.0,2.0,125.0,17468.75,0.0,0.0,8440.0,9028.75,125.0,125.0
4292,2019-07-18,22:20:02,155.09375,155.1875,155.0625,155.0625,286,44368.125,155.1333041958042,-0.03125,-0.00020151133569434876,155.07612974511432,154.85678947773323,0.21934026738108514,1.0000000000000016,0.013964843749999999,0.3897501100298311,-0.6860722498744324,0.013964843749999976,0,4292,-0.8488281581338312,-0.9740374788586212,0.11817294000743138,18.56095544100805,18.56095544100805,0.0,0.2727931097101266,1.5607287858326726,2.0,-0.8638484666603303,0.11018901219829091,2.0,1.0,2.0,0.0,734.0,281.25,0,0,2.0,2.0,-62.5,17406.25,0.0,0.0,8440.0,8966.25,-62.5,125.0
4293,2019-07-18,22:24:52,155.0625,155.0625,154.6875,154.8125,287,44444.9375,154.86040940766551,-0.25,-0.0016135542024411365,155.01754535731115,154.85542672457223,0.1621186327389239,1.0000000000000009,0.0177734375,-0.7601738920420237,-0.7444246689078301,0.017773437499999982,0,4293,-0.967039387868963,-0.8638484666603303,0.13331705629813456,12.16038196765918,12.16038196765918,0.0,0.2727931097101266,0.8613402694063828,1.0,-0.6492158717582687,0.21463259490206166,-2.0,1.0,2.0,0.0,734.0,31.25,0,0,-2.0,2.0,-500.0,16906.25,-1.0,4.0,8450.0,8456.25,-510.0,-62.5
4294,2019-07-18,22:35:39,154.84375,154.84375,154.5625,154.6875,287,44393.9375,154.68270905923345,-0.125,-0.0008077544865692232,154.94420194457535,154.85025974843157,0.09394219614378585,1.0000000000000004,0.03193359375,-0.3369525573043788,0.2016135520849132,0.03193359374999999,0,4294,-0.99689333429448,-0.6492158717582687,0.17869973069369743,5.256985882357522,5.256985882357522,0.0,0.2727931097101266,0.10700849483868557,0.0,-0.23998760976460684,0.4092282619936618,-1.0,-1.0,-2.0,1.0,735.0,-125.0,0,0,-1.0,-2.0,250.0,17156.25,-1.0,1.0,8452.5,8703.75,247.5,247.5
4295,2019-07-18,23:00:05,154.6875,154.8125,154.59375,154.75,287,44409.28125,154.73617160278746,0.0625,0.00040395880169619147,154.90104595689195,154.8471748330952,0.053871123796739084,1.0000000000000004,0.03193359375,-0.3369525573043788,0.2016135520849132,0.03193359374999999,-1,4295,-0.8561391242737515,-0.23998760976460684,0.17869973069369743,3.014616954799869,3.014616954799869,0.0,0.2727931097101266,-0.13801440569594525,0.0,0.06001454333746037,0.30000215310206724,-0.0,-1.0,-1.0,0.0,735.0,-62.5,0,0,-0.0,-1.0,-62.5,17093.75,0.0,1.0,8455.0,8638.75,-65.0,247.5
4296,2019-07-18,23:22:33,154.75,154.96875,154.75,154.96875,287,44452.75,154.8876306620209,0.21875,0.0014125721247015832,154.91609129980486,154.85091560746153,0.0651756923433311,0.9999999999999998,0.01689453125,0.9479100537939781,0.9227815966994368,0.016894531250000004,-1,4296,-0.6633955326267355,0.06001454333746037,0.1299789646442839,5.014326165906825,5.014326165906825,0.0,0.2727931097101266,0.08049314901982396,0.0,0.3520979771910003,0.2920834338535399,-0.0,-1.0,-0.0,0.0,735.0,156.25,0,0,-0.0,-0.0,-0.0,17093.75,0.0,0.0,8455.0,8638.75,-0.0,-0.0
4297,2019-07-18,23:51:44,154.96875,155.0625,154.9375,154.9375,286,44332.875,155.01005244755245,-0.03125,-0.00020167389399805558,154.92084878873715,154.8535797426166,0.06726904612054341,1.0000000000000002,0.025390625,0.9127218934911229,0.018857320686363845,0.025390624999999997,0,4297,-0.412855021594282,0.3520979771910003,0.15934435979977452,4.221614508669832,4.221614508669832,0.0,0.2727931097101266,-0.006126187859489929,0.0,0.5878875875242462,0.2357896103332459,-0.0,-1.0,-0.0,0.0,735.0,125.0,0,0,-0.0,-0.0,0.0,17093.75,0.0,0.0,8455.0,8638.75,0.0,0.0
4298,2019-07-19,00:09:52,154.9375,155.0,154.90625,154.90625,287,44471.5,154.95296167247386,-0.03125,-0.00020171457456186204,154.91760461346223,154.85520036592072,0.062404247541508084,0.9999999999999997,0.038281249999999996,-1.6241930445647637,-0.10715850548149478,0.03828125000000001,0,4298,-0.15630952208658724,0.5878875875242462,0.19565594803123162,3.1894889048579698,3.1894889048579698,0.0,0.2727931097101266,-0.11890620637209381,0.0,0.6337935162262764,0.04590592870203025,-0.0,-1.0,-0.0,0.0,735.0,93.75,0,0,-0.0,-0.0,0.0,17093.75,0.0,0.0,8455.0,8638.75,0.0,0.0
4299,2019-07-19,00:17:17,154.90625,154.90625,154.6875,154.6875,287,44429.4375,154.8064024390244,-0.21875,-0.001413142457837857,154.8664702549151,154.85004035466164,0.016429900253456253,1.0000000000000002,0.028124999999999997,2.3632812500000013,0.8210562104882042,0.02812499999999999,0,4299,-0.09878901499804216,0.6337935162262764,0.1677050983124842,0.9796899688071791,0.9796899688071791,0.0,0.2727931097101266,-0.3603701948600385,-0.0,0.681602352637629,0.047808836411352584,-0.0,-1.0,-0.0,0.0,735.0,-125.0,0,0,-0.0,-0.0,0.0,17093.75,-0.0,0.0,8455.0,8638.75,0.0,0.0
4300,2019-07-19,00:30:38,154.6875,154.9375,154.65625,154.9375,287,44427.53125,154.79976045296166,0.25,0.0016148570323997191,154.88225464271176,154.8527314206721,0.029523222039671282,1.0000000000000002,0.029003906250000003,1.0743801652892557,0.26690030669729936,0.029003906249999996,-1,4300,-0.035440497015121926,0.681602352637629,0.1703053324179839,1.7335465437577624,1.7335465437577624,0.0,0.2727931097101266,-0.2779965397886228,-0.0,0.7308320372709665,0.049229684633337434,0.0,-1.0,-0.0,0.0,735.0,125.0,0,0,0.0,-0.0,-0.0,17093.75,0.0,0.0,8455.0,8638.75,-0.0,-0.0
4301,2019-07-19,00:48:56,154.9375,154.9375,154.875,154.90625,287,44457.59375,154.90450783972125,-0.03125,-0.00020171457456186204,154.88758694433136,154.85437814618987,0.03320879814148725,1.0,0.02861328125,1.2390359817819647,0.09205585695804284,0.028613281249999997,0,4301,0.03413536014857352,0.7308320372709665,0.16915460753405448,1.9632216127959508,1.9632216127959508,0.0,0.2727931097101266,-0.2529000220369597,0.0,0.7889674821730379,0.058135444902071454,0.0,-1.0,0.0,0.0,735.0,93.75,0,0,0.0,0.0,-0.0,17093.75,0.0,0.0,8455.0,8638.75,-0.0,-0.0
4302,2019-07-19,01:14:44,154.90625,154.96875,154.90625,154.96875,286,44315.09375,154.94788024475525,0.0625,0.0004033884685599176,154.9056231789244,154.85789728015328,0.047725898771119546,0.9999999999999987,0.01220703125,3.151999999999999,1.6970562748477138,0.012207031250000017,-1,4302,0.12341313456752527,0.7889674821730379,0.11048543456039812,4.319655252388009,4.319655252388009,0.0,0.2727931097101266,0.004586691319836189,0.0,0.7709445183602632,-0.018022963812774684,0.0,-1.0,0.0,0.0,735.0,156.25,0,0,0.0,0.0,0.0,17093.75,0.0,0.0,8455.0,8638.75,0.0,0.0
4303,2019-07-19,01:39:20,154.96875,155.03125,154.96875,154.96875,287,44479.25,154.97996515679444,0.0,0.0,154.91965136138566,154.86130813307167,0.05834322831398708,0.9999999999999968,0.00126953125,-0.1775147928994123,-0.4047960089109363,0.0012695312500000042,0,4303,0.09478215609164606,0.7709445183602632,0.03563048203434812,16.37452680481383,16.37452680481383,0.0,0.2727931097101266,1.3218184621707283,2.0,0.8312498054799453,0.06030528711968208,-0.0,-1.0,0.0,0.0,735.0,156.25,0,0,-0.0,0.0,0.0,17093.75,2.0,0.0,8455.0,8638.75,0.0,0.0
4304,2019-07-19,02:41:07,154.96875,155.0,154.9375,155.0,286,44323.125,154.97596153846155,0.03125,0.0002016332298397927,154.9375066144111,154.865575575131,0.07193103928008782,1.0000000000000007,0.00751953125,3.7729802664867598,-1.8814382337850106,0.007519531249999995,-1,4304,0.19470238188994615,0.8312498054799453,0.08671523078444753,8.295087106311286,8.295087106311286,0.0,0.2727931097101266,0.43898079648030475,1.0,0.9389150703914408,0.10766526491149553,-2.0,-1.0,-0.0,0.0,735.0,187.5,0,0,-2.0,-0.0,-0.0,17093.75,-1.0,2.0,8460.0,8633.75,-5.0,0.0
4305,2019-07-19,03:15:18,155.0,155.09375,154.96875,155.03125,287,44495.4375,155.0363675958188,0.03125,0.0002015925820755271,154.95833847787532,154.87067324974237,0.08766522813294841,1.0000000000000018,0.006054687499999999,2.814776274713843,-1.6712144101358455,0.006054687499999988,-1,4305,0.420563166394318,0.9389150703914408,0.0778118724874295,11.266304913445017,11.266304913445017,0.0,0.2727931097101266,0.7636447696013534,1.0,0.9987625100393196,0.05984743964787875,-1.0,-1.0,-2.0,1.0,736.0,31.25,0,0,-1.0,-2.0,-62.5,17031.25,0.0,1.0,8462.5,8568.75,-65.0,-5.0
4306,2019-07-19,05:02:27,155.0,155.0,154.875,154.875,286,44315.15625,154.9480987762238,-0.15625,-0.0010083695520162195,154.93981881612527,154.87080638051955,0.06901243560571402,1.000000000000001,0.006640624999999999,2.6643598615916986,-1.71439232801177,0.00664062499999999,0,4306,0.6710646529198567,0.9987625100393196,0.08149003006503305,8.468819504746618,8.468819504746618,0.0,0.2727931097101266,0.4579644773805873,1.0,0.9802356691468869,-0.018526840892432728,1.0,-1.0,-1.0,0.0,736.0,-125.0,0,0,1.0,-1.0,156.25,17187.5,0.0,2.0,8467.5,8720.0,151.25,151.25
4307,2019-07-19,06:01:17,154.875,154.90625,154.78125,154.84375,287,44439.5,154.84146341463415,-0.03125,-0.0002017959849442974,154.91847019031968,154.8699738765036,0.04849631381608788,1.0000000000000029,0.006640625000000001,-1.4878892733564015,-0.5413870509510849,0.006640624999999982,0,4307,0.8330205895709643,0.9802356691468869,0.081490030065033,5.951195965615115,5.951195965615115,0.0,0.2727931097101266,0.18286459777061032,0.0,0.9440722991995765,-0.0361633699473104,1.0,-1.0,1.0,1.0,737.0,-31.25,0,0,1.0,1.0,-31.25,17156.25,-1.0,0.0,8467.5,8688.75,-31.25,151.25
4308,2019-07-19,06:13:13,154.84375,154.875,154.8125,154.875,287,44443.90625,154.85681620209058,0.03125,0.0002017959849442974,154.90881014802645,154.87012852645734,0.03868162156911126,1.0000000000000047,0.005078125,-0.1775147928994064,-0.4047960089109363,0.005078124999999977,-1,4308,0.9007202706840445,0.9440722991995765,0.07126096406869596,5.428164223518217,5.428164223518217,0.0,0.2727931097101266,0.1257130947573007,0.0,0.8967986082326876,-0.047273690966888826,0.0,-1.0,1.0,0.0,737.0,0.0,0,0,0.0,1.0,31.25,17187.5,0.0,1.0,8470.0,8717.5,28.75,28.75
4309,2019-07-19,06:35:43,154.875,154.875,154.78125,154.78125,287,44437.59375,154.83482142857142,-0.09375,-0.0006055101607946867,154.88046344846504,154.86739380256637,0.013069645898667659,1.000000000000001,0.005078125,-0.17751479289940994,0.4047960089109366,0.005078124999999995,0,4309,0.946983984453311,0.8967986082326876,0.07126096406869609,1.8340540391887523,1.8340540391887523,0.0,0.2727931097101266,-0.2670141194770843,0.0,0.7160862839818272,-0.18071232425086048,-0.0,-1.0,0.0,0.0,737.0,-93.75,0,0,-0.0,0.0,-0.0,17187.5,0.0,0.0,8470.0,8717.5,-0.0,28.75
4310,2019-07-19,06:57:11,154.78125,154.8125,154.6875,154.75,287,44413.0625,154.74934668989548,-0.03125,-0.0002019182238059969,154.85147157102838,154.86378168556433,-0.012310114535949879,0.9999999999999993,0.008007812500000001,-1.5437239738251047,-0.30662793472810773,0.008007812500000006,0,4310,0.9999183246690001,0.7160862839818272,0.08948638164547724,-1.3756411098081367,0.0,-1.3756411098081367,0.11407506063946926,-0.4674205891246751,-0.0,0.4992744638269213,-0.21681182015490585,0.0,1.0,-0.0,0.0,737.0,-125.0,0,0,0.0,-0.0,0.0,17187.5,-0.0,0.0,8470.0,8717.5,0.0,0.0
4311,2019-07-19,07:10:37,154.75,154.84375,154.71875,154.84375,287,44425.8125,154.79377177700349,0.09375,0.0006056323996563862,154.84975566635543,154.86316532600853,-0.013409659653092376,1.0,0.00947265625,-2.681475183335104,0.4369344921493172,0.00947265625,-1,4311,0.9657087072445214,0.4992744638269213,0.09732757188998398,-1.3777863140621893,0.0,-1.3777863140621893,0.11382755230925601,-0.4674205891246751,-0.0,-0.8543570851170503,-1.3536315489439716,-0.0,1.0,0.0,0.0,737.0,-31.25,0,0,-0.0,0.0,0.0,17187.5,0.0,0.0,8470.0,8717.5,0.0,0.0
4312,2019-07-19,07:20:20,154.84375,155.0,154.84375,154.96875,287,44470.1875,154.94838850174216,0.125,0.0008069397250451971,154.87619885160981,154.86641408520828,0.009784766401537581,1.0,0.00947265625,-2.681475183335104,0.4369344921493172,0.00947265625,-1,4312,-0.23664789950480944,-0.8543570851170503,0.09732757188998398,1.005343728558026,1.005343728558026,0.0,0.2727931097101266,-0.3575670171373533,-0.0,-0.8101399396146578,0.04421714550239253,-0.0,1.0,-0.0,0.0,737.0,93.75,0,0,-0.0,-0.0,-0.0,17187.5,0.0,0.0,8470.0,8717.5,-0.0,-0.0
4313,2019-07-19,07:30:22,154.96875,154.96875,154.875,154.90625,286,44312.40625,154.9384833916084,-0.0625,-0.0004033884685599176,154.88287688458541,154.86763980566343,0.015237078921984448,1.0,0.00947265625,-2.681475183335104,0.4369344921493172,0.00947265625,0,4313,-0.9873872762629124,-0.8101399396146578,0.09732757188998398,1.5655459831267506,1.5655459831267506,0.0,0.2727931097101266,-0.29635390469471334,-0.0,-0.5766227946244913,0.23351714499016651,0.0,1.0,-0.0,0.0,737.0,31.25,0,0,0.0,-0.0,0.0,17187.5,0.0,0.0,8470.0,8717.5,0.0,0.0
4314,2019-07-19,07:46:02,154.90625,154.9375,154.8125,154.8125,287,44451.46875,154.88316637630663,-0.09375,-0.0006053879712686339,154.86723757689978,154.8659431962584,0.0012943806413829861,1.0000000000000007,0.00751953125,0.12987012987013222,0.9266785330582891,0.007519531249999995,0,4314,-0.9854475512162477,-0.5766227946244913,0.08671523078444753,0.14926796938365927,0.14926796938365927,0.0,0.2727931097101266,-0.45111012818052776,-0.0,-0.0759044270977492,0.5007183675267421,0.0,-1.0,0.0,0.0,737.0,-62.5,0,0,0.0,0.0,-0.0,17187.5,0.0,0.0,8470.0,8717.5,-0.0,-0.0
4315,2019-07-19,08:05:51,154.8125,154.8125,154.71875,154.78125,287,44417.9375,154.76633275261324,-0.03125,-0.00020187746106703486,154.84812922647762,154.86333725175817,-0.015208025280543325,1.000000000000004,0.003125,-2.3242187499999987,-0.052407843222650706,0.003124999999999988,0,4315,-0.7587393822895208,-0.0759044270977492,0.05590169943749464,-2.72049426646642,0.0,-2.72049426646642,-0.0410907509878734,-0.4674205891246751,-1.0,0.3558416801361236,0.4317461072338728,0.0,-1.0,0.0,0.0,737.0,-93.75,0,0,0.0,0.0,-0.0,17187.5,-1.0,0.0,8470.0,8717.5,-0.0,-0.0
4316,2019-07-19,08:38:20,154.78125,154.84375,154.75,154.8125,287,44427.125,154.7983449477352,0.03125,0.00020187746106703486,154.84021162059372,154.86177302862714,-0.021561408033420548,1.0000000000000009,0.00390625,-0.1875000000000012,-0.9375000000000003,0.003906249999999997,-1,4316,-0.40920592765524094,0.3558416801361236,0.06249999999999997,-3.4498252853472895,0.0,-3.4498252853472895,-0.12523914959136623,-0.4674205891246751,-1.0,0.5324523368258652,0.17661065668974163,1.0,-1.0,0.0,0.0,737.0,-62.5,0,0,1.0,0.0,0.0,17187.5,0.0,1.0,8472.5,8715.0,-2.5,-0.0
4317,2019-07-19,09:06:18,154.8125,154.90625,154.78125,154.84375,287,44434.46875,154.82393292682926,0.03125,0.0002018367147833544,154.84099792712846,154.86121847390018,-0.020220546771724912,1.0000000000000002,0.00263671875,-1.6872427983539093,-0.5184205276797869,0.0026367187499999993,-1,4317,-0.2220369385389214,0.5324523368258652,0.05134898976610932,-3.9378665215864888,0.0,-3.9378665215864888,-0.18154813332966202,-0.4674205891246751,-1.0,0.9248901455759911,0.3924378087501259,1.0,-1.0,1.0,1.0,738.0,31.25,0,0,1.0,1.0,31.25,17218.75,0.0,0.0,8472.5,8746.25,31.25,31.25
4318,2019-07-19,09:19:58,154.84375,154.9375,154.84375,154.90625,287,44455.59375,154.89753919860627,0.0625,0.00040355125648527945,154.85549838776657,154.86260405931864,-0.007105671552068316,0.9999999999999976,0.0026367187499999997,3.2510288065843675,-1.7355817665801567,0.002636718750000006,-1,4318,0.3851297528163937,0.9248901455759911,0.05134898976610938,-1.3837996783255313,0.0,-1.3837996783255313,0.11313374529998299,-0.4674205891246751,-0.0,0.9905088971384689,0.06561875156247776,1.0,-1.0,1.0,0.0,738.0,93.75,0,0,1.0,1.0,62.5,17281.25,1.0,0.0,8472.5,8808.75,62.5,62.5
4319,2019-07-19,09:35:04,154.90625,154.9375,154.84375,154.84375,286,44293.75,154.87325174825176,-0.0625,-0.00040355125648527945,154.85288763492957,154.86202393441656,-0.00913629948698258,0.9999999999999994,0.00322265625,-2.2314049586776847,-0.5671631517317617,0.0032226562500000016,0,4319,0.7975864132450008,0.9905088971384689,0.05676844413932798,-1.6093975492016601,0.0,-1.6093975492016601,0.08710482417756382,-0.4674205891246751,-0.0,0.9132930677158588,-0.07721582942261007,-0.0,-1.0,1.0,0.0,738.0,31.25,0,0,-0.0,1.0,-62.5,17218.75,0.0,1.0,8475.0,8743.75,-65.0,62.5
4320,2019-07-19,09:54:32,154.84375,154.90625,154.8125,154.90625,287,44446.5,154.8658536585366,0.0625,0.00040355125648527945,154.86474593827856,154.8633847364345,0.0013612018440483098,1.000000000000001,0.00341796875,-2.897959183673469,0.38180177416060623,0.003417968749999997,-1,4320,0.9338024682424754,0.9132930677158588,0.058463396668342806,0.23282975701365355,0.23282975701365355,0.0,0.2727931097101266,-0.44197935967614044,-0.0,0.7617267392424546,-0.15156632847340423,0.0,-1.0,-0.0,0.0,738.0,93.75,0,0,0.0,-0.0,-0.0,17218.75,0.0,0.0,8475.0,8743.75,-0.0,-0.0
4321,2019-07-19,10:16:12,154.90625,154.90625,154.84375,154.875,287,44453.6875,154.89089721254356,-0.03125,-0.00020175527154098205,154.86702461866113,154.86374212915965,0.003282489501486907,1.0000000000000044,0.0022460937500000003,3.7240075614366694,1.7487916903105647,0.0022460937499999903,0,4321,0.9967555156259624,0.7617267392424546,0.04739297152532209,0.6926110340502856,0.6926110340502856,0.0,0.2727931097101266,-0.39173921376324816,-0.0,0.19003219195751167,-0.571694547284943,-0.0,1.0,0.0,0.0,738.0,62.5,0,0,-0.0,0.0,-0.0,17218.75,0.0,0.0,8475.0,8743.75,-0.0,-0.0
4322,2019-07-19,10:39:59,154.875,154.90625,154.8125,154.84375,287,44444.90625,154.8603005226481,-0.03125,-0.0002017959849442974,154.86185248118088,154.86312698672398,-0.001274505543108262,1.0000000000000044,0.0022460937500000003,3.7240075614366694,1.7487916903105647,0.0022460937499999903,0,4322,0.8285948338697866,0.19003219195751167,0.04739297152532209,-0.2689229018752903,0.0,-0.2689229018752903,0.24176545429059715,-0.4674205891246751,-0.0,-0.5984143855582167,-0.7884465775157283,-0.0,1.0,-0.0,0.0,738.0,31.25,0,0,-0.0,-0.0,0.0,17218.75,0.0,0.0,8475.0,8743.75,0.0,0.0
4323,2019-07-19,11:11:40,154.84375,154.90625,154.8125,154.8125,287,44446.25,154.86498257839722,-0.03125,-0.0002018367147833544,154.8508852631407,154.86156923328633,-0.010683970145635158,1.0000000000000102,0.001171875,2.9166666666666714,1.2932338163316428,0.001171874999999988,0,4323,0.14338172045686481,-0.5984143855582167,0.034232659844072706,-3.120987441320619,0.0,-3.120987441320619,-0.08729865719666485,-0.4674205891246751,-1.0,-0.9546896935367429,-0.35627530797852625,-0.0,1.0,-0.0,0.0,738.0,0.0,0,0,-0.0,-0.0,0.0,17218.75,-1.0,0.0,8475.0,8743.75,0.0,0.0
4324,2019-07-19,11:33:28,154.8125,154.8125,154.75,154.75,287,44424.1875,154.78810975609755,-0.0625,-0.00040379568487303175,154.8284663157761,154.85813633380062,-0.029670018024518185,1.0000000000000078,0.00126953125,-0.1775147928994123,0.4047960089109363,0.0012695312499999903,0,4324,-0.8855047072438565,-0.9546896935367429,0.035630482034347925,-8.32714471724412,0.0,-8.32714471724412,-0.6879721323480678,-0.4674205891246751,-1.0,-0.6655731473101223,0.28911654622662064,-1.0,1.0,-0.0,0.0,738.0,-62.5,0,0,-1.0,-0.0,0.0,17218.75,0.0,1.0,8477.5,8741.25,-2.5,0.0
4325,2019-07-19,11:49:48,154.75,154.78125,154.75,154.78125,286,44263.59375,154.7678103146853,0.03125,0.0002019182238059969,154.8179738011592,154.85577060045293,-0.03779679929371582,1.0000000000000029,0.0016601562499999997,-1.4878892733564004,-0.5413870509510851,0.001660156249999995,-1,4325,-0.9983681452580581,-0.6655731473101223,0.04074501503251649,-9.276422959606752,0.0,-9.276422959606752,-0.7974974944347194,-0.4674205891246751,-1.0,-0.33057877690635246,0.33499437040376984,1.0,1.0,-1.0,1.0,739.0,31.25,0,0,1.0,-1.0,-31.25,17187.5,0.0,2.0,8482.5,8705.0,-36.25,-2.5
4326,2019-07-19,12:02:06,154.78125,154.84375,154.75,154.78125,287,44424.53125,154.7893074912892,0.0,0.0,154.80981295645717,154.85347765890054,-0.04366470244337961,1.0000000000000002,0.0016601562499999997,2.6643598615916986,-1.7143923280117699,0.0016601562499999995,0,4326,-0.9011066029249067,-0.33057877690635246,0.04074501503251655,-10.716575367203326,0.0,-10.716575367203326,-0.9636586965596099,-0.4674205891246751,-1.0,-0.08221409178524917,0.24836468512110327,1.0,-1.0,1.0,1.0,740.0,0.0,0,0,1.0,1.0,0.0,17187.5,0.0,0.0,8482.5,8705.0,0.0,0.0
4327,2019-07-19,12:11:09,154.78125,154.8125,154.75,154.8125,287,44422.25,154.78135888501743,0.03125,0.00020187746106703486,154.81041007724448,154.85221680785745,-0.041806730612961474,0.9999999999999863,0.00029296875,-3.333333333333344,-0.6085806194501838,0.00029296875000000395,-1,4327,-0.7628471483286732,-0.08221409178524917,0.017116329922036558,-24.425055373077996,0.0,-20.0,-2.034757136339064,-0.4674205891246751,-3.0,0.13729864598631752,0.2195127377715667,1.0,-1.0,1.0,0.0,740.0,31.25,0,0,1.0,1.0,31.25,17218.75,-2.0,0.0,8482.5,8736.25,31.25,31.25
4328,2019-07-19,12:14:00,154.8125,154.875,154.8125,154.84375,287,44437.5625,154.83471254355402,0.03125,0.0002018367147833544,154.81781894896795,154.8519562906926,-0.034137341724658654,1.0000000000000018,0.00419921875,3.877771768523528,-1.9177563393288488,0.004199218749999993,-1,4328,-0.6033254625088162,0.13729864598631752,0.06480137922914907,-5.2679961647024545,0.0,-5.2679961647024545,-0.33501518259214047,-0.4674205891246751,-1.0,0.4270667526665055,0.289768106680188,3.0,-1.0,1.0,0.0,740.0,62.5,0,0,3.0,1.0,31.25,17250.0,2.0,2.0,8487.5,8762.5,26.25,31.25
4329,2019-07-19,12:19:24,154.84375,154.84375,154.78125,154.84375,287,44428.875,154.8044425087108,0.0,0.0,154.82358140475287,154.85170378944056,-0.028122384687691238,1.0000000000000018,0.00419921875,3.877771768523528,-1.9177563393288488,0.004199218749999993,0,4329,-0.3373983673788167,0.4270667526665055,0.06480137922914907,-4.33978181054535,0.0,-4.33978181054535,-0.22792011952605962,-0.4674205891246751,-1.0,0.6684229163243951,0.2413561636578896,1.0,-1.0,3.0,0.0,740.0,62.5,0,0,1.0,3.0,0.0,17250.0,0.0,2.0,8492.5,8757.5,-5.0,26.25
4330,2019-07-19,12:22:07,154.84375,154.84375,154.71875,154.71875,287,44418.84375,154.76949041811847,-0.125,-0.0008075914026655084,154.80028553703002,154.84761290361163,-0.047327366581612296,1.0000000000000018,0.00419921875,3.877771768523528,-1.9177563393288488,0.004199218749999993,0,4330,-0.05328651096325011,0.6684229163243951,0.06480137922914907,-7.303450504387323,0.0,-7.303450504387323,-0.5698608407102259,-0.4674205891246751,-1.0,0.8304897220504598,0.1620668057260647,1.0,-1.0,1.0,0.0,740.0,-62.5,0,0,1.0,1.0,-125.0,17125.0,0.0,0.0,8492.5,8632.5,-125.0,-5.0
4331,2019-07-19,12:24:10,154.71875,154.75,154.65625,154.71875,287,44399.625,154.7025261324042,0.0,0.0,154.78216652880113,154.84364789119283,-0.06148136239170299,1.0000000000000004,0.00634765625,1.9999999999999976,-0.9051513929454648,0.006347656249999997,0,4331,0.19336243069789016,0.8304897220504598,0.07967217989988724,-7.716791792186171,0.0,-7.716791792186171,-0.6175511302283521,-0.4674205891246751,-1.0,0.9668395807061084,0.13634985865564864,1.0,-1.0,1.0,0.0,740.0,-62.5,0,0,1.0,1.0,0.0,17125.0,0.0,0.0,8492.5,8632.5,0.0,0.0
4332,2019-07-19,12:29:21,154.71875,154.8125,154.6875,154.75,287,44414.71875,154.7551175958188,0.03125,0.00020195900300912228,154.77501841128978,154.8407664176177,-0.06574800632790812,1.0,0.00654296875,2.3991980396524824,-1.2281952102833766,0.006542968749999999,-1,4332,0.50307473652565,0.9668395807061084,0.0808886194096549,-8.128214674419379,0.0,-8.128214674419379,-0.6650200788847274,-0.4674205891246751,-1.0,0.994499797590383,0.027660216884274558,1.0,-1.0,1.0,0.0,740.0,-31.25,0,0,1.0,1.0,31.25,17156.25,0.0,0.0,8492.5,8663.75,31.25,31.25
4333,2019-07-19,12:31:22,154.75,154.84375,154.6875,154.84375,287,44416.40625,154.76099738675958,0.09375,0.0006056323996563862,154.79029209766983,154.84085822015254,-0.05056612248270653,0.9999999999999942,0.0014648437500000002,2.0000000000000058,1.3608276348795423,0.0014648437500000087,-1,4333,0.6291562498287349,0.994499797590383,0.03827327723098727,-13.211861157728762,0.0,-13.211861157728762,-1.2515585635541109,-0.4674205891246751,-2.0,0.991593982211102,-0.0029058153792810293,-1.0,-1.0,1.0,0.0,740.0,62.5,0,0,-1.0,1.0,93.75,17250.0,-1.0,2.0,8497.5,8752.5,88.75,88.75
4334,2019-07-19,12:34:24,154.84375,154.9375,154.8125,154.875,287,44449.34375,154.87576219512195,0.03125,0.0002017959849442974,154.80911607596542,154.84190873645554,-0.03279266049011653,0.9999999999999997,0.0046875,1.7447916666666667,-0.846307423922913,0.0046875000000000016,-1,4334,0.7926542888327286,0.991593982211102,0.06846531968814577,-4.7896746322787305,0.0,-4.7896746322787305,-0.2798276341003909,-0.4674205891246751,-1.0,0.8819655131826605,-0.10962846902844148,-2.0,-1.0,-1.0,1.0,741.0,31.25,0,0,-2.0,-1.0,-31.25,17218.75,1.0,1.0,8500.0,8718.75,-33.75,88.75
4335,2019-07-19,12:38:37,154.875,154.9375,154.84375,154.875,287,44454.3125,154.893074912892,0.0,0.0,154.82375694797312,154.84292692918,-0.019169981206886177,1.0000000000000007,0.0048828125,0.1999999999999993,0.0,0.004882812499999997,0,4335,0.9569130808249813,0.8819655131826605,0.0698771242968684,-2.7433843907834223,0.0,-2.7433843907834223,-0.04373175658786316,-0.4674205891246751,-1.0,0.6412422891898915,-0.24072322399276902,1.0,-1.0,-2.0,0.0,741.0,31.25,0,0,1.0,-2.0,-0.0,17218.75,0.0,3.0,8507.5,8711.25,-7.5,-7.5
4336,2019-07-19,12:43:24,154.875,154.90625,154.78125,154.78125,287,44440.15625,154.84375,-0.09375,-0.0006055101607946867,154.81431095953465,154.84102917751295,-0.026718217978299208,1.0000000000000013,0.00361328125,-0.021913805697588867,-0.5901286563843656,0.003613281249999995,0,4336,0.9960170062171049,0.6412422891898915,0.06011057519272291,-4.444844836808975,0.0,-4.444844836808975,-0.24004203013132464,-0.4674205891246751,-1.0,0.39507396562124375,-0.2461683235686477,-1.0,1.0,1.0,1.0,742.0,-93.75,0,0,-1.0,1.0,-93.75,17125.0,0.0,2.0,8512.5,8612.5,-98.75,-7.5
4337,2019-07-19,12:48:35,154.78125,154.78125,154.6875,154.75,287,44415.5625,154.7580574912892,-0.03125,-0.0002019182238059969,154.80001963519362,154.83822827974333,-0.03820864454971229,1.000000000000003,0.0032226562500000003,1.0743801652892546,0.2669003066972995,0.0032226562499999903,0,4337,0.92894263945949,0.39507396562124375,0.056768444139327884,-6.7306133062121765,0.0,-6.7306133062121765,-0.5037683098304666,-0.4674205891246751,-1.0,-0.17961425089155428,-0.574688216512798,-1.0,1.0,-1.0,1.0,743.0,-31.25,0,0,-1.0,-1.0,31.25,17156.25,0.0,0.0,8512.5,8643.75,31.25,31.25
4338,2019-07-19,12:56:57,154.75,154.8125,154.75,154.8125,287,44419.90625,154.7731925087108,0.0625,0.00040379568487303175,154.80279304959504,154.83743664036663,-0.03464359077159429,1.000000000000001,0.004589843749999999,-1.8243549117247622,-0.0686991325127893,0.004589843749999995,-1,4338,0.5686007335138764,-0.17961425089155428,0.06774838558962121,-5.113566983196357,0.0,-5.113566983196357,-0.31719752780306193,-0.4674205891246751,-1.0,-0.5566292122516968,-0.37701496136014256,-1.0,1.0,-1.0,0.0,743.0,31.25,0,0,-1.0,-1.0,-62.5,17093.75,0.0,0.0,8512.5,8581.25,-62.5,31.25
4339,2019-07-19,13:05:03,154.8125,154.8125,154.71875,154.78125,287,44421.53125,154.77885452961672,-0.03125,-0.00020187746106703486,154.7980057052406,154.83570782066306,-0.03770211542246216,1.0000000000000007,0.00341796875,-2.897959183673469,0.38180177416060623,0.0034179687499999974,0,4339,0.19384048050488056,-0.5566292122516968,0.05846339666834281,-6.448841081940997,0.0,-6.448841081940997,-0.4712581315581272,-0.4674205891246751,-1.0,-0.6564613844774247,-0.09983217222572793,-1.0,1.0,-1.0,0.0,743.0,0.0,0,0,-1.0,-1.0,31.25,17125.0,0.0,0.0,8512.5,8612.5,31.25,31.25
4340,2019-07-19,13:14:34,154.78125,154.84375,154.78125,154.84375,286,44276.28125,154.8121722027972,0.0625,0.00040371417585038927,154.80817110407605,154.83595527233499,-0.027784168258932596,1.0000000000000013,0.00849609375,-0.7966706302021388,-0.5182899194342977,0.008496093749999989,-1,4340,0.06922451295481652,-0.6564613844774247,0.09217425752345385,-3.014308875974714,0.0,-3.014308875974714,-0.07499034971105889,-0.4674205891246751,-1.0,-0.762281166881462,-0.10581978240403722,-1.0,1.0,-1.0,0.0,743.0,62.5,0,0,-1.0,-1.0,-62.5,17062.5,0.0,0.0,8512.5,8550.0,-62.5,31.25
4341,2019-07-19,13:21:29,154.84375,154.875,154.75,154.78125,287,44435.34375,154.82698170731706,-0.0625,-0.00040371417585038927,154.8021886365036,154.83427203318624,-0.032083396682651255,1.000000000000003,0.00615234375,1.5041572184429317,-0.19604278777442474,0.006152343749999982,0,4341,-0.08134212576395948,-0.762281166881462,0.07843687748756946,-4.090345983971096,0.0,-4.090345983971096,-0.19914083437681446,-0.4674205891246751,-1.0,-0.9931146223392341,-0.23083345545777212,-1.0,1.0,-1.0,0.0,743.0,0.0,0,0,-1.0,-1.0,62.5,17125.0,0.0,0.0,8512.5,8612.5,62.5,62.5
4342,2019-07-19,13:28:44,154.75,154.78125,154.625,154.625,287,44403.125,154.7147212543554,-0.15625,-0.0010099990758591915,154.76281338394725,154.8278328937036,-0.06501950975635395,1.000000000000001,0.01005859375,-1.0208313695918545,-0.29948795306857195,0.01005859374999999,0,4342,-0.7850733025968026,-0.9931146223392341,0.10029254084925752,-6.482985594519945,0.0,-6.482985594519945,-0.4751976404782662,-0.4674205891246751,-1.0,-0.6887424652842488,0.3043721570549853,-1.0,1.0,-1.0,0.0,743.0,-156.25,0,0,-1.0,-1.0,156.25,17281.25,0.0,0.0,8512.5,8768.75,156.25,156.25
4343,2019-07-19,13:33:25,154.625,154.65625,154.5625,154.59375,288,44530.625,154.62022569444446,-0.03125,-0.0002021222846702031,154.7252437430701,154.8206303431281,-0.09538660005799215,1.0000000000000022,0.008007812500000001,1.6686496133254007,0.3321802626221164,0.008007812499999984,0,4343,-0.9996711834958228,-0.6887424652842488,0.08948638164547712,-10.65934260655328,0.0,-10.65934260655328,-0.9570553230136054,-0.4674205891246751,-1.0,-0.42257177047383115,0.2661706948104176,1.0,1.0,-1.0,0.0,743.0,-187.5,0,0,1.0,-1.0,31.25,17312.5,0.0,2.0,8517.5,8795.0,26.25,156.25
4344,2019-07-19,13:37:18,154.5625,154.6875,154.5625,154.6875,287,44381.8125,154.64046167247386,0.09375,0.0006062443350272062,154.7168562446101,154.81653402487802,-0.09967778026791052,1.000000000000001,0.00859375,0.8677685950413215,-0.5516180692881073,0.00859374999999999,-1,4344,-0.9396750750025522,-0.42257177047383115,0.09270248108869573,-10.752439319562653,0.0,-10.752439319562653,-0.967796590164163,-0.4674205891246751,-1.0,-0.15837708716797183,0.2641946833058593,1.0,-1.0,1.0,1.0,744.0,93.75,0,0,1.0,1.0,93.75,17406.25,0.0,0.0,8517.5,8888.75,93.75,93.75
4345,2019-07-19,13:41:53,154.6875,154.71875,154.625,154.65625,287,44390.03125,154.66909843205576,-0.03125,-0.00020204061084960756,154.70338819025233,154.81160220872795,-0.10821401847562129,0.9999999999999984,0.0027343750000000003,-0.6122448979591854,0.5122408325718829,0.002734375000000004,0,4345,-0.8101716870649261,-0.15837708716797183,0.052291251658379764,-20.694478530096497,0.0,-20.0,-2.034757136339064,-0.4674205891246751,-3.0,0.060100993650140704,0.21847808081811254,1.0,-1.0,1.0,0.0,744.0,62.5,0,0,1.0,1.0,-31.25,17375.0,-2.0,0.0,8517.5,8857.5,-31.25,93.75
4346,2019-07-19,13:52:20,154.65625,154.71875,154.65625,154.6875,287,44394.1875,154.68358013937282,0.03125,0.00020204061084960756,154.69985748130736,154.80778367922863,-0.10792619792127311,0.9999999999999952,0.0027343750000000003,-0.6122448979591854,-0.5122408325718826,0.0027343750000000133,-1,4346,-0.6633307250778449,0.060100993650140704,0.05229125165837985,-20.639436712350637,0.0,-20.0,-2.034757136339064,-0.4674205891246751,-3.0,0.35004605557387203,0.2899450619237313,3.0,-1.0,1.0,0.0,744.0,93.75,0,0,3.0,1.0,31.25,17406.25,0.0,2.0,8522.5,8883.75,26.25,26.25
4347,2019-07-19,14:00:39,154.6875,154.75,154.625,154.71875,287,44400.625,154.70601045296166,0.03125,0.0002019997986870692,154.70405581879461,154.80504418140623,-0.10098836261161637,0.999999999999995,0.0021484375,0.867768595041318,-0.5516180692881069,0.002148437500000011,-1,4347,-0.41484995664902297,0.35004605557387203,0.04635124054434801,-21.78762885860467,0.0,-20.0,-2.034757136339064,-0.4674205891246751,-3.0,0.6518038707832308,0.30175781520935874,3.0,-1.0,3.0,0.0,744.0,125.0,0,0,3.0,3.0,93.75,17500.0,0.0,0.0,8522.5,8977.5,93.75,93.75
4348,2019-07-19,14:02:40,154.71875,154.84375,154.71875,154.8125,287,44422.28125,154.78146777003485,0.09375,0.000605754687882154,154.72815452572917,154.80527359120913,-0.0771190654799625,0.9999999999999988,0.005078125,2.818047337278107,-1.4926852828590789,0.005078125000000006,-1,4348,-0.07536606007049057,0.6518038707832308,0.07126096406869617,-10.822063171306393,0.0,-10.822063171306393,-0.9758296169752709,-0.4674205891246751,-1.0,0.8245724189581187,0.17276854817488796,3.0,-1.0,3.0,0.0,744.0,218.75,0,0,3.0,3.0,281.25,17781.25,2.0,0.0,8522.5,9258.75,281.25,281.25
4349,2019-07-19,14:05:46,154.8125,154.90625,154.8125,154.875,287,44444.09375,154.8574695121951,0.0625,0.0004036326997276518,154.7607868533449,154.80741901917196,-0.046632165827048766,0.9999999999999988,0.005175781249999999,1.128515485938055,-1.032658539398995,0.005175781250000004,-1,4349,0.18301054849132456,0.8245724189581187,0.0719429027076334,-6.481829905662248,0.0,-6.481829905662248,-0.4750642999728695,-0.4674205891246751,-1.0,0.9360936203617234,0.11152120140360466,1.0,-1.0,3.0,0.0,744.0,281.25,0,0,1.0,3.0,187.5,17968.75,0.0,2.0,8527.5,9441.25,182.5,281.25
4350,2019-07-19,14:09:29,154.875,154.90625,154.78125,154.78125,287,44441.53125,154.84854094076655,-0.09375,-0.0006055101607946867,154.76533421926828,154.80661381858206,-0.041279599313782,0.9999999999999988,0.005175781249999999,1.128515485938055,-1.032658539398995,0.005175781250000004,0,4350,0.41319266164140617,0.9360936203617234,0.0719429027076334,-5.737827882972269,0.0,-5.737827882972269,-0.38922319744690165,-0.4674205891246751,-1.0,0.9990613938319601,0.06296777347023674,1.0,-1.0,1.0,0.0,744.0,187.5,0,0,1.0,1.0,-93.75,17875.0,0.0,0.0,8527.5,9347.5,-93.75,182.5
4351,2019-07-19,14:13:52,154.78125,154.8125,154.6875,154.78125,287,44414.84375,154.7555531358885,0.0,0.0,154.7688710594309,154.80583339339495,-0.03696233396405546,1.0000000000000018,0.00419921875,-1.9632233639805285,-0.235513936408806,0.004199218749999993,0,4351,0.7370725767203865,0.9990613938319601,0.06480137922914907,-5.703942478346047,0.0,-5.703942478346047,-0.3853135837577659,-0.4674205891246751,-1.0,0.8586906090944322,-0.14037078473752795,-1.0,-1.0,1.0,0.0,744.0,187.5,0,0,-1.0,1.0,0.0,17875.0,0.0,2.0,8532.5,9342.5,-5.0,-5.0
4352,2019-07-19,14:16:51,154.78125,154.84375,154.75,154.8125,287,44425.90625,154.79409843205576,0.03125,0.00020187746106703486,154.77856637955736,154.80603851975206,-0.027472140194703343,1.0000000000000018,0.00419921875,-1.9632233639805285,-0.235513936408806,0.004199218749999993,-1,4352,0.9695741683985029,0.8586906090944322,0.06480137922914907,-4.23943757393759,0.0,-4.23943757393759,-0.21634265113236684,-0.4674205891246751,-1.0,0.6493719502793248,-0.20931865881510736,1.0,-1.0,-1.0,1.0,745.0,31.25,0,0,1.0,-1.0,-31.25,17843.75,0.0,2.0,8537.5,9306.25,-36.25,-5.0
4353,2019-07-19,14:22:15,154.8125,154.8125,154.6875,154.75,287,44416.125,154.76001742160278,-0.0625,-0.00040379568487303175,154.7722182952113,154.80431425760585,-0.032095962394549815,1.0000000000000004,0.0021484375,0.8677685950413228,-0.5516180692881075,0.0021484374999999997,0,4353,0.9969094772392243,0.6493719502793248,0.04635124054434789,-6.924509898249881,0.0,-6.924509898249881,-0.5261396162637019,-0.4674205891246751,-1.0,0.3397358003637307,-0.3096361499155941,-1.0,1.0,1.0,1.0,746.0,-62.5,0,0,-1.0,1.0,-62.5,17781.25,0.0,2.0,8542.5,9238.75,-67.5,-36.25
4354,2019-07-19,14:28:27,154.75,154.8125,154.6875,154.8125,287,44413.625,154.75130662020905,0.0625,0.00040379568487303175,154.78116978516434,154.80456612660262,-0.023396341438285617,1.0000000000000004,0.0021484375,0.8677685950413228,-0.5516180692881075,0.0021484374999999997,-1,4354,0.9052782029877413,0.3397358003637307,0.04635124054434789,-5.047619257547269,0.0,-5.047619257547269,-0.30958864327566504,-0.4674205891246751,-1.0,-0.2134513414021426,-0.5531871417658734,-1.0,1.0,-1.0,1.0,747.0,62.5,0,0,-1.0,-1.0,-62.5,17718.75,0.0,0.0,8542.5,9176.25,-62.5,-62.5
4355,2019-07-19,14:32:23,154.8125,154.8125,154.8125,154.8125,287,44431.1875,154.8125,0.0,0.0,154.78813205512782,154.8048102457841,-0.016678190656278957,1.000000000000002,0.0068359375,0.6734693877551029,-0.8099238707340588,0.006835937499999986,0,4355,0.5398776926506185,-0.2134513414021426,0.08267972847076838,-2.017204333487328,0.0,-2.017204333487328,0.040053091906617766,-0.4674205891246751,-0.0,-0.5334519320340197,-0.32000059063187714,-1.0,1.0,-1.0,0.0,747.0,62.5,0,0,-1.0,-1.0,-0.0,17718.75,1.0,0.0,8542.5,9176.25,-0.0,-0.0
4356,2019-07-19,14:40:15,154.8125,154.8125,154.71875,154.8125,287,44421.46875,154.77863675958187,0.0,0.0,154.79354715398833,154.80504685360614,-0.01149969961781494,1.0000000000000007,0.0080078125,2.739440809042241,-1.5842443294285553,0.008007812499999994,0,4356,0.22088492072515298,-0.5334519320340197,0.08948638164547718,-1.2850781768530875,0.0,-1.2850781768530875,0.12452398655063723,-0.4674205891246751,-0.0,-0.8603066067408198,-0.3268546747068001,-0.0,1.0,-1.0,0.0,747.0,62.5,0,0,-0.0,-1.0,-0.0,17718.75,0.0,1.0,8545.0,9173.75,-2.5,-0.0
4357,2019-07-19,14:47:57,154.8125,154.8125,154.625,154.65625,287,44399.875,154.70339721254356,-0.15625,-0.0010097950974188308,154.76303667532426,154.8004684888798,-0.0374318135555427,1.0000000000000009,0.00712890625,3.372114843310191,-1.703550401550653,0.007128906249999992,0,4357,-0.24786189475920983,-0.8603066067408198,0.08443285053816431,-4.43332344187802,0.0,-4.43332344187802,-0.23871272024593687,-0.4674205891246751,-1.0,-0.9862916414051237,-0.12598503466430389,-0.0,1.0,-0.0,0.0,747.0,-93.75,0,0,-0.0,-0.0,0.0,17718.75,-1.0,0.0,8545.0,9173.75,0.0,0.0
4358,2019-07-19,14:54:06,154.65625,154.71875,154.625,154.71875,287,44396.0625,154.69011324041813,0.0625,0.00040404040953667675,154.75319519191888,154.79795407383736,-0.044758881918482984,1.0000000000000004,0.00830078125,3.3840830449827,-1.8158673720971528,0.008300781249999997,-1,4358,-0.8140942648356079,-0.9862916414051237,0.0911086233569578,-4.912694349811492,0.0,-4.912694349811492,-0.2940213430734722,-0.4674205891246751,-1.0,-0.8770614159834784,0.10923022542164529,-1.0,1.0,-0.0,0.0,747.0,-31.25,0,0,-1.0,-0.0,-0.0,17718.75,0.0,1.0,8547.5,9171.25,-2.5,0.0
4359,2019-07-19,15:00:46,154.71875,154.78125,154.65625,154.75,287,44406.78125,154.72746080139373,0.03125,0.00020195900300912228,154.75248514927026,154.79647856387317,-0.04399341460290884,1.0000000000000004,0.00830078125,3.3840830449827,-1.8158673720971528,0.008300781249999997,-1,4359,-0.9598547998751356,-0.8770614159834784,0.0911086233569578,-4.82867735039146,0.0,-4.82867735039146,-0.2843276706892717,-0.4674205891246751,-1.0,-0.6702875174004393,0.20677389858303907,1.0,1.0,-1.0,1.0,748.0,31.25,0,0,1.0,-1.0,-31.25,17687.5,0.0,2.0,8552.5,9135.0,-36.25,-2.5
4360,2019-07-19,15:08:52,154.75,154.84375,154.75,154.8125,287,44421.34375,154.7782012195122,0.0625,0.00040379568487303175,154.76582178276578,154.7969715311386,-0.031149748372826025,0.999999999999992,0.0009765625,-2.9999999999999964,-9.251858538542974e-16,0.0009765625000000078,-1,4360,-0.9987098555528052,-0.6702875174004393,0.031250000000000125,-9.967919479304289,0.0,-9.967919479304289,-0.87728064264323,-0.4674205891246751,-1.0,-0.31228374949512466,0.3580037679053147,1.0,-1.0,1.0,1.0,749.0,62.5,0,0,1.0,1.0,62.5,17750.0,0.0,0.0,8552.5,9197.5,62.5,62.5
4361,2019-07-19,15:17:17,154.8125,154.875,154.75,154.8125,287,44431.125,154.81228222996515,0.0,0.0,154.77619471992895,154.7974493301805,-0.02125461025156028,0.9999999999999938,0.0016601562499999997,-1.4878892733564086,0.5413870509510866,0.00166015625000001,0,4361,-0.8925615314362053,-0.31228374949512466,0.04074501503251668,-5.216493412653787,0.0,-5.216493412653787,-0.32907292318403486,-0.4674205891246751,-1.0,0.36454889478056207,0.6768326442756867,1.0,-1.0,1.0,0.0,749.0,62.5,0,0,1.0,1.0,0.0,17750.0,0.0,0.0,8552.5,9197.5,0.0,62.5
4362,2019-07-19,15:27:13,154.8125,154.875,154.78125,154.8125,287,44437.96875,154.8361280487805,0.0,0.0,154.78426255994475,154.79791242771344,-0.013649867768691593,0.9999999999999979,0.0026367187499999997,-1.6872427983539058,0.5184205276797867,0.0026367187500000054,0,4362,-0.40067170056618867,0.36454889478056207,0.051348989766109375,-2.6582543942666974,0.0,-2.6582543942666974,-0.03390966936744644,-0.4674205891246751,-1.0,0.9659327118673611,0.601383817086799,1.0,-1.0,1.0,0.0,749.0,62.5,0,0,1.0,1.0,0.0,17750.0,0.0,0.0,8552.5,9197.5,0.0,0.0
4363,2019-07-19,15:40:02,154.8125,154.90625,154.78125,154.90625,287,44441.125,154.84712543554008,0.09375,0.0006053879712686339,154.81137087995705,154.80124589147613,0.010124988480924912,0.9999999999999994,0.00224609375,3.724007561436674,1.7487916903105656,0.002246093750000001,-1,4363,0.8660121009017153,0.9659327118673611,0.0473929715253222,2.1363903032573304,2.1363903032573304,0.0,0.2727931097101266,-0.23397793731790084,0.0,0.7110686349640697,-0.2548640769032914,-1.0,-1.0,1.0,0.0,749.0,156.25,0,0,-1.0,1.0,93.75,17843.75,1.0,2.0,8557.5,9286.25,88.75,88.75
4364,2019-07-19,15:48:01,154.90625,154.9375,154.84375,154.875,286,44302.25,154.90297202797203,-0.03125,-0.00020175527154098205,154.82551068441106,154.8035152486615,0.021995435749545322,1.000000000000001,0.004589843749999999,1.4350384789497521,0.42200895686427736,0.004589843749999994,0,4364,0.9999842150237205,0.7110686349640697,0.06774838558962121,3.2466361461039654,3.2466361461039654,0.0,0.2727931097101266,-0.11266174649059824,0.0,0.36346809086087617,-0.3476005441031935,-0.0,-1.0,-1.0,1.0,750.0,-31.25,0,0,-0.0,-1.0,31.25,17875.0,0.0,1.0,8560.0,9315.0,28.75,88.75
4365,2019-07-19,16:04:16,154.875,154.90625,154.8125,154.875,287,44447.96875,154.8709712543554,0.0,0.0,154.8365083100975,154.80571477947194,0.030793530625572885,1.000000000000001,0.004589843749999999,1.4350384789497521,0.42200895686427736,0.004589843749999994,0,4365,0.9157561301164604,0.36346809086087617,0.06774838558962121,4.545278881197478,4.545278881197478,0.0,0.2727931097101266,0.02924050955672114,0.0,-0.00927038545121214,-0.3727384763120883,0.0,1.0,-0.0,0.0,750.0,-31.25,0,0,0.0,-0.0,-0.0,17875.0,0.0,0.0,8560.0,9315.0,-0.0,28.75
4366,2019-07-19,16:13:26,154.875,154.875,154.78125,154.78125,287,44436.84375,154.83220818815332,-0.09375,-0.0006055101607946867,154.8242286856314,154.80496201702667,0.01926666860472892,1.0000000000000078,0.0016601562499999997,2.664359861591702,-1.714392328011769,0.0016601562499999872,0,4366,0.7005212437221477,-0.00927038545121214,0.040745015032516395,4.728595286896626,4.728595286896626,0.0,0.2727931097101266,0.04927143171586412,0.0,-0.40574426046450923,-0.3964738750132971,0.0,1.0,0.0,0.0,750.0,-125.0,0,0,0.0,0.0,-0.0,17875.0,0.0,0.0,8560.0,9315.0,-0.0,-0.0
4367,2019-07-19,16:30:17,154.78125,154.875,154.78125,154.78125,287,44428.3125,154.80248257839722,0.0,0.0,154.8146778666022,154.80423241650277,0.010445450099439313,1.000000000000002,0.003125,2.3632812499999987,-0.8210562104882035,0.0031249999999999937,0,4367,0.3593816396325931,-0.40574426046450923,0.055901699437494685,1.8685389182342613,1.8685389182342613,0.0,0.2727931097101266,-0.2632459683113795,0.0,-0.7251405911975316,-0.31939633073302237,0.0,1.0,0.0,0.0,750.0,-125.0,0,0,0.0,0.0,0.0,17875.0,0.0,0.0,8560.0,9315.0,0.0,0.0
4368,2019-07-19,16:53:29,154.78125,154.84375,154.75,154.78125,287,44424.9375,154.79072299651568,0.0,0.0,154.80724945180174,154.80352526522577,0.0037241865759654047,1.0000000000000029,0.0037109375,-0.8171745152354575,0.08099829095409096,0.0037109374999999894,0,4368,-0.025837502697523385,-0.7251405911975316,0.06091746465505594,0.611349568970663,0.611349568970663,0.0,0.2727931097101266,-0.4006186267941759,-0.0,-0.9317374966255105,-0.20659690542797893,0.0,1.0,0.0,0.0,750.0,-125.0,0,0,0.0,0.0,0.0,17875.0,-0.0,0.0,8560.0,9315.0,0.0,0.0
4369,2019-07-19,17:09:57,154.78125,154.84375,154.75,154.84375,287,44433.1875,154.81946864111498,0.0625,0.00040371417585038927,154.8153606847347,154.8047629493727,0.010597735362011917,1.0000000000000018,0.001953125,2.0,0.0,0.0019531249999999963,-1,4369,-0.4020644247595587,-0.9317374966255105,0.04419417382415918,2.3979937727037135,2.3979937727037135,0.0,0.2727931097101266,-0.2053926139636878,0.0,-0.9983405188753947,-0.06660302224988413,-0.0,1.0,0.0,0.0,750.0,-62.5,0,0,-0.0,0.0,0.0,17875.0,0.0,0.0,8560.0,9315.0,0.0,0.0
4370,2019-07-19,17:29:05,154.84375,154.875,154.71875,154.78125,287,44428.1875,154.80204703832752,-0.0625,-0.00040371417585038927,154.80778053257146,154.8040394740074,0.0037410585640600402,1.0000000000000029,0.002734375,-0.612244897959183,0.5122408325718831,0.002734374999999992,0,4370,-0.7466531762939076,-0.9983405188753947,0.052291251658379646,0.7154272359936019,0.7154272359936019,0.0,0.2727931097101266,-0.38924609503036234,-0.0,-0.7431580144508649,0.2551825044245297,0.0,1.0,-0.0,0.0,750.0,-125.0,0,0,0.0,-0.0,0.0,17875.0,-0.0,0.0,8560.0,9315.0,0.0,0.0
4371,2019-07-19,17:42:43,154.78125,154.8125,154.6875,154.78125,287,44413.3125,154.75021777003485,0.0,0.0,154.8018848586667,154.8033382594226,-0.001453400755877965,1.0000000000000018,0.003125,-2.32421875,0.052407843222651435,0.003124999999999994,0,4371,-0.9986285029755859,-0.7431580144508649,0.05590169943749469,-0.25999223109541675,0.0,-0.25999223109541675,0.24279585286837124,-0.4674205891246751,-0.0,-0.3765203300570855,0.3666376843937794,0.0,1.0,0.0,0.0,750.0,-125.0,0,0,0.0,0.0,0.0,17875.0,0.0,0.0,8560.0,9315.0,0.0,0.0
4372,2019-07-19,17:51:02,154.78125,154.8125,154.71875,154.71875,287,44415.4375,154.7576219512195,-0.0625,-0.00040387722681511917,154.78341044562967,154.80073554374806,-0.017325098118391224,1.0000000000000067,0.00263671875,-1.6872427983539093,0.5184205276797864,0.002636718749999983,0,4372,-0.9213097089268741,-0.3765203300570855,0.05134898976610915,-3.3739900623762535,0.0,-3.3739900623762535,-0.11648947022006578,-0.4674205891246751,-1.0,0.09200641812469705,0.4685267481817826,0.0,-1.0,0.0,0.0,750.0,-187.5,0,0,0.0,0.0,-0.0,17875.0,-1.0,0.0,8560.0,9315.0,-0.0,-0.0
4373,2019-07-19,18:00:35,154.71875,154.75,154.6875,154.75,287,44405.84375,154.72419425087108,0.03125,0.00020195900300912228,154.7759859021564,154.79917445009428,-0.0231885479378775,1.000000000000006,0.00244140625,-1.1999999999999993,0.0,0.0024414062499999853,-1,4373,-0.6390491647843859,0.09200641812469705,0.04941058844013078,-4.693032135404403,0.0,-4.693032135404403,-0.2686772632283328,-0.4674205891246751,-1.0,0.42052070715468814,0.3285142890299911,1.0,-1.0,0.0,0.0,750.0,-156.25,0,0,1.0,0.0,0.0,17875.0,0.0,1.0,8562.5,9312.5,-2.5,-0.0
4374,2019-07-19,18:09:32,154.75,154.78125,154.65625,154.65625,287,44404.875,154.720818815331,-0.09375,-0.000605999412545799,154.74937792389943,154.7947767747068,-0.04539885080737349,1.0000000000000087,0.0022460937500000003,1.4555765595463086,1.1180799331493776,0.0022460937499999807,0,4374,-0.344192876309147,0.42052070715468814,0.047392971525321986,-9.579237035837046,0.0,-9.579237035837046,-0.8324354292403382,-0.4674205891246751,-1.0,0.5694989750148941,0.14897826786020596,1.0,-1.0,1.0,1.0,751.0,-93.75,0,0,1.0,1.0,-93.75,17781.25,0.0,0.0,8562.5,9218.75,-93.75,-2.5
4375,2019-07-19,18:10:03,154.65625,154.6875,154.625,154.625,287,44382.21875,154.64187717770034,-0.03125,-0.00020208143950739554,154.72173838525512,154.7895528739466,-0.06781448869148221,1.000000000000006,0.00244140625,-1.1999999999999993,0.0,0.0024414062499999853,0,4375,-0.17853956001642993,0.5694989750148941,0.04941058844013078,-13.724687527988227,0.0,-13.724687527988227,-1.3107271943977479,-0.4674205891246751,-2.0,0.6191497770153209,0.04965080200042682,1.0,-1.0,1.0,0.0,751.0,-125.0,0,0,1.0,1.0,-31.25,17750.0,-1.0,0.0,8562.5,9187.5,-31.25,-31.25
4376,2019-07-19,18:10:16,154.59375,154.59375,154.5625,154.5625,287,44364.5,154.5801393728223,-0.0625,-0.0004042854310171151,154.68635207742065,154.78256663167133,-0.09621455425067893,1.000000000000006,0.00244140625,-1.1999999999999993,0.0,0.0024414062499999853,0,4376,-0.117466798546727,0.6191497770153209,0.04941058844013078,-19.472456671358817,0.0,-19.472456671358817,-1.9738904994486854,-0.4674205891246751,-2.0,0.6002793650172472,-0.01887041199807371,-2.0,-1.0,1.0,0.0,751.0,-187.5,0,0,-2.0,1.0,-62.5,17687.5,0.0,3.0,8570.0,9117.5,-70.0,-31.25
4377,2019-07-19,18:10:46,154.5625,154.5625,154.53125,154.5625,288,44511.6875,154.55447048611111,0.0,0.0,154.6588293935494,154.77579535069685,-0.11696595714744262,1.0000000000000062,0.00126953125,-0.17751479289940755,-0.4047960089109363,0.0012695312499999925,0,4377,-0.14107560575888117,0.6002793650172472,0.03563048203434795,-32.8274978246679,0.0,-20.0,-2.034757136339064,-0.4674205891246751,-3.0,0.6091540944791132,0.00887472946186596,2.0,-1.0,-2.0,1.0,752.0,0.0,0,0,2.0,-2.0,-0.0,17687.5,-1.0,4.0,8580.0,9107.5,-10.0,-10.0
4378,2019-07-19,18:11:56,154.5625,154.625,154.5625,154.59375,287,44368.53125,154.59418554006967,0.03125,0.00020216314634691201,154.64436730609398,154.7701939552908,-0.1258266491968243,1.000000000000002,0.00146484375,2.0000000000000013,-1.3608276348795436,0.0014648437499999972,-1,4378,-0.13003537333039028,0.6091540944791132,0.03827327723098712,-32.87584923481585,0.0,-20.0,-2.034757136339064,-0.4674205891246751,-3.0,0.6650336764482734,0.05587958196916021,3.0,-1.0,2.0,1.0,753.0,31.25,0,0,3.0,2.0,62.5,17750.0,0.0,1.0,8582.5,9167.5,60.0,60.0
4379,2019-07-19,18:15:46,154.625,154.625,154.5625,154.59375,287,44365.28125,154.58286149825784,0.0,0.0,154.6331190158509,154.76476491051264,-0.13164589466174448,0.9999999999999931,0.00029296875,-3.3333333333333304,0.6085806194501845,0.000292968750000002,0,4379,-0.057826975674445294,0.6650336764482734,0.0171163299220365,-76.91245451646522,0.0,-20.0,-2.034757136339064,-0.4674205891246751,-3.0,0.7288131643876177,0.06377948793934429,3.0,-1.0,3.0,0.0,753.0,31.25,0,0,3.0,3.0,0.0,17750.0,0.0,0.0,8582.5,9167.5,0.0,60.0
4380,2019-07-19,18:20:31,154.59375,154.65625,154.5625,154.625,288,44529.875,154.61762152777777,0.03125,0.0002021222846702031,154.63131479010627,154.76046445172767,-0.12914966162139763,0.9999999999999852,0.00029296875,-3.333333333333344,-0.6085806194501838,0.0002929687500000044,-1,4380,0.031183794285834447,0.7288131643876177,0.017116329922036568,-75.45406182847806,0.0,-20.0,-2.034757136339064,-0.4674205891246751,-3.0,0.7873849376709073,0.05857177328328966,3.0,-1.0,3.0,0.0,753.0,62.5,0,0,3.0,3.0,93.75,17843.75,0.0,0.0,8582.5,9261.25,93.75,93.75
4381,2019-07-19,18:27:46,154.625,154.6875,154.625,154.625,287,44382.40625,154.6425304878049,0.0,0.0,154.629911503416,154.75629631475144,-0.12638481133544133,0.9999999999999956,0.00263671875,3.2510288065843675,1.7355817665801556,0.0026367187500000114,0,4381,0.12086101921118399,0.7873849376709073,0.05134898976610944,-24.612910966917575,0.0,-20.0,-2.034757136339064,-0.4674205891246751,-3.0,0.8285776748017564,0.04119273713084903,3.0,-1.0,3.0,0.0,753.0,62.5,0,0,3.0,3.0,0.0,17843.75,0.0,0.0,8582.5,9261.25,0.0,93.75
4382,2019-07-19,18:34:46,154.625,154.65625,154.625,154.65625,287,44385.84375,154.65450783972125,0.03125,0.00020208143950739554,154.63576450265688,154.75321796660526,-0.11745346394837952,0.9999999999999956,0.00263671875,3.2510288065843675,1.7355817665801556,0.0026367187500000114,-1,4382,0.19000210157764053,0.8285776748017564,0.05134898976610944,-22.873568590807864,0.0,-20.0,-2.034757136339064,-0.4674205891246751,-3.0,0.8971987877307142,0.06862111292895778,3.0,-1.0,3.0,0.0,753.0,93.75,0,0,3.0,3.0,93.75,17937.5,0.0,0.0,8582.5,9355.0,93.75,93.75
4383,2019-07-19,18:43:03,154.65625,154.78125,154.65625,154.78125,287,44407.375,154.72952961672473,0.125,0.0008079176363517959,154.66809461317757,154.75408049070973,-0.0859858775321527,0.9999999999999981,0.00361328125,2.607742878013152,1.5174736878455117,0.003613281250000007,-1,4383,0.322137957930198,0.8971987877307142,0.06011057519272301,-14.304617325066316,0.0,-14.304617325066316,-1.3776380516946878,-0.4674205891246751,-2.0,0.9697684792067787,0.07256969147606451,3.0,-1.0,3.0,0.0,753.0,218.75,0,0,3.0,3.0,375.0,18312.5,1.0,0.0,8582.5,9730.0,375.0,375.0
4384,2019-07-19,18:59:08,154.78125,154.8125,154.71875,154.78125,287,44412.75,154.74825783972125,0.0,0.0,154.69324025469368,154.75491647561097,-0.06167622091729186,0.9999999999999964,0.005175781249999999,-2.7162691349234627,0.19669686464742786,0.005175781250000016,0,4384,0.5131768372302772,0.9697684792067787,0.07194290270763348,-8.572940289598257,0.0,-8.572940289598257,-0.7163314140212473,-0.4674205891246751,-1.0,0.9968449077244127,0.027076428517634032,2.0,-1.0,3.0,0.0,753.0,218.75,0,0,2.0,3.0,0.0,18312.5,1.0,1.0,8585.0,9727.5,-2.5,375.0
4385,2019-07-19,19:05:27,154.78125,154.78125,154.71875,154.75,287,44414.75,154.75522648083623,-0.03125,-0.0002019182238059969,154.70585353142843,154.75476519943834,-0.048911668009907316,0.9999999999999977,0.0056640625,-3.085612366230679,0.47250014399541757,0.005664062500000014,0,4385,0.6487499089993772,0.9968449077244127,0.07525996611745193,-6.499028704527313,0.0,-6.499028704527313,-0.47704865460051105,-0.4674205891246751,-1.0,0.9846434881837731,-0.01220141954063958,-1.0,-1.0,2.0,0.0,753.0,187.5,0,0,-1.0,2.0,-62.5,18250.0,0.0,3.0,8592.5,9657.5,-70.0,-2.5
4386,2019-07-19,19:19:30,154.75,154.875,154.75,154.875,287,44439.9375,154.84298780487805,0.125,0.0008074283846006836,154.74344163555546,154.75846473176333,-0.015023096207869457,1.0000000000000004,0.005078125,2.8180473372781023,1.4926852828590786,0.005078124999999999,-1,4386,0.8196928144023007,0.9846434881837731,0.07126096406869611,-2.108180320629269,0.0,-2.108180320629269,0.029556508830920092,-0.4674205891246751,-0.0,0.8905954725177233,-0.09404801566604981,-1.0,-1.0,-1.0,1.0,754.0,125.0,0,0,-1.0,-1.0,-125.0,18125.0,1.0,0.0,8592.5,9532.5,-125.0,-70.0
4387,2019-07-19,19:33:07,154.875,154.90625,154.84375,154.875,287,44451.8125,154.88436411149826,0.0,0.0,154.77267682765427,154.7620504323245,0.010626395329779825,1.0000000000000009,0.0060546875,2.814776274713838,1.6712144101358444,0.006054687499999995,0,4387,0.9513356688949985,0.8905954725177233,0.07781187248742955,1.3656521800701444,1.3656521800701444,0.0,0.2727931097101266,-0.31819623350238835,-0.0,0.7123330140123999,-0.1782624585053234,0.0,-1.0,-1.0,0.0,754.0,125.0,0,0,0.0,-1.0,-0.0,18125.0,0.0,1.0,8595.0,9530.0,-2.5,-2.5
4388,2019-07-19,19:46:23,154.875,154.90625,154.78125,154.8125,287,44438.6875,154.8386324041812,-0.0625,-0.0004036326997276518,154.7815264215089,154.7636027267145,0.017923694794376388,1.0000000000000002,0.0060546875,0.3173777315296557,0.9198156830980229,0.006054687499999999,0,4388,0.9999724823500209,0.7123330140123999,0.07781187248742957,2.3034652966707543,2.3034652966707543,0.0,0.2727931097101266,-0.21572170883120423,0.0,0.47251657253754087,-0.23981644147485903,-0.0,1.0,0.0,0.0,754.0,62.5,0,0,-0.0,0.0,-0.0,18125.0,0.0,0.0,8595.0,9530.0,-0.0,-0.0
4389,2019-07-19,19:59:28,154.8125,154.8125,154.75,154.75,287,44423.71875,154.78647648083623,-0.0625,-0.00040379568487303175,154.77452055006248,154.76318418127718,0.011336368785293871,1.000000000000005,0.0037109375,-0.8171745152354669,-0.0809982909540922,0.0037109374999999807,0,4389,0.957308283229924,0.47251657253754087,0.06091746465505587,1.8609390343944665,1.8609390343944665,0.0,0.2727931097101266,-0.264076405069251,0.0,0.1882931173296774,-0.28422345520786346,0.0,1.0,-0.0,0.0,754.0,0.0,0,0,0.0,-0.0,0.0,18125.0,0.0,0.0,8595.0,9530.0,0.0,0.0
4390,2019-07-19,20:12:11,154.75,154.78125,154.71875,154.78125,287,44416.125,154.76001742160278,0.03125,0.0002019182238059969,154.77601598338194,154.76374005262252,0.012275930759415132,1.0000000000000024,0.005859375,-1.75,0.17010345435994287,0.005859374999999986,-1,4390,0.8276020148988475,0.1882931173296774,0.07654655446197423,1.6037208788428754,1.6037208788428754,0.0,0.2727931097101266,-0.2921825466451886,-0.0,-0.14138119300754204,-0.32967431033721944,0.0,1.0,0.0,0.0,754.0,31.25,0,0,0.0,0.0,0.0,18125.0,-0.0,0.0,8595.0,9530.0,0.0,0.0
4391,2019-07-19,20:45:48,154.78125,154.78125,154.625,154.65625,287,44405.9375,154.72452090592336,-0.125,-0.0008079176363517959,154.74940132040817,154.760432666388,-0.011031345979830576,1.0000000000000022,0.007617187499999999,-2.6923076923076947,0.3396955171725508,0.007617187499999982,0,4391,0.600032456203142,-0.14138119300754204,0.08727650027355578,-1.2639537498930857,0.0,-1.2639537498930857,0.12696127038209715,-0.4674205891246751,-0.0,-0.4765318606640307,-0.33515066765648865,-0.0,1.0,0.0,0.0,754.0,-93.75,0,0,-0.0,0.0,-0.0,18125.0,0.0,0.0,8595.0,9530.0,-0.0,-0.0
4392,2019-07-21,22:02:02,154.65625,154.75,154.59375,154.71875,287,44383.5,154.64634146341464,0.0625,0.00040404040953667675,154.74258991587303,154.75915012280683,-0.016560206933803556,1.0000000000000004,0.011035156249999999,-3.040958571540448,-0.41068319601841513,0.011035156249999994,-1,4392,0.28469910911353463,-0.4765318606640307,0.10504835196232254,-1.5764366241312542,0.0,-1.5764366241312542,0.09090777371537506,-0.4674205891246751,-0.0,-0.7735295943593489,-0.2969977336953182,-0.0,1.0,-0.0,0.0,754.0,-31.25,0,0,-0.0,-0.0,-0.0,18125.0,0.0,0.0,8595.0,9530.0,-0.0,-0.0
4393,2019-07-21,23:16:13,154.71875,154.75,154.5625,154.59375,287,44387.90625,154.66169425087108,-0.125,-0.0008082441337142754,154.70951437901238,154.75406088825895,-0.04454650924657244,1.0000000000000009,0.010546875,-2.8446502057613174,-0.1662326692016708,0.010546874999999992,0,4393,-0.09883190019576908,-0.7735295943593489,0.10269797953221861,-4.33762275065959,0.0,-4.33762275065959,-0.22767101256752859,-0.4674205891246751,-1.0,-0.9904234461557766,-0.21689385179642773,-0.0,1.0,-0.0,0.0,754.0,-156.25,0,0,-0.0,-0.0,0.0,18125.0,-1.0,0.0,8595.0,9530.0,0.0,0.0
4394,2019-07-22,00:14:25,154.59375,154.71875,154.5625,154.6875,287,44383.625,154.64677700348432,0.09375,0.0006062443350272062,154.7046222947874,154.75201286092792,-0.04739056614050696,1.0000000000000009,0.01240234375,-2.6802653605307207,-0.27176875823526203,0.012402343749999989,-1,4394,-0.6027098378276654,-0.9904234461557766,0.11136581050753408,-4.255396330752777,0.0,-4.255396330752777,-0.21818393279314313,-0.4674205891246751,-1.0,-0.9843096793370487,0.006113766818727884,-1.0,1.0,-0.0,0.0,754.0,-62.5,0,0,-1.0,-0.0,-0.0,18125.0,0.0,1.0,8597.5,9527.5,-2.5,0.0
4395,2019-07-22,01:14:30,154.6875,154.75,154.65625,154.6875,287,44398.09375,154.69719076655053,0.0,0.0,154.70081734039022,154.75002784982246,-0.04921050943224259,1.0000000000000009,0.01396484375,-2.837791579050322,-0.23855342381078637,0.01396484374999999,0,4395,-0.8207807453680087,-0.9843096793370487,0.11817294000743143,-4.164279015919206,0.0,-4.164279015919206,-0.20767104367996564,-0.4674205891246751,-1.0,-0.87949878694992,0.1048108923871287,-1.0,1.0,-1.0,1.0,755.0,0.0,0,0,-1.0,-1.0,-0.0,18125.0,0.0,0.0,8597.5,9527.5,-0.0,-0.0
4396,2019-07-22,01:41:05,154.6875,154.6875,154.5,154.53125,288,44522.09375,154.59060329861111,-0.15625,-0.0010106115059231868,154.6631357091924,154.7432962236741,-0.08016051448169037,0.9999999999999994,0.0119140625,2.097554420854608,-1.6004592786969598,0.011914062500000006,0,4396,-0.9584124711713539,-0.87949878694992,0.10915155747858116,-7.343964331193376,0.0,-7.343964331193376,-0.5745352252609611,-0.4674205891246751,-1.0,-0.6925872540926018,0.1869115328573182,1.0,1.0,-1.0,0.0,755.0,-156.25,0,0,1.0,-1.0,156.25,18281.25,0.0,2.0,8602.5,9678.75,151.25,151.25
4397,2019-07-22,02:28:01,154.53125,154.625,154.5,154.625,287,44362.21875,154.57219076655053,0.09375,0.0006064894555661837,154.65466110714965,154.73965633986876,-0.08499523271910903,1.0000000000000002,0.0107421875,0.14049586776859257,-0.8223036670302645,0.010742187499999997,-1,4397,-0.9997933832513269,-0.6925872540926018,0.10364452469860623,-8.200648607948317,0.0,-8.200648607948317,-0.6733773259415778,-0.4674205891246751,-1.0,-0.25239220974832943,0.44019504434427237,1.0,-1.0,1.0,1.0,756.0,93.75,0,0,1.0,1.0,93.75,18375.0,0.0,0.0,8602.5,9772.5,93.75,151.25
4398,2019-07-22,03:28:26,154.625,154.75,154.625,154.71875,287,44392.65625,154.67824477351917,0.09375,0.0006061218490440723,154.66890308333862,154.73901306787283,-0.0701099845342128,1.0000000000000009,0.0138671875,-2.835746875619916,0.02242584052539208,0.013867187499999987,-1,4398,-0.86268245380869,-0.25239220974832943,0.11775902300885477,-5.953682592028718,0.0,-5.953682592028718,-0.41412797679660596,-0.4674205891246751,-1.0,0.1169433760813248,0.3693355858296542,1.0,-1.0,1.0,0.0,756.0,187.5,0,0,1.0,1.0,93.75,18468.75,0.0,0.0,8602.5,9866.25,93.75,93.75
4399,2019-07-22,05:59:00,154.71875,154.75,154.6875,154.6875,287,44406.53125,154.72658972125436,-0.03125,-0.0002019997986870692,154.6730357314856,154.73742805039984,-0.06439231891422992,0.9999999999999991,0.0099609375,-0.6516724336793539,-1.0805438748135916,0.009960937500000006,0,4399,-0.619563573077432,0.1169433760813248,0.09980449639169574,-6.451845482142796,0.0,-6.451845482142796,-0.4716047717793718,-0.4674205891246751,-1.0,0.45530658212524255,0.3383632060439178,1.0,-1.0,1.0,0.0,756.0,156.25,0,0,1.0,1.0,-31.25,18437.5,0.0,0.0,8602.5,9835.0,-31.25,93.75
4400,2019-07-22,06:24:08,154.6875,154.6875,154.5,154.5625,288,44522.75,154.59288194444446,-0.125,-0.0008084074813741182,154.64847223559994,154.7320456488491,-0.08357341324915524,0.9999999999999991,0.0099609375,-0.6516724336793539,-1.0805438748135916,0.009960937500000006,0,4400,-0.307611347344938,0.45530658212524255,0.09980449639169574,-8.373712234482953,0.0,-8.373712234482953,-0.6933449766411862,-0.4674205891246751,-1.0,0.8410529447229537,0.3857463625977111,1.0,-1.0,1.0,0.0,756.0,31.25,0,0,1.0,1.0,-125.0,18312.5,0.0,0.0,8602.5,9710.0,-125.0,-31.25
4401,2019-07-22,06:46:15,154.53125,154.65625,154.5,154.65625,287,44361.09375,154.56827090592336,0.09375,0.0006063668705245107,154.65020062768886,154.72971347503835,-0.07951284734949127,0.9999999999999991,0.0099609375,-0.6516724336793539,-1.0805438748135916,0.009960937500000006,-1,4401,0.21220283930027234,0.8410529447229537,0.09980449639169574,-7.966860234175497,0.0,-7.966860234175497,-0.6464034049704324,-0.4674205891246751,-1.0,0.958774078474844,0.1177211337518903,1.0,-1.0,1.0,0.0,756.0,125.0,0,0,1.0,1.0,93.75,18406.25,0.0,0.0,8602.5,9803.75,93.75,93.75
4402,2019-07-22,07:00:25,154.65625,154.75,154.65625,154.75,287,44402.0,154.71080139372822,0.09375,0.000605999412545799,154.67237826598026,154.73033767580642,-0.057959409826167985,0.9999999999999991,0.00927734375,1.3351800554016637,-1.451454820643665,0.009277343750000009,-1,4402,0.47701751969253664,0.958774078474844,0.0963189687963903,-6.017445011136799,0.0,-6.017445011136799,-0.4214847260916832,-0.4674205891246751,-1.0,0.9982841097898321,0.03951003131498809,1.0,-1.0,1.0,0.0,756.0,218.75,0,0,1.0,1.0,93.75,18500.0,0.0,0.0,8602.5,9897.5,93.75,93.75
4403,2019-07-22,07:10:38,154.75,154.84375,154.71875,154.84375,287,44416.84375,154.76252177700349,0.09375,0.0006056323996563862,154.71046087354023,154.73382728578164,-0.023366412241415446,0.999999999999986,0.0016601562499999993,2.6643598615916986,-1.7143923280117708,0.0016601562500000227,-1,4403,0.7472989954667353,0.9982841097898321,0.04074501503251683,-5.734790433324843,0.0,-5.734790433324843,-0.38887274406283767,-0.4674205891246751,-1.0,0.9181308828385333,-0.08015322695129878,-1.0,-1.0,1.0,0.0,756.0,312.5,0,0,-1.0,1.0,93.75,18593.75,0.0,2.0,8607.5,9986.25,88.75,93.75
4404,2019-07-22,07:24:24,154.84375,154.875,154.8125,154.84375,287,44436.375,154.830574912892,0.0,0.0,154.7400806794202,154.7372095231422,0.0028711562779903943,0.9999999999999862,0.0014648437500000002,2.0000000000000013,-1.3608276348795443,0.0014648437500000204,0,4404,0.9294269245958261,0.9181308828385333,0.038273277230987425,0.7501725709722612,0.7501725709722612,0.0,0.2727931097101266,-0.38544948393220957,-0.0,0.7221515394757384,-0.19597934336279488,1.0,-1.0,-1.0,1.0,757.0,0.0,0,0,1.0,-1.0,-0.0,18593.75,1.0,2.0,8612.5,9981.25,-5.0,88.75
4405,2019-07-22,07:36:02,154.84375,154.96875,154.8125,154.90625,287,44461.03125,154.91648519163763,0.0625,0.00040355125648527945,154.77700719510463,154.74241076858402,0.03459642652060779,0.9999999999999873,0.0012695312499999994,-0.17751479289940994,-0.40479600891093587,0.0012695312500000154,-1,4405,0.9997686800601233,0.7221515394757384,0.03563048203434828,9.709783462164884,9.709783462164884,0.0,0.2727931097101266,0.5935641927390851,1.0,0.4394666117189847,-0.2826849277567537,-0.0,1.0,1.0,1.0,758.0,62.5,0,0,-0.0,1.0,62.5,18656.25,1.0,1.0,8615.0,10041.25,60.0,60.0
4406,2019-07-22,07:51:31,154.90625,154.96875,154.875,154.96875,286,44311.0625,154.93378496503496,0.0625,0.0004033884685599176,154.81961670730362,154.74937505262758,0.07024165467603893,0.9999999999999992,0.0027343750000000003,0.5357142857142847,-1.088511769215251,0.0027343750000000024,-1,4406,0.9459147987118494,0.4394666117189847,0.052291251658379743,13.43277363772619,13.43277363772619,0.0,0.2727931097101266,1.0003740803839056,1.0,0.1458162156429477,-0.29365039607603705,1.0,1.0,-0.0,0.0,758.0,125.0,0,0,1.0,-0.0,-0.0,18656.25,0.0,1.0,8617.5,10038.75,-2.5,60.0
4407,2019-07-22,08:11:35,154.96875,155.0,154.96875,155.0,287,44480.15625,154.98312282229966,0.03125,0.0002016332298397927,154.8597018834584,154.75708658946982,0.1026152939885776,0.9999999999999982,0.0026367187499999997,3.2510288065843675,-1.7355817665801567,0.002636718750000005,-1,4407,0.8026566436271363,0.1458162156429477,0.05134898976610937,19.983897337802016,19.983897337802016,0.0,0.2727931097101266,1.716213169584125,2.0,-0.11999742098360101,-0.2658136366265487,1.0,1.0,1.0,1.0,759.0,31.25,0,0,1.0,1.0,31.25,18687.5,1.0,0.0,8617.5,10070.0,31.25,31.25
4408,2019-07-22,08:32:19,155.0,155.03125,154.9375,154.9375,286,44327.03125,154.98961975524475,-0.0625,-0.0004033071238378483,154.87699035380098,154.7626377713323,0.1143525824686833,0.9999999999999977,0.00341796875,2.0000000000000013,-1.1454053224818184,0.003417968750000008,0,4408,0.6171463813162119,-0.11999742098360101,0.0584633966683429,19.55968845214284,19.55968845214284,0.0,0.2727931097101266,1.6698600069446543,2.0,-0.31955312933577057,-0.19955570835216957,2.0,1.0,1.0,0.0,759.0,-31.25,0,0,2.0,1.0,-62.5,18625.0,0.0,1.0,8620.0,10005.0,-65.0,31.25
4409,2019-07-22,09:06:00,154.9375,155.0,154.9375,154.96875,287,44473.8125,154.96101916376307,0.03125,0.00020167389399805558,154.89738138628965,154.76897968606053,0.12840170022911934,1.0000000000000009,0.005859375,-1.75,-0.17010345435994295,0.005859374999999995,-1,4409,0.4440738285368549,-0.31955312933577057,0.07654655446197428,16.77432787558125,16.77432787558125,0.0,0.2727931097101266,1.3655045910643273,2.0,-0.38891669862992073,-0.06936356929415016,2.0,1.0,2.0,0.0,759.0,0.0,0,0,2.0,2.0,62.5,18687.5,0.0,0.0,8620.0,10067.5,62.5,62.5
4410,2019-07-22,09:33:15,154.96875,155.0625,154.96875,155.0625,287,44484.53125,154.99836672473867,0.09375,0.000604777762612585,154.9340744115586,154.7780110803356,0.15606333122300953,1.0000000000000002,0.007617187500000001,-2.6923076923076916,-0.33969551717255164,0.0076171875,-1,4410,0.3764326973618326,-0.38891669862992073,0.08727650027355588,17.88148364495036,17.88148364495036,0.0,0.2727931097101266,1.4864831305992743,2.0,-0.46306248019322255,-0.07414578156330182,2.0,1.0,2.0,0.0,759.0,93.75,0,0,2.0,2.0,187.5,18875.0,0.0,0.0,8620.0,10255.0,187.5,187.5
4411,2019-07-22,10:05:42,155.0625,155.09375,154.9375,154.96875,286,44330.28125,155.0009833916084,-0.09375,-0.000604777762612585,154.94178009787893,154.78387997017145,0.15790012770747808,0.9999999999999993,0.006054687499999999,0.3173777315296616,-0.9198156830980235,0.0060546875000000045,0,4411,0.2992922502529284,-0.46306248019322255,0.0778118724874296,20.292549537731098,20.0,0.0,0.2727931097101266,1.7179727020810263,2.0,-0.5244627322867088,-0.06140025209348626,2.0,1.0,2.0,0.0,759.0,0.0,0,0,2.0,2.0,-187.5,18687.5,0.0,0.0,8620.0,10067.5,-187.5,187.5
4412,2019-07-22,10:39:23,154.96875,155.0625,154.90625,155.0625,287,44479.90625,154.9822517421603,0.09375,0.000604777762612585,154.96860674279475,154.7924528941662,0.17615384862855876,0.9999999999999999,0.006640624999999999,-1.8122837370242202,-0.16354400497480706,0.006640624999999999,-1,4412,0.23120317963089546,-0.5244627322867088,0.08149003006503311,21.616613527811836,20.0,0.0,0.2727931097101266,1.7179727020810263,2.0,-0.6431795977210307,-0.11871686543432192,2.0,1.0,2.0,0.0,759.0,93.75,0,0,2.0,2.0,187.5,18875.0,0.0,0.0,8620.0,10255.0,187.5,187.5
4413,2019-07-22,11:18:00,155.0625,155.0625,155.03125,155.0625,286,44345.71875,155.05496066433565,0.0,0.0,154.9894719110626,154.80076203588416,0.18870987517843218,1.0000000000000027,0.0046875,1.7447916666666667,0.846307423922913,0.0046874999999999886,0,4413,0.08664586499873418,-0.6431795977210307,0.06846531968814568,27.56284145578978,20.0,0.0,0.2727931097101266,1.7179727020810263,2.0,-0.7322556943400246,-0.08907609661899385,2.0,1.0,2.0,0.0,759.0,93.75,0,0,2.0,2.0,0.0,18875.0,0.0,0.0,8620.0,10255.0,0.0,187.5
4414,2019-07-22,11:27:39,155.0625,155.125,155.0,155.03125,287,44498.65625,155.04758275261324,-0.03125,-0.00020155195069726517,154.9987559308265,154.80785397324158,0.1909019575849129,1.0000000000000004,0.002734375,0.5357142857142883,1.0885117692152515,0.002734374999999999,0,4414,-0.036222172266742805,-0.7322556943400246,0.05229125165837971,36.50743700534862,20.0,0.0,0.2727931097101266,1.7179727020810263,2.0,-0.7713423467614469,-0.039086652421422285,2.0,1.0,2.0,0.0,759.0,62.5,0,0,2.0,2.0,-62.5,18812.5,0.0,0.0,8620.0,10192.5,-62.5,0.0
4415,2019-07-22,11:42:51,155.03125,155.03125,155.0,155.0,286,44334.15625,155.01453234265733,-0.03125,-0.0002015925820755271,154.99903239064284,154.81376615868032,0.18526623196251535,1.0000000000000064,0.0009765625,-3.0,0.0,0.0009765624999999937,0,4415,-0.09540419095582865,-0.7713423467614469,0.0312499999999999,59.285194228005096,20.0,0.0,0.2727931097101266,1.7179727020810263,2.0,-0.8434613645769078,-0.07211901781546093,2.0,1.0,2.0,0.0,759.0,31.25,0,0,2.0,2.0,-62.5,18750.0,0.0,0.0,8620.0,10130.0,-62.5,-62.5
4416,2019-07-22,11:56:00,155.0,155.0625,155.0,155.03125,287,44496.34375,155.03952526132403,0.03125,0.0002015925820755271,155.0061918593889,154.82045796918248,0.1857338902064214,1.0000000000000064,0.0009765625,-3.0,0.0,0.0009765624999999937,-1,4416,-0.21656667042074845,-0.8434613645769078,0.0312499999999999,59.434844866055045,20.0,0.0,0.2727931097101266,1.7179727020810263,2.0,-0.8684564797677728,-0.024995115190865058,2.0,1.0,2.0,0.0,759.0,62.5,0,0,2.0,2.0,62.5,18812.5,0.0,0.0,8620.0,10192.5,62.5,62.5
4417,2019-07-22,12:01:17,155.0625,155.09375,155.0,155.0625,286,44337.65625,155.0267701048951,0.03125,0.00020155195069726517,155.01870477952474,154.82790541628458,0.1907993632401599,1.0000000000000064,0.0009765625,-3.0,0.0,0.0009765624999999937,-1,4417,-0.2635323820095247,-0.8684564797677728,0.0312499999999999,61.055796236851364,20.0,0.0,0.2727931097101266,1.7179727020810263,2.0,-0.8872701761501331,-0.0188136963823603,2.0,1.0,2.0,0.0,759.0,93.75,0,0,2.0,2.0,62.5,18875.0,0.0,0.0,8620.0,10255.0,62.5,62.5
4418,2019-07-22,12:11:30,155.0625,155.09375,155.03125,155.0625,287,44501.375,155.05705574912892,0.0,0.0,155.02843705074147,154.83512371116817,0.19331333957330799,1.0000000000000053,0.0016601562499999997,-1.4878892733564004,-0.5413870509510851,0.001660156249999991,0,4418,-0.301241700278106,-0.8872701761501331,0.04074501503251644,47.444660265564956,20.0,0.0,0.2727931097101266,1.7179727020810263,2.0,-0.9321982874751412,-0.04492811132500807,2.0,1.0,2.0,0.0,759.0,93.75,0,0,2.0,2.0,0.0,18875.0,0.0,0.0,8620.0,10255.0,0.0,62.5
4419,2019-07-22,12:16:34,155.0625,155.09375,155.03125,155.03125,286,44349.0,155.06643356643357,-0.03125,-0.00020155195069726517,155.02906215057672,154.84115836620916,0.18790378436756328,0.9999999999999994,0.00947265625,2.6750983101286017,1.5491313812566696,0.009472656250000005,0,4419,-0.40322784707933584,-0.9321982874751412,0.097327571889984,19.306326123080904,19.306326123080904,0.0,0.2727931097101266,1.6421751902358441,2.0,-0.9484682745102476,-0.016269987035106404,2.0,1.0,2.0,0.0,759.0,62.5,0,0,2.0,2.0,-62.5,18812.5,0.0,0.0,8620.0,10192.5,-62.5,0.0
4420,2019-07-22,12:20:44,155.03125,155.03125,154.90625,154.96875,287,44475.0625,154.96537456445992,-0.0625,-0.0004032258119153198,155.01565945044857,154.84508426263352,0.17057518781504655,0.9999999999999993,0.009765625,1.0500000000000007,1.1858541225631423,0.009765625000000007,0,4420,-0.44660593295886897,-0.9484682745102476,0.09882117688026189,17.260995385809505,17.260995385809505,0.0,0.2727931097101266,1.4186825866593578,2.0,-0.9550442926003717,-0.006576018090124092,2.0,1.0,2.0,0.0,759.0,0.0,0,0,2.0,2.0,-125.0,18687.5,0.0,0.0,8620.0,10067.5,-125.0,-62.5
4421,2019-07-22,12:24:53,155.0,155.15625,155.0,155.15625,286,44350.53125,155.0717875874126,0.1875,0.0012091899901394143,155.04690179479334,154.85465859301405,0.19224320177929144,0.9999999999999989,0.00947265625,0.7620363481772768,0.9334509605008142,0.00947265625000001,-1,4421,-0.46568719205705394,-0.9550442926003717,0.09732757188998403,19.752183070651036,19.752183070651036,0.0,0.2727931097101266,1.690893829338705,2.0,-0.9322208037644324,0.02282348883593932,2.0,1.0,2.0,0.0,759.0,187.5,0,0,2.0,2.0,375.0,19062.5,0.0,0.0,8620.0,10442.5,375.0,375.0
4422,2019-07-22,12:26:41,155.15625,155.21875,155.125,155.21875,286,44383.03125,155.18542395104896,0.0625,0.00040273862807715943,155.08509028483928,154.86586140553672,0.21922887930256252,0.9999999999999986,0.00859375,1.4488636363636413,0.8848873194830058,0.008593750000000013,-1,4422,-0.40328477795400475,-0.9322208037644324,0.09270248108869586,23.64865284380132,20.0,0.0,0.2727931097101266,1.7179727020810263,2.0,-0.925440692733471,0.006780111030961433,2.0,1.0,2.0,0.0,759.0,250.0,0,0,2.0,2.0,125.0,19187.5,0.0,0.0,8620.0,10567.5,125.0,375.0
4423,2019-07-22,12:30:16,155.21875,155.28125,155.15625,155.25,287,44542.53125,155.20045731707316,0.03125,0.00020130850596444816,155.12173688820835,154.87768105459716,0.24405583361118488,0.9999999999999961,0.00537109375,3.3223140495867725,1.7443694974549941,0.005371093750000021,-1,4423,-0.3864679354949746,-0.925440692733471,0.07328774624724123,33.301042276268916,20.0,0.0,0.2727931097101266,1.7179727020810263,2.0,-0.9353530257805491,-0.00991233304707817,2.0,1.0,2.0,0.0,759.0,281.25,0,0,2.0,2.0,62.5,19250.0,0.0,0.0,8620.0,10630.0,62.5,125.0
4424,2019-07-22,12:32:21,155.25,155.28125,155.21875,155.25,286,44406.03125,155.26584353146853,0.0,0.0,155.15023980193985,154.88913702214802,0.26110277979182683,0.999999999999984,0.0004882812499999999,1.9999999999999691,2.6168207644729593e-15,0.0004882812500000078,0,4424,-0.41127977647759506,-0.9353530257805491,0.022097086912079785,118.16162955357257,20.0,0.0,0.2727931097101266,1.7179727020810263,2.0,-0.9321983440400943,0.0031546817404548566,2.0,1.0,2.0,0.0,759.0,281.25,0,0,2.0,2.0,0.0,19250.0,0.0,0.0,8620.0,10630.0,0.0,62.5
4425,2019-07-22,12:37:28,155.25,155.3125,155.25,155.28125,286,44412.5,155.28846153846155,0.03125,0.00020126798900577114,155.17935317928658,154.90120203685117,0.27815114243540506,1.0000000000000002,0.00078125,0.3125000000000024,-1.2577882373436315,0.00078125,-1,4425,-0.40322799009041993,-0.9321983440400943,0.02795084971874737,99.51437800076674,20.0,0.0,0.2727931097101266,1.7179727020810263,2.0,-0.9212864898398901,0.01091185420020413,2.0,1.0,2.0,0.0,759.0,312.5,0,0,2.0,2.0,62.5,19312.5,0.0,0.0,8620.0,10692.5,62.5,62.5
4426,2019-07-22,12:42:58,155.28125,155.34375,155.25,155.3125,286,44419.4375,155.31271853146853,0.03125,0.0002012274883540499,155.20894136166734,154.91385735879425,0.29508400287309655,1.0000000000000036,0.00068359375,-0.612244897959183,-0.5122408325718831,0.0006835937499999975,-1,4426,-0.37646501251362313,-0.9212864898398901,0.026145625829189813,112.86170956506817,20.0,0.0,0.2727931097101266,1.7179727020810263,2.0,-0.8638874298016268,0.05739906003826334,2.0,1.0,2.0,0.0,759.0,343.75,0,0,2.0,2.0,62.5,19375.0,0.0,0.0,8620.0,10755.0,62.5,62.5
4427,2019-07-22,12:52:03,155.28125,155.34375,155.25,155.28125,286,44416.71875,155.3032124125874,-0.03125,-0.0002012274883540499,155.2250099479635,154.92516174775443,0.29984820020908387,1.0000000000000002,0.00078125,0.3125000000000024,-1.2577882373436315,0.00078125,0,4427,-0.25470163026508347,-0.8638874298016268,0.02795084971874737,107.27695337575652,20.0,0.0,0.2727931097101266,1.7179727020810263,2.0,-0.6912006624407148,0.17268676736091204,2.0,1.0,2.0,0.0,759.0,312.5,0,0,2.0,2.0,-62.5,19312.5,0.0,0.0,8620.0,10692.5,-62.5,62.5
4428,2019-07-22,12:58:07,155.28125,155.3125,155.25,155.28125,286,44411.25,155.2840909090909,0.0,0.0,155.23750773730498,154.936118309362,0.3013894279429792,1.0000000000000053,0.0009765625,-3.0,0.0,0.0009765624999999948,0,4428,0.02224715037736867,-0.6912006624407148,0.031249999999999917,96.4446169417536,20.0,0.0,0.2727931097101266,1.7179727020810263,2.0,-0.6096200125843272,0.08158064985638758,2.0,1.0,2.0,0.0,759.0,312.5,0,0,2.0,2.0,0.0,19312.5,0.0,0.0,8620.0,10692.5,0.0,0.0
4429,2019-07-22,13:03:56,155.28125,155.34375,155.25,155.3125,286,44410.65625,155.28201486013987,0.03125,0.0002012274883540499,155.25417268457056,154.94769928445857,0.3064734001119973,1.0000000000000113,0.00068359375,-0.612244897959183,0.5122408325718831,0.0006835937499999922,-1,4429,0.1294527074842375,-0.6096200125843272,0.026145625829189712,117.21784826043131,20.0,0.0,0.2727931097101266,1.7179727020810263,2.0,-0.5818063330653875,0.02781367951893965,2.0,1.0,2.0,0.0,759.0,343.75,0,0,2.0,2.0,62.5,19375.0,0.0,0.0,8620.0,10755.0,62.5,62.5
4430,2019-07-22,13:11:59,155.3125,155.3125,155.21875,155.28125,286,44410.875,155.28277972027973,-0.03125,-0.0002012274883540499,155.26018986577714,154.95796238339832,0.3022274823788109,1.0000000000000113,0.00068359375,-0.612244897959183,0.5122408325718831,0.0006835937499999922,0,4430,0.16371008651584404,-0.5818063330653875,0.026145625829189712,115.59389870920421,20.0,0.0,0.2727931097101266,1.7179727020810263,2.0,-0.5850314783976892,-0.003225145332301671,2.0,1.0,2.0,0.0,759.0,312.5,0,0,2.0,2.0,-62.5,19312.5,0.0,0.0,8620.0,10692.5,-62.5,62.5
4431,2019-07-22,13:22:51,155.3125,155.3125,155.25,155.28125,286,44411.46875,155.28485576923077,0.0,0.0,155.26486989560445,154.96790969467838,0.29696020092606545,1.0000000000000135,0.00078125,0.3125000000000024,1.2577882373436315,0.0007812499999999895,0,4431,0.15979135881652662,-0.5850314783976892,0.027950849718747183,106.24371134122924,20.0,0.0,0.2727931097101266,1.7179727020810263,2.0,-0.6674717541601078,-0.08244027576241864,2.0,1.0,2.0,0.0,759.0,312.5,0,0,2.0,2.0,0.0,19312.5,0.0,0.0,8620.0,10692.5,0.0,0.0
4432,2019-07-22,13:31:29,155.28125,155.3125,155.25,155.25,286,44409.3125,155.27731643356643,-0.03125,-0.00020126798900577114,155.26156547435903,154.9765893963806,0.2849760779784276,1.0000000000000135,0.00078125,0.3125000000000024,1.2577882373436315,0.0007812499999999895,0,4432,0.05456273708945169,-0.6674717541601078,0.027950849718747183,101.95614117136788,20.0,0.0,0.2727931097101266,1.7179727020810263,2.0,-0.7765533265321005,-0.10908157237199267,2.0,1.0,2.0,0.0,759.0,281.25,0,0,2.0,2.0,-62.5,19250.0,0.0,0.0,8620.0,10630.0,-62.5,0.0
4433,2019-07-22,13:34:35,155.25,155.25,155.15625,155.21875,286,44388.09375,155.203125,-0.03125,-0.00020130850596444816,155.25205092450148,154.9840404918766,0.26801043262486246,1.0000000000000104,0.00126953125,-0.1775147928994123,0.4047960089109363,0.0012695312499999868,0,4433,-0.10359241344908435,-0.7765533265321005,0.03563048203434788,75.21942374130658,20.0,0.0,0.2727931097101266,1.7179727020810263,2.0,-0.8856548399094271,-0.10910151337732654,2.0,1.0,2.0,0.0,759.0,250.0,0,0,2.0,2.0,-62.5,19187.5,0.0,0.0,8620.0,10567.5,-62.5,-62.5
4434,2019-07-22,13:38:07,155.21875,155.25,155.1875,155.25,286,44392.21875,155.21754807692307,0.03125,0.00020130850596444816,155.25159516350115,154.99222386135733,0.2593713021438191,1.0000000000000127,0.0014648437500000002,2.0000000000000013,1.3608276348795436,0.0014648437499999816,-1,4434,-0.29791163447201846,-0.8856548399094271,0.03827327723098692,67.76825004518457,20.0,0.0,0.2727931097101266,1.7179727020810263,2.0,-0.956539649052828,-0.0708848091434009,2.0,1.0,2.0,0.0,759.0,281.25,0,0,2.0,2.0,62.5,19250.0,0.0,0.0,8620.0,10630.0,62.5,62.5
4435,2019-07-22,13:45:08,155.25,155.25,155.15625,155.1875,286,44388.71875,155.2053103146853,-0.0625,-0.0004026575452025227,155.23735179383422,154.99823235793096,0.23911943590326246,1.0000000000000127,0.0014648437500000002,2.0000000000000013,1.3608276348795436,0.0014648437499999816,0,4435,-0.4701817104895524,-0.956539649052828,0.03827327723098692,62.4768645914821,20.0,0.0,0.2727931097101266,1.7179727020810263,2.0,-0.996389625177139,-0.03984997612431107,2.0,1.0,2.0,0.0,759.0,218.75,0,0,2.0,2.0,-125.0,19125.0,0.0,0.0,8620.0,10505.0,-125.0,62.5
4436,2019-07-22,13:49:46,155.1875,155.21875,155.09375,155.125,287,44527.46875,155.14797473867597,-0.0625,-0.0004028197436145575,155.21238472853773,155.00213290076388,0.21025182777384543,1.0000000000000033,0.00322265625,-2.2314049586776847,0.5671631517317617,0.0032226562499999894,0,4436,-0.6445217241089947,-0.996389625177139,0.05676844413932788,37.036743028894776,20.0,0.0,0.2727931097101266,1.7179727020810263,2.0,-0.9695331945578242,0.026856430619314864,2.0,1.0,2.0,0.0,759.0,156.25,0,0,2.0,2.0,-125.0,19000.0,0.0,0.0,8620.0,10380.0,-125.0,-125.0
4437,2019-07-22,13:54:57,155.125,155.125,155.09375,155.09375,286,44363.96875,155.11877185314685,-0.03125,-0.0002014707370570079,155.18602145552936,155.0049518884327,0.18106956709667088,1.000000000000006,0.0026367187499999997,3.2510288065843675,1.7355817665801567,0.002636718749999984,0,4437,-0.8587763491133544,-0.9695331945578242,0.05134898976610917,35.2625373783261,20.0,0.0,0.2727931097101266,1.7179727020810263,2.0,-0.8737141136846254,0.09581908087319879,2.0,1.0,2.0,0.0,759.0,125.0,0,0,2.0,2.0,-62.5,18937.5,0.0,0.0,8620.0,10317.5,-62.5,-62.5
4438,2019-07-22,13:58:54,155.09375,155.1875,155.09375,155.15625,286,44368.09375,155.13319493006992,0.0625,0.00040290089183248057,155.17940557652284,155.00960721494246,0.16979836158037642,1.0000000000000049,0.00224609375,1.4555765595463157,1.118079933149378,0.0022460937499999894,-1,4438,-0.9617740329466657,-0.8737141136846254,0.047392971525322077,35.82775169302332,20.0,0.0,0.2727931097101266,1.7179727020810263,2.0,-0.8013593291678811,0.07235478451674426,-2.0,1.0,2.0,0.0,759.0,187.5,0,0,-2.0,2.0,125.0,19062.5,0.0,4.0,8630.0,10432.5,115.0,115.0
4439,2019-07-22,14:08:57,155.15625,155.1875,155.125,155.125,286,44369.875,155.13942307692307,-0.03125,-0.00020143015477547266,155.16731544840667,155.01315776217504,0.15415768623162762,1.0000000000000047,0.0016601562499999997,2.6643598615916986,1.7143923280117699,0.001660156249999992,0,4439,-0.9896260630502993,-0.8013593291678811,0.04074501503251646,37.83473539244064,20.0,0.0,0.2727931097101266,1.7179727020810263,2.0,-0.6110104661150784,0.19034886305280274,-2.0,-1.0,-2.0,1.0,760.0,-31.25,0,0,-2.0,-2.0,62.5,19125.0,0.0,0.0,8630.0,10495.0,62.5,115.0
4440,2019-07-22,14:23:26,155.125,155.15625,155.09375,155.125,287,44521.84375,155.12837543554008,0.0,0.0,155.1579120154274,155.01659906180043,0.14131295362696505,1.0,0.00224609375,-3.081285444234402,0.31535587858059355,0.00224609375,0,4440,-0.9918112942680134,-0.6110104661150784,0.04739297152532219,29.81728072304164,20.0,0.0,0.2727931097101266,1.7179727020810263,2.0,-0.3608312016309892,0.25017926448408917,-2.0,-1.0,-2.0,0.0,760.0,-31.25,0,0,-2.0,-2.0,-0.0,19125.0,0.0,0.0,8630.0,10495.0,-0.0,62.5
4441,2019-07-22,14:27:34,155.125,155.15625,155.09375,155.09375,286,44363.4375,155.11691433566435,-0.03125,-0.0002014707370570079,155.14365378977686,155.018972936822,0.1246808529548673,1.0000000000000038,0.00146484375,2.0000000000000013,1.3608276348795436,0.0014648437499999946,0,4441,-0.9146159932162278,-0.3608312016309892,0.038273277230987085,32.57647684633661,20.0,0.0,0.2727931097101266,1.7179727020810263,2.0,-0.2542876336306269,0.1065435680003623,-2.0,-1.0,-2.0,0.0,760.0,-62.5,0,0,-2.0,-2.0,62.5,19187.5,0.0,0.0,8630.0,10557.5,62.5,62.5
4442,2019-07-22,14:43:08,155.09375,155.15625,155.0625,155.15625,286,44358.46875,155.09954108391608,0.0625,0.00040290089183248057,155.14645294760425,155.02319684645826,0.12325610114598362,1.0000000000000027,0.001171875,2.9166666666666665,1.2932338163316421,0.0011718749999999971,-1,4442,-0.8636717272039856,-0.2542876336306269,0.03423265984407284,36.00541170548996,20.0,0.0,0.2727931097101266,1.7179727020810263,2.0,0.06655581900759286,0.3208434526382198,-2.0,-1.0,-2.0,0.0,760.0,0.0,0,0,-2.0,-2.0,-125.0,19062.5,0.0,0.0,8630.0,10432.5,-125.0,62.5
4443,2019-07-22,14:51:03,155.15625,155.21875,155.15625,155.15625,287,44536.78125,155.1804224738676,0.0,0.0,155.14863007035885,155.02729078964418,0.12133928071466471,1.0000000000000027,0.001171875,2.9166666666666665,1.2932338163316421,0.0011718749999999971,0,4443,-0.6584768446892219,0.06655581900759286,0.03423265984407284,35.44547261806588,20.0,0.0,0.2727931097101266,1.7179727020810263,2.0,0.3852407712836054,0.31868495227601257,-2.0,-1.0,-2.0,0.0,760.0,0.0,0,0,-2.0,-2.0,-0.0,19062.5,0.0,0.0,8630.0,10432.5,-0.0,-0.0
4444,2019-07-22,15:03:42,155.15625,155.1875,155.125,155.15625,286,44374.84375,155.15679632867133,0.0,0.0,155.15032338805688,155.03125876534745,0.11906462270943052,0.9999999999999956,0.001171875,-3.3333333333333304,0.6085806194501845,0.001171875000000005,0,4444,-0.3801231579285427,0.3852407712836054,0.034232659844072956,34.78100248469164,20.0,0.0,0.2727931097101266,1.7179727020810263,2.0,0.4826346887434495,0.0973939174598441,-2.0,-1.0,-2.0,0.0,760.0,0.0,0,0,-2.0,-2.0,-0.0,19062.5,0.0,0.0,8630.0,10432.5,-0.0,-0.0
4445,2019-07-22,15:16:40,155.15625,155.1875,155.09375,155.15625,286,44369.28125,155.13734702797203,0.0,0.0,155.15164041293312,155.03510464949062,0.11653576344249927,1.0000000000000007,0.00078125,5.000000000000004,2.236067977499789,0.0007812499999999996,0,4445,-0.27802524514030497,0.4826346887434495,0.027950849718747364,41.693102218762135,20.0,0.0,0.2727931097101266,1.7179727020810263,2.0,0.7237809372243239,0.2411462484808744,-2.0,-1.0,-2.0,0.0,760.0,0.0,0,0,-2.0,-2.0,-0.0,19062.5,0.0,0.0,8630.0,10432.5,-0.0,-0.0
4446,2019-07-22,15:33:25,155.1875,155.21875,155.15625,155.21875,286,44385.15625,155.192854020979,0.0625,0.00040273862807715943,155.16655365450353,155.04075527566016,0.12579837884337053,0.9999999999999971,0.00078125,0.3124999999999976,1.257788237343632,0.0007812500000000022,-1,4446,0.023865642621254984,0.7237809372243239,0.027950849718747412,45.006996248487596,20.0,0.0,0.2727931097101266,1.7179727020810263,2.0,0.929224110534701,0.2054431733103771,-2.0,-1.0,-2.0,0.0,760.0,62.5,0,0,-2.0,-2.0,-125.0,18937.5,0.0,0.0,8630.0,10307.5,-125.0,-0.0
4447,2019-07-22,15:55:15,155.21875,155.25,155.15625,155.21875,287,44545.34375,155.21025696864112,0.0,0.0,155.17815284239165,155.0462320364091,0.13192080598255984,1.0000000000000007,0.00126953125,-0.17751479289940755,0.4047960089109363,0.0012695312499999994,0,4447,0.3957729429548436,0.929224110534701,0.03563048203434805,37.024704256144275,20.0,0.0,0.2727931097101266,1.7179727020810263,2.0,0.9912033376985976,0.06197922716389659,-2.0,-1.0,-2.0,0.0,760.0,62.5,0,0,-2.0,-2.0,-0.0,18937.5,0.0,0.0,8630.0,10307.5,-0.0,-0.0
4448,2019-07-22,16:03:29,155.21875,155.25,155.1875,155.25,286,44392.5,155.21853146853147,0.03125,0.00020130850596444816,155.19411887741575,155.05250181990422,0.14161705751152454,1.0000000000000007,0.00126953125,-0.17751479289940755,0.4047960089109363,0.0012695312499999994,-1,4448,0.6073025662971172,0.9912033376985976,0.03563048203434805,39.74604030756716,20.0,0.0,0.2727931097101266,1.7179727020810263,2.0,0.9951336837052527,0.003930346006655094,-2.0,-1.0,-2.0,0.0,760.0,93.75,0,0,-2.0,-2.0,-62.5,18875.0,0.0,0.0,8630.0,10245.0,-62.5,-0.0
4449,2019-07-22,16:29:00,155.25,155.25,155.15625,155.21875,286,44385.34375,155.1935096153846,-0.03125,-0.00020130850596444816,155.19959246021224,155.05761714852255,0.14197531168969135,1.0000000000000064,0.0022460937500000003,1.455576559546311,-1.1180799331493774,0.002246093749999986,0,4449,0.7733398441212741,0.9951336837052527,0.04739297152532204,29.957039434388285,20.0,0.0,0.2727931097101266,1.7179727020810263,2.0,0.9452912730558151,-0.04984241064943762,2.0,-1.0,-2.0,0.0,760.0,62.5,0,0,2.0,-2.0,62.5,18937.5,0.0,4.0,8640.0,10297.5,52.5,52.5
4450,2019-07-22,16:37:37,155.21875,155.21875,155.15625,155.21875,286,44386.5625,155.197770979021,0.0,0.0,155.2038496912762,155.06257508241418,0.14127460886200538,1.0000000000000078,0.0021484374999999997,0.8677685950413286,-0.5516180692881066,0.0021484374999999833,0,4450,0.8990995764511358,0.9452912730558151,0.046351240544347715,30.47914299658007,20.0,0.0,0.2727931097101266,1.7179727020810263,2.0,0.8495669493570294,-0.0957243236987857,2.0,-1.0,2.0,1.0,761.0,0.0,0,0,2.0,2.0,0.0,18937.5,0.0,0.0,8640.0,10297.5,0.0,52.5
4451,2019-07-22,16:59:38,155.21875,155.21875,155.125,155.125,286,44383.15625,155.18586101398603,-0.09375,-0.0006041687828526321,155.18632753765925,155.06449584910916,0.1218316885500883,1.0000000000000195,0.0012695312500000003,-0.17751479289942415,-0.4047960089109369,0.0012695312499999755,0,4451,0.9737198043974902,0.8495669493570294,0.03563048203434772,34.19310702354315,20.0,0.0,0.2727931097101266,1.7179727020810263,2.0,0.7103668672793891,-0.13920008207764023,-2.0,-1.0,2.0,0.0,761.0,-93.75,0,0,-2.0,2.0,-187.5,18750.0,0.0,4.0,8650.0,10100.0,-197.5,0.0
4452,2019-07-22,17:17:09,155.125,155.125,155.0625,155.09375,287,44514.96875,155.1044207317073,-0.03125,-0.0002014707370570079,155.16575475151276,155.0653959768289,0.10035877468385479,1.000000000000013,0.0016601562499999997,-1.4878892733564086,-0.5413870509510866,0.001660156249999978,0,4452,0.999989322496477,0.7103668672793891,0.040745015032516284,24.630933281964467,20.0,0.0,0.2727931097101266,1.7179727020810263,2.0,0.23784560694211598,-0.47252126033727315,2.0,1.0,-2.0,1.0,762.0,-31.25,0,0,2.0,-2.0,62.5,18812.5,0.0,4.0,8660.0,10152.5,52.5,52.5
4453,2019-07-22,17:29:37,155.09375,155.09375,155.0,155.03125,286,44342.71875,155.04447115384616,-0.0625,-0.00040306328639161393,155.13586480673217,155.06434533138804,0.07151947534413239,1.0000000000000047,0.00361328125,-0.021913805697585314,0.5901286563843663,0.0036132812499999833,0,4453,0.8549971610306427,0.23784560694211598,0.060110575192722816,11.897985523317828,11.897985523317828,0.0,0.2727931097101266,0.8326682979513917,1.0,-0.45736020706446684,-0.6952058140065829,2.0,1.0,2.0,1.0,763.0,-62.5,0,0,2.0,2.0,-125.0,18687.5,-1.0,0.0,8660.0,10027.5,-125.0,52.5
4454,2019-07-22,17:39:44,155.03125,155.09375,155.03125,155.03125,287,44501.3125,155.05683797909407,0.0,0.0,155.1126170719028,155.0633270134992,0.04929005840361356,1.0000000000000047,0.00361328125,-0.021913805697585314,0.5901286563843663,0.0036132812499999833,0,4454,0.3054144969413163,-0.45736020706446684,0.060110575192722816,8.199897978946769,8.199897978946769,0.0,0.2727931097101266,0.42857951246339776,1.0,-0.991303489245883,-0.5339432821814161,1.0,1.0,2.0,0.0,763.0,-62.5,0,0,1.0,2.0,0.0,18687.5,0.0,1.0,8662.5,10025.0,-2.5,-2.5
4455,2019-07-22,17:56:14,155.03125,155.125,155.03125,155.09375,286,44352.125,155.07736013986013,0.0625,0.00040306328639161393,155.10842438925775,155.06426310539155,0.04416128386620244,1.0000000000000044,0.00458984375,-0.7378904481665955,0.9127170462413433,0.0045898437499999785,-1,4455,-0.6079053044677339,-0.991303489245883,0.0677483855896211,6.518426008511095,6.518426008511095,0.0,0.2727931097101266,0.24484563428637007,1.0,-0.7982080813044252,0.19309540794145774,1.0,1.0,1.0,0.0,763.0,0.0,0,0,1.0,1.0,62.5,18750.0,0.0,0.0,8662.5,10087.5,62.5,62.5
4456,2019-07-22,18:11:47,155.09375,155.09375,154.96875,155.0,287,44493.25,155.0287456445993,-0.09375,-0.000604655868467141,155.08433008053382,155.06228577907183,0.02204430146198888,1.0000000000000044,0.00439453125,-0.9629629629629642,0.5237828008789239,0.004394531249999981,0,4456,-0.9903666179735353,-0.7982080813044252,0.06629126073623869,3.3253706773958176,3.3253706773958176,0.0,0.2727931097101266,-0.10405845066702624,0.0,-0.5508276794335517,0.2473804018708735,-1.0,1.0,1.0,0.0,763.0,-93.75,0,0,-1.0,1.0,-93.75,18656.25,-1.0,2.0,8667.5,9988.75,-98.75,62.5
4457,2019-07-22,18:27:56,155.0,155.0,154.90625,154.90625,286,44321.4375,154.9700611888112,-0.09375,-0.0006050216983997103,155.04475672930408,155.05748467817733,-0.012727948873248351,1.0000000000000033,0.005078125,-2.507396449704141,0.2276977550124023,0.005078124999999984,0,4457,-0.9796587387841575,-0.5508276794335517,0.071260964068696,-1.7861039405779764,0.0,-1.7861039405779764,0.06671688033261969,-0.4674205891246751,-0.0,-0.3183858878074632,0.23244179162608852,-0.0,-1.0,-1.0,1.0,764.0,-93.75,0,0,-0.0,-1.0,93.75,18750.0,-0.0,1.0,8670.0,10080.0,91.25,91.25
4458,2019-07-22,18:32:35,154.90625,154.9375,154.84375,154.875,287,44454.65625,154.89427264808361,-0.03125,-0.00020175527154098205,155.00703301168096,155.05186976500266,-0.04483675332170378,1.0000000000000049,0.00390625,-2.9999999999999996,4.625929269271487e-16,0.003906249999999981,0,4458,-0.8954426092977604,-0.3183858878074632,0.06249999999999985,-7.173880531472623,0.0,-7.173880531472623,-0.5549113795662308,-0.4674205891246751,-1.0,-0.029537212853204504,0.2888486749542587,0.0,-1.0,-0.0,0.0,764.0,-125.0,0,0,0.0,-0.0,0.0,18750.0,-1.0,0.0,8670.0,10080.0,0.0,91.25
4459,2019-07-22,18:46:35,154.875,154.96875,154.875,154.90625,287,44462.21875,154.92062282229966,0.03125,0.00020175527154098205,154.98463678686298,155.04738915684874,-0.06275236998575906,1.0000000000000049,0.00390625,-2.9999999999999996,4.625929269271487e-16,0.003906249999999981,-1,4459,-0.7276842208101774,-0.029537212853204504,0.06249999999999985,-10.040379197721474,0.0,-10.040379197721474,-0.8856408646963415,-0.4674205891246751,-1.0,0.17788814640727316,0.20742535926047767,1.0,-1.0,0.0,0.0,764.0,-93.75,0,0,1.0,0.0,0.0,18750.0,0.0,1.0,8672.5,10077.5,-2.5,0.0
4460,2019-07-22,18:58:16,154.90625,154.9375,154.84375,154.9375,286,44303.21875,154.90635926573427,0.03125,0.00020171457456186204,154.9741619453379,155.04400795202264,-0.06984600668474172,1.000000000000005,0.0027343750000000003,-0.6122448979591854,-0.5122408325718829,0.002734374999999986,-1,4460,-0.5700430181556256,0.17788814640727316,0.05229125165837959,-13.357111269978372,0.0,-13.357111269978372,-1.2683171601671237,-0.4674205891246751,-2.0,0.44484322766202994,0.26695508125475675,1.0,-1.0,1.0,1.0,765.0,31.25,0,0,1.0,1.0,31.25,18781.25,-1.0,0.0,8672.5,10108.75,31.25,31.25
4461,2019-07-22,19:03:20,154.9375,154.96875,154.84375,154.84375,287,44457.53125,154.90429006968643,-0.09375,-0.0006052658310471415,154.9451815130406,155.0378461688835,-0.09266465584289563,1.0000000000000042,0.002734375,0.5357142857142883,-1.0885117692152515,0.0027343749999999886,0,4461,-0.318739148237833,0.44484322766202994,0.05229125165837961,-17.72087163800873,0.0,-17.72087163800873,-1.771796975714532,-0.4674205891246751,-2.0,0.5779484024110132,0.13310517474898326,2.0,-1.0,1.0,0.0,765.0,-62.5,0,0,2.0,1.0,-93.75,18687.5,0.0,1.0,8675.0,10012.5,-96.25,31.25
4462,2019-07-22,19:14:40,154.84375,154.84375,154.75,154.8125,287,44427.5625,154.7998693379791,-0.03125,-0.0002018367147833544,154.91569673236492,155.03091244061017,-0.11521570824524474,1.0000000000000042,0.002734375,0.5357142857142883,-1.0885117692152515,0.0027343749999999886,0,4462,-0.16837973556358174,0.5779484024110132,0.05229125165837961,-22.033457718310622,0.0,-20.0,-2.034757136339064,-0.4674205891246751,-3.0,0.6793078374723872,0.10135943506137401,2.0,-1.0,2.0,0.0,765.0,-93.75,0,0,2.0,2.0,-62.5,18625.0,-1.0,0.0,8675.0,9950.0,-62.5,-62.5
4463,2019-07-22,19:25:22,154.8125,154.84375,154.78125,154.8125,287,44434.0625,154.82251742160278,0.0,0.0,154.89276412517273,155.02419205782218,-0.1314279326494443,1.0000000000000064,0.0022460937500000003,1.455576559546311,-1.1180799331493774,0.002246093749999986,0,4463,-0.038569560877792654,0.6793078374723872,0.04739297152532204,-27.73152398330255,0.0,-20.0,-2.034757136339064,-0.4674205891246751,-3.0,0.7095587601698502,0.03025092269746299,3.0,-1.0,2.0,0.0,765.0,-93.75,0,0,3.0,2.0,0.0,18625.0,0.0,1.0,8677.5,9947.5,-2.5,-2.5
4464,2019-07-22,19:50:21,154.8125,154.875,154.78125,154.84375,287,44439.96875,154.84309668989548,0.03125,0.0002018367147833544,154.88187209735656,155.01863999450458,-0.13676789714801885,1.0000000000000133,0.00048828125,2.0,0.0,0.0004882812499999935,-1,4464,0.003473655090885104,0.7095587601698502,0.022097086912079462,-61.89408481407299,0.0,-20.0,-2.034757136339064,-0.4674205891246751,-3.0,0.789113375011424,0.07955461484157378,3.0,-1.0,3.0,0.0,765.0,-62.5,0,0,3.0,3.0,93.75,18718.75,0.0,0.0,8677.5,10041.25,93.75,93.75
4465,2019-07-22,20:12:22,154.84375,154.875,154.8125,154.84375,287,44443.125,154.85409407665506,0.0,0.0,154.87340052016623,155.01325876390447,-0.13985824373824585,1.00000000000002,0.0001953125,5.000000000000004,2.236067977499789,0.0001953124999999961,0,4465,0.12364879414567113,0.789113375011424,0.013975424859373546,-100.07441286798564,0.0,-20.0,-2.034757136339064,-0.4674205891246751,-3.0,0.7687586725053437,-0.02035470250608029,-3.0,-1.0,3.0,0.0,765.0,-62.5,0,0,-3.0,3.0,0.0,18718.75,0.0,6.0,8692.5,10026.25,-15.0,93.75
4466,2019-07-22,20:37:28,154.84375,154.875,154.8125,154.84375,286,44284.15625,154.83970716783216,0.0,0.0,154.86681151568487,155.0080431096305,-0.14123159394563345,1.00000000000002,0.0001953125,5.000000000000004,2.236067977499789,0.0001953124999999961,0,4466,0.09137212276362451,0.7687586725053437,0.013975424859373546,-101.05710228258793,0.0,-20.0,-2.034757136339064,-0.4674205891246751,-3.0,0.7957595507974655,0.027000878292121833,3.0,-1.0,-3.0,1.0,766.0,0.0,0,0,3.0,-3.0,-0.0,18718.75,0.0,6.0,8707.5,10011.25,-15.0,-15.0
4467,2019-07-22,22:31:30,154.84375,154.875,154.78125,154.84375,287,44438.28125,154.8372168989547,0.0,0.0,154.8616867344216,155.0029879370265,-0.1413012026048932,1.000000000000004,0.0048828125,5.0,-2.23606797749979,0.004882812499999981,0,4467,0.1344541305897272,0.7957595507974655,0.06987712429686829,-20.22138203692878,0.0,-20.0,-2.034757136339064,-0.4674205891246751,-3.0,0.8227601504472901,0.027000599649824597,3.0,-1.0,3.0,1.0,767.0,0.0,0,0,3.0,3.0,0.0,18718.75,0.0,0.0,8707.5,10011.25,0.0,0.0
4468,2019-07-23,00:11:43,154.8125,154.90625,154.78125,154.84375,287,44444.15625,154.85768728222996,0.0,0.0,154.85770079343905,154.99808830819492,-0.1403875147558722,1.0000000000000044,0.00458984375,4.1511996378451785,-2.0315314900210546,0.0045898437499999785,0,4468,0.17986776476995306,0.8227601504472901,0.0677483855896211,-20.721898172785277,0.0,-20.0,-2.034757136339064,-0.4674205891246751,-3.0,0.8349491455119004,0.012188995064610242,3.0,-1.0,3.0,0.0,767.0,0.0,0,0,3.0,3.0,0.0,18718.75,0.0,0.0,8707.5,10011.25,0.0,0.0
4469,2019-07-23,00:43:12,154.84375,154.84375,154.6875,154.6875,287,44411.59375,154.74422909407664,-0.15625,-0.0010095912013525776,154.81987839489705,154.98853174486587,-0.16865334996882098,1.0000000000000038,0.00537109375,3.3223140495867747,-1.744369497454994,0.005371093749999981,0,4469,0.2012581736932387,0.8349491455119004,0.07328774624724095,-23.01248961864075,0.0,-20.0,-2.034757136339064,-0.4674205891246751,-3.0,0.8340050361432776,-0.0009441093686227697,-3.0,-1.0,3.0,0.0,767.0,-156.25,0,0,-3.0,3.0,-468.75,18250.0,0.0,6.0,8722.5,9527.5,-483.75,0.0
4470,2019-07-23,01:53:43,154.6875,154.75,154.65625,154.65625,287,44398.46875,154.69849738675958,-0.03125,-0.00020204061084960756,154.7835165293644,154.97830769117772,-0.19479116181332756,1.0000000000000024,0.006054687499999999,2.814776274713843,-1.6712144101358455,0.006054687499999984,0,4470,0.19957962039042576,0.8340050361432776,0.07781187248742948,-25.033604202854278,0.0,-20.0,-2.034757136339064,-0.4674205891246751,-3.0,0.8261689120471646,-0.007836124096113006,-3.0,-1.0,-3.0,1.0,768.0,-31.25,0,0,-3.0,-3.0,93.75,18343.75,0.0,0.0,8722.5,9621.25,93.75,93.75
4471,2019-07-23,04:37:16,154.65625,154.71875,154.625,154.6875,287,44393.21875,154.68020470383274,0.03125,0.00020204061084960756,154.76217952283898,154.9693597622184,-0.20718023937942576,1.0000000000000038,0.006054687500000001,0.31737773152965926,-0.9198156830980223,0.0060546874999999785,-1,4471,0.18578976011483064,0.8261689120471646,0.07781187248742943,-26.62578765379228,0.0,-20.0,-2.034757136339064,-0.4674205891246751,-3.0,0.7871148055203354,-0.03905410652682917,-3.0,-1.0,-3.0,0.0,768.0,0.0,0,0,-3.0,-3.0,-93.75,18250.0,0.0,0.0,8722.5,9527.5,-93.75,93.75
4472,2019-07-23,06:02:52,154.6875,154.75,154.65625,154.71875,288,44555.0,154.70486111111111,0.03125,0.0002019997986870692,154.75252851776366,154.9616486926117,-0.2091201748480387,1.0000000000000027,0.001953125,-1.750000000000001,-0.8838834764831844,0.0019531249999999948,-1,4472,0.12042614368905284,0.7871148055203354,0.04419417382415916,-47.318493989748745,0.0,-20.0,-2.034757136339064,-0.4674205891246751,-3.0,0.7131531327647422,-0.07396167275559318,-3.0,-1.0,-3.0,0.0,768.0,31.25,0,0,-3.0,-3.0,-93.75,18156.25,0.0,0.0,8722.5,9433.75,-93.75,-93.75
4473,2019-07-23,06:28:39,154.71875,154.8125,154.65625,154.65625,287,44409.0,154.73519163763066,-0.0625,-0.00040404040953667675,154.73113329159398,154.95225180976212,-0.2211185181681401,0.9999999999999999,0.0017578124999999998,5.000000000000003,-2.2360679774997907,0.0017578125000000003,0,4473,0.008587707444217033,0.7131531327647422,0.04192627457812106,-52.73984402218491,0.0,-20.0,-2.034757136339064,-0.4674205891246751,-3.0,0.6797674946760155,-0.03338563808872674,-3.0,-1.0,-3.0,0.0,768.0,-31.25,0,0,-3.0,-3.0,187.5,18343.75,0.0,0.0,8722.5,9621.25,187.5,187.5
4474,2019-07-23,06:58:54,154.65625,154.71875,154.625,154.6875,287,44391.8125,154.6753048780488,0.03125,0.00020204061084960756,154.7214370045731,154.94410560023098,-0.22266859565789332,0.9999999999999999,0.0017578124999999998,5.000000000000003,-2.2360679774997907,0.0017578125000000003,-1,4474,-0.03794347677263679,0.6797674946760155,0.04192627457812106,-53.10955907684949,0.0,-20.0,-2.034757136339064,-0.4674205891246751,-3.0,0.6266939216405738,-0.05307357303544169,-3.0,-1.0,-3.0,0.0,768.0,0.0,0,0,-3.0,-3.0,-93.75,18250.0,0.0,0.0,8722.5,9527.5,-93.75,187.5
4475,2019-07-23,07:03:11,154.6875,154.8125,154.6875,154.71875,287,44410.65625,154.74096254355402,0.03125,0.0002019997986870692,154.72083989244575,154.93717158176236,-0.21633168931660407,0.9999999999999989,0.0022460937500000003,3.7240075614366694,-1.7487916903105647,0.002246093750000003,-1,4475,-0.10788440179774866,0.6266939216405738,0.04739297152532222,-45.64636534786963,0.0,-20.0,-2.034757136339064,-0.4674205891246751,-3.0,0.6809673299751264,0.05427340833455263,3.0,-1.0,-3.0,0.0,768.0,31.25,0,0,3.0,-3.0,-93.75,18156.25,0.0,6.0,8737.5,9418.75,-108.75,-93.75
4476,2019-07-23,07:11:39,154.71875,154.75,154.6875,154.75,287,44402.1875,154.71145470383274,0.03125,0.00020195900300912228,154.72731991634672,154.93141245616968,-0.20409253982296605,0.9999999999999952,0.001171875,2.9166666666666714,-1.2932338163316428,0.0011718750000000056,-1,4476,-0.03630743416871739,0.6809673299751264,0.03423265984407296,-59.61924686909849,0.0,-20.0,-2.034757136339064,-0.4674205891246751,-3.0,0.6797407632882484,-0.001226566686878039,-3.0,-1.0,3.0,1.0,769.0,31.25,0,0,-3.0,3.0,93.75,18250.0,0.0,6.0,8752.5,9497.5,78.75,78.75
4477,2019-07-23,07:26:16,154.75,154.8125,154.75,154.8125,287,44423.46875,154.78560540069685,0.0625,0.00040379568487303175,154.74624882382523,154.9277536113645,-0.1815047875392679,0.9999999999999999,0.0017578124999999998,-2.407407407407407,-0.1656346649999846,0.0017578125000000003,-1,4477,-0.03797989708979348,0.6797407632882484,0.04192627457812106,-43.291417939142384,0.0,-20.0,-2.034757136339064,-0.4674205891246751,-3.0,0.7401440418625107,0.06040327857426231,3.0,-1.0,-3.0,1.0,770.0,62.5,0,0,3.0,-3.0,-187.5,18062.5,0.0,6.0,8767.5,9295.0,-202.5,78.75
4478,2019-07-23,07:55:27,154.78125,154.8125,154.75,154.78125,287,44425.09375,154.79126742160278,-0.03125,-0.00020187746106703486,154.7540268629752,154.9232458079379,-0.16921894496269374,1.0000000000000024,0.005175781249999999,0.2741189035243856,-0.6064819993295691,0.005175781249999987,0,4478,0.04786807547661164,0.7401440418625107,0.07194290270763327,-23.521284045262647,0.0,-20.0,-2.034757136339064,-0.4674205891246751,-3.0,0.8233290242571891,0.08318498239467842,3.0,-1.0,3.0,1.0,771.0,-31.25,0,0,3.0,3.0,-93.75,17968.75,0.0,0.0,8767.5,9201.25,-93.75,-93.75
4479,2019-07-23,08:24:22,154.78125,154.8125,154.75,154.75,287,44421.4375,154.77852787456445,-0.03125,-0.0002019182238059969,154.75313200453627,154.91791516769365,-0.16478316315738084,1.0000000000000018,0.00615234375,-0.612244897959183,-0.5122408325718828,0.006152343749999989,0,4479,0.1808529190944127,0.8233290242571891,0.07843687748756951,-21.00837876718069,0.0,-20.0,-2.034757136339064,-0.4674205891246751,-3.0,0.9050503125248055,0.08172128826761638,3.0,-1.0,3.0,0.0,771.0,-62.5,0,0,3.0,3.0,-93.75,17875.0,0.0,0.0,8767.5,9107.5,-93.75,-93.75
4480,2019-07-23,08:45:35,154.75,154.75,154.625,154.625,287,44391.09375,154.6728005226481,-0.125,-0.0008080808520531946,154.72465822575046,154.9089023933031,-0.1842441675526345,1.0000000000000024,0.005175781249999999,0.2741189035243856,-0.6064819993295691,0.005175781249999987,0,4480,0.33923150557875587,0.9050503125248055,0.07194290270763327,-25.609776728272855,0.0,-20.0,-2.034757136339064,-0.4674205891246751,-3.0,0.9439606954924585,0.038910382967653034,3.0,-1.0,3.0,0.0,771.0,-187.5,0,0,3.0,3.0,-375.0,17500.0,0.0,0.0,8767.5,8732.5,-375.0,-93.75
4481,2019-07-23,09:17:10,154.625,154.6875,154.59375,154.6875,287,44379.71875,154.63316637630663,0.0625,0.0004041220503570031,154.71640084225038,154.9020900119707,-0.18568916972031957,0.9999999999999996,0.01103515625,0.1542798966246366,-0.14742473703225142,0.011035156250000004,-1,4481,0.4340948425224195,0.9439606954924585,0.1050483519623226,-17.676542873030524,0.0,-17.676542873030524,-1.766682433087906,-0.4674205891246751,-2.0,0.9656100104671987,0.021649314974740208,3.0,-1.0,3.0,0.0,771.0,-125.0,0,0,3.0,3.0,187.5,17687.5,1.0,0.0,8767.5,8920.0,187.5,187.5
4482,2019-07-23,10:02:00,154.6875,154.71875,154.65625,154.71875,287,44396.6875,154.69229094076655,0.03125,0.0002019997986870692,154.71692287730588,154.89644878083314,-0.1795259035272636,0.9999999999999996,0.01103515625,0.1542798966246366,-0.14742473703225142,0.011035156250000004,-1,4482,0.49894528437594793,0.9656100104671987,0.1050483519623226,-17.089835316184082,0.0,-17.089835316184082,-1.6989895747299097,-0.4674205891246751,-2.0,0.9760826007085514,0.010472590241352608,2.0,-1.0,3.0,0.0,771.0,-93.75,0,0,2.0,3.0,93.75,17781.25,0.0,1.0,8770.0,9011.25,91.25,187.5
4483,2019-07-23,10:49:38,154.71875,154.90625,154.71875,154.875,287,44434.1875,154.82295296167248,0.15625,0.0010093873876098058,154.75205112679348,154.89578881834598,-0.14373769155250216,0.9999999999999996,0.01103515625,0.1542798966246366,-0.14742473703225142,0.011035156250000004,-1,4483,0.5364696172683242,0.9760826007085514,0.1050483519623226,-13.683003004564618,0.0,-13.683003004564618,-1.3059177377836182,-0.4674205891246751,-2.0,0.9947280085791285,0.018645407870577113,2.0,-1.0,2.0,0.0,771.0,62.5,0,0,2.0,2.0,312.5,18093.75,0.0,0.0,8770.0,9323.75,312.5,312.5
4484,2019-07-23,11:10:02,154.875,154.90625,154.78125,154.84375,287,44438.78125,154.83895905923345,-0.03125,-0.0002017959849442974,154.7724286541727,154.89418762393535,-0.12175896976265221,0.9999999999999996,0.01103515625,0.1542798966246366,-0.14742473703225142,0.011035156250000004,0,4484,0.6308662009071978,0.9947280085791285,0.1050483519623226,-11.590754875081064,0.0,-11.590754875081064,-1.0645193534843316,-0.4674205891246751,-2.0,0.9998441310712293,0.005116122492100805,2.0,-1.0,2.0,0.0,771.0,31.25,0,0,2.0,2.0,-62.5,18031.25,0.0,0.0,8770.0,9261.25,-62.5,312.5
4485,2019-07-23,11:23:22,154.84375,154.84375,154.65625,154.71875,287,44411.78125,154.7448824041812,-0.125,-0.0008075914026655084,154.76050006435656,154.8887895431989,-0.12828947884233344,0.9999999999999991,0.013378906250000001,-1.1737439394746663,-0.6073931164348764,0.013378906250000013,0,4485,0.71948082655019,0.9998441310712293,0.11566722202076098,-11.091256157194378,0.0,-11.091256157194378,-1.0068884340162976,-0.4674205891246751,-1.0,0.9720881341241757,-0.02775599694705355,-2.0,-1.0,2.0,0.0,771.0,-93.75,0,0,-2.0,2.0,-250.0,17781.25,1.0,4.0,8780.0,9001.25,-260.0,-62.5
4486,2019-07-23,11:52:00,154.71875,154.8125,154.71875,154.78125,287,44417.15625,154.7636106271777,0.0625,0.00040387722681511917,154.76511116116623,154.8854806341774,-0.12036947301118062,0.9999999999999998,0.009082031249999999,-0.0034686090877530753,-0.5429955844662838,0.009082031250000002,-1,4486,0.8532686641282246,0.9720881341241757,0.09529969176235567,-12.63062563846904,0.0,-12.63062563846904,-1.1844970552800957,-0.4674205891246751,-2.0,0.8043400571959317,-0.167748076928244,-1.0,-1.0,-2.0,1.0,772.0,62.5,0,0,-1.0,-2.0,-125.0,17656.25,-1.0,1.0,8782.5,8873.75,-127.5,-127.5
4487,2019-07-23,12:07:28,154.78125,154.9375,154.78125,154.90625,287,44439.9375,154.84298780487805,0.125,0.0008072654323356687,154.79647534757373,154.88611969158734,-0.08964434401360677,1.0,0.0099609375,-1.3437139561707028,-0.3008332378742385,0.0099609375,-1,4487,0.9888953996427465,0.8043400571959317,0.0998044963916957,-8.981994524754267,0.0,-8.981994524754267,-0.7635270740703329,-0.4674205891246751,-1.0,0.6202974178174128,-0.18404263937851895,2.0,-1.0,-1.0,0.0,772.0,187.5,0,0,2.0,-1.0,-125.0,17531.25,1.0,3.0,8790.0,8741.25,-132.5,-127.5
4488,2019-07-23,12:14:55,154.90625,154.9375,154.84375,154.9375,287,44454.78125,154.89470818815332,0.03125,0.00020171457456186204,154.82781415922403,154.8877006241539,-0.059886464929860495,0.9999999999999979,0.0048828125,0.1999999999999993,0.0,0.00488281250000001,-1,4488,0.9932475200142185,0.6202974178174128,0.0698771242968685,-8.570253216980806,0.0,-8.570253216980806,-0.7160213862672696,-0.4674205891246751,-1.0,0.4102455383359509,-0.21005187948146187,-1.0,1.0,2.0,1.0,773.0,31.25,0,0,-1.0,2.0,62.5,17593.75,0.0,3.0,8797.5,8796.25,55.0,55.0
4489,2019-07-23,12:24:36,154.9375,154.96875,154.84375,154.875,286,44300.53125,154.8969624125874,-0.0625,-0.0004034698461028441,154.83829990161868,154.8873098357184,-0.04900993409972898,0.9999999999999994,0.005175781250000001,1.1285154859380562,1.032658539398995,0.005175781250000002,0,4489,0.934951185506365,0.4102455383359509,0.07194290270763339,-6.81233759762224,0.0,-6.81233759762224,-0.513197455268041,-0.4674205891246751,-1.0,0.1914199062972703,-0.2188256320386806,-1.0,1.0,-1.0,1.0,774.0,-62.5,0,0,-1.0,-1.0,62.5,17656.25,0.0,0.0,8797.5,8858.75,62.5,62.5
4490,2019-07-23,12:28:32,154.875,154.9375,154.84375,154.875,287,44454.4375,154.89351045296166,0.0,0.0,154.84645547903676,154.88693107154248,-0.04047559250571453,1.0000000000000013,0.00244140625,-1.2000000000000004,0.0,0.002441406249999997,0,4490,0.8293854440328303,0.1914199062972703,0.049410588440130895,-8.191683965625588,0.0,-8.191683965625588,-0.6723430078117001,-0.4674205891246751,-1.0,-0.19361595819276042,-0.3850358644900307,-1.0,1.0,-1.0,0.0,774.0,-62.5,0,0,-1.0,-1.0,-0.0,17656.25,0.0,0.0,8797.5,8858.75,-0.0,62.5
4491,2019-07-23,12:34:13,154.875,154.90625,154.84375,154.84375,287,44449.25,154.87543554006967,-0.03125,-0.0002017959849442974,154.84585426147305,154.88560242318735,-0.03974816171430007,1.0000000000000027,0.0021484375,0.8677685950413228,0.5516180692881075,0.002148437499999994,0,4491,0.5568193239625653,-0.19361595819276042,0.04635124054434783,-8.57542565150331,0.0,-8.57542565150331,-0.7166181688950235,-0.4674205891246751,-1.0,-0.419442266146151,-0.22582630795339056,-1.0,1.0,-1.0,0.0,774.0,-93.75,0,0,-1.0,-1.0,31.25,17687.5,0.0,0.0,8797.5,8890.0,31.25,31.25
4492,2019-07-23,12:39:10,154.84375,154.90625,154.8125,154.90625,287,44441.9375,154.84995644599303,0.0625,0.00040355125648527945,154.85927553670126,154.88623773324315,-0.026962196541887806,1.0000000000000029,0.004687500000000001,1.7447916666666632,-0.846307423922913,0.0046874999999999886,-1,4492,0.3453083473971894,-0.419442266146151,0.06846531968814568,-3.9380808655679345,0.0,-3.9380808655679345,-0.18157286380501825,-0.4674205891246751,-1.0,-0.5955884695470613,-0.17614620340091036,-1.0,1.0,-1.0,0.0,774.0,-31.25,0,0,-1.0,-1.0,-62.5,17625.0,0.0,0.0,8797.5,8827.5,-62.5,31.25
4493,2019-07-23,12:44:58,154.90625,154.9375,154.875,154.90625,286,44304.78125,154.91182255244755,0.0,0.0,154.8697143063232,154.88685349529723,-0.017139188974027775,1.0000000000000018,0.005175781250000001,1.1285154859380562,-1.032658539398995,0.005175781249999991,0,4493,0.14686696295764934,-0.5955884695470613,0.0719429027076333,-2.3823321452123265,0.0,-2.3823321452123265,-0.0020744466826534413,-0.4674205891246751,-0.0,-0.6942097077871411,-0.09862123824007973,-1.0,1.0,-1.0,0.0,774.0,-31.25,0,0,-1.0,-1.0,-0.0,17625.0,1.0,0.0,8797.5,8827.5,-0.0,-0.0
4494,2019-07-23,12:53:57,154.90625,154.9375,154.78125,154.78125,287,44431.59375,154.81391550522648,-0.125,-0.0008072654323356687,154.85005557158473,154.8836041569804,-0.03354858539566408,1.0000000000000024,0.0078125,-2.9218750000000013,-0.331456303681194,0.007812499999999983,0,4494,0.01807583486658347,-0.6942097077871411,0.08838834764831834,-3.7955891571984113,0.0,-3.7955891571984113,-0.1651325249696151,-0.4674205891246751,-1.0,-0.782417148528984,-0.08820744074184295,-0.0,1.0,-1.0,0.0,774.0,-156.25,0,0,-0.0,-1.0,125.0,17750.0,-1.0,1.0,8800.0,8950.0,122.5,122.5
4495,2019-07-23,13:03:40,154.78125,154.84375,154.78125,154.8125,287,44429.375,154.80618466898954,0.03125,0.00020187746106703486,154.84170988901036,154.88141633676562,-0.03970644775526466,1.0000000000000038,0.0056640625,-3.085612366230679,-0.47250014399541757,0.005664062499999977,-1,4495,-0.11289840612144589,-0.782417148528984,0.0752599661174517,-5.275905611397467,0.0,-5.275905611397467,-0.33592775487549986,-0.4674205891246751,-1.0,-0.9029591889257832,-0.12054204039679917,-1.0,1.0,-0.0,0.0,774.0,-125.0,0,0,-1.0,-0.0,-0.0,17750.0,0.0,1.0,8802.5,8947.5,-2.5,122.5
4496,2019-07-23,13:13:15,154.8125,154.84375,154.6875,154.6875,287,44419.0625,154.77025261324042,-0.125,-0.0008077544865692232,154.80744102478585,154.87544968024977,-0.06800865546392743,1.000000000000006,0.00537109375,-2.62809917355372,0.5814564991516649,0.005371093749999969,0,4496,-0.3346261764292048,-0.9029591889257832,0.07328774624724087,-9.279676200506412,0.0,-9.279676200506412,-0.7978728452766428,-0.4674205891246751,-1.0,-0.9897008369793776,-0.08674164805359441,-1.0,1.0,-1.0,1.0,775.0,-125.0,0,0,-1.0,-1.0,125.0,17875.0,0.0,0.0,8802.5,9072.5,125.0,125.0
4497,2019-07-23,13:19:29,154.6875,154.75,154.625,154.6875,287,44391.59375,154.67454268292684,0.0,0.0,154.78078746372236,154.86966661316518,-0.0888791494428176,1.0000000000000044,0.00458984375,-2.3675871435038496,-0.5594072218898556,0.00458984374999998,0,4497,-0.5986010204808753,-0.9897008369793776,0.0677483855896211,-13.119006256650003,0.0,-13.119006256650003,-1.2408451960625526,-0.4674205891246751,-2.0,-0.9292283579322834,0.060472479047094185,-1.0,1.0,-1.0,0.0,775.0,-125.0,0,0,-1.0,-1.0,-0.0,17875.0,-1.0,0.0,8802.5,9072.5,-0.0,125.0
4498,2019-07-23,13:25:11,154.6875,154.6875,154.59375,154.59375,288,44540.1875,154.65342881944446,-0.09375,-0.0006062443350272062,154.73922358289516,154.86117687122166,-0.12195328832649466,1.0000000000000078,0.00322265625,-2.231404958677679,-0.5671631517317608,0.0032226562499999747,0,4498,-0.9183438473212295,-0.9292283579322834,0.056768444139327745,-21.482584237676598,0.0,-20.0,-2.034757136339064,-0.4674205891246751,-3.0,-0.7300844009429927,0.19914395698929077,-2.0,1.0,-1.0,0.0,775.0,-218.75,0,0,-2.0,-1.0,93.75,17968.75,-1.0,1.0,8805.0,9163.75,91.25,91.25
4499,2019-07-23,13:29:07,154.59375,154.59375,154.53125,154.59375,287,44362.375,154.57273519163763,0.0,0.0,154.70689612002957,154.85294835210718,-0.14605223207760787,1.0000000000000102,0.0022460937500000003,-3.081285444234408,-0.3153558785805946,0.0022460937499999773,0,4499,-0.9994539880605404,-0.7300844009429927,0.04739297152532195,-30.81727677691037,0.0,-20.0,-2.034757136339064,-0.4674205891246751,-3.0,-0.4753470122214688,0.25473738872152385,3.0,1.0,-2.0,0.0,775.0,-218.75,0,0,3.0,-2.0,-0.0,17968.75,0.0,5.0,8817.5,9151.25,-12.5,91.25
4500,2019-07-23,13:35:33,154.59375,154.625,154.5625,154.5625,287,44368.375,154.59364111498257,-0.03125,-0.00020216314634691201,154.67480809335635,154.84401147973466,-0.16920338637831378,1.0000000000000167,0.0016601562499999993,-1.487889273356398,0.5413870509510844,0.0016601562499999716,0,4500,-0.9582325077950762,-0.4753470122214688,0.04074501503251621,-41.52738347090619,0.0,-20.0,-2.034757136339064,-0.4674205891246751,-3.0,-0.2114128486046677,0.2639341636168011,3.0,-1.0,3.0,1.0,776.0,-31.25,0,0,3.0,3.0,-93.75,17875.0,0.0,0.0,8817.5,9057.5,-93.75,-12.5
4501,2019-07-23,13:37:55,154.5625,154.5625,154.46875,154.46875,288,44500.84375,154.51681857638889,-0.09375,-0.0006067347744025398,154.62901740594384,154.83246497266592,-0.2034475667220761,1.000000000000018,0.0012695312500000003,-0.17751479289942415,-0.4047960089109369,0.0012695312499999775,0,4501,-0.8406154012522168,-0.2114128486046677,0.035630482034347745,-57.0993023686721,0.0,-20.0,-2.034757136339064,-0.4674205891246751,-3.0,0.021473786497167604,0.2328866351018353,3.0,-1.0,3.0,0.0,776.0,-125.0,0,0,3.0,3.0,-281.25,17593.75,0.0,0.0,8817.5,8776.25,-281.25,-93.75
4502,2019-07-23,13:40:43,154.46875,154.5,154.375,154.40625,287,44323.8125,154.43837108013938,-0.0625,-0.00040469446120905417,154.57951353795633,154.81935066581465,-0.23983712785832267,1.0000000000000409,0.0006835937499999995,-0.612244897959202,-0.5122408325718871,0.0006835937499999716,0,4502,-0.6917594705586527,0.021473786497167604,0.026145625829189317,-91.73126297499651,0.0,-20.0,-2.034757136339064,-0.4674205891246751,-3.0,0.19062721544102326,0.16915342894385565,3.0,-1.0,3.0,0.0,776.0,-187.5,0,0,3.0,3.0,-187.5,17406.25,0.0,0.0,8817.5,8588.75,-187.5,-187.5
4503,2019-07-23,13:42:46,154.40625,154.40625,154.34375,154.375,288,44459.5,154.37326388888889,-0.03125,-0.00020240866378173905,154.53406608507717,154.80567833763575,-0.2716122525585831,1.0000000000000195,0.0012695312499999994,-0.17751479289940994,0.40479600891093587,0.0012695312499999745,0,4503,-0.5593464141673158,0.19062721544102326,0.0356304820343477,-76.23030535953724,0.0,-20.0,-2.034757136339064,-0.4674205891246751,-3.0,0.25270630486711554,0.06207908942609228,3.0,-1.0,3.0,0.0,776.0,-218.75,0,0,3.0,3.0,-93.75,17312.5,0.0,0.0,8817.5,8495.0,-93.75,-93.75
4504,2019-07-23,13:44:54,154.375,154.40625,154.28125,154.3125,288,44447.25,154.33072916666666,-0.0625,-0.00040494027684356837,154.48482917728228,154.79050361955467,-0.30567444227239093,1.0000000000000195,0.0012695312499999994,-0.17751479289940994,0.40479600891093587,0.0012695312499999745,0,4504,-0.5054658989174671,0.25270630486711554,0.0356304820343477,-85.79015068550616,0.0,-20.0,-2.034757136339064,-0.4674205891246751,-3.0,0.3675985146268304,0.11489220975971487,3.0,-1.0,3.0,0.0,776.0,-281.25,0,0,3.0,3.0,-187.5,17125.0,0.0,0.0,8817.5,8307.5,-187.5,-93.75
4505,2019-07-23,13:47:34,154.3125,154.375,154.3125,154.3125,288,44447.59375,154.33192274305554,0.0,0.0,154.4465338045529,154.77579581587608,-0.32926201132318056,1.0000000000000118,0.0016601562499999997,-1.4878892733564086,-0.5413870509510866,0.0016601562499999802,0,4505,-0.39766700541483757,0.3675985146268304,0.04074501503251631,-80.81037914955118,0.0,-20.0,-2.034757136339064,-0.4674205891246751,-3.0,0.40652802976847674,0.03892951514164633,3.0,-1.0,3.0,0.0,776.0,-281.25,0,0,3.0,3.0,0.0,17125.0,0.0,0.0,8817.5,8307.5,0.0,0.0
4506,2019-07-23,13:51:14,154.3125,154.3125,154.1875,154.21875,288,44426.28125,154.25792100694446,-0.09375,-0.0006077180375427815,154.39591518131894,154.75865594461837,-0.3627407632994277,1.000000000000005,0.0026367187499999997,-1.6872427983539058,-0.5184205276797867,0.0026367187499999863,0,4506,-0.3585811177726277,0.40652802976847674,0.05134898976610919,-70.6422394971517,0.0,-20.0,-2.034757136339064,-0.4674205891246751,-3.0,0.4378794122219168,0.031351382453440046,3.0,-1.0,3.0,0.0,776.0,-375.0,0,0,3.0,3.0,-281.25,16843.75,0.0,0.0,8817.5,8026.25,-281.25,0.0
4507,2019-07-23,13:53:57,154.21875,154.28125,154.15625,154.21875,288,44412.96875,154.21169704861111,0.0,0.0,154.35654514102586,154.74204345401475,-0.3854983129888865,1.0000000000000022,0.00263671875,3.251028806584363,-1.7355817665801556,0.002636718749999995,0,4507,-0.32608533452832156,0.4378794122219168,0.05134898976610927,-75.07417667704894,0.0,-20.0,-2.034757136339064,-0.4674205891246751,-3.0,0.4235199522741788,-0.014359459947737963,-3.0,-1.0,3.0,0.0,776.0,-375.0,0,0,-3.0,3.0,0.0,16843.75,0.0,6.0,8832.5,8011.25,-15.0,-15.0
4508,2019-07-23,13:56:52,154.21875,154.28125,154.21875,154.25,287,44268.9375,154.24716898954705,0.03125,0.00020261371764185299,154.33286844302012,154.72690365542968,-0.3940352124095625,0.9999999999999989,0.0046875,1.7447916666666667,-0.846307423922913,0.004687500000000004,-1,4508,-0.3410848517223478,0.4235199522741788,0.0684653196881458,-57.55252647681516,0.0,-20.0,-2.034757136339064,-0.4674205891246751,-3.0,0.4087030695900636,-0.01481688268411524,-3.0,-1.0,-3.0,1.0,777.0,31.25,0,0,-3.0,-3.0,-93.75,16750.0,0.0,0.0,8832.5,7917.5,-93.75,-15.0
4509,2019-07-23,13:59:49,154.25,154.28125,154.21875,154.28125,288,44423.96875,154.24989149305554,0.03125,0.0002025726736389899,154.32139767790454,154.71319123526263,-0.39179355735808485,0.999999999999998,0.0032226562500000003,1.0743801652892546,-0.2669003066972995,0.003222656250000007,-1,4509,-0.3563566024373404,0.4087030695900636,0.05676844413932803,-69.01608160979318,0.0,-20.0,-2.034757136339064,-0.4674205891246751,-3.0,0.39424219486220724,-0.014460874727856343,-3.0,-1.0,-3.0,0.0,777.0,62.5,0,0,-3.0,-3.0,-93.75,16656.25,0.0,0.0,8832.5,7823.75,-93.75,-93.75
4510,2019-07-23,14:01:18,154.28125,154.40625,154.28125,154.375,288,44451.28125,154.3447265625,0.09375,0.000607471923105507,154.33330930503686,154.70278535110072,-0.369476046063852,0.999999999999999,0.0037109375,-0.8171745152354575,0.08099829095409096,0.003710937500000004,-1,4510,-0.37106445437395064,0.39424219486220724,0.060917464655056056,-60.651907980084665,0.0,-20.0,-2.034757136339064,-0.4674205891246751,-3.0,0.33088883690396925,-0.06335335795823799,-3.0,-1.0,-3.0,0.0,777.0,156.25,0,0,-3.0,-3.0,-281.25,16375.0,0.0,0.0,8832.5,7542.5,-281.25,-93.75
4511,2019-07-23,14:02:48,154.375,154.40625,154.3125,154.3125,288,44454.125,154.35460069444446,-0.0625,-0.00040494027684356837,154.32868501502867,154.69077657106686,-0.36209155603819454,0.999999999999999,0.0037109375,-0.8171745152354575,0.08099829095409096,0.003710937500000004,0,4511,-0.43330153174376973,0.33088883690396925,0.060917464655056056,-59.439695674882536,0.0,-20.0,-2.034757136339064,-0.4674205891246751,-3.0,0.38529536022295535,0.0544065233189861,3.0,-1.0,-3.0,0.0,777.0,93.75,0,0,3.0,-3.0,187.5,16562.5,0.0,6.0,8847.5,7715.0,172.5,172.5
4512,2019-07-23,14:05:31,154.3125,154.375,154.28125,154.28125,288,44443.59375,154.31803385416666,-0.03125,-0.00020253164626193865,154.31814390057787,154.6781757534956,-0.36003185291772866,0.9999999999999981,0.00634765625,-2.2603550295857993,0.0,0.006347656250000013,0,4512,-0.38006844225319275,0.38529536022295535,0.07967217989988734,-45.18915553335297,0.0,-20.0,-2.034757136339064,-0.4674205891246751,-3.0,0.4412329626927919,0.055937602469836534,3.0,-1.0,3.0,1.0,778.0,-31.25,0,0,3.0,3.0,-93.75,16468.75,0.0,0.0,8847.5,7621.25,-93.75,172.5
4513,2019-07-23,14:09:15,154.28125,154.34375,154.28125,154.3125,288,44438.28125,154.29958767361111,0.03125,0.00020253164626193865,154.31688970044948,154.6669241918496,-0.3500344914001232,0.9999999999999991,0.005175781250000001,1.1285154859380562,1.032658539398995,0.005175781250000004,-1,4513,-0.3225535705184908,0.4412329626927919,0.0719429027076334,-48.65448546364856,0.0,-20.0,-2.034757136339064,-0.4674205891246751,-3.0,0.5477768717641709,0.106543909071379,3.0,-1.0,3.0,0.0,778.0,0.0,0,0,3.0,3.0,93.75,16562.5,0.0,0.0,8847.5,7715.0,93.75,93.75
4514,2019-07-23,14:13:10,154.3125,154.4375,154.3125,154.4375,287,44304.25,154.37020905923345,0.125,0.0008097166434302139,154.34369198923852,154.65986498594657,-0.31617299670804755,0.9999999999999957,0.004199218750000001,-1.963223363980531,0.23551393640880605,0.004199218750000019,-1,4514,-0.20424609331105723,0.5477768717641709,0.06480137922914928,-48.791090632500776,0.0,-20.0,-2.034757136339064,-0.4674205891246751,-3.0,0.6008184459730233,0.05304157420885236,3.0,-1.0,3.0,0.0,778.0,125.0,0,0,3.0,3.0,375.0,16937.5,0.0,0.0,8847.5,8090.0,375.0,375.0
4515,2019-07-23,14:18:52,154.4375,154.46875,154.40625,154.4375,288,44477.09375,154.43435329861111,0.0,0.0,154.3645382138522,154.653022986379,-0.28848477252680027,0.9999999999999908,0.00263671875,-1.6872427983539187,0.5184205276797864,0.0026367187500000245,0,4515,-0.14040811810439296,0.6008184459730233,0.05134898976610956,-56.18119730121756,0.0,-20.0,-2.034757136339064,-0.4674205891246751,-3.0,0.6112017091955437,0.010383263222520478,3.0,-1.0,3.0,0.0,778.0,125.0,0,0,3.0,3.0,0.0,16937.5,0.0,0.0,8847.5,8090.0,0.0,375.0
4516,2019-07-23,14:26:14,154.4375,154.53125,154.40625,154.53125,288,44485.53125,154.46365017361111,0.09375,0.0006068575082576189,154.4015852774406,154.64927612525966,-0.24769084781905804,0.999999999999989,0.00244140625,-1.2000000000000028,0.0,0.0024414062500000273,-1,4516,-0.1274723748437284,0.6112017091955437,0.0494105884401312,-50.1291030199276,0.0,-20.0,-2.034757136339064,-0.4674205891246751,-3.0,0.710576451611187,0.09937474241564326,3.0,-1.0,3.0,0.0,778.0,218.75,0,0,3.0,3.0,281.25,17218.75,0.0,0.0,8847.5,8371.25,281.25,281.25
4517,2019-07-23,14:30:17,154.53125,154.59375,154.53125,154.5625,287,44361.90625,154.5711019163763,0.03125,0.0002022040245490686,154.43734410467604,154.64660609063628,-0.20926198596023937,0.9999999999999857,0.0012695312500000003,-0.17751479289942415,0.4047960089109369,0.0012695312500000185,-1,4517,0.004918953094444912,0.710576451611187,0.03563048203434832,-58.731168935213304,0.0,-20.0,-2.034757136339064,-0.4674205891246751,-3.0,0.8079758568434142,0.09739940523222723,3.0,-1.0,3.0,0.0,778.0,250.0,0,0,3.0,3.0,93.75,17312.5,0.0,0.0,8847.5,8465.0,93.75,281.25
4518,2019-07-23,14:33:08,154.5625,154.65625,154.5625,154.625,287,44370.53125,154.60115418118468,0.0625,0.0004042854310171151,154.47904541474804,154.6459412878475,-0.1668958730994632,0.9999999999999722,0.0007812499999999996,0.31250000000000827,1.2577882373436324,0.0007812500000000213,-1,4518,0.15468686618356248,0.8079758568434142,0.027950849718747752,-59.710482786331696,0.0,-20.0,-2.034757136339064,-0.4674205891246751,-3.0,0.917681499197248,0.10970564235383373,3.0,-1.0,3.0,0.0,778.0,312.5,0,0,3.0,3.0,187.5,17500.0,0.0,0.0,8847.5,8652.5,187.5,187.5
4519,2019-07-23,14:38:02,154.625,154.6875,154.59375,154.65625,287,44383.5,154.64634146341464,0.03125,0.00020208143950739554,154.51842421147072,154.64625847899066,-0.12783426751994398,0.9999999999999387,0.00029296875000000053,-3.3333333333331896,0.6085806194501694,0.0002929687500000185,-1,4519,0.36795338393909666,0.917681499197248,0.01711632992203698,-74.68555940567583,0.0,-20.0,-2.034757136339064,-0.4674205891246751,-3.0,0.9673485814386595,0.049667082241411586,3.0,-1.0,3.0,0.0,778.0,343.75,0,0,3.0,3.0,93.75,17593.75,0.0,0.0,8847.5,8746.25,93.75,187.5
4520,2019-07-23,14:42:45,154.65625,154.71875,154.65625,154.6875,287,44394.5,154.68466898954705,0.03125,0.00020204061084960756,154.5559966089217,154.6475274488679,-0.09153083994618783,0.9999999999999243,0.0002929687499999992,-3.3333333333337323,-0.6085806194501595,0.00029296875000002135,-1,4520,0.5048027798216287,0.9673485814386595,0.017116329922037064,-53.47573946231486,0.0,-20.0,-2.034757136339064,-0.4674205891246751,-3.0,0.9952316642994392,0.027883082860779673,3.0,-1.0,3.0,0.0,778.0,375.0,0,0,3.0,3.0,93.75,17687.5,0.0,0.0,8847.5,8840.0,93.75,93.75
4521,2019-07-23,14:48:23,154.6875,154.78125,154.6875,154.75,288,44560.21875,154.72298177083334,0.0625,0.00040395880169619147,154.59910847360578,154.6506804504412,-0.05157197683541881,0.999999999999996,0.0026367187499999997,3.2510288065843675,-1.7355817665801567,0.00263671875000001,-1,4521,0.6347642881449364,0.9952316642994392,0.051348989766109424,-10.0434257948063,0.0,-10.0434257948063,-0.8859923734889766,-0.4674205891246751,-1.0,0.9999908937999378,0.004759229500498563,3.0,-1.0,3.0,0.0,778.0,437.5,0,0,3.0,3.0,187.5,17875.0,2.0,0.0,8847.5,9027.5,187.5,187.5
4522,2019-07-23,14:52:05,154.75,154.8125,154.75,154.8125,287,44422.40625,154.78190331010452,0.0625,0.00040379568487303175,154.6465288128045,154.65565951350456,-0.009130700700069383,0.9999999999999986,0.00322265625,-2.2314049586776847,-0.5671631517317617,0.003222656250000004,-1,4522,0.7040827008994371,0.9999908937999378,0.05676844413932801,-1.6084112993584443,0.0,-1.6084112993584443,0.08721861523098273,-0.4674205891246751,-0.0,0.999819585219092,-0.00017130858084579703,-1.0,-1.0,3.0,0.0,778.0,500.0,0,0,-1.0,3.0,187.5,18062.5,1.0,4.0,8857.5,9205.0,177.5,187.5
4523,2019-07-23,14:56:58,154.8125,154.8125,154.71875,154.75,286,44266.0,154.7762237762238,-0.0625,-0.00040379568487303175,154.66952240995906,154.65856229770444,0.010960112254622345,1.000000000000001,0.0041015625,-3.163265306122449,0.4414786044290983,0.004101562499999996,0,4523,0.7204104597734082,0.999819585219092,0.06404344228724745,1.7113558958096102,1.7113558958096102,0.0,0.2727931097101266,-0.28042130444629276,-0.0,0.9845995493056003,-0.015220035913491636,-0.0,-1.0,-1.0,1.0,779.0,-62.5,0,0,-0.0,-1.0,62.5,18125.0,0.0,1.0,8860.0,9265.0,60.0,177.5
4524,2019-07-23,15:02:31,154.75,154.75,154.65625,154.71875,288,44558.0625,154.71549479166666,-0.03125,-0.00020195900300912228,154.68046187441263,154.66041422700584,0.020047647406784108,1.0000000000000022,0.00322265625,-2.2314049586776847,0.5671631517317617,0.003222656249999993,0,4524,0.8198368536665341,0.9845995493056003,0.056768444139327905,3.5314773393438044,3.5314773393438044,0.0,0.2727931097101266,-0.0815372448523296,0.0,0.9185204934035057,-0.06607905590209462,-0.0,-1.0,-0.0,0.0,779.0,-93.75,0,0,-0.0,-0.0,0.0,18125.0,0.0,0.0,8860.0,9265.0,0.0,60.0
4525,2019-07-23,15:11:48,154.71875,154.8125,154.65625,154.65625,287,44409.78125,154.7379137630662,-0.0625,-0.00040404040953667675,154.6750814578765,154.66028609694416,0.014795360932339463,1.0000000000000078,0.0016601562499999997,-1.4878892733564004,0.5413870509510853,0.001660156249999987,0,4525,0.929063261906754,0.9185204934035057,0.040745015032516395,3.6312076263886723,3.6312076263886723,0.0,0.2727931097101266,-0.07063974984043597,0.0,0.8000337280452113,-0.11848676535829439,-0.0,-1.0,-0.0,0.0,779.0,-156.25,0,0,-0.0,-0.0,0.0,18125.0,0.0,0.0,8860.0,9265.0,0.0,0.0
4526,2019-07-23,15:24:36,154.65625,154.75,154.65625,154.6875,287,44402.5,154.71254355400697,0.03125,0.00020204061084960756,154.67784113390394,154.66112344780743,0.016717686096512807,1.0000000000000058,0.00126953125,-0.17751479289940755,-0.4047960089109363,0.0012695312499999929,-1,4526,0.989941542022515,0.8000337280452113,0.03563048203434796,4.691961809665352,4.691961809665352,0.0,0.2727931097101266,0.04526850394712595,0.0,0.617824958434505,-0.1822087696107063,0.0,1.0,-0.0,0.0,779.0,-125.0,0,0,0.0,-0.0,-0.0,18125.0,0.0,0.0,8860.0,9265.0,-0.0,-0.0
4527,2019-07-23,15:36:21,154.6875,154.75,154.65625,154.6875,287,44402.59375,154.71287020905925,0.0,0.0,154.67998754859195,154.66193503402877,0.018052514563180466,1.0000000000000058,0.0017578124999999998,-2.4074074074074083,-0.1656346649999846,0.0017578124999999899,0,4527,0.9928773546415739,0.617824958434505,0.04192627457812093,4.305775970994834,4.305775970994834,0.0,0.2727931097101266,0.0030701068976660695,0.0,0.36329525284489533,-0.2545297055896097,0.0,1.0,0.0,0.0,779.0,-125.0,0,0,0.0,0.0,0.0,18125.0,0.0,0.0,8860.0,9265.0,0.0,0.0
4528,2019-07-23,15:47:19,154.6875,154.71875,154.65625,154.6875,287,44391.03125,154.67258275261324,0.0,0.0,154.6816569822382,154.66272164836636,0.018935333871837656,1.0000000000000058,0.0017578124999999998,-2.4074074074074083,-0.1656346649999846,0.0017578124999999899,0,4528,0.9156815845081456,0.36329525284489533,0.04192627457812093,4.516340662835565,4.516340662835565,0.0,0.2727931097101266,0.02607844014334254,0.0,0.04620192257742589,-0.31709333026746944,0.0,1.0,0.0,0.0,779.0,-125.0,0,0,0.0,0.0,0.0,18125.0,0.0,0.0,8860.0,9265.0,0.0,0.0
4529,2019-07-23,16:00:46,154.6875,154.6875,154.5625,154.625,287,44380.21875,154.63490853658536,-0.0625,-0.0004041220503570031,154.66906654174085,154.6615609822628,0.007505559478033774,1.000000000000016,0.001171875,-3.333333333333344,0.6085806194501838,0.001171874999999981,0,4529,0.7390213694570608,0.04620192257742589,0.03423265984407261,2.192514257501777,2.192514257501777,0.0,0.2727931097101266,-0.2278452916638134,0.0,-0.2852522350607079,-0.3314541576381338,0.0,1.0,0.0,0.0,779.0,-187.5,0,0,0.0,0.0,-0.0,18125.0,0.0,0.0,8860.0,9265.0,-0.0,-0.0
4530,2019-07-23,16:18:00,154.625,154.6875,154.5625,154.5625,287,44378.53125,154.6290287456446,-0.0625,-0.0004042854310171151,154.64538508802067,154.65851295203936,-0.013127864018684932,1.0000000000000238,0.001171875,2.916666666666707,1.293233816331645,0.0011718749999999722,0,4530,0.4760244604969695,-0.2852522350607079,0.03423265984407248,-3.8348945359435964,0.0,-3.8348945359435964,-0.16966748178934055,-0.4674205891246751,-1.0,-0.4816908473063636,-0.19643861224565567,0.0,1.0,0.0,0.0,779.0,-250.0,0,0,0.0,0.0,-0.0,18125.0,-1.0,0.0,8860.0,9265.0,-0.0,-0.0
4531,2019-07-23,16:32:59,154.5625,154.5625,154.46875,154.5,288,44498.40625,154.50835503472223,-0.0625,-0.00040444894383462326,154.61307729068275,154.65363563043815,-0.04055833975539258,1.0000000000000058,0.0037109375,4.168975069252068,1.9439589828981862,0.003710937499999978,0,4531,0.27905995220802854,-0.4816908473063636,0.06091746465505585,-6.657916573687615,0.0,-6.657916573687615,-0.4953807416792654,-0.4674205891246751,-1.0,-0.6649576155026167,-0.1832667681962531,-1.0,1.0,0.0,0.0,779.0,-312.5,0,0,-1.0,0.0,-0.0,18125.0,0.0,1.0,8862.5,9262.5,-2.5,-0.0
4532,2019-07-23,16:51:14,154.5,154.5,154.40625,154.40625,287,44327.09375,154.44980400696863,-0.09375,-0.0006069802917769707,154.56711567053105,154.64602376488622,-0.07890809435517099,1.0000000000000053,0.0036132812500000006,2.607742878013145,1.5174736878455115,0.003613281249999981,0,4532,0.057928647662203826,-0.6649576155026167,0.060110575192722795,-13.12715676104924,0.0,-13.12715676104924,-1.241785580984147,-0.4674205891246751,-2.0,-0.8726290795131348,-0.20767146401051817,-1.0,1.0,-1.0,1.0,780.0,-93.75,0,0,-1.0,-1.0,93.75,18218.75,-1.0,0.0,8862.5,9356.25,93.75,93.75
4533,2019-07-23,17:01:21,154.40625,154.46875,154.34375,154.46875,288,44469.09375,154.40657552083334,0.0625,0.00040469446120905417,154.54525663263527,154.64056918750515,-0.09531255486987789,1.0000000000000022,0.00419921875,-1.963223363980531,0.23551393640880577,0.00419921874999999,-1,4533,-0.2717026212407022,-0.8726290795131348,0.06480137922914905,-14.708414543591111,0.0,-14.708414543591111,-1.4242271702427316,-0.4674205891246751,-2.0,-0.9780792391970573,-0.10545015968392246,-2.0,1.0,-1.0,0.0,780.0,-31.25,0,0,-2.0,-1.0,-62.5,18156.25,0.0,1.0,8865.0,9291.25,-65.0,93.75
4534,2019-07-23,17:17:45,154.46875,154.5,154.40625,154.4375,288,44481.0,154.44791666666666,-0.03125,-0.0002023267584041477,154.5213107142719,154.6343209048127,-0.11301019054081962,1.0000000000000027,0.005078125,-2.507396449704141,0.2276977550124023,0.005078124999999987,0,4534,-0.5443634629921948,-0.9780792391970573,0.07126096406869603,-15.858639020358616,0.0,-15.858639020358616,-1.5569372089615645,-0.4674205891246751,-2.0,-0.9979586703002589,-0.01987943110320156,-2.0,1.0,-2.0,0.0,780.0,-62.5,0,0,-2.0,-2.0,62.5,18218.75,0.0,0.0,8865.0,9353.75,62.5,62.5
4535,2019-07-23,17:26:53,154.4375,154.5,154.4375,154.46875,287,44331.78125,154.46613675958187,0.03125,0.0002023267584041477,154.50963055554482,154.62922641543386,-0.11959585988904564,1.0000000000000022,0.00419921875,-1.963223363980531,0.23551393640880577,0.00419921874999999,-1,4535,-0.7508213566464784,-0.9979586703002589,0.06480137922914905,-18.455758397693,0.0,-18.455758397693,-1.8565863818709183,-0.4674205891246751,-2.0,-0.9691273107027422,0.028831359597516704,-2.0,1.0,-2.0,0.0,780.0,-31.25,0,0,-2.0,-2.0,-62.5,18156.25,0.0,0.0,8865.0,9291.25,-62.5,62.5
4536,2019-07-23,17:42:16,154.46875,154.5,154.375,154.375,288,44480.3125,154.44552951388889,-0.09375,-0.0006071031249907932,154.47971265431264,154.62140406418976,-0.1416914098771258,1.000000000000004,0.003125,-2.3242187499999987,-0.052407843222650706,0.003124999999999987,0,4536,-0.8596213463957327,-0.9691273107027422,0.05590169943749463,-25.346529945043127,0.0,-20.0,-2.034757136339064,-0.4674205891246751,-3.0,-0.9059561244107869,0.06317118629195528,-2.0,1.0,-2.0,0.0,780.0,-125.0,0,0,-2.0,-2.0,187.5,18343.75,-1.0,0.0,8865.0,9478.75,187.5,187.5
4537,2019-07-23,17:44:48,154.375,154.40625,154.25,154.3125,288,44446.6875,154.32877604166666,-0.0625,-0.00040494027684356837,154.44255428668762,154.6118993237532,-0.16934503706556825,1.0000000000000049,0.00341796875,-2.897959183673469,0.381801774160606,0.003417968749999984,0,4537,-0.9399766391274377,-0.9059561244107869,0.058463396668342694,-28.96599354742363,0.0,-20.0,-2.034757136339064,-0.4674205891246751,-3.0,-0.85791488376755,0.04804124064323689,3.0,1.0,-2.0,0.0,780.0,-187.5,0,0,3.0,-2.0,125.0,18468.75,0.0,5.0,8877.5,9591.25,112.5,187.5
4538,2019-07-23,17:50:57,154.3125,154.34375,154.3125,154.34375,287,44291.96875,154.32741724738676,0.03125,0.0002024906355000411,154.42059777853484,154.60364857533003,-0.183050796795186,1.0000000000000073,0.00263671875,-1.6872427983539093,0.5184205276797864,0.002636718749999981,-1,4538,-0.9699431243582384,-0.85791488376755,0.05134898976610914,-35.648373537428654,0.0,-20.0,-2.034757136339064,-0.4674205891246751,-3.0,-0.7412289901367117,0.11668589363083826,3.0,-1.0,3.0,1.0,781.0,31.25,0,0,3.0,3.0,93.75,18562.5,0.0,0.0,8877.5,9685.0,93.75,112.5
4539,2019-07-23,18:00:40,154.34375,154.34375,154.25,154.28125,288,44441.0,154.30902777777777,-0.0625,-0.00040502228176197974,154.38963160552711,154.59372861916606,-0.20409701363894328,1.0000000000000056,0.0017578124999999998,-2.4074074074074083,-0.1656346649999846,0.00175781249999999,0,4539,-0.9987750637529423,-0.7412289901367117,0.04192627457812094,-48.67997829348055,0.0,-20.0,-2.034757136339064,-0.4674205891246751,-3.0,-0.5903187657948353,0.1509102243418764,3.0,-1.0,3.0,0.0,781.0,-31.25,0,0,3.0,3.0,-187.5,18375.0,0.0,0.0,8877.5,9497.5,-187.5,93.75
4540,2019-07-23,18:14:07,154.28125,154.34375,154.25,154.28125,288,44435.21875,154.28895399305554,0.0,0.0,154.36554680429887,154.5841138924225,-0.21856708812362058,1.0000000000000056,0.0017578124999999998,-2.4074074074074083,-0.1656346649999846,0.00175781249999999,0,4540,-0.9881739344135698,-0.5903187657948353,0.04192627457812094,-52.13129244678442,0.0,-20.0,-2.034757136339064,-0.4674205891246751,-3.0,-0.30953512651803256,0.2807836392768028,3.0,-1.0,3.0,0.0,781.0,-31.25,0,0,3.0,3.0,0.0,18375.0,0.0,0.0,8877.5,9497.5,0.0,0.0
4541,2019-07-23,18:23:30,154.28125,154.3125,154.25,154.28125,288,44433.0,154.28125,0.0,0.0,154.34681418112135,154.5747950034249,-0.2279808223035502,1.000000000000011,0.001171875,-3.3333333333333304,-0.6085806194501845,0.0011718749999999872,0,4541,-0.8912537462116815,-0.30953512651803256,0.03423265984407269,-66.59746082892374,0.0,-20.0,-2.034757136339064,-0.4674205891246751,-3.0,-0.23118790101385855,0.078347225504174,3.0,-1.0,3.0,0.0,781.0,-31.25,0,0,3.0,3.0,0.0,18375.0,0.0,0.0,8877.5,9497.5,0.0,0.0
4542,2019-07-23,18:39:41,154.28125,154.28125,154.21875,154.21875,288,44420.125,154.23654513888889,-0.0625,-0.0004051863912808429,154.3183554742055,154.5638397725503,-0.2454842983447918,1.0000000000000002,0.001953125,2.0,0.0,0.0019531249999999993,0,4542,-0.8514251682732453,-0.23118790101385855,0.044194173824159216,-55.54675585101563,0.0,-20.0,-2.034757136339064,-0.4674205891246751,-3.0,-0.043772106692744825,0.18741579432111372,3.0,-1.0,3.0,0.0,781.0,-93.75,0,0,3.0,3.0,-187.5,18187.5,0.0,0.0,8877.5,9310.0,-187.5,0.0
4543,2019-07-23,18:48:50,154.21875,154.28125,154.15625,154.21875,288,44414.875,154.21831597222223,0.0,0.0,154.29622092438208,154.5532216257026,-0.25700070132052133,0.9999999999999992,0.0021484375,0.8677685950413228,-0.5516180692881075,0.0021484375000000023,0,4543,-0.7373806025165375,-0.043772106692744825,0.046351240544347916,-55.44634799464069,0.0,-20.0,-2.034757136339064,-0.4674205891246751,-3.0,0.14360537715680735,0.18737748384955216,3.0,-1.0,3.0,0.0,781.0,-93.75,0,0,3.0,3.0,0.0,18187.5,0.0,0.0,8877.5,9310.0,0.0,0.0
4544,2019-07-23,18:59:27,154.21875,154.28125,154.21875,154.28125,288,44423.59375,154.24858940972223,0.0625,0.0004051863912808429,154.2928940522972,154.54485326798869,-0.2519592156914712,0.9999999999999992,0.0021484375,0.8677685950413228,-0.5516180692881075,0.0021484375000000023,-1,4544,-0.5982333056994361,0.14360537715680735,0.046351240544347916,-54.35867794097156,0.0,-20.0,-2.034757136339064,-0.4674205891246751,-3.0,0.2089303536371891,0.06532497648038174,3.0,-1.0,3.0,0.0,781.0,-31.25,0,0,3.0,3.0,187.5,18375.0,0.0,0.0,8877.5,9497.5,187.5,187.5
4545,2019-07-23,19:01:18,154.25,154.3125,154.25,154.3125,288,44434.5625,154.28667534722223,0.03125,0.00020253164626193865,154.2972509295645,154.53770393666596,-0.24045300710145057,0.9999999999999892,0.00078125,0.3124999999999976,1.257788237343632,0.0007812500000000085,-1,4545,-0.5437652343143372,0.2089303536371891,0.027950849718747523,-86.02708308369284,0.0,-20.0,-2.034757136339064,-0.4674205891246751,-3.0,0.27480735330392014,0.06587699966673105,3.0,-1.0,3.0,0.0,781.0,0.0,0,0,3.0,3.0,93.75,18468.75,0.0,0.0,8877.5,9591.25,93.75,187.5
4546,2019-07-23,19:16:32,154.3125,154.3125,154.25,154.3125,288,44431.1875,154.27495659722223,0.0,0.0,154.30063961188353,154.53077458476855,-0.2301349728850255,0.9999999999999829,0.0006835937499999997,-0.6122448979591795,0.5122408325718838,0.0006835937500000114,0,4546,-0.48556453748915684,0.27480735330392014,0.02614562582919008,-88.02044915218403,0.0,-20.0,-2.034757136339064,-0.4674205891246751,-3.0,0.43913233519658557,0.16432498189266542,3.0,-1.0,3.0,0.0,781.0,0.0,0,0,3.0,3.0,0.0,18468.75,0.0,0.0,8877.5,9591.25,0.0,93.75
4547,2019-07-23,19:32:36,154.3125,154.34375,154.28125,154.3125,288,44442.25,154.31336805555554,0.0,0.0,154.3032752536872,154.52405844369875,-0.22078319001155933,1.0000000000000007,0.00146484375,2.0000000000000013,-1.3608276348795436,0.0014648437499999993,0,4547,-0.3247671128070092,0.43913233519658557,0.03827327723098715,-57.6859903266415,0.0,-20.0,-2.034757136339064,-0.4674205891246751,-3.0,0.49639055665385007,0.0572582214572645,3.0,-1.0,3.0,0.0,781.0,0.0,0,0,3.0,3.0,0.0,18468.75,0.0,0.0,8877.5,9591.25,0.0,0.0
4548,2019-07-23,19:55:50,154.3125,154.34375,154.28125,154.34375,287,44293.125,154.33144599303137,0.03125,0.0002024906355000411,154.31226964175673,154.51851049158495,-0.20624084982821955,1.0000000000000056,0.0017578124999999998,-2.4074074074074083,-0.1656346649999846,0.0017578124999999903,-1,4548,-0.26283778143800424,0.49639055665385007,0.04192627457812094,-49.19131306167745,0.0,-20.0,-2.034757136339064,-0.4674205891246751,-3.0,0.6319879339567922,0.13559737730294213,3.0,-1.0,3.0,0.0,781.0,31.25,0,0,3.0,3.0,93.75,18562.5,0.0,0.0,8877.5,9685.0,93.75,93.75
4549,2019-07-23,20:10:27,154.34375,154.40625,154.28125,154.28125,288,44450.65625,154.34255642361111,-0.0625,-0.00040502228176197974,154.305376388033,154.51121016876698,-0.2058337807339683,1.0000000000000058,0.0037109375,-0.8171745152354669,-0.0809982909540922,0.003710937499999978,0,4549,-0.1011094054025816,0.6319879339567922,0.06091746465505585,-33.7889605057431,0.0,-20.0,-2.034757136339064,-0.4674205891246751,-3.0,0.7330225146063293,0.10103458064953708,3.0,-1.0,3.0,0.0,781.0,-31.25,0,0,3.0,3.0,-187.5,18375.0,0.0,0.0,8877.5,9497.5,-187.5,93.75
4550,2019-07-23,20:20:53,154.28125,154.3125,154.21875,154.21875,288,44427.625,154.26258680555554,-0.0625,-0.0004051863912808429,154.28612607958124,154.5022113943434,-0.21608531476215376,1.0000000000000075,0.00322265625,1.0743801652892628,0.2669003066972998,0.003222656249999975,0,4550,0.0373480640038299,0.7330225146063293,0.05676844413932775,-38.06433627664903,0.0,-20.0,-2.034757136339064,-0.4674205891246751,-3.0,0.7452230605045534,0.012200545898224169,3.0,-1.0,3.0,0.0,781.0,-93.75,0,0,3.0,3.0,-187.5,18187.5,0.0,0.0,8877.5,9310.0,-187.5,-187.5
4551,2019-07-23,20:25:51,154.21875,154.21875,154.09375,154.09375,288,44399.15625,154.16373697916666,-0.125,-0.0008108656434560046,154.24337583967431,154.48964335144055,-0.2462675117662343,1.0000000000000047,0.0046875,1.7447916666666619,0.8463074239229124,0.004687499999999978,0,4551,0.0554426878994972,0.7452230605045534,0.0684653196881456,-35.9696723666762,0.0,-20.0,-2.034757136339064,-0.4674205891246751,-3.0,0.7456179692771875,0.00039490877263403945,3.0,-1.0,3.0,0.0,781.0,-218.75,0,0,3.0,3.0,-375.0,17812.5,0.0,0.0,8877.5,8935.0,-375.0,-187.5
4552,2019-07-23,20:38:44,154.09375,154.15625,154.0625,154.0625,288,44384.4375,154.11263020833334,-0.03125,-0.0002028191873897356,154.2031812086356,154.47650047908857,-0.27331927045295856,1.0000000000000042,0.00458984375,1.4350384789497497,0.4220089568642772,0.004589843749999981,0,4552,0.056034194217396534,0.7456179692771875,0.06774838558962111,-40.34328907976671,0.0,-20.0,-2.034757136339064,-0.4674205891246751,-3.0,0.7967726664794,0.05115469720221255,3.0,-1.0,3.0,0.0,781.0,-250.0,0,0,3.0,3.0,-93.75,17718.75,0.0,0.0,8877.5,8841.25,-93.75,-93.75
4553,2019-07-23,20:54:17,154.0625,154.1875,154.03125,154.125,289,44541.625,154.12326989619376,0.0625,0.0004055972474983349,154.1858076067166,154.465685079732,-0.27987747301540367,1.0000000000000029,0.00458984375,1.4350384789497508,-0.4220089568642765,0.004589843749999987,-1,4553,0.13611345514125303,0.7967726664794,0.06774838558962115,-41.31131252495558,0.0,-20.0,-2.034757136339064,-0.4674205891246751,-3.0,0.8671081498583619,0.0703354833789619,3.0,-1.0,3.0,0.0,781.0,-187.5,0,0,3.0,3.0,187.5,17906.25,0.0,0.0,8877.5,9028.75,187.5,187.5
4554,2019-07-23,22:38:05,154.125,154.15625,154.0,154.09375,288,44372.59375,154.07150607638889,-0.03125,-0.00020277806010859933,154.1653503607796,154.45424092343256,-0.2888905626529663,0.9999999999999974,0.0032226562500000003,-2.231404958677686,0.5671631517317615,0.0032226562500000085,0,4554,0.260914078269895,0.8671081498583619,0.05676844413932804,-50.889286650861145,0.0,-20.0,-2.034757136339064,-0.4674205891246751,-3.0,0.907688060728576,0.040579910870214064,3.0,-1.0,3.0,0.0,781.0,-218.75,0,0,3.0,3.0,-93.75,17812.5,0.0,0.0,8877.5,8935.0,-93.75,187.5
4555,2019-07-24,00:06:29,154.09375,154.125,154.03125,154.09375,288,44374.34375,154.07758246527777,0.0,0.0,154.14943916949525,154.44314889501928,-0.29370972552402463,0.999999999999994,0.00244140625,-1.1999999999999993,0.0,0.0024414062500000147,0,4555,0.34509817155972466,0.907688060728576,0.049410588440131076,-59.442669030323636,0.0,-20.0,-2.034757136339064,-0.4674205891246751,-3.0,0.9233092569307718,0.01562119620219582,3.0,-1.0,3.0,0.0,781.0,-218.75,0,0,3.0,3.0,0.0,17812.5,0.0,0.0,8877.5,8935.0,0.0,0.0
4556,2019-07-24,00:30:37,154.09375,154.21875,154.09375,154.1875,288,44397.21875,154.15700954861111,0.09375,0.0006082108651757068,154.15789713182966,154.43528277517257,-0.27738564334291027,0.9999999999999981,0.002734375,0.5357142857142883,1.0885117692152515,0.0027343750000000055,-1,4556,0.38130870963815394,0.9233092569307718,0.05229125165837977,-53.04628107873158,0.0,-20.0,-2.034757136339064,-0.4674205891246751,-3.0,0.9340065323773609,0.01069727544658905,3.0,-1.0,3.0,0.0,781.0,-125.0,0,0,3.0,3.0,281.25,18093.75,0.0,0.0,8877.5,9216.25,281.25,281.25
4557,2019-07-24,00:56:22,154.1875,154.25,154.125,154.21875,288,44408.03125,154.19455295138889,0.03125,0.00020265477828029788,154.17141999142308,154.4286202282442,-0.25720023682112014,0.9999999999999981,0.002734375,0.5357142857142883,1.0885117692152515,0.0027343750000000055,-1,4557,0.4078242640170238,0.9340065323773609,0.05229125165837977,-49.18609302018942,0.0,-20.0,-2.034757136339064,-0.4674205891246751,-3.0,0.9253720816495175,-0.008634450727843412,-3.0,-1.0,3.0,0.0,781.0,-93.75,0,0,-3.0,3.0,93.75,18187.5,0.0,6.0,8892.5,9295.0,78.75,281.25
4558,2019-07-24,01:26:34,154.21875,154.25,154.15625,154.1875,288,44407.8125,154.19379340277777,-0.03125,-0.00020265477828029788,154.1749933266624,154.42120114429824,-0.24620781763584887,0.9999999999999964,0.003125,-2.3242187499999987,0.052407843222650706,0.0031250000000000114,0,4558,0.38630095248519664,0.9253720816495175,0.055901699437494845,-44.04299334605029,0.0,-20.0,-2.034757136339064,-0.4674205891246751,-3.0,0.8925328454801547,-0.032839236169362795,-3.0,-1.0,-3.0,1.0,782.0,-31.25,0,0,-3.0,-3.0,93.75,18281.25,0.0,0.0,8892.5,9388.75,93.75,93.75
4559,2019-07-24,02:18:32,154.1875,154.21875,154.125,154.15625,288,44402.71875,154.17610677083334,-0.03125,-0.00020269585556320635,154.17082814295964,154.41304880139677,-0.2422206584371338,1.0000000000000002,0.001953125,-1.750000000000001,0.8838834764831844,0.0019531249999999993,0,4559,0.31222331844535706,0.8925328454801547,0.044194173824159216,-54.80827843979771,0.0,-20.0,-2.034757136339064,-0.4674205891246751,-3.0,0.8651751527808842,-0.027357692699270464,-3.0,-1.0,-3.0,0.0,782.0,-62.5,0,0,-3.0,-3.0,93.75,18375.0,0.0,0.0,8892.5,9482.5,93.75,93.75
4560,2019-07-24,03:57:37,154.15625,154.21875,154.125,154.21875,289,44561.03125,154.190419550173,0.0625,0.0004053506338435042,154.18147744452418,154.4070703767384,-0.2255929322142265,1.0000000000000022,0.0016601562499999997,2.6643598615916986,1.7143923280117699,0.0016601562499999963,-1,4560,0.25717852504292416,0.8651751527808842,0.040745015032516506,-55.367001836713605,0.0,-20.0,-2.034757136339064,-0.4674205891246751,-3.0,0.8597352944536656,-0.005439858327218605,-3.0,-1.0,-3.0,0.0,782.0,0.0,0,0,-3.0,-3.0,-187.5,18187.5,0.0,0.0,8892.5,9295.0,-187.5,93.75
4561,2019-07-24,05:31:00,154.21875,154.25,154.1875,154.1875,288,44414.71875,154.2177734375,-0.03125,-0.00020265477828029788,154.1828157901855,154.40031436514647,-0.21749857496098457,1.000000000000003,0.00224609375,1.4555765595463157,1.118079933149378,0.0022460937499999933,0,4561,0.24677702523737322,0.8597352944536656,0.04739297152532212,-45.89258026261866,0.0,-20.0,-2.034757136339064,-0.4674205891246751,-3.0,0.8772363826783708,0.017501088224705197,3.0,-1.0,-3.0,0.0,782.0,-31.25,0,0,3.0,-3.0,93.75,18281.25,0.0,6.0,8907.5,9373.75,78.75,78.75
4562,2019-07-24,06:11:24,154.1875,154.25,154.1875,154.1875,288,44416.5625,154.22417534722223,0.0,0.0,154.18385672569983,154.39376623083427,-0.20990950513444773,0.9999999999999993,0.003125,-2.32421875,-0.052407843222651435,0.0031250000000000023,0,4562,0.28084705230423895,0.8772363826783708,0.05590169943749476,-37.54975380831729,0.0,-20.0,-2.034757136339064,-0.4674205891246751,-3.0,0.9518608931318592,0.07462451045348839,3.0,-1.0,3.0,1.0,783.0,0.0,0,0,3.0,3.0,0.0,18281.25,0.0,0.0,8907.5,9373.75,0.0,78.75
4563,2019-07-24,06:31:55,154.1875,154.1875,154.09375,154.125,288,44398.28125,154.16069878472223,-0.0625,-0.00040543280506710744,154.1707774533221,154.3854965006548,-0.21471904733269298,1.0000000000000004,0.00244140625,-1.2000000000000004,0.0,0.002441406249999999,0,4563,0.4563176208542117,0.9518608931318592,0.049410588440130916,-43.45607978193997,0.0,-20.0,-2.034757136339064,-0.4674205891246751,-3.0,0.999793003138582,0.04793211000672282,3.0,-1.0,3.0,0.0,783.0,-62.5,0,0,3.0,3.0,-187.5,18093.75,0.0,0.0,8907.5,9186.25,-187.5,0.0
4564,2019-07-24,07:02:31,154.125,154.25,154.125,154.1875,288,44408.15625,154.19498697916666,0.0625,0.00040543280506710744,154.1744935748061,154.37940430063466,-0.20491072582856873,0.9999999999999971,0.0048828125,0.1999999999999993,0.0,0.004882812500000014,-1,4564,0.69257377136107,0.999793003138582,0.06987712429686853,-29.32443598537606,0.0,-20.0,-2.034757136339064,-0.4674205891246751,-3.0,0.9191610504223192,-0.08063195271626278,-3.0,-1.0,3.0,0.0,783.0,0.0,0,0,-3.0,3.0,187.5,18281.25,0.0,6.0,8922.5,9358.75,172.5,172.5
4565,2019-07-24,07:15:00,154.1875,154.21875,154.15625,154.21875,288,44405.90625,154.18717447916666,0.03125,0.00020265477828029788,154.18432833596032,154.3744610913844,-0.19013275542408792,0.9999999999999971,0.0048828125,0.1999999999999993,0.0,0.004882812500000014,-1,4565,0.9284615852186312,0.9191610504223192,0.06987712429686853,-27.209585016166518,0.0,-20.0,-2.034757136339064,-0.4674205891246751,-3.0,0.6194165605025457,-0.29974448991977354,3.0,-1.0,-3.0,1.0,784.0,31.25,0,0,3.0,-3.0,-93.75,18187.5,0.0,6.0,8937.5,9250.0,-108.75,172.5
4566,2019-07-24,07:15:18,154.21875,154.375,154.21875,154.34375,288,44444.875,154.32248263888889,0.125,0.0008102086730428226,154.21975537241357,154.37351613472643,-0.1537607623128565,0.9999999999999879,0.0021484374999999997,0.8677685950413263,0.5516180692881066,0.002148437500000026,-1,4566,0.9931166657653686,0.6194165605025457,0.04635124054434817,-33.17295513714256,0.0,-20.0,-2.034757136339064,-0.4674205891246751,-3.0,0.3347463217036363,-0.2846702387989094,-3.0,1.0,3.0,1.0,785.0,125.0,0,0,-3.0,3.0,375.0,18562.5,0.0,6.0,8952.5,9610.0,360.0,360.0
4567,2019-07-24,07:18:37,154.34375,154.34375,154.3125,154.34375,287,44291.46875,154.325675087108,0.0,0.0,154.24730973409945,154.37260025365794,-0.12529051955849013,0.9999999999999895,0.0031249999999999993,-2.3242187499999987,-0.05240784322265203,0.0031250000000000323,0,4567,0.9030139708922303,0.3347463217036363,0.05590169943749503,-22.412649493523954,0.0,-20.0,-2.034757136339064,-0.4674205891246751,-3.0,-0.2186977052924828,-0.553444026996119,-3.0,1.0,-3.0,1.0,786.0,0.0,0,0,-3.0,-3.0,-0.0,18562.5,0.0,0.0,8952.5,9610.0,-0.0,360.0
4568,2019-07-24,07:25:43,154.34375,154.4375,154.34375,154.40625,288,44460.46875,154.37662760416666,0.0625,0.0004048583051252663,154.28262979318848,154.37363563046847,-0.09100583727999378,0.9999999999999895,0.0031249999999999993,-2.3242187499999987,-0.05240784322265203,0.0031250000000000323,-1,4568,0.5353469758924387,-0.2186977052924828,0.05590169943749503,-16.279619080587967,0.0,-16.279619080587967,-1.6055088410397664,-0.4674205891246751,-2.0,-0.34457817259075385,-0.12588046729827104,-3.0,1.0,-3.0,0.0,786.0,62.5,0,0,-3.0,-3.0,-187.5,18375.0,1.0,0.0,8952.5,9422.5,-187.5,-0.0
4569,2019-07-24,07:30:00,154.40625,154.53125,154.375,154.53125,288,44481.8125,154.45073784722223,0.125,0.0008092252110625253,154.33787872803552,154.37848530337715,-0.04060657534162715,0.9999999999999927,0.0027343750000000003,0.535714285714287,1.0885117692152513,0.0027343750000000206,-1,4569,0.4201483217269262,-0.34457817259075385,0.05229125165837992,-7.7654624920648185,0.0,-7.7654624920648185,-0.62316663450237,-0.4674205891246751,-1.0,-0.3295766452184093,0.015001527372344559,-2.0,1.0,-3.0,0.0,786.0,187.5,0,0,-2.0,-3.0,-375.0,18000.0,1.0,1.0,8955.0,9045.0,-377.5,-187.5
4570,2019-07-24,07:31:50,154.53125,154.625,154.53125,154.5625,287,44364.34375,154.5795949477352,0.03125,0.0002022040245490686,154.38779456624985,154.3841472940425,0.0036472722073597197,0.9999999999999927,0.0027343750000000003,0.535714285714287,1.0885117692152513,0.0027343750000000206,-1,4570,0.43455401249226266,-0.3295766452184093,0.05229125165837992,0.697491854122644,0.697491854122644,0.0,0.2727931097101266,-0.39120588819116253,-0.0,-0.307021416704201,0.02255522851420827,-1.0,1.0,-2.0,0.0,786.0,218.75,0,0,-1.0,-2.0,-62.5,17937.5,1.0,1.0,8957.5,8980.0,-65.0,-65.0
4571,2019-07-24,07:33:12,154.5625,154.59375,154.53125,154.5625,287,44361.75,154.5705574912892,0.0,0.0,154.42661799597212,154.38963506961042,0.036982926361702084,0.9999999999999934,0.00263671875,3.2510288065843675,1.7355817665801556,0.0026367187500000175,0,4571,0.45585844043816587,-0.307021416704201,0.05134898976610949,7.202269514971245,7.202269514971245,0.0,0.2727931097101266,0.31956898484899976,1.0,-0.34018620978076497,-0.03316479307656395,-0.0,1.0,-1.0,0.0,786.0,218.75,0,0,-0.0,-1.0,-0.0,17937.5,1.0,1.0,8960.0,8977.5,-2.5,-2.5
4572,2019-07-24,07:37:04,154.5625,154.5625,154.46875,154.5625,288,44499.375,154.51171875,0.0,0.0,154.45681399686723,154.3949539905455,0.06186000632172295,0.9999999999999902,0.0014648437500000002,2.0000000000000058,1.3608276348795423,0.0014648437500000145,0,4572,0.42438560835308536,-0.34018620978076497,0.03827327723098735,16.162714770513297,16.162714770513297,0.0,0.2727931097101266,1.2986738322328777,2.0,-0.40560390992804546,-0.06541770014728049,1.0,1.0,-0.0,0.0,786.0,218.75,0,0,1.0,-0.0,-0.0,17937.5,1.0,1.0,8962.5,8975.0,-2.5,-2.5
4573,2019-07-24,07:41:55,154.5625,154.625,154.53125,154.59375,287,44359.75,154.56358885017423,0.03125,0.00020216314634691201,154.48724421978565,154.40107079083643,0.08617342894922331,0.9999999999999902,0.0014648437500000002,2.0000000000000058,1.3608276348795423,0.0014648437500000145,-1,4573,0.359524929992183,-0.40560390992804546,0.03827327723098735,22.515299233234817,20.0,0.0,0.2727931097101266,1.7179727020810263,2.0,-0.47038581140512004,-0.06478190147707458,2.0,1.0,1.0,1.0,787.0,31.25,0,0,2.0,1.0,31.25,17968.75,0.0,1.0,8965.0,9003.75,28.75,28.75
4574,2019-07-24,07:45:45,154.59375,154.6875,154.5625,154.6875,287,44388.21875,154.6627831010453,0.09375,0.0006062443350272062,154.53174550427772,154.40988399727226,0.1218615070054625,0.9999999999999943,0.0021484374999999997,0.8677685950413286,0.5516180692881066,0.0021484375000000114,-1,4574,0.29138106883018844,-0.47038581140512004,0.04635124054434802,26.290883604046723,20.0,0.0,0.2727931097101266,1.7179727020810263,2.0,-0.5416295243060306,-0.07124371290091058,2.0,1.0,2.0,0.0,787.0,125.0,0,0,2.0,2.0,187.5,18156.25,0.0,0.0,8965.0,9191.25,187.5,187.5
4575,2019-07-24,07:49:50,154.6875,154.75,154.6875,154.71875,287,44404.9375,154.72103658536585,0.03125,0.0002019997986870692,154.5733020588827,154.41938756658698,0.15391449229571208,0.9999999999999984,0.0037109375,-0.8171745152354575,0.08099829095409096,0.0037109375000000055,-1,4575,0.21141628929603823,-0.5416295243060306,0.06091746465505607,25.266069946812433,20.0,0.0,0.2727931097101266,1.7179727020810263,2.0,-0.6259383531507133,-0.08430882884468271,2.0,1.0,2.0,0.0,787.0,156.25,0,0,2.0,2.0,62.5,18218.75,0.0,0.0,8965.0,9253.75,62.5,187.5
4576,2019-07-24,07:56:06,154.71875,154.75,154.65625,154.6875,287,44402.125,154.71123693379792,-0.03125,-0.0002019997986870692,154.59867937913097,154.42763717992278,0.17104219920818764,0.9999999999999993,0.00361328125,-0.021913805697588867,0.5901286563843656,0.0036132812500000028,0,4576,0.10884790710960343,-0.6259383531507133,0.060110575192722976,28.45459366505848,20.0,0.0,0.2727931097101266,1.7179727020810263,2.0,-0.7165507113145841,-0.09061235816387081,2.0,1.0,2.0,0.0,787.0,125.0,0,0,2.0,2.0,-62.5,18156.25,0.0,0.0,8965.0,9191.25,-62.5,62.5
4577,2019-07-24,08:02:03,154.6875,154.71875,154.625,154.625,288,44547.3125,154.67816840277777,-0.0625,-0.0004041220503570031,154.60452840599075,154.433709882079,0.17081852391174834,1.0000000000000018,0.0016601562499999997,-1.4878892733564004,-0.5413870509510851,0.0016601562499999967,0,4577,-0.013446137461881945,-0.7165507113145841,0.04074501503251651,41.923784731807515,20.0,0.0,0.2727931097101266,1.7179727020810263,2.0,-0.7640207173565344,-0.047470006041950286,2.0,1.0,2.0,0.0,787.0,62.5,0,0,2.0,2.0,-125.0,18031.25,0.0,0.0,8965.0,9066.25,-125.0,-62.5
4578,2019-07-24,08:16:41,154.625,154.65625,154.59375,154.625,287,44375.3125,154.61781358885017,0.0,0.0,154.6090776491039,154.4395957318612,0.169481917242706,1.000000000000006,0.00244140625,-1.1999999999999993,0.0,0.0024414062499999853,0,4578,-0.08402479646657536,-0.7640207173565344,0.04941058844013078,34.30072836474348,20.0,0.0,0.2727931097101266,1.7179727020810263,2.0,-0.8359021063893601,-0.0718813890328257,2.0,1.0,2.0,0.0,787.0,62.5,0,0,2.0,2.0,0.0,18031.25,0.0,0.0,8965.0,9066.25,0.0,0.0
4579,2019-07-24,08:29:41,154.625,154.6875,154.625,154.65625,287,44387.75,154.66114982578398,0.03125,0.00020208143950739554,154.6195603937475,154.44626201703474,0.17329837671275072,1.0000000000000067,0.00263671875,-1.6872427983539093,0.5184205276797864,0.0026367187499999824,-1,4579,-0.20295629929326459,-0.8359021063893601,0.05134898976610915,33.74913070385844,20.0,0.0,0.2727931097101266,1.7179727020810263,2.0,-0.872276589688728,-0.03637448329936788,2.0,1.0,2.0,0.0,787.0,93.75,0,0,2.0,2.0,62.5,18093.75,0.0,0.0,8965.0,9128.75,62.5,62.5
4580,2019-07-24,08:48:09,154.65625,154.6875,154.5625,154.5625,287,44369.125,154.5962543554007,-0.09375,-0.0006063668705245107,154.60688030624806,154.44983857035675,0.15704173589131187,1.0000000000000029,0.0032226562500000003,-2.231404958677686,-0.5671631517317615,0.003222656249999991,0,4580,-0.27100840116243763,-0.872276589688728,0.05676844413932789,27.663561732620558,20.0,0.0,0.2727931097101266,1.7179727020810263,2.0,-0.9099179326987369,-0.037641343010008876,2.0,1.0,2.0,0.0,787.0,0.0,0,0,2.0,2.0,-187.5,17906.25,0.0,0.0,8965.0,8941.25,-187.5,62.5
4581,2019-07-24,09:07:45,154.5625,154.5625,154.5,154.5,288,44505.03125,154.53135850694446,-0.0625,-0.00040444894383462326,154.58312912708183,154.45138199896118,0.1317471281206508,1.0000000000000002,0.005859375,-1.75,-0.17010345435994295,0.005859375,0,4581,-0.3501095021497654,-0.9099179326987369,0.07654655446197431,17.211372745209353,17.211372745209353,0.0,0.2727931097101266,1.4132603373663835,2.0,-0.9418808627854608,-0.031962930086723906,2.0,1.0,2.0,0.0,787.0,-62.5,0,0,2.0,2.0,-125.0,17781.25,0.0,0.0,8965.0,8816.25,-125.0,-125.0
4582,2019-07-24,09:35:22,154.5,154.59375,154.46875,154.53125,287,44352.65625,154.5388719512195,0.03125,0.00020224491928555466,154.5716004321748,154.45383947591623,0.11776095625856442,1.0000000000000016,0.007031249999999999,-1.53935185185185,0.812645075156174,0.007031249999999988,-1,4582,-0.42845988701230947,-0.9418808627854608,0.08385254915624205,14.04381350877491,14.04381350877491,0.0,0.2727931097101266,1.0671422021263592,1.0,-0.9621350416065979,-0.020254178821137114,2.0,1.0,2.0,0.0,787.0,-31.25,0,0,2.0,2.0,62.5,17843.75,-1.0,0.0,8965.0,8878.75,62.5,62.5
4583,2019-07-24,09:59:42,154.53125,154.65625,154.53125,154.625,287,44374.5625,154.61520034843207,0.09375,0.0006064894555661837,154.58346700280262,154.45910595358038,0.12436104922224445,0.9999999999999998,0.00654296875,-2.412564045444421,-0.36326900585846356,0.006542968750000003,-1,4583,-0.4875938382226378,-0.9621350416065979,0.08088861940965492,15.374356754987542,15.374356754987542,0.0,0.2727931097101266,1.2125302163229663,1.0,-0.9599634163016975,0.0021716253049004486,1.0,1.0,2.0,0.0,787.0,62.5,0,0,1.0,2.0,187.5,18031.25,0.0,1.0,8967.5,9063.75,185.0,185.0
4584,2019-07-24,10:22:53,154.625,154.625,154.5,154.53125,288,44514.34375,154.56369357638889,-0.09375,-0.0006064894555661837,154.57186322440205,154.4613257703933,0.11053745400874959,0.9999999999999998,0.00654296875,-2.412564045444421,-0.36326900585846356,0.006542968750000003,0,4584,-0.48071807189322296,-0.9599634163016975,0.08088861940965492,13.665390114886268,13.665390114886268,0.0,0.2727931097101266,1.0257920048143827,1.0,-0.9731915461145764,-0.013228129812878908,1.0,1.0,1.0,0.0,787.0,-31.25,0,0,1.0,1.0,-93.75,17937.5,0.0,0.0,8967.5,8970.0,-93.75,185.0
4585,2019-07-24,10:56:18,154.53125,154.65625,154.53125,154.59375,287,44369.65625,154.59810540069685,0.0625,0.0004043671708959806,154.57672695231273,154.46540036207352,0.11132659023920155,1.0000000000000002,0.00634765625,-2.2603550295857993,0.0,0.00634765625,-1,4585,-0.5255185265423075,-0.9731915461145764,0.07967217989988726,13.973081994127675,13.973081994127675,0.0,0.2727931097101266,1.0594133932470151,1.0,-0.9849000967859054,-0.011708550671329032,1.0,1.0,1.0,0.0,787.0,31.25,0,0,1.0,1.0,62.5,18000.0,0.0,0.0,8967.5,9032.5,62.5,62.5
4586,2019-07-24,11:12:00,154.59375,154.59375,154.5,154.53125,288,44500.90625,154.51703559027777,-0.0625,-0.0004043671708959806,154.56662096290992,154.46742650477896,0.09919445813096672,1.0000000000000002,0.00634765625,-2.2603550295857993,0.0,0.00634765625,0,4586,-0.5740126279572215,-0.9849000967859054,0.07967217989988726,12.45032560369383,12.45032560369383,0.0,0.2727931097101266,0.8930223132572783,1.0,-0.9991368671637633,-0.014236770377857866,1.0,1.0,1.0,0.0,787.0,-31.25,0,0,1.0,1.0,-62.5,17937.5,0.0,0.0,8967.5,8970.0,-62.5,62.5
4587,2019-07-24,11:31:01,154.53125,154.5625,154.5,154.53125,287,44346.40625,154.5170949477352,0.0,0.0,154.55876074892996,154.46939030463193,0.08937044429802654,0.9999999999999983,0.00419921875,-1.9632233639805285,0.235513936408806,0.004199218750000006,0,4587,-0.6771236718552469,-0.9991368671637633,0.06480137922914918,13.79144168860925,13.79144168860925,0.0,0.2727931097101266,1.0395656179923891,1.0,-0.9843302088609065,0.014806658302856768,1.0,1.0,1.0,0.0,787.0,-31.25,0,0,1.0,1.0,0.0,17937.5,0.0,0.0,8967.5,8970.0,0.0,0.0
4588,2019-07-24,11:43:49,154.53125,154.65625,154.53125,154.625,287,44363.96875,154.57828832752614,0.09375,0.0006064894555661837,154.5734805825011,154.47417829525867,0.09930228724243761,1.0,0.00341796875,2.000000000000002,1.1454053224818188,0.00341796875,-1,4588,-0.8207142553091039,-0.9843302088609065,0.05846339666834283,16.98537767242123,16.98537767242123,0.0,0.2727931097101266,1.388565931570548,2.0,-0.948526139495563,0.03580406936534353,1.0,1.0,1.0,0.0,787.0,62.5,0,0,1.0,1.0,93.75,18031.25,1.0,0.0,8967.5,9063.75,93.75,93.75
4589,2019-07-24,11:57:24,154.625,154.6875,154.59375,154.59375,288,44534.84375,154.63487413194446,-0.03125,-0.0002021222846702031,154.57798489750087,154.47785742463535,0.10012747286552326,0.9999999999999954,0.0026367187499999997,-1.6872427983539058,0.5184205276797867,0.002636718750000012,0,4589,-0.8946491710295905,-0.948526139495563,0.05134898976610944,19.499404627354096,19.499404627354096,0.0,0.2727931097101266,1.6632728136315773,2.0,-0.8367695105123896,0.1117566289831734,2.0,1.0,1.0,0.0,787.0,31.25,0,0,2.0,1.0,-31.25,18000.0,0.0,1.0,8970.0,9030.0,-33.75,93.75
4590,2019-07-24,12:02:37,154.59375,154.625,154.5625,154.59375,287,44368.40625,154.59375,0.0,0.0,154.5814882536118,154.4814233500312,0.10006490358060205,0.9999999999999954,0.0026367187499999997,-1.6872427983539058,0.5184205276797867,0.002636718750000012,0,4590,-0.9788654477826136,-0.8367695105123896,0.05134898976610944,19.48721952201781,19.48721952201781,0.0,0.2727931097101266,1.6619413512588497,2.0,-0.5828591392644851,0.2539103712479045,-2.0,1.0,2.0,0.0,787.0,31.25,0,0,-2.0,2.0,0.0,18000.0,0.0,4.0,8980.0,9020.0,-10.0,-10.0
4591,2019-07-24,12:09:03,154.59375,154.65625,154.59375,154.65625,287,44375.375,154.61803135888502,0.0625,0.00040420372417759864,154.59810197503143,154.48680263156874,0.1112993434626901,0.9999999999999964,0.00390625,-0.1874999999999988,0.9374999999999997,0.003906250000000015,-1,4591,-0.9867196777944957,-0.5828591392644851,0.06250000000000011,17.807894954030385,17.807894954030385,0.0,0.2727931097101266,1.478442119027018,2.0,0.17524734227243674,0.7581064815369218,-2.0,-1.0,-2.0,1.0,788.0,62.5,0,0,-2.0,-2.0,-125.0,17875.0,0.0,0.0,8980.0,8895.0,-125.0,-10.0
4592,2019-07-24,12:15:18,154.65625,154.71875,154.65625,154.65625,287,44391.125,154.67290940766551,0.0,0.0,154.6110237583578,154.49201639675127,0.11900736160652059,0.9999999999999944,0.003125,0.3124999999999976,1.257788237343632,0.0031250000000000175,0,4592,-0.5722453222505117,0.17524734227243674,0.0559016994374949,21.28868403000623,20.0,0.0,0.2727931097101266,1.7179727020810263,2.0,0.860559147718827,0.6853118054463903,-2.0,-1.0,-2.0,0.0,788.0,62.5,0,0,-2.0,-2.0,-0.0,17875.0,0.0,0.0,8980.0,8895.0,-0.0,-0.0
4593,2019-07-24,12:23:21,154.65625,154.8125,154.65625,154.78125,287,44416.71875,154.7620862369338,0.125,0.0008079176363517959,154.64885181205608,154.50091589223584,0.14793591982024168,0.999999999999998,0.005078125,-0.17751479289940755,0.4047960089109363,0.0050781250000000114,-1,4593,0.24834200154016786,0.860559147718827,0.0712609640686962,20.759741571504723,20.0,0.0,0.2727931097101266,1.7179727020810263,2.0,0.9307253211736657,0.07016617345483867,-2.0,-1.0,-2.0,0.0,788.0,187.5,0,0,-2.0,-2.0,-250.0,17625.0,0.0,0.0,8980.0,8645.0,-250.0,-0.0
4594,2019-07-24,12:30:35,154.78125,154.8125,154.75,154.78125,287,44422.4375,154.78201219512195,0.0,0.0,154.67827363159918,154.50954155709013,0.1687320745090517,0.999999999999998,0.005078125,-0.17751479289940755,0.4047960089109363,0.0050781250000000114,0,4594,0.9167245608449796,0.9307253211736657,0.0712609640686962,23.678051049995968,20.0,0.0,0.2727931097101266,1.7179727020810263,2.0,0.7322558854240808,-0.19846943574958487,2.0,-1.0,-2.0,0.0,788.0,187.5,0,0,2.0,-2.0,-0.0,17625.0,0.0,4.0,8990.0,8635.0,-10.0,-10.0
4595,2019-07-24,12:36:27,154.78125,154.8125,154.71875,154.71875,287,44420.40625,154.77493466898954,-0.0625,-0.00040387722681511917,154.68726838013274,154.5159787399489,0.1712896401838293,0.9999999999999971,0.0048828125,0.1999999999999993,0.0,0.004882812500000015,0,4595,0.9993437516305517,0.7322558854240808,0.06987712429686853,24.512977874721365,20.0,0.0,0.2727931097101266,1.7179727020810263,2.0,0.4219170764102848,-0.310338809013796,-2.0,-1.0,2.0,1.0,789.0,-62.5,0,0,-2.0,2.0,-125.0,17500.0,0.0,4.0,9000.0,8500.0,-135.0,-10.0
4596,2019-07-24,12:45:51,154.71875,154.8125,154.65625,154.78125,287,44409.4375,154.73671602787456,0.0625,0.00040387722681511917,154.70815318454768,154.52414093256587,0.18401225198181237,0.9999999999999988,0.0021484375,0.8677685950413228,-0.5516180692881075,0.0021484375000000028,-1,4596,0.9394277758177236,0.4219170764102848,0.04635124054434792,39.69953119286056,20.0,0.0,0.2727931097101266,1.7179727020810263,2.0,0.17982125555593684,-0.24209582085434797,2.0,1.0,-2.0,1.0,790.0,62.5,0,0,2.0,-2.0,-125.0,17375.0,0.0,4.0,9010.0,8365.0,-135.0,-135.0
4597,2019-07-24,12:55:32,154.78125,154.84375,154.75,154.8125,287,44429.28125,154.8058580139373,0.03125,0.00020187746106703486,154.73134136575933,154.53301351925617,0.1983278465031617,1.000000000000001,0.003125,-2.32421875,0.052407843222651435,0.0031249999999999967,-1,4597,0.8227332760443699,0.17982125555593684,0.05590169943749471,35.4779637289771,20.0,0.0,0.2727931097101266,1.7179727020810263,2.0,-0.05340512601045568,-0.23322638156639253,2.0,1.0,2.0,1.0,791.0,31.25,0,0,2.0,2.0,62.5,17437.5,0.0,0.0,9010.0,8427.5,62.5,62.5
4598,2019-07-24,13:01:03,154.8125,154.8125,154.78125,154.8125,287,44426.6875,154.7968205574913,0.0,0.0,154.74937661781283,154.54161310327908,0.2077635145337524,0.9999999999999988,0.0021484375,0.8677685950413228,-0.5516180692881075,0.0021484375000000028,0,4598,0.6683345621393749,-0.05340512601045568,0.04635124054434792,44.82372253553139,20.0,0.0,0.2727931097101266,1.7179727020810263,2.0,-0.2677738733817406,-0.2143687473712849,2.0,1.0,2.0,0.0,791.0,31.25,0,0,2.0,2.0,0.0,17437.5,0.0,0.0,9010.0,8427.5,0.0,62.5
4599,2019-07-24,13:06:48,154.8125,154.8125,154.75,154.75,287,44421.34375,154.7782012195122,-0.0625,-0.00040379568487303175,154.7495151471878,154.54802500779357,0.2014901393942239,1.0000000000000049,0.00126953125,-0.17751479289940755,-0.4047960089109363,0.001269531249999994,0,4599,0.4919397830238763,-0.2677738733817406,0.035630482034347974,56.54993362143861,20.0,0.0,0.2727931097101266,1.7179727020810263,2.0,-0.4587619790491607,-0.19098810566742014,2.0,1.0,2.0,0.0,791.0,-31.25,0,0,2.0,2.0,-125.0,17312.5,0.0,0.0,9010.0,8302.5,-125.0,0.0
4600,2019-07-24,13:17:10,154.75,154.8125,154.71875,154.75,287,44418.6875,154.76894599303137,0.0,0.0,154.74962289225718,154.5542396229384,0.19538326931876782,1.000000000000017,0.0006835937499999997,-0.6122448979591795,-0.5122408325718838,0.000683593749999988,0,4600,0.30391252735038415,-0.4587619790491607,0.026145625829189632,74.72885544802567,20.0,0.0,0.2727931097101266,1.7179727020810263,2.0,-0.6367852183592789,-0.1780232393101182,2.0,1.0,2.0,0.0,791.0,-31.25,0,0,2.0,2.0,0.0,17312.5,0.0,0.0,9010.0,8302.5,0.0,0.0
4601,2019-07-24,13:31:14,154.75,154.75,154.71875,154.71875,287,44408.65625,154.733993902439,-0.03125,-0.00020195900300912228,154.74276224953337,154.55930148069416,0.18346076883921114,1.000000000000017,0.0006835937499999997,-0.6122448979591795,-0.5122408325718838,0.000683593749999988,0,4601,0.09493333960236702,-0.6367852183592789,0.026145625829189632,70.16881907427549,20.0,0.0,0.2727931097101266,1.7179727020810263,2.0,-0.7819274007962592,-0.1451421824369803,2.0,1.0,2.0,0.0,791.0,-62.5,0,0,2.0,2.0,-62.5,17250.0,0.0,0.0,9010.0,8240.0,-62.5,0.0
4602,2019-07-24,13:36:46,154.71875,154.75,154.65625,154.6875,287,44399.0,154.70034843205576,-0.03125,-0.0002019997986870692,154.73048174963708,154.56324605051898,0.16723569911809477,0.9999999999999992,0.00263671875,3.251028806584363,1.7355817665801556,0.0026367187500000028,0,4602,-0.11211736326011082,-0.7819274007962592,0.05134898976610935,32.56844971631192,20.0,0.0,0.2727931097101266,1.7179727020810263,2.0,-0.8836831425038033,-0.10175574170754409,2.0,1.0,2.0,0.0,791.0,-93.75,0,0,2.0,2.0,-62.5,17187.5,0.0,0.0,9010.0,8177.5,-62.5,-62.5
4603,2019-07-24,13:40:38,154.6875,154.71875,154.65625,154.6875,287,44395.15625,154.6869555749129,0.0,0.0,154.72093024971775,154.56706924896457,0.15386100075318154,0.9999999999999972,0.0041015625,-3.163265306122449,0.4414786044290983,0.0041015625000000114,0,4603,-0.2938718596378674,-0.8836831425038033,0.06404344228724758,24.024473897434238,20.0,0.0,0.2727931097101266,1.7179727020810263,2.0,-0.9441426081607992,-0.06045946565699589,2.0,1.0,2.0,0.0,791.0,-93.75,0,0,2.0,2.0,0.0,17187.5,0.0,0.0,9010.0,8177.5,0.0,0.0
4604,2019-07-24,13:45:00,154.6875,154.78125,154.625,154.78125,288,44549.71875,154.6865234375,0.09375,0.0006058770255021884,154.7343346386694,154.57365942591952,0.1606752127498794,0.9999999999999972,0.0041015625,-3.163265306122449,0.4414786044290983,0.0041015625000000114,-1,4604,-0.43459168483239563,-0.9441426081607992,0.06404344228724758,25.088472294980505,20.0,0.0,0.2727931097101266,1.7179727020810263,2.0,-0.9912096328275204,-0.04706702466672119,2.0,1.0,2.0,0.0,791.0,0.0,0,0,2.0,2.0,187.5,17375.0,0.0,0.0,9010.0,8365.0,187.5,187.5
4605,2019-07-24,13:45:02,154.78125,154.9375,154.78125,154.875,286,44293.65625,154.87292395104896,0.09375,0.0006055101607946867,154.765593607854,154.58293144358356,0.18266216427042536,0.999999999999998,0.005175781249999999,-2.7162691349234627,0.19669686464742817,0.0051757812500000085,-1,4605,-0.6073403613704631,-0.9912096328275204,0.07194290270763343,25.389879667872254,20.0,0.0,0.2727931097101266,1.7179727020810263,2.0,-0.9910412644494896,0.00016836837803080318,2.0,1.0,2.0,0.0,791.0,93.75,0,0,2.0,2.0,187.5,17562.5,0.0,0.0,9010.0,8552.5,187.5,187.5
4606,2019-07-24,13:45:21,154.875,154.875,154.78125,154.84375,287,44439.65625,154.84200783972125,-0.03125,-0.0002017959849442974,154.78296169499754,154.59095662993485,0.19200506506268766,0.999999999999998,0.005175781249999999,-2.7162691349234627,0.19669686464742817,0.0051757812500000085,0,4606,-0.6063336266699857,-0.9910412644494896,0.07194290270763343,26.68853463460756,20.0,0.0,0.2727931097101266,1.7179727020810263,2.0,-0.9988016445758918,-0.007760380126402233,2.0,1.0,2.0,0.0,791.0,62.5,0,0,2.0,2.0,-62.5,17500.0,0.0,0.0,9010.0,8490.0,-62.5,187.5
4607,2019-07-24,13:46:42,154.84375,154.84375,154.75,154.78125,287,44417.59375,154.7651350174216,-0.0625,-0.00040371417585038927,154.78258131833144,154.59681181055225,0.18576950777918455,0.999999999999998,0.005175781249999999,-2.7162691349234627,0.19669686464742817,0.0051757812500000085,0,4607,-0.6716525178378201,-0.9988016445758918,0.07194290270763343,25.82179767393145,20.0,0.0,0.2727931097101266,1.7179727020810263,2.0,-0.9997976291941102,-0.0009959846182183707,2.0,1.0,2.0,0.0,791.0,0.0,0,0,2.0,2.0,-125.0,17375.0,0.0,0.0,9010.0,8365.0,-125.0,-62.5
4608,2019-07-24,13:50:27,154.78125,154.84375,154.75,154.78125,287,44426.28125,154.7954050522648,0.0,0.0,154.78228546981333,154.60248683176604,0.1797986380472878,0.9999999999999983,0.00419921875,-1.9632233639805285,0.235513936408806,0.004199218750000006,0,4608,-0.7211886730102939,-0.9997976291941102,0.06480137922914918,27.74611284298254,20.0,0.0,0.2727931097101266,1.7179727020810263,2.0,-0.9998940195525683,-9.639035845809829e-05,2.0,1.0,2.0,0.0,791.0,0.0,0,0,2.0,2.0,0.0,17375.0,0.0,0.0,9010.0,8365.0,0.0,0.0
4609,2019-07-24,13:56:00,154.78125,154.875,154.78125,154.875,287,44434.71875,154.82480400696863,0.09375,0.0006055101607946867,154.80288869874371,154.6108718523271,0.19201684641660677,0.9999999999999976,0.0037109375,-0.8171745152354575,-0.08099829095409096,0.003710937500000009,-1,4609,-0.717326249471704,-0.9998940195525683,0.0609174646550561,31.520820425455696,20.0,0.0,0.2727931097101266,1.7179727020810263,2.0,-0.9772235320994066,0.022670487453161692,2.0,1.0,2.0,0.0,791.0,93.75,0,0,2.0,2.0,187.5,17562.5,0.0,0.0,9010.0,8552.5,187.5,187.5
4610,2019-07-24,14:00:43,154.875,154.9375,154.875,154.9375,287,44461.28125,154.917356271777,0.0625,0.0004034698461028441,154.83280232124514,154.62092194917858,0.21188037206655963,0.9999999999999976,0.0037109375,-0.8171745152354575,-0.08099829095409096,0.003710937500000009,-1,4610,-0.5409444499031311,-0.9772235320994066,0.0609174646550561,34.78154799552606,20.0,0.0,0.2727931097101266,1.7179727020810263,2.0,-0.6286442132362458,0.34857931886316085,2.0,1.0,2.0,0.0,791.0,156.25,0,0,2.0,2.0,125.0,17687.5,0.0,0.0,9010.0,8677.5,125.0,187.5
4611,2019-07-24,14:06:06,154.9375,154.9375,154.875,154.9375,286,44305.125,154.91302447552448,0.0,0.0,154.85606847207958,154.6306628122808,0.22540565979878124,1.0000000000000002,0.00634765625,-2.2603550295857993,0.0,0.00634765625,0,4611,0.10539343099542776,-0.6286442132362458,0.07967217989988726,28.291639576325966,20.0,0.0,0.2727931097101266,1.7179727020810263,2.0,-0.2973502224431278,0.33129399079311794,2.0,1.0,2.0,0.0,791.0,156.25,0,0,2.0,2.0,0.0,17687.5,0.0,0.0,9010.0,8677.5,0.0,125.0
4612,2019-07-24,14:14:17,154.9375,154.9375,154.84375,154.875,287,44454.09375,154.89231271777004,-0.0625,-0.0004034698461028441,154.86027547828414,154.63818087959524,0.2220945986888978,1.0000000000000024,0.0037109375,-0.8171745152354575,0.08099829095409096,0.003710937499999991,0,4612,0.4648649060729972,-0.2973502224431278,0.06091746465505595,36.458280059175884,20.0,0.0,0.2727931097101266,1.7179727020810263,2.0,-0.21902580873033722,0.07832441371279059,2.0,1.0,2.0,0.0,791.0,93.75,0,0,2.0,2.0,-125.0,17562.5,0.0,0.0,9010.0,8552.5,-125.0,0.0
4613,2019-07-24,14:20:34,154.875,154.875,154.75,154.78125,287,44430.625,154.81054006968643,-0.09375,-0.0006055101607946867,154.84271426088767,154.64258300637695,0.20013125451072256,1.0000000000000107,0.0016601562499999997,-1.4878892733564086,-0.5413870509510866,0.001660156249999982,0,4613,0.5350629332594758,-0.21902580873033722,0.04074501503251633,49.11797292282478,20.0,0.0,0.2727931097101266,1.7179727020810263,2.0,-0.4708951374182748,-0.2518693286879376,2.0,1.0,2.0,0.0,791.0,0.0,0,0,2.0,2.0,-187.5,17375.0,0.0,0.0,9010.0,8365.0,-187.5,-125.0
4614,2019-07-24,14:29:28,154.78125,154.8125,154.75,154.78125,287,44422.90625,154.78364547038328,0.0,0.0,154.829055536246,154.64684968310382,0.18220585314216464,1.0000000000000064,0.00244140625,-1.1999999999999993,0.0,0.002441406249999985,0,4614,0.2908288146854211,-0.4708951374182748,0.04941058844013077,36.87587193237693,20.0,0.0,0.2727931097101266,1.7179727020810263,2.0,-0.7238445607415026,-0.2529494233232278,2.0,1.0,2.0,0.0,791.0,0.0,0,0,2.0,2.0,0.0,17375.0,0.0,0.0,9010.0,8365.0,0.0,0.0
4615,2019-07-24,14:37:14,154.78125,154.8125,154.75,154.75,287,44419.0625,154.77025261324042,-0.03125,-0.0002019182238059969,154.81148763930244,154.65002353900834,0.16146410029409708,1.0000000000000044,0.0022460937500000003,1.455576559546311,-1.1180799331493774,0.0022460937499999907,0,4615,-0.023957824726516697,-0.7238445607415026,0.04739297152532209,34.06920796427097,20.0,0.0,0.2727931097101266,1.7179727020810263,2.0,-0.9697642001448512,-0.2459196394033486,2.0,1.0,2.0,0.0,791.0,-31.25,0,0,2.0,2.0,-62.5,17312.5,0.0,0.0,9010.0,8302.5,-62.5,0.0
4616,2019-07-24,14:46:48,154.75,154.8125,154.75,154.78125,287,44418.5625,154.76851045296166,0.03125,0.0002019182238059969,154.8047681639019,154.65406127626966,0.15070688763225348,1.0000000000000047,0.00068359375,-0.612244897959183,0.5122408325718831,0.0006835937499999967,-1,4616,-0.5131617875044842,-0.9697642001448512,0.0261456258291898,57.64133879098032,20.0,0.0,0.2727931097101266,1.7179727020810263,2.0,-0.992615140457049,-0.02285094031219781,2.0,1.0,2.0,0.0,791.0,0.0,0,0,2.0,2.0,62.5,17375.0,0.0,0.0,9010.0,8365.0,62.5,62.5
4617,2019-07-24,14:55:58,154.78125,154.78125,154.71875,154.78125,287,44418.875,154.7695993031359,0.0,0.0,154.79954190525706,154.65797477546135,0.1415671297957033,1.0000000000000004,0.0009765625,-3.0,0.0,0.0009765624999999996,0,4617,-0.7876613008355299,-0.992615140457049,0.031249999999999993,45.30148153462506,20.0,0.0,0.2727931097101266,1.7179727020810263,2.0,-0.8878203119100057,0.10479482854704336,2.0,1.0,2.0,0.0,791.0,0.0,0,0,2.0,2.0,0.0,17375.0,0.0,0.0,9010.0,8365.0,0.0,62.5
4618,2019-07-24,15:04:27,154.78125,154.78125,154.71875,154.75,287,44414.5625,154.7545731707317,-0.03125,-0.0002019182238059969,154.78853259297773,154.6608063208318,0.12772627214593513,1.0000000000000004,0.0009765625,-3.0,0.0,0.0009765624999999996,0,4618,-0.9531874306151641,-0.8878203119100057,0.031249999999999993,40.87240708669925,20.0,0.0,0.2727931097101266,1.7179727020810263,2.0,-0.6888580647194333,0.19896224719057232,-2.0,1.0,2.0,0.0,791.0,-31.25,0,0,-2.0,2.0,-62.5,17312.5,0.0,4.0,9020.0,8292.5,-72.5,0.0
4619,2019-07-24,15:16:26,154.75,154.8125,154.75,154.78125,287,44415.21875,154.75685975609755,0.03125,0.0002019182238059969,154.7869142389827,154.66451228019082,0.12240195879186899,1.0000000000000047,0.00068359375,-0.612244897959183,0.5122408325718831,0.0006835937499999967,-1,4619,-0.9996752596542183,-0.6888580647194333,0.0261456258291898,46.81546335571574,20.0,0.0,0.2727931097101266,1.7179727020810263,2.0,-0.4060431073210048,0.28281495739842855,-2.0,-1.0,-2.0,1.0,792.0,31.25,0,0,-2.0,-2.0,-62.5,17250.0,0.0,0.0,9020.0,8230.0,-62.5,-62.5
4620,2019-07-24,15:28:59,154.78125,154.84375,154.75,154.75,287,44422.8125,154.783318815331,-0.03125,-0.0002019182238059969,154.77871107476432,154.6671426715696,0.11156840319472394,1.0000000000000047,0.00068359375,-0.612244897959183,0.5122408325718831,0.0006835937499999967,0,4620,-0.9333081415421383,-0.4060431073210048,0.0261456258291898,42.67191916674852,20.0,0.0,0.2727931097101266,1.7179727020810263,2.0,-0.2731700412036109,0.1328730661173939,-2.0,-1.0,-2.0,0.0,792.0,0.0,0,0,-2.0,-2.0,62.5,17312.5,0.0,0.0,9020.0,8292.5,62.5,62.5
4621,2019-07-24,15:47:05,154.75,154.78125,154.71875,154.75,287,44413.28125,154.75010888501743,0.0,0.0,154.77233083592782,154.669692127829,0.10263870809882292,1.0000000000000047,0.00068359375,-0.612244897959183,0.5122408325718831,0.0006835937499999967,0,4621,-0.8733729026198611,-0.2731700412036109,0.0261456258291898,39.25655051034725,20.0,0.0,0.2727931097101266,1.7179727020810263,2.0,0.33962916090779444,0.6127992021114053,-2.0,-1.0,-2.0,0.0,792.0,0.0,0,0,-2.0,-2.0,-0.0,17312.5,0.0,0.0,9020.0,8292.5,-0.0,62.5
4622,2019-07-24,15:57:47,154.75,154.78125,154.75,154.75,287,44418.75,154.7691637630662,0.0,0.0,154.76736842794386,154.67216313928043,0.09520528866343625,1.0000000000000047,0.00068359375,-0.612244897959183,0.5122408325718831,0.0006835937499999967,0,4622,-0.42492186517508856,0.33962916090779444,0.0261456258291898,36.413467126553186,20.0,0.0,0.2727931097101266,1.7179727020810263,2.0,0.5770659462467711,0.23743678533897666,-2.0,-1.0,-2.0,0.0,792.0,0.0,0,0,-2.0,-2.0,-0.0,17312.5,0.0,0.0,9020.0,8292.5,-0.0,-0.0
4623,2019-07-24,16:10:38,154.75,154.78125,154.65625,154.71875,287,44402.40625,154.7122168989547,-0.03125,-0.00020195900300912228,154.75656433284524,154.67359658114873,0.08296775169651482,1.0000000000000009,0.00048828125,2.0,0.0,0.0004882812499999996,0,4623,-0.16944513438423403,0.5770659462467711,0.0220970869120796,37.54691830042069,20.0,0.0,0.2727931097101266,1.7179727020810263,2.0,0.7358858269845222,0.1588198807377511,-2.0,-1.0,-2.0,0.0,792.0,-31.25,0,0,-2.0,-2.0,62.5,17375.0,0.0,0.0,9020.0,8355.0,62.5,62.5
4624,2019-07-24,16:37:15,154.71875,154.78125,154.6875,154.75,287,44408.4375,154.73323170731706,0.03125,0.00020195900300912228,154.75510559221297,154.67594745557494,0.07915813663802851,0.9999999999999961,0.00126953125,-0.17751479289940755,0.4047960089109363,0.0012695312500000052,-1,4624,0.041563867811807646,0.7358858269845222,0.035630482034348133,22.21640913017098,20.0,0.0,0.2727931097101266,1.7179727020810263,2.0,0.8683437215291285,0.13245789454460632,-2.0,-1.0,-2.0,0.0,792.0,0.0,0,0,-2.0,-2.0,-62.5,17312.5,0.0,0.0,9020.0,8292.5,-62.5,62.5
4625,2019-07-24,16:49:00,154.75,154.78125,154.6875,154.75,287,44409.15625,154.73573606271776,0.0,0.0,154.75397101616565,154.6782259954034,0.07574502076224121,1.0000000000000013,0.00712890625,2.021017076374554,-1.3385038869326558,0.00712890624999999,0,4625,0.2633130161312106,0.8683437215291285,0.0844328505381643,8.971036780050897,8.971036780050897,0.0,0.2727931097101266,0.5128415905894662,1.0,0.9989889022204249,0.13064518069129638,-2.0,-1.0,-2.0,0.0,792.0,0.0,0,0,-2.0,-2.0,-0.0,17312.5,-1.0,0.0,9020.0,8292.5,-0.0,-0.0
4626,2019-07-24,17:01:01,154.75,154.84375,154.71875,154.8125,287,44423.125,154.78440766550523,0.0625,0.00040379568487303175,154.76697745701773,154.68235750323717,0.08461995378056031,1.0000000000000007,0.00751953125,3.7729802664867598,-1.8814382337850106,0.007519531249999996,-1,4626,0.6746021020171945,0.9989889022204249,0.08671523078444753,9.758372665916609,9.758372665916609,0.0,0.2727931097101266,0.5988735187342874,1.0,0.9960941663834723,-0.0028947358369526555,1.0,-1.0,-2.0,0.0,792.0,62.5,0,0,1.0,-2.0,-125.0,17187.5,0.0,3.0,9027.5,8160.0,-132.5,-0.0
4627,2019-07-24,17:04:13,154.78125,154.8125,154.65625,154.65625,287,44395.71875,154.68891550522648,-0.15625,-0.0010097950974188308,154.74237135545826,154.68155419544527,0.06081716001298787,0.9999999999999997,0.00947265625,2.6750983101286017,-1.5491313812566696,0.009472656250000001,0,4627,0.766780553372531,0.9960941663834723,0.09732757188998399,6.248708236730046,6.248708236730046,0.0,0.2727931097101266,0.21537366383790735,0.0,0.9993237237889435,0.0032295574054712617,-1.0,-1.0,1.0,1.0,793.0,-156.25,0,0,-1.0,1.0,-156.25,17031.25,-1.0,2.0,9032.5,7998.75,-161.25,-132.5
4628,2019-07-24,17:10:46,154.65625,154.6875,154.59375,154.6875,287,44383.59375,154.6466681184669,0.03125,0.00020204061084960756,154.730177720912,154.68173714327776,0.04844057763423848,0.9999999999999994,0.0095703125,3.750520616409832,-1.8383999115304401,0.009570312500000004,-1,4628,0.732629495835293,0.9993237237889435,0.09782797401561583,4.95160797529203,4.95160797529203,0.0,0.2727931097101266,0.07363995336951734,0.0,0.9855971128410224,-0.013726610947921158,0.0,-1.0,-1.0,1.0,794.0,31.25,0,0,0.0,-1.0,-31.25,17000.0,0.0,1.0,9035.0,7965.0,-33.75,-33.75
4629,2019-07-24,17:18:22,154.6875,154.78125,154.6875,154.78125,287,44402.9375,154.71406794425087,0.09375,0.0006058770255021884,154.7415271162649,154.68479907733075,0.056728038934153346,1.0000000000000002,0.0087890625,2.925925925925924,-1.4814814814814816,0.008789062499999998,-1,4629,0.5773432835141111,0.9855971128410224,0.09374999999999999,6.050990819643024,6.050990819643024,0.0,0.2727931097101266,0.19376914799508255,0.0,0.9988471219359966,0.013250009094974202,-0.0,-1.0,0.0,0.0,794.0,125.0,0,0,-0.0,0.0,0.0,17000.0,0.0,0.0,9035.0,7965.0,0.0,0.0
4630,2019-07-24,17:24:50,154.78125,154.84375,154.78125,154.8125,287,44431.71875,154.81435104529618,0.03125,0.00020187746106703486,154.75729886820605,154.68872833648982,0.06857053171623306,0.9999999999999953,0.0021484374999999997,0.8677685950413286,0.5516180692881066,0.0021484375000000097,-1,4630,0.6723473027850277,0.9988471219359966,0.046351240544348,14.793677776676994,14.793677776676994,0.0,0.2727931097101266,1.1490796191457637,1.0,0.9972310787962485,-0.001616043139748058,0.0,-1.0,-0.0,0.0,794.0,156.25,0,0,0.0,-0.0,-0.0,17000.0,1.0,0.0,9035.0,7965.0,-0.0,-0.0
4631,2019-07-24,17:30:52,154.8125,154.84375,154.75,154.8125,287,44429.03125,154.80498693379792,0.0,0.0,154.76956578638251,154.69253669536707,0.07702909101544719,0.9999999999999971,0.0022460937500000003,1.455576559546311,1.1180799331493774,0.0022460937500000068,0,4631,0.7577329598301894,0.9972310787962485,0.047392971525322264,16.25327311968405,16.25327311968405,0.0,0.2727931097101266,1.308569112669899,2.0,0.9376361875273104,-0.05959489126893813,1.0,-1.0,0.0,0.0,794.0,156.25,0,0,1.0,0.0,0.0,17000.0,1.0,1.0,9037.5,7962.5,-2.5,-0.0
4632,2019-07-24,17:34:07,154.8125,154.8125,154.78125,154.78125,287,44426.5,154.79616724738676,-0.03125,-0.00020187746106703486,154.77216227829754,154.69526633550964,0.07689594278789968,0.9999999999999968,0.00126953125,-0.17751479289940755,0.4047960089109363,0.001269531250000004,0,4632,0.9088120592726406,0.9376361875273104,0.03563048203434812,21.581505047776584,20.0,0.0,0.2727931097101266,1.7179727020810263,2.0,0.7492269659812595,-0.1884092215460509,2.0,-1.0,1.0,1.0,795.0,-31.25,0,0,2.0,1.0,-31.25,16968.75,0.0,1.0,9040.0,7928.75,-33.75,-2.5
4633,2019-07-24,17:44:45,154.78125,154.78125,154.71875,154.78125,287,44415.59375,154.75816637630663,0.0,0.0,154.77418177200923,154.69791198672476,0.0762697852844667,1.0000000000000022,0.00322265625,1.0743801652892582,-0.2669003066972995,0.003222656249999993,0,4633,0.9981097185965878,0.7492269659812595,0.056768444139327905,13.435243195546505,13.435243195546505,0.0,0.2727931097101266,1.000643928138544,1.0,0.46957968924956583,-0.27964727673169365,-2.0,-1.0,2.0,0.0,795.0,-31.25,0,0,-2.0,2.0,0.0,16968.75,-1.0,4.0,9050.0,7918.75,-10.0,-10.0
4634,2019-07-24,17:52:38,154.78125,154.875,154.78125,154.84375,287,44435.9375,154.8290505226481,0.0625,0.00040371417585038927,154.78964137822942,154.70239931021018,0.08724206801923629,1.0000000000000022,0.00322265625,1.0743801652892582,-0.2669003066972995,0.003222656249999993,-1,4634,0.9563405540288612,0.46957968924956583,0.056768444139327905,15.368056909418966,15.368056909418966,0.0,0.2727931097101266,1.2118418343109065,1.0,0.1538870494042597,-0.31569263984530616,1.0,1.0,-2.0,1.0,796.0,62.5,0,0,1.0,-2.0,-125.0,16843.75,0.0,3.0,9057.5,7786.25,-132.5,-10.0
4635,2019-07-24,18:02:59,154.84375,154.84375,154.75,154.75,287,44426.65625,154.79671167247386,-0.09375,-0.0006056323996563862,154.78083218306733,154.70386394681913,0.07696823624820581,1.0000000000000013,0.003125,2.3632812499999987,-0.8210562104882035,0.003124999999999996,0,4635,0.8074986163581112,0.1538870494042597,0.055901699437494706,13.768496668740136,13.768496668740136,0.0,0.2727931097101266,1.037058423367962,1.0,-0.046180488292425236,-0.20006753769668495,1.0,1.0,1.0,1.0,797.0,-93.75,0,0,1.0,1.0,-93.75,16750.0,0.0,0.0,9057.5,7692.5,-93.75,-93.75
4636,2019-07-24,18:18:11,154.75,154.75,154.6875,154.75,287,44408.71875,154.73421167247386,0.0,0.0,154.77398058683016,154.70528351768627,0.0686970691438944,1.0000000000000002,0.00341796875,2.000000000000002,-1.1454053224818188,0.0034179687499999987,0,4636,0.673697841105762,-0.046180488292425236,0.058463396668342826,11.750440969690182,11.750440969690182,0.0,0.2727931097101266,0.8165461540688018,1.0,-0.24278813041084374,-0.1966076421184185,1.0,1.0,1.0,0.0,797.0,-93.75,0,0,1.0,1.0,0.0,16750.0,0.0,0.0,9057.5,7692.5,0.0,0.0
4637,2019-07-24,18:38:12,154.75,154.78125,154.71875,154.75,287,44410.0625,154.738893728223,0.0,0.0,154.7686515675346,154.70665940944977,0.06199215808481995,1.000000000000003,0.00224609375,3.724007561436674,-1.7487916903105656,0.002246093749999993,0,4637,0.5142725454094526,-0.24278813041084374,0.04739297152532212,13.080453934334432,13.080453934334432,0.0,0.2727931097101266,0.9618762245763093,1.0,-0.5342170291681362,-0.29142889875729244,1.0,1.0,1.0,0.0,797.0,-93.75,0,0,1.0,1.0,0.0,16750.0,0.0,0.0,9057.5,7692.5,0.0,0.0
4638,2019-07-24,18:54:09,154.75,154.78125,154.75,154.78125,287,44419.25,154.77090592334494,0.03125,0.0002019182238059969,154.77145121919358,154.70895450454364,0.06249671464993867,0.9999999999999863,0.00029296875,-3.3333333333333304,0.6085806194501845,0.00029296875000000395,-1,4638,0.22000236956109365,-0.5342170291681362,0.017116329922036558,36.51291774265041,20.0,0.0,0.2727931097101266,1.7179727020810263,2.0,-0.7711476703985347,-0.23693064123039853,1.0,1.0,1.0,0.0,797.0,-62.5,0,0,1.0,1.0,31.25,16781.25,1.0,0.0,9057.5,7723.75,31.25,31.25
4639,2019-07-24,18:58:29,154.78125,154.8125,154.75,154.78125,287,44419.5,154.77177700348432,0.0,0.0,154.77362872603948,154.71117898132695,0.062449744712523625,0.9999999999999857,0.0006835937499999997,-0.6122448979591795,0.5122408325718838,0.0006835937500000095,0,4639,-0.09509974552068019,-0.7711476703985347,0.026145625829190042,23.88535088833184,20.0,0.0,0.2727931097101266,1.7179727020810263,2.0,-0.8885073532073565,-0.11735968280882181,2.0,1.0,1.0,0.0,797.0,-62.5,0,0,2.0,1.0,0.0,16781.25,0.0,1.0,9060.0,7721.25,-2.5,31.25
4640,2019-07-24,19:03:18,154.78125,154.84375,154.78125,154.8125,287,44430.96875,154.81173780487805,0.03125,0.00020187746106703486,154.7822667869196,154.7142965511323,0.06797023578729977,0.9999999999999949,0.00126953125,-0.1775147928994123,-0.4047960089109363,0.0012695312500000068,-1,4640,-0.3038048744296364,-0.8885073532073565,0.035630482034348154,19.076428918861033,19.076428918861033,0.0,0.2727931097101266,1.6170543998473914,2.0,-0.9582885289398252,-0.06978117573246867,2.0,1.0,2.0,0.0,797.0,-31.25,0,0,2.0,2.0,62.5,16843.75,0.0,0.0,9060.0,7783.75,62.5,62.5
4641,2019-07-24,19:07:49,154.8125,154.875,154.78125,154.875,287,44439.1875,154.84037456445992,0.0625,0.0004036326997276518,154.80287416760413,154.7192412726359,0.08363289496821835,0.9999999999999968,0.00126953125,-0.17751479289940755,0.4047960089109363,0.001269531250000004,-1,4641,-0.4755193987868511,-0.9582885289398252,0.03563048203434812,23.47228838711625,20.0,0.0,0.2727931097101266,1.7179727020810263,2.0,-0.9398869100190438,0.018401618920781404,2.0,1.0,2.0,0.0,797.0,31.25,0,0,2.0,2.0,125.0,16968.75,0.0,0.0,9060.0,7908.75,125.0,125.0
4642,2019-07-24,19:13:30,154.875,154.9375,154.84375,154.84375,287,44448.84375,154.8740200348432,-0.03125,-0.0002017959849442974,154.81195768591434,154.723072310401,0.08888537551334252,0.9999999999999992,0.0016601562499999997,-1.4878892733564004,0.5413870509510851,0.001660156250000001,0,4642,-0.42313343640859574,-0.9398869100190438,0.04074501503251657,21.81503073257122,20.0,0.0,0.2727931097101266,1.7179727020810263,2.0,-0.7983896990468343,0.14149721097220946,2.0,1.0,2.0,0.0,797.0,0.0,0,0,2.0,2.0,-62.5,16906.25,0.0,0.0,9060.0,7846.25,-62.5,125.0
4643,2019-07-24,19:24:28,154.84375,154.90625,154.8125,154.84375,286,44287.0625,154.84986888111888,0.0,0.0,154.81902264460007,154.72678547008098,0.09223717451908442,1.0000000000000027,0.0016601562499999997,2.6643598615916986,1.7143923280117699,0.0016601562499999954,0,4643,-0.13876872449280828,-0.7983896990468343,0.0407450150325165,22.637658728429642,20.0,0.0,0.2727931097101266,1.7179727020810263,2.0,-0.522226175501094,0.27616352354574036,2.0,1.0,2.0,0.0,797.0,0.0,0,0,2.0,2.0,0.0,16906.25,0.0,0.0,9060.0,7846.25,0.0,0.0
4644,2019-07-24,19:37:02,154.8125,154.875,154.78125,154.8125,287,44435.75,154.82839721254356,-0.03125,-0.0002018367147833544,154.8175731680223,154.72942284023236,0.08815032778994691,1.0000000000000095,0.00078125,0.3125000000000024,1.2577882373436315,0.0007812499999999927,0,4644,0.23375596030004173,-0.522226175501094,0.02795084971874724,31.537620028353768,20.0,0.0,0.2727931097101266,1.7179727020810263,2.0,-0.3416236323636509,0.18060254313744306,2.0,1.0,2.0,0.0,797.0,-31.25,0,0,2.0,2.0,-62.5,16843.75,0.0,0.0,9060.0,7783.75,-62.5,0.0
4645,2019-07-24,19:43:07,154.8125,154.8125,154.75,154.78125,287,44423.125,154.78440766550523,-0.03125,-0.00020187746106703486,154.80950135290624,154.73101752207137,0.07848383083486965,0.9999999999999982,0.002734375,0.5357142857142883,1.0885117692152515,0.002734375000000004,0,4645,0.4230006187205483,-0.3416236323636509,0.052291251658379764,15.008979197439515,15.008979197439515,0.0,0.2727931097101266,1.1726055331718372,1.0,-0.3898426797132224,-0.0482190473495715,2.0,1.0,2.0,0.0,797.0,-62.5,0,0,2.0,2.0,-62.5,16781.25,-1.0,0.0,9060.0,7721.25,-62.5,-62.5
4646,2019-07-24,19:56:11,154.78125,154.84375,154.75,154.8125,287,44424.46875,154.78908972125436,0.03125,0.00020187746106703486,154.8101677189271,154.7335246752384,0.07664304368867647,1.0000000000000004,0.00390625,-0.1875000000000012,0.9375000000000003,0.0039062499999999987,-1,4646,0.3755011309459559,-0.3898426797132224,0.062499999999999986,12.262886990188237,12.262886990188237,0.0,0.2727931097101266,0.8725409588338773,1.0,-0.5880146337794577,-0.19817195406623533,1.0,1.0,2.0,0.0,797.0,-31.25,0,0,1.0,2.0,62.5,16843.75,0.0,1.0,9062.5,7781.25,60.0,60.0
4647,2019-07-24,20:13:18,154.8125,154.9375,154.78125,154.90625,287,44443.59375,154.85572735191639,0.09375,0.0006053879712686339,154.8315193369433,154.73883930061572,0.09268003632757882,0.999999999999999,0.0037109375,-0.8171745152354575,0.08099829095409096,0.003710937500000004,-1,4647,0.1561543895290934,-0.5880146337794577,0.060917464655056056,15.214033750809836,15.214033750809836,0.0,0.2727931097101266,1.1950117754351712,1.0,-0.8353969131204269,-0.24738227934096912,1.0,1.0,1.0,0.0,797.0,62.5,0,0,1.0,1.0,93.75,16937.5,0.0,0.0,9062.5,7875.0,93.75,93.75
4648,2019-07-24,20:52:24,154.90625,154.9375,154.84375,154.84375,287,44454.71875,154.89449041811847,-0.0625,-0.00040355125648527945,154.83423726206703,154.74206732213526,0.0921699399317788,0.999999999999998,0.0032226562500000003,1.0743801652892546,-0.2669003066972995,0.0032226562500000068,0,4648,-0.20205559004958598,-0.8353969131204269,0.05676844413932803,16.23612225580185,16.23612225580185,0.0,0.2727931097101266,1.3066950435265716,2.0,-0.9353941239977749,-0.09999721087734803,1.0,1.0,1.0,0.0,797.0,0.0,0,0,1.0,1.0,-62.5,16875.0,1.0,0.0,9062.5,7812.5,-62.5,93.75
4649,2019-07-24,22:52:46,154.84375,154.9375,154.84375,154.875,287,44452.5625,154.88697735191639,0.03125,0.0002017959849442974,154.84329564827436,154.74615755837726,0.0971380898971006,0.9999999999999998,0.00361328125,-0.021913805697588867,0.5901286563843656,0.003613281250000001,-1,4649,-0.4113856982326491,-0.9353941239977749,0.06011057519272296,16.159900248111455,16.159900248111455,0.0,0.2727931097101266,1.298366290314131,2.0,-0.9855315361727096,-0.050137412174934726,2.0,1.0,1.0,0.0,797.0,31.25,0,0,2.0,1.0,31.25,16906.25,0.0,1.0,9065.0,7841.25,28.75,28.75
4650,2019-07-25,00:20:15,154.90625,154.90625,154.84375,154.875,286,44294.78125,154.8768575174825,0.0,0.0,154.85034105976897,154.75012194119643,0.1002191185725394,1.000000000000008,0.00126953125,-0.1775147928994123,0.4047960089109363,0.0012695312499999899,0,4650,-0.5770269788856766,-0.9855315361727096,0.03563048203434792,28.127354122216982,20.0,0.0,0.2727931097101266,1.7179727020810263,2.0,-0.9592944955894764,0.026237040583233173,2.0,1.0,2.0,0.0,797.0,31.25,0,0,2.0,2.0,0.0,16906.25,0.0,0.0,9065.0,7841.25,0.0,28.75
4651,2019-07-25,01:30:57,154.875,154.875,154.78125,154.84375,287,44431.34375,154.8130444250871,-0.03125,-0.0002017959849442974,154.84887637982033,154.75300280454425,0.0958735752760731,1.0000000000000064,0.00068359375,-0.612244897959183,0.5122408325718831,0.0006835937499999955,0,4651,-0.4786312911901261,-0.9592944955894764,0.026145625829189775,36.66906881572401,20.0,0.0,0.2727931097101266,1.7179727020810263,2.0,-0.9267196444899181,0.03257485109955838,2.0,1.0,2.0,0.0,797.0,0.0,0,0,2.0,2.0,-62.5,16843.75,0.0,0.0,9065.0,7778.75,-62.5,0.0
4652,2019-07-25,02:54:09,154.8125,154.875,154.8125,154.8125,287,44432.9375,154.8185975609756,-0.03125,-0.0002018367147833544,154.84079273986026,154.75483348748136,0.08595925237889901,1.0000000000000013,0.00146484375,2.0000000000000013,1.3608276348795436,0.0014648437499999983,0,4652,-0.3895918896769306,-0.9267196444899181,0.038273277230987134,22.45933941327187,20.0,0.0,0.2727931097101266,1.7179727020810263,2.0,-0.9377790394689598,-0.011059394979041737,2.0,1.0,2.0,0.0,797.0,-31.25,0,0,2.0,2.0,-62.5,16781.25,0.0,0.0,9065.0,7716.25,-62.5,-62.5
4653,2019-07-25,04:04:14,154.8125,154.90625,154.78125,154.8125,287,44440.53125,154.84505662020905,0.0,0.0,154.83450546433576,154.7566078417127,0.07789762262305544,0.9999999999999992,0.0016601562499999997,-1.4878892733564004,0.5413870509510851,0.001660156250000001,0,4653,-0.4175793974219109,-0.9377790394689598,0.04074501503251657,19.118319765225078,19.118319765225078,0.0,0.2727931097101266,1.621631798577737,2.0,-0.9450998432459764,-0.0073208037770166046,2.0,1.0,2.0,0.0,797.0,-31.25,0,0,2.0,2.0,0.0,16781.25,0.0,0.0,9065.0,7716.25,0.0,0.0
4654,2019-07-25,05:47:45,154.8125,154.90625,154.8125,154.875,287,44447.875,154.87064459930315,0.0625,0.0004036326997276518,154.84350425003893,154.76025067735233,0.08325357268660127,0.999999999999994,0.0016601562499999997,-1.4878892733564004,-0.5413870509510853,0.0016601562500000095,-1,4654,-0.4372169446178693,-0.9450998432459764,0.04074501503251667,20.432824143066462,20.0,0.0,0.2727931097101266,1.7179727020810263,2.0,-0.9305201058978673,0.014579737348109134,2.0,1.0,2.0,0.0,797.0,31.25,0,0,2.0,2.0,125.0,16906.25,0.0,0.0,9065.0,7841.25,125.0,125.0
4655,2019-07-25,06:15:47,154.875,154.9375,154.8125,154.90625,287,44450.3125,154.87913763066203,0.03125,0.00020175527154098205,154.8574477500303,154.76474296420304,0.09270478582726582,0.9999999999999891,0.0021484374999999997,0.8677685950413263,0.5516180692881066,0.0021484375000000236,-1,4655,-0.3990057150579729,-0.9305201058978673,0.046351240544348145,20.000497233416507,20.0,0.0,0.2727931097101266,1.7179727020810263,2.0,-0.8096951699987627,0.12082493589910459,2.0,1.0,2.0,0.0,797.0,62.5,0,0,2.0,2.0,62.5,16968.75,0.0,0.0,9065.0,7903.75,62.5,125.0
4656,2019-07-25,06:44:25,154.90625,155.0,154.90625,154.96875,286,44313.4375,154.94208916083917,0.0625,0.0004033884685599176,154.8821815833569,154.77102010376603,0.1111614795908622,0.9999999999999741,0.0011718749999999989,2.9166666666666075,1.2932338163316497,0.0011718750000000292,-1,4656,-0.15757484336244973,-0.8096951699987627,0.03423265984407331,32.47234661203446,20.0,0.0,0.2727931097101266,1.7179727020810263,2.0,-0.22095412804358527,0.5887410419551774,2.0,1.0,2.0,0.0,797.0,125.0,0,0,2.0,2.0,125.0,17093.75,0.0,0.0,9065.0,8028.75,125.0,125.0
4657,2019-07-25,07:05:20,154.96875,155.09375,154.96875,155.09375,287,44497.59375,155.0438806620209,0.125,0.0008062890983069337,154.92919678705536,154.78095025441942,0.14824653263593746,0.9999999999999822,0.0014648437500000002,2.0000000000000404,1.3608276348795403,0.0014648437500000265,-1,4657,0.5333919100507869,-0.22095412804358527,0.0382732772309875,38.73369185012237,20.0,0.0,0.2727931097101266,1.7179727020810263,2.0,-0.09846437520674045,0.12248975283684482,2.0,1.0,2.0,0.0,797.0,250.0,0,0,2.0,2.0,250.0,17343.75,0.0,0.0,9065.0,8278.75,250.0,250.0
4658,2019-07-25,07:20:10,155.09375,155.15625,155.0625,155.15625,286,44358.59375,155.09997814685315,0.0625,0.00040290089183248057,154.9796530565986,154.79249793889883,0.1871551176997741,0.9999999999999741,0.0011718749999999989,2.9166666666666075,1.2932338163316497,0.0011718750000000292,-1,4658,0.6340458223985365,-0.09846437520674045,0.03423265984407331,54.67150918223966,20.0,0.0,0.2727931097101266,1.7179727020810263,2.0,-0.10881350758505377,-0.010349132378313322,2.0,1.0,2.0,0.0,797.0,312.5,0,0,2.0,2.0,125.0,17468.75,0.0,0.0,9065.0,8403.75,125.0,250.0
4659,2019-07-25,07:34:57,155.15625,155.1875,155.09375,155.1875,286,44374.5625,155.15581293706293,0.03125,0.00020138958883908487,155.02584126624336,154.8046518484712,0.22118941777216605,0.9999999999999891,0.0021484374999999997,0.8677685950413263,0.5516180692881066,0.0021484375000000236,-1,4659,0.6259653403184433,-0.10881350758505377,0.046351240544348145,47.7202800129018,20.0,0.0,0.2727931097101266,1.7179727020810263,2.0,-0.17405777320265178,-0.06524426561759801,2.0,1.0,2.0,0.0,797.0,343.75,0,0,2.0,2.0,62.5,17531.25,0.0,0.0,9065.0,8466.25,62.5,125.0
4660,2019-07-25,07:46:13,155.1875,155.25,155.125,155.25,287,44539.09375,155.1884799651568,0.0625,0.0004026575452025227,155.0756543181893,154.81835486851827,0.2572994496710237,0.9999999999999776,0.0007812500000000005,0.31249999999999406,-1.2577882373436315,0.000781250000000018,-1,4660,0.5732356772707268,-0.17405777320265178,0.027950849718747693,92.05424960603013,20.0,0.0,0.2727931097101266,1.7179727020810263,2.0,-0.2274712547964698,-0.05341348159381801,2.0,1.0,2.0,0.0,797.0,406.25,0,0,2.0,2.0,125.0,17656.25,0.0,0.0,9065.0,8591.25,125.0,125.0
4661,2019-07-25,07:51:59,155.25,155.28125,155.21875,155.25,286,44397.96875,155.23765297202797,0.0,0.0,155.11439780303613,154.83163625717927,0.2827615458568573,0.9999999999999988,0.00419921875,1.9307733910221774,-1.4467284665112368,0.004199218750000005,0,4661,0.527723365629676,-0.2274712547964698,0.06480137922914916,43.635112280089345,20.0,0.0,0.2727931097101266,1.7179727020810263,2.0,-0.2784433964436504,-0.05097214164718061,2.0,1.0,2.0,0.0,797.0,406.25,0,0,2.0,2.0,0.0,17656.25,0.0,0.0,9065.0,8591.25,0.0,125.0
4662,2019-07-25,08:00:11,155.25,155.3125,155.21875,155.3125,286,44405.9375,155.26551573426573,0.0625,0.00040249547735982105,155.15842051347255,154.84643206465068,0.3119884488218645,1.0000000000000002,0.00439453125,-0.9629629629629631,-0.5237828008789241,0.00439453125,-1,4662,0.48225336142692166,-0.2784433964436504,0.06629126073623882,47.063284866946674,20.0,0.0,0.2727931097101266,1.7179727020810263,2.0,-0.31281865721958996,-0.03437526077593955,2.0,1.0,2.0,0.0,797.0,468.75,0,0,2.0,2.0,125.0,17781.25,0.0,0.0,9065.0,8716.25,125.0,125.0
4663,2019-07-25,08:05:16,155.3125,155.3125,155.21875,155.21875,286,44403.875,155.2583041958042,-0.09375,-0.0006038039833242692,155.1718270660342,154.857888001123,0.31393906491121015,1.000000000000003,0.00361328125,-0.021913805697585314,0.5901286563843663,0.0036132812499999893,0,4663,0.45042292731364164,-0.31281865721958996,0.060110575192722865,52.22692744241389,20.0,0.0,0.2727931097101266,1.7179727020810263,2.0,-0.38688980622818037,-0.07407114900859041,2.0,1.0,2.0,0.0,797.0,375.0,0,0,2.0,2.0,-187.5,17593.75,0.0,0.0,9065.0,8528.75,-187.5,125.0
4664,2019-07-25,08:20:19,155.21875,155.25,155.15625,155.1875,286,44387.09375,155.1996284965035,-0.03125,-0.00020134903923807457,155.17530994024884,154.86802990878076,0.3072800314680819,1.0000000000000038,0.00341796875,2.0000000000000013,1.1454053224818184,0.0034179687499999866,0,4664,0.37846911069775546,-0.38688980622818037,0.05846339666834272,52.55938740803109,20.0,0.0,0.2727931097101266,1.7179727020810263,2.0,-0.47605634947546926,-0.0891665432472889,2.0,1.0,2.0,0.0,797.0,343.75,0,0,2.0,2.0,-62.5,17531.25,0.0,0.0,9065.0,8466.25,-62.5,-62.5
4665,2019-07-25,08:36:25,155.1875,155.21875,155.125,155.125,286,44374.0625,155.1540646853147,-0.0625,-0.0004028197436145575,155.1641299535269,154.87593668081828,0.28819327270861095,1.0000000000000038,0.00341796875,2.0000000000000013,1.1454053224818184,0.0034179687499999866,0,4665,0.28521748020289556,-0.47605634947546926,0.05846339666834272,49.29465086394209,20.0,0.0,0.2727931097101266,1.7179727020810263,2.0,-0.6103519697071613,-0.13429562023169206,2.0,1.0,2.0,0.0,797.0,281.25,0,0,2.0,2.0,-125.0,17406.25,0.0,0.0,9065.0,8341.25,-125.0,-62.5
4666,2019-07-25,08:48:22,155.125,155.125,155.09375,155.09375,287,44519.0,155.1184668989547,-0.03125,-0.0002014707370570079,155.14848996385427,154.88263862910082,0.26585133475344946,1.0000000000000022,0.00224609375,1.4555765595463157,1.118079933149378,0.0022460937499999946,0,4666,0.12853671720291182,-0.6103519697071613,0.04739297152532213,56.095097268042096,20.0,0.0,0.2727931097101266,1.7179727020810263,2.0,-0.7278058523500465,-0.11745388264288514,2.0,1.0,2.0,0.0,797.0,250.0,0,0,2.0,2.0,-62.5,17343.75,0.0,0.0,9065.0,8278.75,-62.5,-62.5
4667,2019-07-25,09:18:04,155.09375,155.15625,155.0625,155.15625,286,44363.46875,155.1170236013986,0.0625,0.00040290089183248057,155.15021441633112,154.89105744051312,0.25915697581800146,1.0000000000000022,0.00224609375,1.4555765595463157,1.118079933149378,0.0022460937499999946,-1,4667,-0.0297144798165315,-0.7278058523500465,0.04739297152532213,54.68257580758225,20.0,0.0,0.2727931097101266,1.7179727020810263,2.0,-0.8471624035850661,-0.11935655123501965,2.0,1.0,2.0,0.0,797.0,312.5,0,0,2.0,2.0,125.0,17468.75,0.0,0.0,9065.0,8403.75,125.0,125.0
4668,2019-07-25,09:47:15,155.15625,155.21875,155.125,155.15625,286,44375.34375,155.15854458041957,0.0,0.0,155.15155565714645,154.89921721157427,0.2523384455721782,0.9999999999999974,0.0032226562500000003,-2.231404958677686,0.5671631517317615,0.0032226562500000085,0,4668,-0.2233243776557433,-0.8471624035850661,0.05676844413932804,44.45047761972451,20.0,0.0,0.2727931097101266,1.7179727020810263,2.0,-0.9251728491304894,-0.07801044554542325,2.0,1.0,2.0,0.0,797.0,312.5,0,0,2.0,2.0,0.0,17468.75,0.0,0.0,9065.0,8403.75,0.0,125.0
4669,2019-07-25,10:23:02,155.15625,155.15625,155.09375,155.125,287,44520.875,155.125,-0.03125,-0.00020143015477547266,155.1456544000028,154.90616437429506,0.23949002570773814,0.9999999999999974,0.0032226562500000003,-2.231404958677686,0.5671631517317615,0.0032226562500000085,0,4669,-0.3858164141697285,-0.9251728491304894,0.05676844413932804,42.187174466143986,20.0,0.0,0.2727931097101266,1.7179727020810263,2.0,-0.9732695076346332,-0.0480966585041438,2.0,1.0,2.0,0.0,797.0,281.25,0,0,2.0,2.0,-62.5,17406.25,0.0,0.0,9065.0,8341.25,-62.5,0.0
4670,2019-07-25,10:52:09,155.125,155.21875,155.09375,155.21875,286,44369.78125,155.13909527972027,0.09375,0.0006041687828526321,155.16189786666885,154.91578239354754,0.2461154731213071,0.9999999999999992,0.00263671875,3.251028806584363,1.7355817665801556,0.0026367187500000028,-1,4670,-0.5258070920720053,-0.9732695076346332,0.05134898976610935,47.92995426830088,20.0,0.0,0.2727931097101266,1.7179727020810263,2.0,-0.997399208717203,-0.024129701082569843,2.0,1.0,2.0,0.0,797.0,375.0,0,0,2.0,2.0,187.5,17593.75,0.0,0.0,9065.0,8528.75,187.5,187.5
4671,2019-07-25,11:09:28,155.21875,155.21875,155.15625,155.1875,286,44382.5,155.18356643356643,-0.03125,-0.00020134903923807457,155.16758722963135,154.92414293528458,0.24344429434677295,0.9999999999999981,0.002734375,0.5357142857142883,1.0885117692152515,0.0027343750000000055,0,4671,-0.6543029598674249,-0.997399208717203,0.05229125165837977,46.55545366119775,20.0,0.0,0.2727931097101266,1.7179727020810263,2.0,-0.9958422702992158,0.0015569384179872081,2.0,1.0,2.0,0.0,797.0,343.75,0,0,2.0,2.0,-62.5,17531.25,0.0,0.0,9065.0,8466.25,-62.5,187.5
4672,2019-07-25,11:21:00,155.1875,155.25,155.1875,155.1875,286,44390.40625,155.21121066433565,0.0,0.0,155.17201228971328,154.9322462295835,0.2397660601297673,0.9999999999999966,0.0022460937500000003,1.455576559546311,1.1180799331493774,0.002246093750000008,0,4672,-0.768580224207749,-0.9958422702992158,0.04739297152532228,50.591058634434695,20.0,0.0,0.2727931097101266,1.7179727020810263,2.0,-0.9292259119970407,0.06661635830217505,2.0,1.0,2.0,0.0,797.0,343.75,0,0,2.0,2.0,0.0,17531.25,0.0,0.0,9065.0,8466.25,0.0,0.0
4673,2019-07-25,11:42:31,155.1875,155.21875,155.15625,155.21875,286,44385.78125,155.19503933566435,0.03125,0.00020134903923807457,155.1823984475548,154.94106173021174,0.24133671734304585,0.9999999999999961,0.00126953125,-0.17751479289940755,0.4047960089109363,0.0012695312500000052,-1,4673,-0.9183464671580023,-0.9292259119970407,0.035630482034348133,67.73321705566455,20.0,0.0,0.2727931097101266,1.7179727020810263,2.0,-0.8543788761197653,0.07484703587727548,2.0,1.0,2.0,0.0,797.0,375.0,0,0,2.0,2.0,62.5,17593.75,0.0,0.0,9065.0,8528.75,62.5,62.5
4674,2019-07-25,11:46:17,155.21875,155.25,155.0625,155.21875,287,44534.6875,155.17312717770034,0.0,0.0,155.1904765703204,154.9496059846668,0.2408705856536244,0.9999999999999932,0.0027343750000000003,0.535714285714287,1.0885117692152513,0.002734375000000019,0,4674,-0.9715855532835729,-0.8543788761197653,0.0522912516583799,46.06326641925463,20.0,0.0,0.2727931097101266,1.7179727020810263,2.0,-0.5205780237614429,0.33380085235832235,-2.0,1.0,2.0,0.0,797.0,375.0,0,0,-2.0,2.0,0.0,17593.75,0.0,4.0,9075.0,8518.75,-10.0,62.5
4675,2019-07-25,11:48:13,155.21875,155.3125,155.15625,155.28125,286,44399.375,155.24256993006992,0.0625,0.0004025764949702193,155.21064844358256,154.9598104159078,0.25083802767474594,0.9999999999999971,0.0048828125,0.1999999999999993,0.0,0.004882812500000014,-1,4675,-0.9718419923020071,-0.5205780237614429,0.06987712429686853,35.89701639825309,20.0,0.0,0.2727931097101266,1.7179727020810263,2.0,0.8271444461534282,1.347722469914871,-2.0,-1.0,-2.0,1.0,798.0,62.5,0,0,-2.0,-2.0,-125.0,17468.75,0.0,0.0,9075.0,8393.75,-125.0,-10.0
4676,2019-07-25,11:48:49,155.28125,155.4375,155.28125,155.40625,286,44433.40625,155.3615603146853,0.125,0.0008046671124182225,155.25411545611976,154.97354701849528,0.28056843762448125,0.9999999999999983,0.0056640625,-0.9453032104637344,0.6013638196305312,0.0056640625000000085,-1,4676,0.1874929441070094,0.8271444461534282,0.0752599661174519,37.27990485494262,20.0,0.0,0.2727931097101266,1.7179727020810263,2.0,0.6258071126182227,-0.20133733353520544,2.0,-1.0,-2.0,0.0,798.0,187.5,0,0,2.0,-2.0,-250.0,17218.75,0.0,4.0,9085.0,8133.75,-260.0,-125.0
4677,2019-07-25,11:50:47,155.40625,155.40625,155.3125,155.34375,285,44281.28125,155.37291666666667,-0.0625,-0.0004022526200655463,155.2740342436487,154.98493787946467,0.28909636418404716,0.999999999999998,0.005566406250000001,-1.1172668513388746,0.20575279705556937,0.0055664062500000114,0,4677,0.9940400850821978,0.6258071126182227,0.07460835241445835,38.74852544365035,20.0,0.0,0.2727931097101266,1.7179727020810263,2.0,0.3610128133965071,-0.26479429922171566,-2.0,-1.0,2.0,1.0,799.0,-62.5,0,0,-2.0,2.0,-125.0,17093.75,0.0,4.0,9095.0,7998.75,-135.0,-135.0
4678,2019-07-25,11:52:23,155.34375,155.375,155.28125,155.3125,286,44425.9375,155.3354458041958,-0.03125,-0.00020118700399862632,155.28258218950458,154.99501671394268,0.28756547556190526,0.999999999999998,0.005175781249999999,0.2741189035243856,0.6064819993295691,0.0051757812500000085,0,4678,0.9146947129956567,0.3610128133965071,0.07194290270763343,39.97134737953705,20.0,0.0,0.2727931097101266,1.7179727020810263,2.0,-0.02570241609006517,-0.3867152294865723,2.0,1.0,-2.0,1.0,800.0,-31.25,0,0,2.0,-2.0,62.5,17156.25,0.0,4.0,9105.0,8051.25,52.5,52.5
4679,2019-07-25,11:55:42,155.3125,155.34375,155.28125,155.34375,286,44418.25,155.30856643356643,0.03125,0.00020118700399862632,155.29617503628134,155.0057469688983,0.29042806738303284,0.9999999999999998,0.001953125,-1.750000000000001,-0.8838834764831844,0.001953125,-1,4679,0.6886988275022186,-0.02570241609006517,0.04419417382415922,65.71636988590274,20.0,0.0,0.2727931097101266,1.7179727020810263,2.0,-0.3109242103505718,-0.2852217942605066,2.0,1.0,2.0,1.0,801.0,31.25,0,0,2.0,2.0,62.5,17218.75,0.0,0.0,9105.0,8113.75,62.5,62.5
4680,2019-07-25,11:59:13,155.34375,155.40625,155.34375,155.375,286,44434.59375,155.3657124125874,0.03125,0.00020114653592884224,155.3136916948855,155.0171086006245,0.2965830942609955,0.9999999999999976,0.001171875,-3.3333333333333326,-0.6085806194501847,0.0011718750000000028,-1,4680,0.45220220999170346,-0.3109242103505718,0.03423265984407292,86.63746714742828,20.0,0.0,0.2727931097101266,1.7179727020810263,2.0,-0.530692071292416,-0.21976786094184425,2.0,1.0,2.0,0.0,801.0,62.5,0,0,2.0,2.0,62.5,17281.25,0.0,0.0,9105.0,8176.25,62.5,62.5
4681,2019-07-25,12:02:28,155.375,155.4375,155.34375,155.40625,286,44440.1875,155.385270979021,0.03125,0.00020110608413670406,155.33426020713318,155.02908218214378,0.3051780249894023,0.9999999999999895,0.00078125,4.999999999999997,-2.236067977499789,0.0007812500000000083,-1,4681,0.22406278652600223,-0.530692071292416,0.02795084971874752,109.1838094584687,20.0,0.0,0.2727931097101266,1.7179727020810263,2.0,-0.6907909804295892,-0.16009890913717317,2.0,1.0,2.0,0.0,801.0,93.75,0,0,2.0,2.0,62.5,17343.75,0.0,0.0,9105.0,8238.75,62.5,62.5
4682,2019-07-25,12:06:38,155.40625,155.40625,155.3125,155.375,286,44432.21875,155.35740821678323,-0.03125,-0.00020110608413670406,155.34331349443693,155.0397258073086,0.30358768712832784,0.9999999999999903,0.001171875,2.9166666666666714,-1.2932338163316428,0.001171875000000011,0,4682,0.022813759041046006,-0.6907909804295892,0.034232659844073046,88.68363969120274,20.0,0.0,0.2727931097101266,1.7179727020810263,2.0,-0.7867111996199658,-0.09592021919037663,2.0,1.0,2.0,0.0,801.0,62.5,0,0,2.0,2.0,-62.5,17281.25,0.0,0.0,9105.0,8176.25,-62.5,62.5
4683,2019-07-25,12:12:18,155.375,155.46875,155.34375,155.40625,286,44448.34375,155.41378933566435,0.03125,0.00020110608413670406,155.35729938456208,155.05100347477602,0.3062959097860585,0.9999999999999903,0.001171875,2.9166666666666714,-1.2932338163316428,0.001171875000000011,-1,4683,-0.11977680340883406,-0.7867111996199658,0.034232659844073046,89.4747621660751,20.0,0.0,0.2727931097101266,1.7179727020810263,2.0,-0.826234361809744,-0.03952316218977814,2.0,1.0,2.0,0.0,801.0,93.75,0,0,2.0,2.0,62.5,17343.75,0.0,0.0,9105.0,8238.75,62.5,62.5
4684,2019-07-25,12:20:14,155.40625,155.46875,155.40625,155.46875,286,44454.78125,155.43629807692307,0.0625,0.00040209087795428644,155.38206618799273,155.0638572140137,0.3182089739790399,0.9999999999999903,0.001171875,2.9166666666666714,-1.2932338163316428,0.001171875000000011,-1,4684,-0.18590391072294143,-0.826234361809744,0.034232659844073046,92.95479095941002,20.0,0.0,0.2727931097101266,1.7179727020810263,2.0,-0.8433636792835814,-0.01712931747383739,2.0,1.0,2.0,0.0,801.0,156.25,0,0,2.0,2.0,125.0,17468.75,0.0,0.0,9105.0,8363.75,125.0,125.0
4685,2019-07-25,12:23:18,155.4375,155.53125,155.4375,155.5,285,44314.15625,155.48826754385965,0.03125,0.000200984826322248,155.40827370177215,155.07727699204406,0.33099670972808326,0.9999999999999996,0.005566406249999999,4.422899353647277,-2.042831342194585,0.005566406250000003,-1,4685,-0.21638916274263476,-0.8433636792835814,0.07460835241445828,44.36456496041585,20.0,0.0,0.2727931097101266,1.7179727020810263,2.0,-0.8288389049216949,0.014524774361886483,2.0,1.0,2.0,0.0,801.0,187.5,0,0,2.0,2.0,62.5,17531.25,0.0,0.0,9105.0,8426.25,62.5,125.0
4686,2019-07-25,12:27:22,155.46875,155.53125,155.4375,155.53125,286,44470.6875,155.49191433566435,0.03125,0.00020094443953944108,155.43560176804502,155.0912453922889,0.34435637575612077,0.9999999999999996,0.005566406249999999,4.422899353647277,-2.042831342194585,0.005566406250000003,-1,4686,-0.1904603268833465,-0.8288389049216949,0.07460835241445828,46.15520442579674,20.0,0.0,0.2727931097101266,1.7179727020810263,2.0,-0.8453460555764772,-0.016507150654782365,2.0,1.0,2.0,0.0,801.0,218.75,0,0,2.0,2.0,62.5,17593.75,0.0,0.0,9105.0,8488.75,62.5,62.5
4687,2019-07-25,12:30:14,155.53125,155.5625,155.375,155.40625,286,44472.75,155.49912587412587,-0.125,-0.0008040201438159755,155.42907915292392,155.10093784175695,0.32814131116697354,1.0000000000000009,0.0046875,1.7447916666666667,-1.5309606208043707,0.004687499999999995,0,4687,-0.21999998041805188,-0.8453460555764772,0.06846531968814573,47.92810618012623,20.0,0.0,0.2727931097101266,1.7179727020810263,2.0,-0.8623020438019344,-0.016955988225457186,2.0,1.0,2.0,0.0,801.0,93.75,0,0,2.0,2.0,-250.0,17343.75,0.0,0.0,9105.0,8238.75,-250.0,62.5
4688,2019-07-25,12:31:37,155.40625,155.46875,155.375,155.4375,285,44291.53125,155.40888157894736,0.03125,0.00020106564861155363,155.43095045227417,155.11129360047212,0.3196568518020513,1.000000000000003,0.00439453125,-0.9629629629629607,-0.5237828008789243,0.004394531249999986,-1,4688,-0.2516647803880789,-0.8623020438019344,0.06629126073623873,48.220059213221134,20.0,0.0,0.2727931097101266,1.7179727020810263,2.0,-0.8879368749853446,-0.025634831183410145,2.0,1.0,2.0,0.0,801.0,125.0,0,0,2.0,2.0,62.5,17406.25,0.0,0.0,9105.0,8301.25,62.5,62.5
4689,2019-07-25,12:34:14,155.4375,155.46875,155.375,155.40625,286,44448.3125,155.41368006993008,-0.03125,-0.00020106564861155363,155.42546146287992,155.12036918199607,0.305092280883855,1.0000000000000069,0.00361328125,-0.021913805697588867,0.5901286563843657,0.003613281249999975,0,4689,-0.30262158066146705,-0.8879368749853446,0.06011057519272275,50.75517575829,20.0,0.0,0.2727931097101266,1.7179727020810263,2.0,-0.9217036811135166,-0.03376680612817207,2.0,1.0,2.0,0.0,801.0,93.75,0,0,2.0,2.0,-62.5,17343.75,0.0,0.0,9105.0,8238.75,-62.5,62.5
4690,2019-07-25,12:36:47,155.40625,155.4375,155.3125,155.34375,286,44444.15625,155.39914772727272,-0.0625,-0.0004022526200655463,155.40730336001772,155.12724243793465,0.28006092208306654,1.0000000000000009,0.0056640625,-0.9453032104637332,0.601363819630531,0.005664062499999995,0,4690,-0.3774599267659249,-0.9217036811135166,0.07525996611745181,37.212469860270645,20.0,0.0,0.2727931097101266,1.7179727020810263,2.0,-0.9603178248459271,-0.038614143732410455,2.0,1.0,2.0,0.0,801.0,31.25,0,0,2.0,2.0,-125.0,17218.75,0.0,0.0,9105.0,8113.75,-125.0,-62.5
4691,2019-07-25,12:38:30,155.34375,155.34375,155.25,155.25,286,44414.09375,155.2940340909091,-0.09375,-0.0006036824813584474,155.37234705779156,155.13101959369052,0.24132746410103323,1.0000000000000029,0.00712890625,2.021017076374553,1.3385038869326553,0.00712890624999998,0,4691,-0.4818295043419935,-0.9603178248459271,0.08443285053816423,28.58217655365687,20.0,0.0,0.2727931097101266,1.7179727020810263,2.0,-0.9861360017329603,-0.02581817688703325,2.0,1.0,2.0,0.0,801.0,-62.5,0,0,2.0,2.0,-187.5,17031.25,0.0,0.0,9105.0,7926.25,-187.5,-125.0
4692,2019-07-25,12:41:09,155.25,155.34375,155.25,155.34375,286,44416.9375,155.30397727272728,0.09375,0.0006036824813584474,155.36599215606012,155.1375651446539,0.22842701140621102,1.0000000000000036,0.00830078125,3.3840830449826975,1.815867372097153,0.00830078124999997,-1,4692,-0.5799667886151468,-0.9861360017329603,0.09110862335695766,25.071941929278072,20.0,0.0,0.2727931097101266,1.7179727020810263,2.0,-0.9992365500604408,-0.013100548327480421,2.0,1.0,2.0,0.0,801.0,31.25,0,0,2.0,2.0,187.5,17218.75,0.0,0.0,9105.0,8113.75,187.5,187.5
4693,2019-07-25,12:43:42,155.34375,155.34375,155.21875,155.21875,286,44415.40625,155.29862325174824,-0.125,-0.0008049909873228955,155.33327167693568,155.14006314020304,0.19320853673264082,1.000000000000003,0.00849609375,1.5814506539833555,1.4301684243036632,0.008496093749999973,0,4693,-0.6789416168187394,-0.9992365500604408,0.09217425752345376,20.961225175421554,20.0,0.0,0.2727931097101266,1.7179727020810263,2.0,-0.9939454369947623,0.005291113065678421,2.0,1.0,2.0,0.0,801.0,-93.75,0,0,2.0,2.0,-250.0,16968.75,0.0,0.0,9105.0,7863.75,-250.0,187.5
4694,2019-07-25,12:44:49,155.21875,155.21875,155.09375,155.09375,286,44377.5,155.16608391608392,-0.125,-0.00080563951990964,155.28004463761664,155.13863812050448,0.14140651711215924,1.0000000000000022,0.008496093750000001,-0.7966706302021412,0.5182899194342978,0.008496093749999982,0,4694,-0.7805187638567143,-0.9939454369947623,0.09217425752345382,15.341215748461899,15.341215748461899,0.0,0.2727931097101266,1.2089089096567192,1.0,-0.9623173204946479,0.031628116500114434,2.0,1.0,2.0,0.0,801.0,-218.75,0,0,2.0,2.0,-250.0,16718.75,-1.0,0.0,9105.0,7613.75,-250.0,-250.0
4695,2019-07-25,12:45:38,155.09375,155.125,155.03125,155.0625,287,44508.75,155.08275261324042,-0.03125,-0.00020151133569434876,155.23170138481296,155.13629540910438,0.09540597570858722,1.0000000000000087,0.00341796875,-2.897959183673476,-0.3818017741606072,0.0034179687499999705,0,4695,-0.8727439346007423,-0.9623173204946479,0.058463396668342583,16.31892451439598,16.31892451439598,0.0,0.2727931097101266,1.3157428185479865,2.0,-0.9027360784902846,0.05958124200436332,1.0,1.0,2.0,0.0,801.0,-250.0,0,0,1.0,2.0,-62.5,16656.25,1.0,1.0,9107.5,7548.75,-65.0,-65.0
4696,2019-07-25,12:46:49,155.0625,155.09375,155.0,155.0625,286,44347.46875,155.06107954545453,0.0,0.0,155.19410107707677,155.13402478113196,0.060076295944810454,1.0000000000000067,0.00263671875,3.2510288065843675,-1.7355817665801556,0.002636718749999983,0,4696,-0.9425244684945343,-0.9027360784902846,0.05134898976610915,11.699606208116952,11.699606208116952,0.0,0.2727931097101266,0.8109914567236929,1.0,-0.718251246076898,0.18448483241338653,-2.0,1.0,1.0,0.0,801.0,-250.0,0,0,-2.0,1.0,0.0,16656.25,-1.0,3.0,9115.0,7541.25,-7.5,-7.5
4697,2019-07-25,12:48:19,155.0625,155.125,155.03125,155.03125,286,44351.75,155.07604895104896,-0.03125,-0.00020155195069726517,155.1579119488375,155.13086248017407,0.02704946866342084,1.0000000000000155,0.0006835937499999997,-0.6122448979591795,-0.5122408325718838,0.0006835937499999891,0,4697,-0.9998737959160123,-0.718251246076898,0.026145625829189653,10.345695620420802,10.345695620420802,0.0,0.2727931097101266,0.6630501009615162,1.0,-0.5357554976630053,0.1824957484138927,-1.0,-1.0,-2.0,1.0,802.0,-31.25,0,0,-1.0,-2.0,62.5,16718.75,0.0,1.0,9117.5,7601.25,60.0,60.0
4698,2019-07-25,12:49:37,155.03125,155.0625,155.0,155.03125,287,44494.21875,155.03212108013938,0.0,0.0,155.12976484909584,155.12779748078412,0.0019673683117105156,1.00000000000001,0.0016601562499999997,-1.4878892733564086,-0.5413870509510866,0.001660156249999983,0,4698,-0.9758983383523133,-0.5357554976630053,0.040745015032516346,0.4828488368799147,0.4828488368799147,0.0,0.2727931097101266,-0.41465985868548294,-0.0,-0.3383311237524729,0.19742437391053247,-1.0,-1.0,-1.0,0.0,802.0,-31.25,0,0,-1.0,-1.0,-0.0,16718.75,-1.0,0.0,9117.5,7601.25,-0.0,60.0
4699,2019-07-25,12:50:12,155.03125,155.0625,154.9375,154.96875,286,44334.375,155.0152972027972,-0.0625,-0.0004032258119153198,155.093983771519,155.12290371214462,-0.028919940625627305,1.0000000000000178,0.0012695312499999994,-0.17751479289940994,0.40479600891093587,0.0012695312499999768,0,4699,-0.9046428935283106,-0.3383311237524729,0.03563048203434774,-8.116629069948736,0.0,-8.116629069948736,-0.6636833606623843,-0.4674205891246751,-1.0,-0.06250498441766834,0.27582613933480454,0.0,-1.0,-1.0,0.0,802.0,-93.75,0,0,0.0,-1.0,62.5,16781.25,-1.0,1.0,9120.0,7661.25,60.0,60.0
4700,2019-07-25,12:51:33,154.96875,155.0,154.875,154.875,287,44468.28125,154.94174651567945,-0.09375,-0.0006051437401008997,155.04532071118146,155.11527590561712,-0.06995519443566423,1.0000000000000067,0.00263671875,-1.6872427983539093,0.5184205276797864,0.002636718749999983,0,4700,-0.7499218395318965,-0.06250498441766834,0.05134898976610915,-13.623480180292729,0.0,-13.623480180292729,-1.2990501423939111,-0.4674205891246751,-2.0,0.013945654362205873,0.07645063877987422,1.0,-1.0,0.0,0.0,802.0,-187.5,0,0,1.0,0.0,-0.0,16781.25,-1.0,1.0,9122.5,7658.75,-2.5,60.0
4701,2019-07-25,12:51:53,154.875,154.90625,154.8125,154.8125,287,44443.71875,154.85616289198606,-0.0625,-0.0004036326997276518,154.99358277536336,155.10595972390584,-0.11237694854247593,1.0000000000000067,0.00263671875,-1.6872427983539093,0.5184205276797864,0.002636718749999983,0,4701,-0.6971769515611216,0.013945654362205873,0.05134898976610915,-21.88493854588856,0.0,-20.0,-2.034757136339064,-0.4674205891246751,-3.0,0.1576742723703149,0.14372861800810902,2.0,-1.0,1.0,1.0,803.0,-62.5,0,0,2.0,1.0,-62.5,16718.75,-1.0,1.0,9125.0,7593.75,-65.0,-2.5
4702,2019-07-25,12:52:07,154.8125,154.84375,154.78125,154.84375,287,44428.875,154.8044425087108,0.03125,0.0002018367147833544,154.9602866030604,155.09789173240105,-0.13760512934064195,1.0000000000000027,0.0032226562500000003,-2.231404958677686,-0.5671631517317615,0.003222656249999992,-1,4702,-0.586769160113168,0.1576742723703149,0.0567684441393279,-24.239721807931712,0.0,-20.0,-2.034757136339064,-0.4674205891246751,-3.0,0.2775030067877066,0.11982873441739172,3.0,-1.0,2.0,0.0,803.0,-31.25,0,0,3.0,2.0,62.5,16781.25,0.0,1.0,9127.5,7653.75,60.0,60.0
4703,2019-07-25,12:52:32,154.84375,154.875,154.84375,154.84375,287,44446.5625,154.86607142857142,0.0,0.0,154.9343895801581,155.09007198678873,-0.15568240663063193,1.0000000000000009,0.0016601562499999997,-1.4878892733564004,-0.5413870509510851,0.0016601562499999982,0,4703,-0.4831107409134855,0.2775030067877066,0.040745015032516534,-38.20894568486223,0.0,-20.0,-2.034757136339064,-0.4674205891246751,-3.0,0.3868408442334307,0.10933783744572406,3.0,-1.0,3.0,0.0,803.0,-31.25,0,0,3.0,3.0,0.0,16781.25,0.0,0.0,9127.5,7653.75,0.0,60.0
4704,2019-07-25,12:53:19,154.84375,154.875,154.84375,154.875,286,44289.71875,154.85915646853147,0.03125,0.0002017959849442974,154.92119189567853,155.08345438719525,-0.16226249151671368,0.9999999999999987,0.0009765625,-3.0,0.0,0.0009765625000000013,-1,4704,-0.3785182568116526,0.3868408442334307,0.03125000000000002,-51.92399728534834,0.0,-20.0,-2.034757136339064,-0.4674205891246751,-3.0,0.4349228883758205,0.04808204414238981,3.0,-1.0,3.0,0.0,803.0,0.0,0,0,3.0,3.0,93.75,16875.0,0.0,0.0,9127.5,7747.5,93.75,93.75
4705,2019-07-25,12:54:18,154.875,154.90625,154.84375,154.84375,287,44449.03125,154.87467334494772,-0.03125,-0.0002017959849442974,154.90398258552776,155.07607886758925,-0.17209628206148864,0.9999999999999971,0.0016601562499999997,-1.4878892733564004,0.5413870509510851,0.0016601562500000045,0,4705,-0.3291898941972345,0.4349228883758205,0.04074501503251661,-42.23738337662827,0.0,-20.0,-2.034757136339064,-0.4674205891246751,-3.0,0.4292707919212237,-0.0056520964545968,-3.0,-1.0,3.0,0.0,803.0,-31.25,0,0,-3.0,3.0,-93.75,16781.25,0.0,6.0,9142.5,7638.75,-108.75,93.75
4706,2019-07-25,12:55:16,154.84375,154.84375,154.75,154.8125,287,44425.84375,154.7938806620209,-0.03125,-0.0002018367147833544,154.88365312207716,155.0679687485865,-0.18431562650934552,0.9999999999999971,0.0016601562499999997,-1.4878892733564004,0.5413870509510851,0.0016601562500000045,0,4706,-0.3351014689243925,0.4292707919212237,0.04074501503251661,-45.236362377643545,0.0,-20.0,-2.034757136339064,-0.4674205891246751,-3.0,0.4732495013864341,0.04397870946521043,3.0,-1.0,-3.0,1.0,804.0,-31.25,0,0,3.0,-3.0,93.75,16875.0,0.0,6.0,9157.5,7717.5,78.75,78.75
4707,2019-07-25,12:56:53,154.84375,154.90625,154.8125,154.875,287,44444.875,154.86019163763066,0.0625,0.0004036326997276518,154.88173020606004,155.06203124863,-0.18030104256996538,1.0000000000000009,0.0016601562499999997,2.6643598615916986,1.7143923280117699,0.0016601562499999982,-1,4707,-0.2882725392459065,0.4732495013864341,0.040745015032516534,-44.25106787322971,0.0,-20.0,-2.034757136339064,-0.4674205891246751,-3.0,0.4706110295051506,-0.0026384718812835217,-3.0,-1.0,3.0,1.0,805.0,62.5,0,0,-3.0,3.0,187.5,17062.5,0.0,6.0,9172.5,7890.0,172.5,172.5
4708,2019-07-25,12:57:40,154.875,154.90625,154.8125,154.875,287,44448.03125,154.87118902439025,0.0,0.0,154.8802346047134,155.05627644097984,-0.17604183626644954,1.0000000000000024,0.00458984375,1.4350384789497508,-0.4220089568642765,0.004589843749999989,0,4708,-0.29113690133878645,0.4706110295051506,0.06774838558962117,-25.984654059921773,0.0,-20.0,-2.034757136339064,-0.4674205891246751,-3.0,0.4561672644982952,-0.014443765006855402,-3.0,-1.0,-3.0,1.0,806.0,0.0,0,0,-3.0,-3.0,-0.0,17062.5,0.0,0.0,9172.5,7890.0,-0.0,172.5
4709,2019-07-25,12:58:11,154.875,154.875,154.78125,154.84375,287,44437.25,154.8336236933798,-0.03125,-0.0002017959849442974,154.87212691477708,155.04973716587278,-0.17761025109570028,1.000000000000003,0.005566406250000001,-1.1172668513388768,0.20575279705556965,0.005566406249999983,0,4709,-0.30669115382263157,0.4561672644982952,0.07460835241445815,-23.80567930371314,0.0,-20.0,-2.034757136339064,-0.4674205891246751,-3.0,0.4323520624025717,-0.02381520209572352,-3.0,-1.0,-3.0,0.0,806.0,-31.25,0,0,-3.0,-3.0,93.75,17156.25,0.0,0.0,9172.5,7983.75,93.75,93.75
4710,2019-07-25,12:59:46,154.84375,154.875,154.6875,154.71875,287,44424.8125,154.79028745644598,-0.125,-0.0008075914026655084,154.83804315593775,155.03955294538443,-0.20150978944667486,1.0000000000000113,0.0032226562500000007,-2.2314049586776696,0.5671631517317631,0.0032226562499999643,0,4710,-0.33188256147249434,0.4323520624025717,0.056768444139327655,-35.49679623984521,0.0,-20.0,-2.034757136339064,-0.4674205891246751,-3.0,0.4020202226546515,-0.030331839747920197,-3.0,-1.0,-3.0,0.0,806.0,-156.25,0,0,-3.0,-3.0,375.0,17531.25,0.0,0.0,9172.5,8358.75,375.0,375.0
4711,2019-07-25,13:00:20,154.71875,154.75,154.625,154.625,287,44393.46875,154.68107578397212,-0.09375,-0.0006061218490440723,154.79070023239606,155.02679747014184,-0.23609723774578129,1.0000000000000067,0.0045898437499999984,-0.7378904481665849,0.912717046241344,0.004589843749999967,0,4711,-0.3631775138931131,0.4020202226546515,0.06774838558962101,-34.84913119198388,0.0,-20.0,-2.034757136339064,-0.4674205891246751,-3.0,0.4691731145466094,0.06715289189195794,3.0,-1.0,-3.0,0.0,806.0,-250.0,0,0,3.0,-3.0,281.25,17812.5,0.0,6.0,9187.5,8625.0,266.25,375.0
4712,2019-07-25,13:00:32,154.625,154.625,154.5,154.5,287,44358.03125,154.55760017421602,-0.125,-0.0008087343748517384,154.72610018075252,155.01058831721443,-0.28448813646190274,1.000000000000002,0.01005859375,-2.03883495145631,0.7532575789300444,0.01005859374999998,0,4712,-0.2926949029347365,0.4691731145466094,0.10029254084925748,-28.365832000357475,0.0,-20.0,-2.034757136339064,-0.4674205891246751,-3.0,0.5304142489401644,0.061241134393555,3.0,-1.0,3.0,1.0,807.0,-125.0,0,0,3.0,3.0,-375.0,17437.5,0.0,0.0,9187.5,8250.0,-375.0,266.25
4713,2019-07-25,13:00:53,154.5,154.5625,154.46875,154.53125,288,44500.25,154.51475694444446,0.03125,0.00020224491928555466,154.68280014058533,154.99583944591555,-0.3130393053302214,1.0000000000000018,0.00830078125,-1.5986159169550167,0.6052891240323842,0.008300781249999986,-1,4713,-0.2243821965460797,0.5304142489401644,0.09110862335695774,-34.35891069320118,0.0,-20.0,-2.034757136339064,-0.4674205891246751,-3.0,0.6242460721239693,0.0938318231838049,3.0,-1.0,3.0,0.0,807.0,-93.75,0,0,3.0,3.0,93.75,17531.25,0.0,0.0,9187.5,8343.75,93.75,93.75
4714,2019-07-25,13:01:44,154.53125,154.65625,154.5,154.625,287,44361.40625,154.56935975609755,0.09375,0.0006064894555661837,154.66995566489973,154.98442900142584,-0.3144733365261061,1.0000000000000016,0.00947265625,-1.9162503985545751,0.5560984445536761,0.009472656249999984,-1,4714,-0.11100282889153086,0.6242460721239693,0.0973275718899839,-32.310817008933206,0.0,-20.0,-2.034757136339064,-0.4674205891246751,-3.0,0.7314019786695117,0.10715590654554241,3.0,-1.0,3.0,0.0,807.0,0.0,0,0,3.0,3.0,281.25,17812.5,0.0,0.0,9187.5,8625.0,281.25,281.25
4715,2019-07-25,13:02:41,154.625,154.625,154.53125,154.5625,287,44369.90625,154.59897648083623,-0.0625,-0.0004042854310171151,154.64607662825537,154.97144657061276,-0.3253699423573835,0.9999999999999994,0.00947265625,-1.916250398554574,-0.5560984445536764,0.009472656250000005,0,4715,0.034970243812528536,0.7314019786695117,0.097327571889984,-33.43039757790026,0.0,-20.0,-2.034757136339064,-0.4674205891246751,-3.0,0.8132641521548849,0.08186217348537317,3.0,-1.0,3.0,0.0,807.0,-62.5,0,0,3.0,3.0,-187.5,17625.0,0.0,0.0,9187.5,8437.5,-187.5,281.25
4716,2019-07-25,13:03:16,154.5625,154.5625,154.4375,154.4375,288,44504.25,154.52864583333334,-0.125,-0.0008090615328066875,154.59972626642087,154.95501744536315,-0.3552911789422808,1.000000000000001,0.01416015625,-2.9464922711058263,0.2716684817787362,0.014160156249999986,0,4716,0.16360292259419995,0.8132641521548849,0.1189964547791235,-29.857291093399226,0.0,-20.0,-2.034757136339064,-0.4674205891246751,-3.0,0.8340285949608313,0.02076444280594636,3.0,-1.0,3.0,0.0,807.0,-187.5,0,0,3.0,3.0,-375.0,17250.0,0.0,0.0,9187.5,8062.5,-375.0,-187.5
4717,2019-07-25,13:03:47,154.4375,154.53125,154.4375,154.53125,287,44332.875,154.46994773519162,0.09375,0.0006068575082576189,154.58450931832735,154.9419784470443,-0.35746912871695713,1.0000000000000029,0.00947265625,0.7620363481772768,0.9334509605008139,0.009472656249999973,-1,4717,0.1996214603740611,0.8340285949608313,0.09732757188998384,-36.72845441177033,0.0,-20.0,-2.034757136339064,-0.4674205891246751,-3.0,0.8502509174955848,0.01622232253475353,3.0,-1.0,3.0,0.0,807.0,-93.75,0,0,3.0,3.0,281.25,17531.25,0.0,0.0,9187.5,8343.75,281.25,281.25
4718,2019-07-25,13:04:35,154.53125,154.53125,154.375,154.375,288,44479.4375,154.44249131944446,-0.15625,-0.0010116338748442644,154.5379516920324,154.92453295636605,-0.3865812643336426,1.0000000000000029,0.01044921875,0.905755961219325,1.294262998848746,0.010449218749999966,0,4718,0.2290130193714961,0.8502509174955848,0.10222142021122563,-37.81802909163548,0.0,-20.0,-2.034757136339064,-0.4674205891246751,-3.0,0.8363658667987789,-0.0138850506968059,-3.0,-1.0,3.0,0.0,807.0,-250.0,0,0,-3.0,3.0,-468.75,17062.5,0.0,6.0,9202.5,7860.0,-483.75,281.25
4719,2019-07-25,13:04:49,154.375,154.375,154.3125,154.34375,288,44447.8125,154.33268229166666,-0.03125,-0.00020244964134352728,154.49479576046969,154.9066627115548,-0.4118669510851021,1.0000000000000029,0.00947265625,0.7620363481772768,0.9334509605008139,0.009472656249999973,0,4719,0.20378409854781676,0.8363658667987789,0.09732757188998384,-42.31760261631351,0.0,-20.0,-2.034757136339064,-0.4674205891246751,-3.0,0.772425240366723,-0.06394062643205589,-3.0,-1.0,-3.0,1.0,808.0,-31.25,0,0,-3.0,-3.0,93.75,17156.25,0.0,0.0,9202.5,7953.75,93.75,93.75
4720,2019-07-25,13:05:03,154.34375,154.34375,154.21875,154.21875,288,44427.59375,154.26247829861111,-0.125,-0.0008102086730428226,154.4334522581431,154.8854961665839,-0.45204390844079967,1.0000000000000058,0.005566406249999999,-1.117266851338865,0.20575279705557048,0.005566406249999967,0,4720,0.09709957936739844,0.772425240366723,0.07460835241445804,-60.58891448636252,0.0,-20.0,-2.034757136339064,-0.4674205891246751,-3.0,0.6939456266478375,-0.07847961371888545,-3.0,-1.0,-3.0,0.0,808.0,-156.25,0,0,-3.0,-3.0,375.0,17531.25,0.0,0.0,9202.5,8328.75,375.0,375.0
4721,2019-07-25,13:05:14,154.21875,154.21875,154.125,154.15625,288,44402.78125,154.17632378472223,-0.0625,-0.0004053506338435042,154.37185175633354,154.86305782299672,-0.4912060666631817,1.000000000000002,0.005566406250000001,-1.1172668513388746,-0.20575279705556937,0.005566406249999989,0,4721,-0.018442603961215335,0.6939456266478375,0.07460835241445819,-65.83794585550879,0.0,-20.0,-2.034757136339064,-0.4674205891246751,-3.0,0.6189737263968537,-0.07497190025098388,-3.0,-1.0,-3.0,0.0,808.0,-218.75,0,0,-3.0,-3.0,187.5,17718.75,0.0,0.0,9202.5,8516.25,187.5,375.0
4722,2019-07-25,13:05:37,154.15625,154.1875,154.15625,154.1875,288,44403.34375,154.17827690972223,0.03125,0.00020269585556320635,154.33088469937056,154.842271428443,-0.5113867290724556,1.0000000000000007,0.00615234375,-1.216931216931216,-0.8284388773693415,0.0061523437499999955,-1,4722,-0.11768941416993374,0.6189737263968537,0.07843687748756956,-65.19723189560914,0.0,-20.0,-2.034757136339064,-0.4674205891246751,-3.0,0.5958697870497113,-0.023103939347142388,-3.0,-1.0,-3.0,0.0,808.0,-187.5,0,0,-3.0,-3.0,-93.75,17625.0,0.0,0.0,9202.5,8422.5,-93.75,187.5
4723,2019-07-25,13:06:03,154.1875,154.28125,154.1875,154.25,288,44420.375,154.23741319444446,0.0625,0.00040526849592215086,154.3129103217327,154.82404769218323,-0.5111373704505411,0.9999999999999953,0.0022460937500000003,3.7240075614366694,-1.7487916903105647,0.0022460937500000107,-1,4723,-0.14652049974167083,0.5958697870497113,0.047392971525322306,-107.85088041534551,0.0,-20.0,-2.034757136339064,-0.4674205891246751,-3.0,0.6157735468026956,0.019903759752984307,3.0,-1.0,-3.0,0.0,808.0,-125.0,0,0,3.0,-3.0,-187.5,17437.5,0.0,6.0,9217.5,8220.0,-202.5,-93.75
4724,2019-07-25,13:06:47,154.25,154.3125,154.21875,154.28125,288,44428.78125,154.2666015625,0.03125,0.0002025726736389899,154.305874694681,154.80734622473145,-0.501471530050452,0.9999999999999818,0.0016601562499999993,2.664359861591695,1.7143923280117723,0.0016601562500000297,-1,4724,-0.12172817367521618,0.6157735468026956,0.040745015032516915,-123.0755540647729,0.0,-20.0,-2.034757136339064,-0.4674205891246751,-3.0,0.6489087004440999,0.03313515364140429,3.0,-1.0,3.0,1.0,809.0,31.25,0,0,3.0,3.0,93.75,17531.25,0.0,0.0,9217.5,8313.75,93.75,93.75
4725,2019-07-25,13:07:21,154.28125,154.3125,154.25,154.3125,287,44281.78125,154.2919207317073,0.03125,0.00020253164626193865,154.3073469847519,154.79212018704743,-0.48477320229554266,0.999999999999988,0.00224609375,1.4555765595463097,1.118079933149378,0.0022460937500000267,-1,4725,-0.07916596484622089,0.6489087004440999,0.04739297152532247,-102.28799475815188,0.0,-20.0,-2.034757136339064,-0.4674205891246751,-3.0,0.7007180888187575,0.05180938837465765,3.0,-1.0,3.0,0.0,809.0,62.5,0,0,3.0,3.0,93.75,17625.0,0.0,0.0,9217.5,8407.5,93.75,93.75
4726,2019-07-25,13:08:10,154.3125,154.4375,154.3125,154.4375,288,44468.75,154.40538194444446,0.125,0.0008097166434302139,154.33626987702925,154.78120879667676,-0.4449389196475124,0.9999999999999925,0.00263671875,3.2510288065843675,1.7355817665801556,0.0026367187500000206,-1,4726,-0.008994523844598822,0.7007180888187575,0.05134898976610952,-86.64998506770495,0.0,-20.0,-2.034757136339064,-0.4674205891246751,-3.0,0.7672901067894602,0.06657201797070267,3.0,-1.0,3.0,0.0,809.0,187.5,0,0,3.0,3.0,375.0,18000.0,0.0,0.0,9217.5,8782.5,375.0,375.0
4727,2019-07-25,13:09:22,154.4375,154.46875,154.40625,154.4375,288,44478.25,154.43836805555554,0.0,0.0,154.35876545991164,154.77063314139443,-0.4118676814827893,0.9999999999999925,0.00263671875,3.2510288065843675,1.7355817665801556,0.0026367187500000206,0,4727,0.08908834749648722,0.7672901067894602,0.05134898976610952,-80.20950039305801,0.0,-20.0,-2.034757136339064,-0.4674205891246751,-3.0,0.8397989611488641,0.07250885435940391,3.0,-1.0,3.0,0.0,809.0,187.5,0,0,3.0,3.0,0.0,18000.0,0.0,0.0,9217.5,8782.5,0.0,375.0
4728,2019-07-25,13:10:25,154.4375,154.46875,154.40625,154.4375,287,44328.0625,154.4531794425087,0.0,0.0,154.37626202437573,154.76038289088999,-0.3841208665142517,0.9999999999999925,0.00263671875,3.2510288065843675,1.7355817665801556,0.0026367187500000206,0,4728,0.20994103043544532,0.8397989611488641,0.05134898976610952,-74.8059247638349,0.0,-20.0,-2.034757136339064,-0.4674205891246751,-3.0,0.9047203778641388,0.06492141671527474,3.0,-1.0,3.0,0.0,809.0,187.5,0,0,3.0,3.0,0.0,18000.0,0.0,0.0,9217.5,8782.5,0.0,0.0
4729,2019-07-25,13:11:38,154.4375,154.5,154.40625,154.46875,288,44483.0625,154.455078125,0.03125,0.0002023267584041477,154.3968149078478,154.7514095711703,-0.35459466332250145,0.9999999999999726,0.00029296875,-3.3333333333333304,0.6085806194501845,0.00029296875000000807,-1,4729,0.33850224438540205,0.9047203778641388,0.017116329922036676,-207.16746226419326,0.0,-20.0,-2.034757136339064,-0.4674205891246751,-3.0,0.9372697774073586,0.03254939954321978,3.0,-1.0,3.0,0.0,809.0,218.75,0,0,3.0,3.0,93.75,18093.75,0.0,0.0,9217.5,8876.25,93.75,93.75
4730,2019-07-25,13:13:12,154.46875,154.53125,154.46875,154.5,287,44342.9375,154.5050087108014,0.03125,0.0002022858305679165,154.41974492832608,154.74367389205742,-0.3239289637313334,0.9999999999999927,0.00068359375,-0.612244897959183,-0.5122408325718831,0.0006835937500000048,-1,4730,0.4162489387759053,0.9372697774073586,0.026145625829189955,-123.89413274999407,0.0,-20.0,-2.034757136339064,-0.4674205891246751,-3.0,0.9773770955653309,0.040107318157972305,3.0,-1.0,3.0,0.0,809.0,250.0,0,0,3.0,3.0,93.75,18187.5,0.0,0.0,9217.5,8970.0,93.75,93.75
4731,2019-07-25,13:14:49,154.5,154.5,154.4375,154.5,288,44489.0625,154.47591145833334,0.0,0.0,154.43757938869808,154.73617623384027,-0.29859684514218543,0.9999999999999913,0.00126953125,-0.1775147928994123,-0.4047960089109363,0.001269531250000011,0,4731,0.5415539406372138,0.9773770955653309,0.03563048203434822,-83.80376242295415,0.0,-20.0,-2.034757136339064,-0.4674205891246751,-3.0,0.9977065930652075,0.02032949749987656,3.0,-1.0,3.0,0.0,809.0,250.0,0,0,3.0,3.0,0.0,18187.5,0.0,0.0,9217.5,8970.0,0.0,93.75
4732,2019-07-25,13:17:01,154.5,154.5,154.46875,154.46875,287,44337.46875,154.4859538327526,-0.03125,-0.0002022858305679165,154.44450619120965,154.7279477343375,-0.2834415431278501,1.0000000000000009,0.00712890625,2.021017076374554,-1.3385038869326558,0.007128906249999992,0,4732,0.6576230345648993,0.9977065930652075,0.08443285053816431,-33.57005493966265,0.0,-20.0,-2.034757136339064,-0.4674205891246751,-3.0,0.9960862464101605,-0.0016203466550469559,-3.0,-1.0,3.0,0.0,809.0,218.75,0,0,-3.0,3.0,-93.75,18093.75,0.0,6.0,9232.5,8861.25,-108.75,0.0
4733,2019-07-25,13:19:24,154.46875,154.5625,154.4375,154.53125,288,44491.65625,154.48491753472223,0.0625,0.00040453074985347115,154.46378259316307,154.72189549635792,-0.25811290319484215,1.0000000000000016,0.006542968749999999,2.3991980396524872,-1.228195210283377,0.006542968749999989,-1,4733,0.7668380983210227,0.9960862464101605,0.08088861940965483,-31.90966851438608,0.0,-20.0,-2.034757136339064,-0.4674205891246751,-3.0,0.9463271946175433,-0.04975905179261719,-3.0,-1.0,-3.0,1.0,810.0,62.5,0,0,-3.0,-3.0,-187.5,17906.25,0.0,0.0,9232.5,8673.75,-187.5,-108.75
4734,2019-07-25,13:23:25,154.53125,154.53125,154.375,154.375,287,44330.875,154.46297909407664,-0.15625,-0.0010116338748442644,154.44405312801575,154.7112217887777,-0.26716866076193924,1.0000000000000022,0.00634765625,1.9999999999999976,-0.9051513929454645,0.006347656249999986,0,4734,0.8976985087366063,0.9463271946175433,0.07967217989988717,-33.53349451435275,0.0,-20.0,-2.034757136339064,-0.4674205891246751,-3.0,0.8265016270970083,-0.11982556752053508,-3.0,-1.0,-3.0,0.0,810.0,-93.75,0,0,-3.0,-3.0,468.75,18375.0,0.0,0.0,9232.5,9142.5,468.75,468.75
4735,2019-07-25,13:26:06,154.375,154.40625,154.34375,154.375,288,44457.8125,154.36740451388889,0.0,0.0,154.42870798845672,154.70087650296915,-0.27216851451242974,1.0000000000000027,0.006542968749999999,0.7952773446201841,-0.5016571985664501,0.006542968749999983,0,4735,0.9824795876101894,0.8265016270970083,0.08088861940965479,-33.6473185596173,0.0,-20.0,-2.034757136339064,-0.4674205891246751,-3.0,0.5700763442935575,-0.2564252828034508,3.0,-1.0,-3.0,0.0,810.0,-93.75,0,0,3.0,-3.0,-0.0,18375.0,0.0,6.0,9247.5,9127.5,-15.0,468.75
4736,2019-07-25,13:30:29,154.375,154.4375,154.34375,154.34375,288,44467.40625,154.40071614583334,-0.03125,-0.00020244964134352728,154.40982843546635,154.6898879951855,-0.28005955971914887,1.0000000000000056,0.004199218749999999,1.9307733910221785,-1.4467284665112368,0.004199218749999976,0,4736,0.9840579285659857,0.5700763442935575,0.06480137922914894,-43.21814798552506,0.0,-20.0,-2.034757136339064,-0.4674205891246751,-3.0,0.09329672965752195,-0.4767796146360355,-3.0,1.0,3.0,1.0,811.0,-31.25,0,0,-3.0,3.0,-93.75,18281.25,0.0,6.0,9262.5,9018.75,-108.75,-15.0
4737,2019-07-25,13:30:46,154.34375,154.34375,154.28125,154.28125,288,44445.90625,154.32606336805554,-0.0625,-0.00040502228176197974,154.38125544980718,154.67731451841058,-0.29605906860339815,1.0000000000000158,0.0006835937499999997,-0.6122448979591795,-0.5122408325718838,0.0006835937499999889,0,4737,0.7699933777641567,0.09329672965752195,0.02614562582918965,-113.23464603125706,0.0,-20.0,-2.034757136339064,-0.4674205891246751,-3.0,-0.3260988016852403,-0.41939553134276225,-3.0,1.0,-3.0,1.0,812.0,-62.5,0,0,-3.0,-3.0,187.5,18468.75,0.0,0.0,9262.5,9206.25,187.5,187.5
4738,2019-07-25,13:31:43,154.28125,154.3125,154.21875,154.28125,288,44430.78125,154.27354600694446,0.0,0.0,154.3590320165167,154.66512791784413,-0.30609590132743847,1.000000000000016,0.0012695312500000003,-0.17751479289942415,-0.4047960089109369,0.0012695312499999799,0,4738,0.4378666046653386,-0.3260988016852403,0.03563048203434778,-85.90843677959846,0.0,-20.0,-2.034757136339064,-0.4674205891246751,-3.0,-0.9082083303225005,-0.5821095286372602,-3.0,1.0,-3.0,0.0,812.0,-62.5,0,0,-3.0,-3.0,-0.0,18468.75,0.0,0.0,9262.5,9206.25,-0.0,187.5
4739,2019-07-25,13:33:19,154.28125,154.28125,154.21875,154.25,287,44269.15625,154.247931184669,-0.03125,-0.0002025726736389899,154.334802679513,154.65235475114127,-0.3175520716282847,1.0000000000000153,0.0016601562499999993,-1.487889273356398,0.5413870509510844,0.001660156249999974,0,4739,-0.346263089337595,-0.9082083303225005,0.040745015032516235,-77.93642274395157,0.0,-20.0,-2.034757136339064,-0.4674205891246751,-3.0,-0.9663252005744617,-0.05811687025196122,-3.0,1.0,-3.0,0.0,812.0,-93.75,0,0,-3.0,-3.0,93.75,18562.5,0.0,0.0,9262.5,9300.0,93.75,93.75
4740,2019-07-25,13:35:59,154.25,154.3125,154.15625,154.15625,288,44425.5625,154.25542534722223,-0.09375,-0.0006079643514853572,154.2951243062879,154.6370899895677,-0.3419656832797955,1.0000000000000129,0.0017578124999999994,-2.407407407407393,-0.1656346649999839,0.0017578124999999768,0,4740,-0.8652506004734859,-0.9663252005744617,0.04192627457812078,-81.5635748038177,0.0,-20.0,-2.034757136339064,-0.4674205891246751,-3.0,-0.8079593413382805,0.15836585923618118,-3.0,1.0,-3.0,0.0,812.0,-187.5,0,0,-3.0,-3.0,281.25,18843.75,0.0,0.0,9262.5,9581.25,281.25,281.25
4741,2019-07-25,13:37:40,154.15625,154.1875,154.0625,154.0625,289,44543.5625,154.1299740484429,-0.09375,-0.000608334197002236,154.24343001600172,154.61941029758103,-0.3759802815793023,1.0000000000000129,0.0017578124999999994,-2.407407407407393,-0.1656346649999839,0.0017578124999999768,0,4741,-0.9879678839812766,-0.8079593413382805,0.04192627457812078,-89.67652989982267,0.0,-20.0,-2.034757136339064,-0.4674205891246751,-3.0,-0.5897913700742691,0.21816797126401144,3.0,1.0,-3.0,0.0,812.0,-281.25,0,0,3.0,-3.0,281.25,19125.0,0.0,6.0,9277.5,9847.5,266.25,281.25
4742,2019-07-25,13:38:11,154.0625,154.0625,154.0,154.03125,288,44362.25,154.03559027777777,-0.03125,-0.00020286033135885617,154.1962789013347,154.60131305765546,-0.40503415632076667,1.0000000000000056,0.003125,-2.324218750000005,0.052407843222650706,0.003124999999999983,0,4742,-0.9880735587923037,-0.5897913700742691,0.05590169943749459,-72.45471253940103,0.0,-20.0,-2.034757136339064,-0.4674205891246751,-3.0,-0.218234045025827,0.3715573250484421,3.0,-1.0,3.0,1.0,813.0,-31.25,0,0,3.0,3.0,-93.75,19031.25,0.0,0.0,9277.5,9753.75,-93.75,266.25
4743,2019-07-25,13:39:03,154.03125,154.0625,154.0,154.03125,288,44360.96875,154.03114149305554,0.0,0.0,154.15960581214924,154.58377265588146,-0.42416684373222324,1.000000000000002,0.002734375,0.5357142857142883,-1.0885117692152515,0.0027343749999999946,0,4743,-0.8443777780700611,-0.218234045025827,0.05229125165837967,-81.11621548157196,0.0,-20.0,-2.034757136339064,-0.4674205891246751,-3.0,0.04014248962383348,0.2583765346496605,3.0,-1.0,3.0,0.0,813.0,-31.25,0,0,3.0,3.0,0.0,19031.25,0.0,0.0,9277.5,9753.75,0.0,0.0
4744,2019-07-25,13:42:36,154.03125,154.09375,154.03125,154.0625,289,44521.84375,154.05482266435988,0.03125,0.00020286033135885617,154.13802674278276,154.56773349723898,-0.42970675445621964,1.0000000000000018,0.006054687499999999,2.814776274713843,-1.6712144101358455,0.006054687499999989,-1,4744,-0.678151802040686,0.04014248962383348,0.0778118724874295,-55.22380335027135,0.0,-20.0,-2.034757136339064,-0.4674205891246751,-3.0,0.27769728487889583,0.23755479525506235,3.0,-1.0,3.0,0.0,813.0,0.0,0,0,3.0,3.0,93.75,19125.0,0.0,0.0,9277.5,9847.5,93.75,93.75
4745,2019-07-25,13:45:29,154.0625,154.125,154.03125,154.09375,288,44372.96875,154.07280815972223,0.03125,0.0002028191873897356,154.1281874666088,154.55314938963164,-0.42496192302283475,0.9999999999999996,0.0125,1.905517578125,-0.5437313734350074,0.012500000000000006,-1,4745,-0.4829336699714388,0.27769728487889583,0.11180339887498951,-38.00974990912365,0.0,-20.0,-2.034757136339064,-0.4674205891246751,-3.0,0.46147438994688356,0.18377710506798772,3.0,-1.0,3.0,0.0,813.0,31.25,0,0,3.0,3.0,93.75,19218.75,0.0,0.0,9277.5,9941.25,93.75,93.75
4746,2019-07-25,13:47:13,154.09375,154.09375,153.9375,153.9375,288,44350.6875,153.99544270833334,-0.15625,-0.0010145075436422957,154.0858124740291,154.53420633148914,-0.44839385746004723,1.0000000000000004,0.01484375,-0.8171745152354563,0.08099829095409117,0.014843749999999996,0,4746,-0.3010006071914872,0.46147438994688356,0.12183492931011203,-36.803391276957186,0.0,-20.0,-2.034757136339064,-0.4674205891246751,-3.0,0.6061970730306476,0.14472268308376407,3.0,-1.0,3.0,0.0,813.0,-125.0,0,0,3.0,3.0,-468.75,18750.0,0.0,0.0,9277.5,9472.5,-468.75,93.75
4747,2019-07-25,13:48:35,153.9375,154.09375,153.9375,154.09375,289,44509.34375,154.01157006920414,0.15625,0.0010145075436422957,154.0875763686893,154.5206538289818,-0.43307746029250893,1.0000000000000013,0.018359375,-0.7378904481665943,0.9127170462413433,0.018359374999999976,-1,4747,-0.13372619492993426,0.6061970730306476,0.13549677117924241,-31.9621978090984,0.0,-20.0,-2.034757136339064,-0.4674205891246751,-3.0,0.6555882326356312,0.049391159604983526,3.0,-1.0,3.0,0.0,813.0,31.25,0,0,3.0,3.0,468.75,19218.75,0.0,0.0,9277.5,9941.25,468.75,468.75
4748,2019-07-25,13:50:34,154.09375,154.125,154.0,154.0,288,44359.625,154.02647569444446,-0.09375,-0.0006085810107698819,154.068114953425,154.504633711167,-0.4365187577419931,1.0000000000000013,0.0173828125,0.5813659891427866,1.16647142053545,0.017382812499999973,0,4748,-0.07037858325951121,0.6555882326356312,0.13184389443580607,-33.10875786929452,0.0,-20.0,-2.034757136339064,-0.4674205891246751,-3.0,0.7347135517931793,0.07912531915754817,3.0,-1.0,3.0,0.0,813.0,-62.5,0,0,3.0,3.0,-281.25,18937.5,0.0,0.0,9277.5,9660.0,-281.25,468.75
4749,2019-07-25,13:53:26,154.0,154.0,153.84375,153.84375,289,44488.9375,153.94096020761245,-0.15625,-0.0010151254551553635,154.01825607488612,154.4842988277465,-0.4660427528603748,1.000000000000001,0.01396484375,0.5071152623600147,0.5936096825059102,0.013964843749999987,0,4749,0.03983562285147063,0.7347135517931793,0.11817294000743142,-39.43734943304848,0.0,-20.0,-2.034757136339064,-0.4674205891246751,-3.0,0.745781742170895,0.01106819037771567,3.0,-1.0,3.0,0.0,813.0,-218.75,0,0,3.0,3.0,-468.75,18468.75,0.0,0.0,9277.5,9191.25,-468.75,-281.25
4750,2019-07-25,13:54:13,153.84375,153.875,153.84375,153.84375,288,44307.375,153.84505208333334,0.0,0.0,153.97947694713366,154.46458963304661,-0.4851126859129522,1.0000000000000073,0.0045898437499999984,-1.8243549117247493,-0.06869913251278904,0.004589843749999965,0,4750,0.056279607496537674,0.745781742170895,0.06774838558962099,-71.60505474646635,0.0,-20.0,-2.034757136339064,-0.4674205891246751,-3.0,0.7485926221170315,0.002810879946136491,3.0,-1.0,3.0,0.0,813.0,-218.75,0,0,3.0,3.0,0.0,18468.75,0.0,0.0,9277.5,9191.25,0.0,0.0
4751,2019-07-25,13:55:45,153.84375,153.875,153.78125,153.84375,289,44457.375,153.8317474048443,0.0,0.0,153.94931540332618,154.44548687510672,-0.4961714717805421,1.0000000000000029,0.00751953125,-1.0844999156687447,-0.47737985036336106,0.007519531249999979,0,4751,0.060501747564198995,0.7485926221170315,0.08671523078444743,-57.21849175652907,0.0,-20.0,-2.034757136339064,-0.4674205891246751,-3.0,0.745692868118054,-0.0028997539989774612,-3.0,-1.0,3.0,0.0,813.0,-218.75,0,0,-3.0,3.0,0.0,18468.75,0.0,6.0,9292.5,9176.25,-15.0,0.0
4752,2019-07-25,13:56:58,153.84375,153.84375,153.71875,153.75,289,44444.34375,153.78665657439447,-0.09375,-0.0006095702718464935,153.90502309147593,154.4240872789496,-0.5190641874736741,1.0000000000000018,0.003125,2.3632812499999987,-0.8210562104882035,0.003124999999999994,0,4752,0.05614642198998344,0.745692868118054,0.05590169943749469,-92.85302463014648,0.0,-20.0,-2.034757136339064,-0.4674205891246751,-3.0,0.7818993181456064,0.036206450027552406,3.0,-1.0,-3.0,1.0,814.0,-93.75,0,0,3.0,-3.0,281.25,18750.0,0.0,6.0,9307.5,9442.5,266.25,266.25
4753,2019-07-25,13:57:55,153.75,153.8125,153.75,153.8125,289,44442.5625,153.78049307958477,0.0625,0.0004064214646470887,153.8844624044813,154.4052692088281,-0.5208068043467904,1.0000000000000018,0.003125,2.3632812499999987,-0.8210562104882035,0.003124999999999994,-1,4753,0.11207259868463942,0.7818993181456064,0.05590169943749469,-93.1647534131086,0.0,-20.0,-2.034757136339064,-0.4674205891246751,-3.0,0.7874449735830177,0.0055456554374112565,3.0,-1.0,3.0,1.0,815.0,62.5,0,0,3.0,3.0,187.5,18937.5,0.0,0.0,9307.5,9630.0,187.5,266.25
4754,2019-07-25,13:59:25,153.8125,153.875,153.78125,153.8125,288,44300.65625,153.82172309027777,0.0,0.0,153.86847075904103,154.38703015624878,-0.5185593972077527,0.9999999999999994,0.005175781250000001,0.2741189035243856,-0.6064819993295688,0.005175781250000003,0,4754,0.12095769865473444,0.7874449735830177,0.07194290270763339,-72.07929867871897,0.0,-20.0,-2.034757136339064,-0.4674205891246751,-3.0,0.7969694979932826,0.009524524410264967,3.0,-1.0,3.0,0.0,815.0,62.5,0,0,3.0,3.0,0.0,18937.5,0.0,0.0,9307.5,9630.0,0.0,187.5
4755,2019-07-25,14:02:43,153.8125,153.875,153.8125,153.8125,289,44459.53125,153.83920847750866,0.0,0.0,153.85603281258747,154.3693523052873,-0.5133194926998215,0.999999999999991,0.0016601562499999997,-1.4878892733564086,0.5413870509510866,0.001660156250000015,0,4755,0.1364362152004231,0.7969694979932826,0.040745015032516735,-125.98338527796949,0.0,-20.0,-2.034757136339064,-0.4674205891246751,-3.0,0.8135136699467281,0.016544171953445486,3.0,-1.0,3.0,0.0,815.0,62.5,0,0,3.0,3.0,0.0,18937.5,0.0,0.0,9307.5,9630.0,0.0,0.0
4756,2019-07-25,14:04:44,153.8125,153.90625,153.8125,153.90625,289,44468.28125,153.86948529411765,0.09375,0.0006093226551877606,153.86719218756804,154.35510300358615,-0.4879108160181147,0.999999999999991,0.0016601562499999997,-1.4878892733564086,0.5413870509510866,0.001660156250000015,-1,4756,0.16402605913853854,0.8135136699467281,0.040745015032516735,-119.7473643410698,0.0,-20.0,-2.034757136339064,-0.4674205891246751,-3.0,0.8593621199746498,0.045848450027921706,3.0,-1.0,3.0,0.0,815.0,156.25,0,0,3.0,3.0,281.25,19218.75,0.0,0.0,9307.5,9911.25,281.25,281.25
4757,2019-07-25,14:06:43,153.90625,153.96875,153.875,153.9375,288,44326.6875,153.912109375,0.03125,0.00020302507429459382,153.88281614588627,154.3422536803989,-0.4594375345126309,0.9999999999999976,0.00361328125,-0.021913805697585314,-0.5901286563843663,0.003613281250000009,-1,4757,0.24606933714292073,0.8593621199746498,0.060110575192723024,-76.43206424819743,0.0,-20.0,-2.034757136339064,-0.4674205891246751,-3.0,0.9145559888229274,0.055193868848277594,3.0,-1.0,3.0,0.0,815.0,187.5,0,0,3.0,3.0,93.75,19312.5,0.0,0.0,9307.5,10005.0,93.75,281.25
4758,2019-07-25,14:09:53,153.9375,154.03125,153.90625,154.0,289,44499.09375,153.97610294117646,0.0625,0.00040592653287241376,153.908857002356,154.3317227979251,-0.42286579556909487,0.9999999999999976,0.00361328125,-0.021913805697585314,-0.5901286563843663,0.003613281250000009,-1,4758,0.36069281203529036,0.9145559888229274,0.060110575192723024,-70.34798689137929,0.0,-20.0,-2.034757136339064,-0.4674205891246751,-3.0,0.9511081347715723,0.036552145948644865,3.0,-1.0,3.0,0.0,815.0,250.0,0,0,3.0,3.0,187.5,19500.0,0.0,0.0,9307.5,10192.5,187.5,187.5
4759,2019-07-25,14:12:53,154.0,154.03125,153.90625,153.9375,288,44339.15625,153.95540364583334,-0.0625,-0.00040592653287241376,153.91522211294358,154.31959286568127,-0.40437075273769096,0.9999999999999976,0.0048828125,0.1999999999999993,0.0,0.004882812500000012,0,4759,0.4541393662104879,0.9511081347715723,0.06987712429686851,-57.868831438991045,0.0,-20.0,-2.034757136339064,-0.4674205891246751,-3.0,0.9757309715624697,0.024622836790897384,3.0,-1.0,3.0,0.0,815.0,187.5,0,0,3.0,3.0,-187.5,19312.5,0.0,0.0,9307.5,10005.0,-187.5,187.5
4760,2019-07-25,14:16:49,153.9375,153.9375,153.875,153.9375,289,44481.4375,153.91500865051904,0.0,0.0,153.92017275451167,154.30783616212184,-0.3876634076101766,0.9999999999999983,0.005078125,-0.17751479289940755,0.4047960089109363,0.005078125000000009,0,4760,0.5351088606735686,0.9757309715624697,0.07126096406869618,-54.40052806982315,0.0,-20.0,-2.034757136339064,-0.4674205891246751,-3.0,0.9966796322686242,0.02094866070615453,3.0,-1.0,3.0,0.0,815.0,187.5,0,0,3.0,3.0,0.0,19312.5,0.0,0.0,9307.5,10005.0,0.0,0.0
4761,2019-07-25,14:20:41,153.9375,154.0625,153.90625,154.0625,288,44345.9375,153.97894965277777,0.125,0.0008116883562525601,153.95180103128686,154.3002873571335,-0.3484863258466362,0.9999999999999991,0.004687500000000001,1.7447916666666632,0.846307423922913,0.004687500000000006,-1,4761,0.6471841464879395,0.9966796322686242,0.0684653196881458,-50.89968577287951,0.0,-20.0,-2.034757136339064,-0.4674205891246751,-3.0,0.9936828886968548,-0.002996743571769378,-3.0,-1.0,3.0,0.0,815.0,312.5,0,0,-3.0,3.0,375.0,19687.5,0.0,6.0,9322.5,10365.0,360.0,360.0
4762,2019-07-25,14:23:45,154.0625,154.125,154.03125,154.0625,289,44524.09375,154.06260813148788,0.0,0.0,153.976400802112,154.29297082306786,-0.31657002095585085,0.9999999999999937,0.0027343750000000003,0.535714285714287,1.0885117692152513,0.002734375000000017,0,4762,0.7819945455819876,0.9936828886968548,0.05229125165837989,-60.53976734464324,0.0,-20.0,-2.034757136339064,-0.4674205891246751,-3.0,0.9535923035589876,-0.04009058513786723,-3.0,-1.0,-3.0,1.0,816.0,0.0,0,0,-3.0,-3.0,-0.0,19687.5,0.0,0.0,9322.5,10365.0,-0.0,360.0
4763,2019-07-25,14:27:21,154.0625,154.125,154.03125,154.09375,288,44374.3125,154.07747395833334,0.03125,0.0002028191873897356,154.0024784016427,154.28684095158889,-0.28436254994619503,0.9999999999999893,0.0021484374999999997,0.8677685950413263,0.5516180692881066,0.0021484375000000227,-1,4763,0.8872020333412588,0.9535923035589876,0.04635124054434814,-61.34950146029456,0.0,-20.0,-2.034757136339064,-0.4674205891246751,-3.0,0.8003571319507218,-0.15323517160826583,-3.0,-1.0,-3.0,0.0,816.0,31.25,0,0,-3.0,-3.0,-93.75,19593.75,0.0,0.0,9322.5,10271.25,-93.75,-0.0
4764,2019-07-25,14:30:34,154.09375,154.15625,154.09375,154.15625,288,44392.59375,154.14095052083334,0.0625,0.0004055150096125004,154.0366498679443,154.2828227684631,-0.24617290051878626,0.9999999999999889,0.0009765625,-2.9999999999999964,-9.251858538542974e-16,0.0009765625000000108,-1,4764,0.9898651079217872,0.8003571319507218,0.031250000000000173,-78.77532816601116,0.0,-20.0,-2.034757136339064,-0.4674205891246751,-3.0,0.5984300944312023,-0.20192703751951946,3.0,-1.0,-3.0,0.0,816.0,93.75,0,0,3.0,-3.0,-187.5,19406.25,0.0,6.0,9337.5,10068.75,-202.5,-93.75
4765,2019-07-25,14:33:44,154.15625,154.21875,154.125,154.21875,288,44398.84375,154.16265190972223,0.0625,0.0004053506338435042,154.07711656395668,154.28085129866423,-0.20373473470755243,0.9999999999999923,0.00341796875,1.999999999999999,1.145405322481819,0.0034179687500000256,-1,4765,0.9896702715489529,0.5984300944312023,0.058463396668343055,-34.84825485992869,0.0,-20.0,-2.034757136339064,-0.4674205891246751,-3.0,0.2448162485347185,-0.3536138458964838,-3.0,1.0,3.0,1.0,817.0,62.5,0,0,-3.0,3.0,187.5,19593.75,0.0,6.0,9352.5,10241.25,172.5,172.5
4766,2019-07-25,14:36:19,154.21875,154.25,154.1875,154.21875,288,44414.5,154.21701388888889,0.0,0.0,154.1085906608552,154.2789404894746,-0.1703498286193792,0.9999999999999907,0.0031249999999999993,2.3632812499999987,0.8210562104882043,0.0031250000000000284,0,4766,0.8587003937989545,0.2448162485347185,0.055901699437495,-30.473103739869543,0.0,-20.0,-2.034757136339064,-0.4674205891246751,-3.0,0.014220853186839156,-0.23059539534787935,-3.0,1.0,-3.0,1.0,818.0,0.0,0,0,-3.0,-3.0,-0.0,19593.75,0.0,0.0,9352.5,10241.25,-0.0,172.5
4767,2019-07-25,14:38:42,154.21875,154.375,154.21875,154.375,288,44442.03125,154.31260850694446,0.15625,0.00101265831438635,154.16779273622072,154.28189616672154,-0.11410343050081906,0.9999999999999978,0.006640625000000001,0.26384083044982276,0.11842841739555011,0.006640625000000016,-1,4767,0.7170909392494158,0.014220853186839156,0.0814900300650332,-14.002133808241165,0.0,-14.002133808241165,-1.342738256010903,-0.4674205891246751,-2.0,-0.1611815621740668,-0.17540241536090595,-3.0,1.0,-3.0,0.0,818.0,156.25,0,0,-3.0,-3.0,-468.75,19125.0,1.0,0.0,9352.5,9772.5,-468.75,-0.0
4768,2019-07-25,14:42:02,154.375,154.4375,154.375,154.4375,288,44462.84375,154.38487413194446,0.0625,0.0004047763665866455,154.22772768372724,154.2866839769763,-0.058956293249053715,0.9999999999999979,0.006542968749999999,0.7952773446201841,0.5016571985664501,0.006542968750000013,-1,4768,0.5838886226234696,-0.1611815621740668,0.08088861940965499,-7.28857701853873,0.0,-7.28857701853873,-0.5681447749137495,-0.4674205891246751,-1.0,-0.21180023966866124,-0.05061867749459445,-2.0,1.0,-3.0,0.0,818.0,218.75,0,0,-2.0,-3.0,-187.5,18937.5,1.0,1.0,9355.0,9582.5,-190.0,-190.0
4769,2019-07-25,14:44:44,154.4375,154.46875,154.375,154.375,287,44323.25,154.43641114982577,-0.0625,-0.0004047763665866455,154.2604548651212,154.28940139306934,-0.028946527948136236,0.9999999999999998,0.01005859375,-1.0208313695918545,0.29948795306857195,0.010058593750000004,0,4769,0.5412992489046946,-0.21180023966866124,0.1002925408492576,-2.8862094531679734,0.0,-2.8862094531679734,-0.06021055698023625,-0.4674205891246751,-1.0,-0.25935875025044247,-0.04755851058178123,-1.0,1.0,-2.0,0.0,818.0,156.25,0,0,-1.0,-2.0,125.0,19062.5,0.0,1.0,9357.5,9705.0,122.5,122.5
4770,2019-07-25,14:48:00,154.375,154.4375,154.34375,154.40625,288,44464.34375,154.39008246527777,0.03125,0.00020240866378173905,154.2928537839832,154.2929967348211,-0.0001429508378976152,1.0000000000000038,0.00537109375,-2.628099173553719,0.5814564991516649,0.005371093749999981,-1,4770,0.49951599931384894,-0.25935875025044247,0.07328774624724095,-0.01950542146778007,0.0,-0.01950542146778007,0.27054262270476304,-0.4674205891246751,-0.0,-0.314074533528663,-0.05471578327822052,-1.0,1.0,-1.0,0.0,818.0,187.5,0,0,-1.0,-1.0,-31.25,19031.25,1.0,0.0,9357.5,9673.75,-31.25,122.5
4771,2019-07-25,14:53:19,154.40625,154.4375,154.3125,154.3125,288,44465.25,154.39322916666666,-0.09375,-0.0006073489406253074,154.2972196097647,154.29359683528816,0.0036227744765540137,1.0000000000000118,0.00263671875,3.251028806584363,1.7355817665801565,0.002636718749999969,0,4771,0.44924176413151196,-0.314074533528663,0.05134898976610902,0.7055201072222633,0.7055201072222633,0.0,0.2727931097101266,-0.39032864366796205,-0.0,-0.3036752395181514,0.010399294010511595,-0.0,1.0,-1.0,0.0,818.0,93.75,0,0,-0.0,-1.0,93.75,19125.0,0.0,1.0,9360.0,9765.0,91.25,91.25
4772,2019-07-25,14:56:10,154.34375,154.34375,154.1875,154.21875,288,44432.84375,154.28070746527777,-0.09375,-0.0006077180375427815,154.2797819187059,154.29129385574086,-0.011511937034953235,1.0000000000000038,0.00537109375,-2.628099173553719,0.5814564991516649,0.005371093749999981,0,4772,0.45898326840352466,-0.3036752395181514,0.07328774624724095,-1.5707860623953382,0.0,-1.5707860623953382,0.09155972147157654,-0.4674205891246751,-0.0,-0.3020105085754102,0.0016647309427412216,-0.0,1.0,-0.0,0.0,818.0,0.0,0,0,-0.0,-0.0,0.0,19125.0,0.0,0.0,9360.0,9765.0,0.0,91.25
4773,2019-07-25,14:59:06,154.21875,154.25,154.15625,154.15625,288,44408.78125,154.19715711805554,-0.0625,-0.0004053506338435042,154.25233038121573,154.2871386601796,-0.0348082789638795,1.0000000000000016,0.008105468749999999,-2.849470169835971,0.5896604154493243,0.008105468749999987,0,4773,0.4605344657480532,-0.3020105085754102,0.09003037681804951,-3.866281603400004,0.0,-3.866281603400004,-0.17328884355093033,-0.4674205891246751,-1.0,-0.3859622331945852,-0.08395172461917505,-0.0,1.0,-0.0,0.0,818.0,-62.5,0,0,-0.0,-0.0,0.0,19125.0,-1.0,0.0,9360.0,9765.0,0.0,0.0
4774,2019-07-25,15:03:47,154.15625,154.21875,154.125,154.21875,288,44400.1875,154.16731770833334,0.0625,0.0004053506338435042,154.2448680742789,154.28503439371255,-0.04016631943363791,1.0000000000000013,0.00712890625,-2.707825107900167,0.5779903148118288,0.00712890624999999,-1,4774,0.37939980451067823,-0.3859622331945852,0.0844328505381643,-4.757190972189483,0.0,-4.757190972189483,-0.2760797502088149,-0.4674205891246751,-1.0,-0.5325312211105226,-0.14656898791593742,-1.0,1.0,-0.0,0.0,818.0,0.0,0,0,-1.0,-0.0,-0.0,19125.0,0.0,1.0,9362.5,9762.5,-2.5,0.0
4775,2019-07-25,15:11:17,154.21875,154.3125,154.15625,154.3125,288,44425.0625,154.25368923611111,0.09375,0.0006077180375427815,154.25989739110582,154.28587948929064,-0.02598209818481223,1.0000000000000004,0.005078125,-2.5073964497041423,0.2276977550124017,0.005078124999999999,-1,4775,0.22194606801081693,-0.5325312211105226,0.07126096406869611,-3.6460492114259484,0.0,-3.6460492114259484,-0.14787897803654365,-0.4674205891246751,-1.0,-0.6543764160664252,-0.12184519495590251,-1.0,1.0,-1.0,1.0,819.0,93.75,0,0,-1.0,-1.0,-93.75,19031.25,0.0,0.0,9362.5,9668.75,-93.75,-2.5
4776,2019-07-25,15:14:52,154.3125,154.34375,154.25,154.25,288,44441.65625,154.31130642361111,-0.0625,-0.00040510431990092854,154.2576979708601,154.2847755050048,-0.027077534144694937,0.9999999999999976,0.00361328125,-0.021913805697585314,-0.5901286563843663,0.0036132812500000084,0,4776,0.07197820277860992,-0.6543764160664252,0.060110575192723024,-4.5046207024106035,0.0,-4.5046207024106035,-0.24693882080016671,-0.4674205891246751,-1.0,-0.7631588087308093,-0.10878239266438416,-1.0,1.0,-1.0,0.0,819.0,31.25,0,0,-1.0,-1.0,62.5,19093.75,0.0,0.0,9362.5,9731.25,62.5,62.5
4777,2019-07-25,15:22:24,154.25,154.28125,154.21875,154.25,287,44267.40625,154.24183362369337,0.0,0.0,154.25598731066898,154.2837054894662,-0.027718178797215387,0.9999999999999972,0.00439453125,-0.9629629629629642,-0.5237828008789239,0.004394531250000011,0,4777,-0.08269460165511018,-0.7631588087308093,0.06629126073623892,-4.18127193379246,0.0,-4.18127193379246,-0.20963164427094172,-0.4674205891246751,-1.0,-0.7971455423388096,-0.03398673360800031,-1.0,1.0,-1.0,0.0,819.0,31.25,0,0,-1.0,-1.0,-0.0,19093.75,0.0,0.0,9362.5,9731.25,-0.0,62.5
4778,2019-07-25,15:32:30,154.28125,154.3125,154.21875,154.28125,288,44426.71875,154.25944010416666,0.03125,0.0002025726736389899,154.26160124163147,154.2836299359442,-0.022028694312723474,1.0000000000000009,0.005566406249999999,-1.1172668513388746,0.2057527970555698,0.005566406249999993,-1,4778,-0.13672499422032075,-0.7971455423388096,0.07460835241445822,-2.952577506383129,0.0,-2.952577506383129,-0.06786793785655815,-0.4674205891246751,-1.0,-0.8688056038796184,-0.07166006154080873,-1.0,1.0,-1.0,0.0,819.0,62.5,0,0,-1.0,-1.0,-31.25,19062.5,0.0,0.0,9362.5,9700.0,-31.25,-0.0
4779,2019-07-25,15:42:08,154.28125,154.40625,154.25,154.375,288,44443.65625,154.31825086805554,0.09375,0.000607471923105507,154.28680096571335,154.28644132253055,0.0003596431828043478,1.000000000000001,0.006640624999999999,-1.8122837370242202,0.16354400497480706,0.00664062499999999,-1,4779,-0.264212054911482,-0.8688056038796184,0.08149003006503305,0.04413339675017114,0.04413339675017114,0.0,0.2727931097101266,-0.4625981476658779,-0.0,-0.9213898489232143,-0.052584245043595934,-1.0,1.0,-1.0,0.0,819.0,156.25,0,0,-1.0,-1.0,-93.75,18968.75,1.0,0.0,9362.5,9606.25,-93.75,-31.25
4780,2019-07-25,15:44:33,154.375,154.40625,154.28125,154.28125,288,44454.4375,154.35568576388889,-0.09375,-0.000607471923105507,154.28556741777706,154.28628158952964,-0.0007141717525769309,1.0000000000000018,0.006640624999999999,-1.4878892733564004,0.541387050951085,0.006640624999999987,0,4780,-0.3767113067666363,-0.9213898489232143,0.08149003006503303,-0.08763915684004372,0.0,-0.08763915684004372,0.26268152181363724,-0.4674205891246751,-0.0,-0.9770054867583278,-0.055615637835113474,-0.0,1.0,-1.0,0.0,819.0,62.5,0,0,-0.0,-1.0,93.75,19062.5,0.0,1.0,9365.0,9697.5,91.25,91.25
4781,2019-07-25,15:49:29,154.28125,154.28125,154.1875,154.1875,288,44421.46875,154.2412109375,-0.09375,-0.0006078411695611408,154.26377465827107,154.28324215600568,-0.01946749773460965,1.0000000000000024,0.006054687499999999,0.3173777315296616,0.9198156830980235,0.006054687499999984,0,4781,-0.5400820252031875,-0.9770054867583278,0.07781187248742948,-2.5018672745286565,0.0,-2.5018672745286565,-0.015866112535924348,-0.4674205891246751,-0.0,-0.9999614466366465,-0.022955959878318777,-0.0,1.0,-0.0,0.0,819.0,-31.25,0,0,-0.0,-0.0,0.0,19062.5,0.0,0.0,9365.0,9697.5,0.0,91.25
4782,2019-07-25,15:55:10,154.1875,154.1875,154.09375,154.15625,288,44393.84375,154.14529079861111,-0.03125,-0.00020269585556320635,154.2398802897664,154.27933470505167,-0.03945441528526317,1.0000000000000187,0.0016601562499999993,-1.487889273356398,0.5413870509510844,0.001660156249999968,0,4782,-0.7132885954713549,-0.9999614466366465,0.040745015032516166,-9.683249657357337,0.0,-9.683249657357337,-0.8444361467594065,-0.4674205891246751,-1.0,-0.9780636147863986,0.021897831850247962,-0.0,1.0,-0.0,0.0,819.0,-62.5,0,0,-0.0,-0.0,0.0,19062.5,-1.0,0.0,9365.0,9697.5,0.0,0.0
4783,2019-07-25,16:00:09,154.15625,154.1875,154.125,154.15625,288,44397.6875,154.15863715277777,0.0,0.0,154.22129578092944,154.2755474833578,-0.05425170242835975,1.0000000000000204,0.0012695312500000003,-0.17751479289942415,-0.4047960089109369,0.0012695312499999742,0,4783,-0.8388902979819246,-0.9780636147863986,0.0356304820343477,-15.22620501627265,0.0,-15.22620501627265,-1.483968546874642,-0.4674205891246751,-2.0,-0.8801007876343829,0.09796282715201565,-1.0,1.0,-0.0,0.0,819.0,-62.5,0,0,-1.0,-0.0,-0.0,19062.5,-1.0,1.0,9367.5,9695.0,-2.5,0.0
4784,2019-07-25,16:12:46,154.15625,154.15625,154.0,154.09375,288,44372.4375,154.07096354166666,-0.0625,-0.0004055150096125004,154.19295227405624,154.26995371463912,-0.07700144058287606,1.0000000000000404,0.0004882812499999999,1.9999999999999691,-2.6168207644729593e-15,0.00048828124999998016,0,4784,-0.9580502740506655,-0.8801007876343829,0.02209708691207916,-34.8468741102629,0.0,-20.0,-2.034757136339064,-0.4674205891246751,-3.0,-0.6518536462317658,0.22824714140261715,2.0,1.0,-1.0,1.0,820.0,-62.5,0,0,2.0,-1.0,62.5,19125.0,-1.0,3.0,9375.0,9750.0,55.0,55.0
4785,2019-07-25,16:22:53,154.09375,154.09375,154.0,154.0625,289,44516.625,154.03676470588235,-0.03125,-0.0002028191873897356,154.16396287982155,154.26357052341947,-0.09960764359792051,1.0000000000000007,0.00537109375,3.3223140495867725,1.7443694974549941,0.005371093749999996,0,4785,-0.9971608786512605,-0.6518536462317658,0.07328774624724106,-13.591309420525437,0.0,-13.591309420525437,-1.2953383601630812,-0.4674205891246751,-2.0,-0.26012695325591334,0.39172669297585244,3.0,-1.0,2.0,1.0,821.0,-31.25,0,0,3.0,2.0,-62.5,19062.5,1.0,1.0,9377.5,9685.0,-65.0,55.0
4786,2019-07-25,16:33:25,154.0625,154.09375,154.0,154.03125,288,44363.96875,154.04155815972223,-0.03125,-0.00020286033135885617,154.1344711287501,154.25642219962197,-0.12195107087185875,1.0000000000000007,0.00537109375,3.3223140495867725,1.7443694974549941,0.005371093749999996,0,4786,-0.8667017555332446,-0.26012695325591334,0.07328774624724106,-16.64003562893703,0.0,-16.64003562893703,-1.6470928057809207,-0.4674205891246751,-2.0,0.20956374630447083,0.4696906995603842,2.0,-1.0,3.0,0.0,821.0,-62.5,0,0,2.0,3.0,-93.75,18968.75,0.0,1.0,9380.0,9588.75,-96.25,-65.0
4787,2019-07-25,16:36:21,154.03125,154.15625,154.03125,154.15625,288,44370.28125,154.0634765625,0.125,0.0008111945283610922,154.13931087791678,154.25333997809517,-0.11402910017838508,0.9999999999999988,0.00419921875,1.9307733910221725,1.446728466511237,0.004199218750000004,-1,4787,-0.5432215196822838,0.20956374630447083,0.06480137922914916,-17.596708825464653,0.0,-17.596708825464653,-1.7574713792827195,-0.4674205891246751,-2.0,0.5665912726103629,0.3570275263058921,2.0,-1.0,2.0,0.0,821.0,62.5,0,0,2.0,2.0,250.0,19218.75,0.0,0.0,9380.0,9838.75,250.0,250.0
4788,2019-07-25,16:40:39,154.15625,154.21875,154.0625,154.15625,289,44548.4375,154.14684256055364,0.0,0.0,154.14307512726862,154.2503525941538,-0.10727746688519346,0.999999999999997,0.00341796875,1.999999999999999,1.145405322481819,0.0034179687500000104,0,4788,-0.18201474004200296,0.5665912726103629,0.058463396668342923,-18.349509778531676,0.0,-18.349509778531676,-1.8443276805065132,-0.4674205891246751,-2.0,0.6673885295313929,0.10079725692103003,2.0,-1.0,2.0,0.0,821.0,62.5,0,0,2.0,2.0,0.0,19218.75,0.0,0.0,9380.0,9838.75,0.0,250.0
4789,2019-07-25,16:47:35,154.15625,154.21875,154.125,154.1875,288,44402.0625,154.173828125,0.03125,0.00020269585556320635,154.15294732120896,154.24841866817988,-0.09547134697092474,0.999999999999997,0.00341796875,1.999999999999999,1.145405322481819,0.0034179687500000104,-1,4789,-0.054674330317854965,0.6673885295313929,0.058463396668342923,-16.33010608544082,0.0,-16.33010608544082,-1.611333906063291,-0.4674205891246751,-2.0,0.7335200392833747,0.06613150975198179,2.0,-1.0,2.0,0.0,821.0,93.75,0,0,2.0,2.0,62.5,19281.25,0.0,0.0,9380.0,9901.25,62.5,62.5
4790,2019-07-25,16:54:52,154.1875,154.21875,154.15625,154.21875,288,44408.625,154.19661458333334,0.03125,0.00020265477828029788,154.16757013871808,154.24750578608203,-0.07993564736395342,1.0000000000000038,0.002734375,0.5357142857142883,-1.0885117692152515,0.0027343749999999894,-1,4790,0.03807926609442147,0.7335200392833747,0.05229125165837962,-15.286619621610036,0.0,-15.286619621610036,-1.4909390337452046,-0.4674205891246751,-2.0,0.7464356591252496,0.012915619841874837,2.0,-1.0,2.0,0.0,821.0,125.0,0,0,2.0,2.0,62.5,19343.75,0.0,0.0,9380.0,9963.75,62.5,62.5
4791,2019-07-25,17:01:53,154.1875,154.3125,154.1875,154.1875,288,44416.59375,154.22428385416666,-0.03125,-0.00020265477828029788,154.17199899678073,154.24565945420258,-0.07366045742185179,1.0000000000000013,0.00390625,-0.1875000000000012,-0.9375000000000003,0.0039062499999999952,0,4791,0.0572601403726147,0.7464356591252496,0.06249999999999996,-11.785673187496295,0.0,-11.785673187496295,-1.0870085434729946,-0.4674205891246751,-2.0,0.9017007207694508,0.15526506164420129,2.0,-1.0,2.0,0.0,821.0,93.75,0,0,2.0,2.0,-62.5,19281.25,0.0,0.0,9380.0,9901.25,-62.5,62.5
4792,2019-07-25,17:02:50,154.1875,154.21875,154.0625,154.09375,288,44387.6875,154.12391493055554,-0.09375,-0.0006082108651757068,154.15461033082946,154.2409853171502,-0.0863749863207488,1.0000000000000002,0.004589843749999999,-0.7378904481665908,-0.912717046241344,0.0045898437499999984,0,4792,0.3318734825357517,0.9017007207694508,0.06774838558962124,-12.749379275833412,0.0,-12.749379275833412,-1.1981985545360656,-0.4674205891246751,-2.0,0.9852142234104918,0.08351350264104096,2.0,-1.0,2.0,0.0,821.0,0.0,0,0,2.0,2.0,-187.5,19093.75,0.0,0.0,9380.0,9713.75,-187.5,-62.5
4793,2019-07-25,17:05:37,154.09375,154.1875,154.09375,154.15625,288,44387.75,154.12413194444446,0.0625,0.0004055150096125004,154.15497470175626,154.23837807662252,-0.08340337486626481,1.0000000000000002,0.004589843749999999,-0.7378904481665908,-0.912717046241344,0.0045898437499999984,-1,4793,0.5755051891147901,0.9852142234104918,0.06774838558962124,-12.3107545870498,0.0,-12.3107545870498,-1.1475911291097718,-0.4674205891246751,-2.0,0.96816974424944,-0.017044479161051784,-2.0,-1.0,2.0,0.0,821.0,62.5,0,0,-2.0,2.0,125.0,19218.75,0.0,4.0,9390.0,9828.75,115.0,115.0
4794,2019-07-25,17:13:49,154.15625,154.25,154.15625,154.21875,288,44410.09375,154.20171440972223,0.0625,0.0004053506338435042,154.1691469902549,154.2377741358034,-0.06862714554850413,1.0000000000000002,0.004589843749999999,-0.7378904481665908,-0.912717046241344,0.0045898437499999984,-1,4794,0.8615843432880808,0.96816974424944,0.06774838558962124,-10.129709357829704,0.0,-10.129709357829704,-0.8959475563432094,-0.4674205891246751,-1.0,0.8421268400289272,-0.12604290422051279,-2.0,-1.0,-2.0,1.0,822.0,62.5,0,0,-2.0,-2.0,-125.0,19093.75,1.0,0.0,9390.0,9703.75,-125.0,115.0
4795,2019-07-25,17:24:13,154.21875,154.25,154.15625,154.25,288,44409.90625,154.20106336805554,0.03125,0.00020261371764185299,154.1871143257538,154.23815031624025,-0.05103599048644014,0.999999999999992,0.0016601562499999997,2.664359861591688,-1.714392328011769,0.0016601562500000132,-1,4795,0.9768017946619053,0.8421268400289272,0.040745015032516714,-12.525701719759013,0.0,-12.525701719759013,-1.1723911945583074,-0.4674205891246751,-2.0,0.6148721047332535,-0.22725473529567375,1.0,-1.0,-2.0,0.0,822.0,93.75,0,0,1.0,-2.0,-62.5,19031.25,-1.0,3.0,9397.5,9633.75,-70.0,-70.0
4796,2019-07-25,17:31:10,154.25,154.28125,154.1875,154.21875,288,44419.25,154.23350694444446,-0.03125,-0.00020261371764185299,154.1941444755863,154.23755338343287,-0.04340890784655471,0.999999999999992,0.0016601562499999997,2.664359861591688,-1.714392328011769,0.0016601562500000132,0,4796,0.99242362212922,0.6148721047332535,0.040745015032516714,-10.653796007170955,0.0,-10.653796007170955,-0.9564153701751344,-0.4674205891246751,-1.0,0.29180281045717815,-0.32306929427607534,-2.0,1.0,1.0,1.0,823.0,-31.25,0,0,-2.0,1.0,-31.25,19000.0,1.0,3.0,9405.0,9595.0,-38.75,-38.75
4797,2019-07-25,17:39:09,154.21875,154.28125,154.1875,154.28125,288,44427.875,154.26345486111111,0.0625,0.0004051863912808429,154.21350125878936,154.23889789471187,-0.02539663592250463,0.9999999999999954,0.0016601562499999997,-1.4878892733564004,-0.5413870509510853,0.0016601562500000073,-1,4797,0.8826681790265205,0.29180281045717815,0.040745015032516645,-6.233065787860623,0.0,-6.233065787860623,-0.446362514910802,-0.4674205891246751,-1.0,-0.33360467667654914,-0.6254074871337273,-1.0,1.0,-2.0,1.0,824.0,62.5,0,0,-1.0,-2.0,-125.0,18875.0,0.0,1.0,9407.5,9467.5,-127.5,-38.75
4798,2019-07-25,17:50:05,154.28125,154.34375,154.25,154.34375,288,44442.0625,154.31271701388889,0.0625,0.00040502228176197974,154.24244542350286,154.24212411333613,0.0003213101667256524,0.9999999999999992,0.00224609375,-3.081285444234402,0.31535587858059355,0.0022460937500000016,-1,4798,0.43070467065268825,-0.33360467667654914,0.04739297152532221,0.06779700794958074,0.06779700794958074,0.0,0.2727931097101266,-0.46001243280783344,-0.0,-0.5172313812431744,-0.18362670456662522,-1.0,1.0,-1.0,0.0,824.0,125.0,0,0,-1.0,-1.0,-62.5,18812.5,1.0,0.0,9407.5,9405.0,-62.5,-62.5
4799,2019-07-25,18:01:19,154.34375,154.40625,154.3125,154.34375,288,44457.03125,154.36469184027777,0.0,0.0,154.26495755161335,154.24525106369504,0.019706487918313087,0.9999999999999948,0.00263671875,-1.6872427983539093,-0.5184205276797864,0.0026367187500000136,0,4799,0.23943641327088844,-0.5172313812431744,0.05134898976610946,3.8377557198446484,3.8377557198446484,0.0,0.2727931097101266,-0.04807030895293507,0.0,-0.6270506639967425,-0.10981928275356811,-0.0,1.0,-1.0,0.0,824.0,125.0,0,0,-0.0,-1.0,-0.0,18812.5,0.0,1.0,9410.0,9402.5,-2.5,-2.5
4800,2019-07-25,18:17:26,154.34375,154.40625,154.28125,154.3125,287,44296.5,154.3432055749129,-0.03125,-0.0002024906355000411,154.27552254014373,154.2473202617352,0.028202278408514303,1.0000000000000007,0.00732421875,-0.13333333333333405,-0.6085806194501847,0.007324218749999995,0,4800,0.1074291855328313,-0.6270506639967425,0.08558164961018218,3.29536513224196,3.29536513224196,0.0,0.2727931097101266,-0.10733714652093673,0.0,-0.6530905016708823,-0.026039837674139865,0.0,1.0,-0.0,0.0,824.0,93.75,0,0,0.0,-0.0,0.0,18812.5,0.0,0.0,9410.0,9402.5,0.0,0.0
4801,2019-07-25,18:31:57,154.3125,154.40625,154.28125,154.40625,288,44449.96875,154.34016927083334,0.09375,0.0006073489406253074,154.30457308677848,154.25221040752797,0.05236267925050697,1.0000000000000027,0.006542968749999999,0.7952773446201853,0.5016571985664501,0.006542968749999983,-1,4801,0.07367300659474979,-0.6530905016708823,0.08088861940965479,6.473429715164234,6.473429715164234,0.0,0.2727931097101266,0.23992890440590242,1.0,-0.6878379965785458,-0.03474749490766349,0.0,1.0,0.0,0.0,824.0,187.5,0,0,0.0,0.0,0.0,18812.5,1.0,0.0,9410.0,9402.5,0.0,0.0
4802,2019-07-25,18:41:30,154.40625,154.40625,154.28125,154.28125,288,44451.34375,154.34494357638889,-0.125,-0.0008098805868872461,154.2993901786055,154.2531039334502,0.046286245155300776,1.000000000000001,0.008105468749999999,-1.8043257366816654,0.03763789885846763,0.008105468749999989,0,4802,0.026888612419849505,-0.6878379965785458,0.09003037681804953,5.141180875966431,5.141180875966431,0.0,0.2727931097101266,0.09435452063592936,0.0,-0.7771168292085505,-0.08927883263000469,1.0,1.0,0.0,0.0,824.0,62.5,0,0,1.0,0.0,-0.0,18812.5,-1.0,1.0,9412.5,9400.0,-2.5,0.0
4803,2019-07-25,18:49:29,154.28125,154.3125,154.21875,154.21875,288,44419.5,154.234375,-0.0625,-0.0004051863912808429,154.2814701389154,154.2520468893441,0.02942324957132314,1.0000000000000004,0.00830078125,-1.5986159169550167,-0.6052891240323843,0.008300781249999995,0,4803,-0.1044824264607475,-0.7771168292085505,0.0911086233569578,3.2294692299371834,3.2294692299371834,0.0,0.2727931097101266,-0.11453756966167694,0.0,-0.83391851002606,-0.05680168081750947,0.0,1.0,1.0,1.0,825.0,-62.5,0,0,0.0,1.0,-62.5,18750.0,0.0,1.0,9415.0,9335.0,-65.0,-2.5
4804,2019-07-25,18:55:00,154.21875,154.28125,154.1875,154.28125,288,44420.5625,154.23806423611111,0.0625,0.0004051863912808429,154.28142121915644,154.25294544659505,0.028475772561392887,1.000000000000003,0.005566406250000001,-1.1172668513388746,-0.20575279705556937,0.005566406249999983,-1,4804,-0.199425971801012,-0.83391851002606,0.07460835241445815,3.8167003612687527,3.8167003612687527,0.0,0.2727931097101266,-0.050371020921719634,0.0,-0.8949536355529076,-0.061035125526847644,0.0,1.0,0.0,0.0,825.0,0.0,0,0,0.0,0.0,0.0,18750.0,0.0,0.0,9415.0,9335.0,0.0,0.0
4805,2019-07-25,18:59:00,154.28125,154.34375,154.28125,154.3125,288,44437.1875,154.29578993055554,0.03125,0.00020253164626193865,154.2883276148995,154.25477789439216,0.033549720507323855,1.0000000000000022,0.00244140625,-1.2000000000000004,0.0,0.002441406249999995,-1,4805,-0.3173456216513662,-0.8949536355529076,0.049410588440130875,6.78998602657301,6.78998602657301,0.0,0.2727931097101266,0.2745189063679806,1.0,-0.9515002941556876,-0.056546658602779964,0.0,1.0,0.0,0.0,825.0,31.25,0,0,0.0,0.0,0.0,18750.0,1.0,0.0,9415.0,9335.0,0.0,0.0
4806,2019-07-25,19:05:11,154.3125,154.375,154.25,154.28125,288,44440.59375,154.3076171875,-0.03125,-0.00020253164626193865,154.2867548115885,154.25559242071856,0.03116239086995165,0.9999999999999962,0.00244140625,-1.1999999999999993,0.0,0.0024414062500000095,0,4806,-0.4552724401348259,-0.9515002941556876,0.04941058844013102,6.306824479070912,6.306824479070912,0.0,0.2727931097101266,0.221724006143998,0.0,-0.9924418261186053,-0.04094153196291772,1.0,1.0,0.0,0.0,825.0,0.0,0,0,1.0,0.0,-0.0,18750.0,-1.0,1.0,9417.5,9332.5,-2.5,0.0
4807,2019-07-25,19:19:12,154.28125,154.3125,154.25,154.28125,288,44429.9375,154.27061631944446,0.0,0.0,154.2855315201244,154.25638188469645,0.0291496354279559,1.0000000000000007,0.00361328125,-0.021913805697588867,0.5901286563843656,0.0036132812499999976,0,4807,-0.6149890146866864,-0.9924418261186053,0.060110575192722934,4.849335634286992,4.849335634286992,0.0,0.2727931097101266,0.06246468897410168,0.0,-0.9975273725255425,-0.005085546406937147,0.0,1.0,1.0,1.0,826.0,0.0,0,0,0.0,1.0,0.0,18750.0,0.0,1.0,9420.0,9330.0,-2.5,-2.5
4808,2019-07-25,19:27:47,154.28125,154.40625,154.28125,154.375,287,44297.90625,154.34810540069685,0.09375,0.000607471923105507,154.3054134045412,154.26003167285964,0.045381731681573,1.0000000000000013,0.00341796875,2.000000000000002,1.1454053224818188,0.003417968749999995,-1,4808,-0.7550531432123866,-0.9975273725255425,0.05846339666834279,7.762417900386319,7.762417900386319,0.0,0.2727931097101266,0.3807762110272903,1.0,-0.9643483794529254,0.03317899307261707,0.0,1.0,0.0,0.0,826.0,93.75,0,0,0.0,0.0,0.0,18750.0,1.0,0.0,9420.0,9330.0,0.0,0.0
4809,2019-07-25,19:45:32,154.375,154.375,154.28125,154.3125,288,44450.4375,154.341796875,-0.0625,-0.00040494027684356837,154.30698820353206,154.26164608292552,0.04534212060653431,1.0000000000000022,0.0041015625,0.9183673469387786,1.0223715049937014,0.0041015624999999915,0,4809,-0.8690231760590049,-0.9643483794529254,0.06404344228724743,7.079900609209291,7.079900609209291,0.0,0.2727931097101266,0.306197775563782,1.0,-0.9122216756097032,0.052126703843222155,1.0,1.0,0.0,0.0,826.0,31.25,0,0,1.0,0.0,-0.0,18750.0,0.0,1.0,9422.5,9327.5,-2.5,0.0
4810,2019-07-25,19:59:18,154.3125,154.34375,154.28125,154.3125,288,44437.4375,154.29665798611111,0.0,0.0,154.30821304719163,154.26321081883552,0.04500222835611112,1.000000000000003,0.005566406250000001,1.0987996306555854,1.263910039055643,0.005566406249999983,0,4810,-0.9347376448050043,-0.9122216756097032,0.07460835241445815,6.031794953213611,6.031794953213611,0.0,0.2727931097101266,0.19167162210939648,0.0,-0.8992788646008311,0.01294281100887218,-1.0,1.0,1.0,1.0,827.0,0.0,0,0,-1.0,1.0,0.0,18750.0,-1.0,2.0,9427.5,9322.5,-5.0,-2.5
4811,2019-07-25,20:10:26,154.3125,154.3125,154.25,154.25,288,44432.71875,154.2802734375,-0.0625,-0.00040510431990092854,154.29527681448238,154.26280433210215,0.032472482380228485,1.0000000000000089,0.00263671875,-1.6872427983539093,0.5184205276797864,0.0026367187499999768,0,4811,-0.9451575234917449,-0.8992788646008311,0.0513489897661091,6.323879501454317,6.323879501454317,0.0,0.2727931097101266,0.22358760271890088,0.0,-0.6060018114941945,0.29327705310663654,-0.0,-1.0,-1.0,1.0,828.0,-62.5,0,0,-0.0,-1.0,62.5,18812.5,0.0,1.0,9430.0,9382.5,60.0,60.0
4812,2019-07-25,20:26:29,154.25,154.28125,154.15625,154.15625,288,44419.46875,154.23426649305554,-0.09375,-0.0006079643514853572,154.26438196681963,154.25952573726826,0.004856229551364777,1.0000000000000084,0.00244140625,-1.1999999999999993,0.0,0.0024414062499999796,0,4812,-0.9909854585190505,-0.6060018114941945,0.04941058844013072,0.9828317582675461,0.9828317582675461,0.0,0.2727931097101266,-0.3600268925795852,-0.0,-0.29214783579785353,0.313853975696341,-0.0,-1.0,-0.0,0.0,828.0,-156.25,0,0,-0.0,-0.0,0.0,18812.5,-0.0,0.0,9430.0,9382.5,0.0,60.0
4813,2019-07-25,20:39:54,154.15625,154.21875,154.125,154.1875,288,44402.59375,154.17567274305554,0.03125,0.00020269585556320635,154.24729708530415,154.25730956073696,-0.010012475432802148,1.000000000000002,0.0056640625,-0.9453032104637332,0.601363819630531,0.0056640624999999886,-1,4813,-0.882837670297785,-0.29214783579785353,0.07525996611745177,-1.3303853229453408,0.0,-1.3303853229453408,0.11929656074498896,-0.4674205891246751,-0.0,-0.014065535324107347,0.27808230047374616,0.0,-1.0,-0.0,0.0,828.0,-125.0,0,0,0.0,-0.0,-0.0,18812.5,0.0,0.0,9430.0,9382.5,-0.0,-0.0
4814,2019-07-25,20:59:44,154.1875,154.1875,154.125,154.15625,288,44399.65625,154.16547309027777,-0.03125,-0.00020269585556320635,154.227064399681,154.25420003579123,-0.02713563611021641,0.9999999999999993,0.008007812500000001,-1.5437239738251047,-0.30662793472810773,0.008007812500000006,0,4814,-0.7169826663857124,-0.014065535324107347,0.08948638164547724,-3.0323760566966538,0.0,-3.0323760566966538,-0.0770748960770753,-0.4674205891246751,-1.0,0.27045065725719253,0.2845161925812999,0.0,-1.0,0.0,0.0,828.0,-156.25,0,0,0.0,0.0,-0.0,18812.5,-1.0,0.0,9430.0,9382.5,-0.0,-0.0
4815,2019-07-25,23:39:33,154.15625,154.34375,154.15625,154.25,288,44427.84375,154.26334635416666,0.09375,0.0006079643514853572,154.2321611997519,154.25407080392074,-0.021909604168826036,0.9999999999999942,0.00361328125,-0.021913805697588867,-0.5901286563843657,0.003613281250000021,-1,4815,-0.4895181312957623,0.27045065725719253,0.06011057519272313,-3.6448834666081136,0.0,-3.6448834666081136,-0.14774447729948237,-0.4674205891246751,-1.0,0.504098960676808,0.2336483034196155,1.0,-1.0,0.0,0.0,828.0,-62.5,0,0,1.0,0.0,0.0,18812.5,0.0,1.0,9432.5,9380.0,-2.5,-0.0
4816,2019-07-26,00:08:28,154.25,154.375,154.15625,154.375,288,44428.59375,154.26595052083334,0.125,0.0008100445967444969,154.2639031553626,154.25779170226164,0.006111453100970721,0.9999999999999957,0.004199218749999999,-1.963223363980531,-0.23551393640880577,0.004199218750000018,-1,4816,-0.25423807782769464,0.504098960676808,0.06480137922914926,0.9431054051117539,0.9431054051117539,0.0,0.2727931097101266,-0.364367777863122,-0.0,0.8330342118874565,0.3289352512106485,1.0,-1.0,1.0,1.0,829.0,125.0,0,0,1.0,1.0,125.0,18937.5,1.0,0.0,9432.5,9505.0,125.0,125.0
4817,2019-07-26,00:33:36,154.375,154.4375,154.34375,154.4375,288,44467.0,154.39930555555554,0.0625,0.0004047763665866455,154.3024802319487,154.2633211883459,0.039159043602779775,0.9999999999999931,0.0031249999999999993,-2.324218750000012,0.05240784322265203,0.003125000000000021,-1,4817,0.1978574828055203,0.8330342118874565,0.05590169943749493,7.004982674375485,7.004982674375485,0.0,0.2727931097101266,0.29801151795494274,1.0,0.9968979134223529,0.16386370153489638,0.0,-1.0,1.0,0.0,829.0,187.5,0,0,0.0,1.0,62.5,19000.0,1.0,1.0,9435.0,9565.0,60.0,125.0
4818,2019-07-26,01:37:09,154.4375,154.46875,154.34375,154.4375,287,44315.8125,154.41049651567945,0.0,0.0,154.332484624849,154.26868053639683,0.06380408845217289,0.9999999999999978,0.00390625,-0.1874999999999988,0.9374999999999997,0.0039062500000000095,0,4818,0.6492601067438545,0.9968979134223529,0.06250000000000007,10.208654152347652,10.208654152347652,0.0,0.2727931097101266,0.6480756257143141,1.0,0.8865959740519331,-0.11030193937041977,1.0,-1.0,0.0,0.0,829.0,187.5,0,0,1.0,0.0,0.0,19000.0,0.0,1.0,9437.5,9562.5,-2.5,60.0
4819,2019-07-26,02:28:52,154.4375,154.5,154.40625,154.4375,288,44480.875,154.44748263888889,0.0,0.0,154.35582137488257,154.2738749814308,0.08194639345177279,1.0000000000000033,0.00322265625,1.0743801652892582,-0.2669003066972995,0.003222656249999989,0,4819,0.953986503571902,0.8865959740519331,0.05676844413932787,14.43520157971041,14.43520157971041,0.0,0.2727931097101266,1.1099090453503786,1.0,0.5930933834386491,-0.293502590613284,-1.0,-1.0,1.0,1.0,830.0,0.0,0,0,-1.0,1.0,0.0,19000.0,0.0,2.0,9442.5,9557.5,-5.0,-2.5
4820,2019-07-26,04:45:05,154.46875,154.46875,154.375,154.40625,287,44319.15625,154.42214721254356,-0.03125,-0.00020236770280490646,154.3670277360198,154.27794805892526,0.08907967709453146,1.000000000000002,0.004589843749999999,1.4350384789497521,0.42200895686427736,0.0045898437499999915,0,4820,0.9886958363740763,0.5930933834386491,0.06774838558962118,13.14860513933459,13.14860513933459,0.0,0.2727931097101266,0.9693230838860558,1.0,0.2002360017923073,-0.3928573816463419,1.0,1.0,-1.0,1.0,831.0,-31.25,0,0,1.0,-1.0,31.25,19031.25,0.0,2.0,9447.5,9583.75,26.25,26.25
4821,2019-07-26,06:02:23,154.40625,154.4375,154.3125,154.3125,288,44453.40625,154.35210503472223,-0.09375,-0.0006073489406253074,154.35491046134874,154.27901119557373,0.07589926577500705,0.9999999999999999,0.006640624999999999,-1.8122837370242202,-0.16354400497480706,0.006640625000000001,0,4821,0.8343744728716846,0.2002360017923073,0.08149003006503311,9.313932724584301,9.313932724584301,0.0,0.2727931097101266,0.5503097154277135,1.0,-0.1275963233194774,-0.32783232511178473,1.0,1.0,1.0,1.0,832.0,-93.75,0,0,1.0,1.0,-93.75,18937.5,0.0,0.0,9447.5,9490.0,-93.75,26.25
4822,2019-07-26,06:27:14,154.3125,154.40625,154.25,154.40625,288,44442.3125,154.31358506944446,0.09375,0.0006073489406253074,154.3663192477157,154.28292623570994,0.08339301200575733,1.0000000000000007,0.008984375000000001,-3.0812854442344038,0.3153558785805939,0.008984374999999992,-1,4822,0.6111027946372555,-0.1275963233194774,0.09478594305064435,8.798035797481095,8.798035797481095,0.0,0.2727931097101266,0.49393783125546425,1.0,-0.385504738357881,-0.2579084150384036,1.0,1.0,1.0,0.0,832.0,0.0,0,0,1.0,1.0,93.75,19031.25,0.0,0.0,9447.5,9583.75,93.75,93.75
4823,2019-07-26,06:46:47,154.40625,154.5,154.375,154.5,288,44481.03125,154.44802517361111,0.09375,0.0006069802917769707,154.39602608155667,154.28960542845735,0.10642065309932036,1.0,0.0095703125,-3.246563931695127,-0.5345701870407664,0.0095703125,-1,4823,0.37985855314838957,-0.385504738357881,0.0978279740156158,10.87834580754304,10.87834580754304,0.0,0.2727931097101266,0.7212526082363362,1.0,-0.6350078153053754,-0.2495030769474944,1.0,1.0,1.0,0.0,832.0,93.75,0,0,1.0,1.0,93.75,19125.0,0.0,0.0,9447.5,9677.5,93.75,93.75
4824,2019-07-26,07:05:38,154.5,154.53125,154.375,154.40625,287,44335.4375,154.4788763066202,-0.09375,-0.0006069802917769707,154.39829806343297,154.29319449219716,0.10510357123581571,0.9999999999999989,0.007031249999999999,-1.53935185185185,-0.812645075156174,0.007031250000000006,0,4824,0.0972256948900825,-0.6350078153053754,0.08385254915624216,12.534332264601353,12.534332264601353,0.0,0.2727931097101266,0.902201692915473,1.0,-0.9128716266421523,-0.27786381133677684,1.0,1.0,1.0,0.0,832.0,0.0,0,0,1.0,1.0,-93.75,19031.25,0.0,0.0,9447.5,9583.75,-93.75,93.75
4825,2019-07-26,07:16:02,154.40625,154.5,154.40625,154.46875,288,44488.375,154.47352430555554,0.0625,0.00040469446120905417,154.41395404933675,154.29859620012957,0.11535784920718584,1.0000000000000009,0.005859375,-1.75,0.17010345435994295,0.005859374999999995,-1,4825,-0.35682368575113427,-0.9128716266421523,0.07654655446197428,15.070286313734956,15.070286313734956,0.0,0.2727931097101266,1.1793045412045984,1.0,-0.9863951599871339,-0.07352353334498163,1.0,1.0,1.0,0.0,832.0,62.5,0,0,1.0,1.0,62.5,19093.75,0.0,0.0,9447.5,9646.25,62.5,62.5
4826,2019-07-26,07:33:02,154.46875,154.5,154.40625,154.4375,287,44328.25,154.45383275261324,-0.03125,-0.0002023267584041477,154.41918648281748,154.30287016320253,0.11631631961495259,1.0000000000000056,0.0041015625,0.9183673469387728,1.022371504993701,0.004101562499999977,0,4826,-0.5812443124957266,-0.9863951599871339,0.06404344228724732,18.162096767573992,18.162096767573992,0.0,0.2727931097101266,1.5171456323795727,2.0,-0.9993633235472843,-0.012968163560150403,1.0,1.0,1.0,0.0,832.0,31.25,0,0,1.0,1.0,-31.25,19062.5,1.0,0.0,9447.5,9615.0,-31.25,62.5
4827,2019-07-26,07:56:41,154.4375,154.46875,154.34375,154.40625,288,44470.1875,154.41037326388889,-0.03125,-0.00020236770280490646,154.41631170885805,154.30605108125786,0.11026062760018362,1.0000000000000047,0.0032226562500000003,1.0743801652892546,0.2669003066972995,0.0032226562499999855,0,4827,-0.7318850148123502,-0.9993633235472843,0.05676844413932784,19.42287291326303,19.42287291326303,0.0,0.2727931097101266,1.654910218904623,2.0,-0.9688905438913519,0.030472779655932425,2.0,1.0,1.0,0.0,832.0,0.0,0,0,2.0,1.0,-31.25,19031.25,0.0,1.0,9450.0,9581.25,-33.75,-31.25
4828,2019-07-26,08:13:35,154.40625,154.46875,154.3125,154.3125,288,44463.59375,154.38747829861111,-0.09375,-0.0006073489406253074,154.39324244022293,154.30624950952685,0.08699293069608416,1.00000000000002,0.001171875,2.916666666666662,-1.2932338163316435,0.0011718749999999763,0,4828,-0.8601106651743193,-0.9688905438913519,0.03423265984407254,25.412261592388994,20.0,0.0,0.2727931097101266,1.7179727020810263,2.0,-0.8866716996023015,0.08221884428905035,2.0,1.0,2.0,0.0,832.0,-93.75,0,0,2.0,2.0,-187.5,18843.75,0.0,0.0,9450.0,9393.75,-187.5,-33.75
4829,2019-07-26,08:34:48,154.3125,154.375,154.25,154.3125,287,44280.09375,154.28604094076655,0.0,0.0,154.37529967572897,154.30644183231067,0.06885784341830004,1.0000000000000082,0.0021484374999999997,0.8677685950413286,-0.5516180692881066,0.002148437499999982,0,4829,-0.9539373931783941,-0.8866716996023015,0.0463512405443477,14.85566353988273,14.85566353988273,0.0,0.2727931097101266,1.155852782698768,1.0,-0.6915251590588085,0.195146540543493,-2.0,1.0,2.0,0.0,832.0,-93.75,0,0,-2.0,2.0,0.0,18843.75,-1.0,4.0,9460.0,9383.75,-10.0,-10.0
4830,2019-07-26,08:47:02,154.3125,154.3125,154.1875,154.28125,288,44425.03125,154.25358072916666,-0.03125,-0.00020253164626193865,154.35439974778922,154.3056666990088,0.04873304878040585,1.0000000000000009,0.00654296875,0.7952773446201805,0.5016571985664497,0.006542968749999996,0,4830,-0.999762392452968,-0.6915251590588085,0.08088861940965487,6.02471016764431,6.02471016764431,0.0,0.2727931097101266,0.19089746996675744,0.0,-0.34025353910255346,0.35127161995625505,-1.0,-1.0,-2.0,1.0,833.0,-31.25,0,0,-1.0,-2.0,62.5,18906.25,-1.0,1.0,9462.5,9443.75,60.0,60.0
4831,2019-07-26,09:07:02,154.28125,154.34375,154.28125,154.3125,288,44440.59375,154.3076171875,0.03125,0.00020253164626193865,154.34508869272497,154.30587695442395,0.039211738301020205,0.9999999999999986,0.00361328125,2.607742878013152,1.5174736878455117,0.003613281250000005,-1,4831,-0.9055119438960392,-0.34025353910255346,0.060110575192723,6.523267856829157,6.523267856829157,0.0,0.2727931097101266,0.2453747014279365,1.0,0.06991013434234268,0.4101636734448961,-0.0,-1.0,-1.0,0.0,833.0,0.0,0,0,-0.0,-1.0,-31.25,18875.0,1.0,1.0,9465.0,9410.0,-33.75,60.0
4832,2019-07-26,09:30:16,154.3125,154.46875,154.3125,154.4375,288,44463.40625,154.38682725694446,0.125,0.0008097166434302139,154.3656245387861,154.30992689428786,0.05569764449825243,0.9999999999999977,0.00341796875,1.999999999999999,1.145405322481819,0.003417968750000008,-1,4832,-0.655942768270796,0.06991013434234268,0.0584633966683429,9.52692584972777,9.52692584972777,0.0,0.2727931097101266,0.573583402765787,1.0,0.37227889973592715,0.3023687653935845,-1.0,-1.0,-0.0,0.0,833.0,125.0,0,0,-1.0,-0.0,-0.0,18875.0,0.0,1.0,9467.5,9407.5,-2.5,-2.5
4833,2019-07-26,09:45:52,154.4375,154.46875,154.40625,154.4375,287,44324.5,154.44076655052265,0.0,0.0,154.38159686350033,154.3138522206175,0.06774464288284321,0.9999999999999962,0.00263671875,3.2510288065843675,1.7355817665801556,0.0026367187500000106,0,4833,-0.39303965367172977,0.37227889973592715,0.051348989766109424,13.192984553623097,13.192984553623097,0.0,0.2727931097101266,0.9741724075987428,1.0,0.749364507174068,0.37708560743814085,-1.0,-1.0,-1.0,1.0,834.0,0.0,0,0,-1.0,-1.0,-0.0,18875.0,0.0,0.0,9467.5,9407.5,-0.0,-0.0
4834,2019-07-26,10:01:33,154.4375,154.46875,154.40625,154.46875,288,44484.96875,154.46169704861111,0.03125,0.0002023267584041477,154.40096422716692,154.31861830613698,0.08234592102994043,0.9999999999999951,0.0027343750000000003,0.535714285714287,1.0885117692152513,0.0027343750000000137,-1,4834,0.061664516325666566,0.749364507174068,0.052291251658379855,15.74755210831604,15.74755210831604,0.0,0.2727931097101266,1.2533091473966285,2.0,0.9547611571133349,0.20539664993926687,-1.0,-1.0,-1.0,0.0,834.0,31.25,0,0,-1.0,-1.0,-31.25,18843.75,1.0,0.0,9467.5,9376.25,-31.25,-0.0
4835,2019-07-26,10:19:28,154.46875,154.5,154.4375,154.46875,288,44487.09375,154.46907552083334,0.0,0.0,154.41602773224096,154.32323774287124,0.09278998936972016,1.0000000000000007,0.00126953125,-0.17751479289940755,0.4047960089109363,0.001269531249999999,0,4835,0.46484311046353743,0.9547611571133349,0.03563048203434805,26.04230537220067,20.0,0.0,0.2727931097101266,1.7179727020810263,2.0,0.9782680141738601,0.023506857060525244,-2.0,-1.0,-1.0,0.0,834.0,31.25,0,0,-2.0,-1.0,-0.0,18843.75,0.0,1.0,9470.0,9373.75,-2.5,-2.5
4836,2019-07-26,10:55:48,154.46875,154.53125,154.4375,154.53125,287,44338.78125,154.49052700348432,0.0625,0.00040453074985347115,154.44163268063187,154.32963812001367,0.11199456061820001,1.000000000000003,0.00244140625,-1.2000000000000004,0.0,0.002441406249999993,-1,4836,0.8383545646773386,0.9782680141738601,0.049410588440130854,22.666105414611696,20.0,0.0,0.2727931097101266,1.7179727020810263,2.0,0.7792476256107104,-0.19902038856314974,2.0,-1.0,-2.0,0.0,834.0,93.75,0,0,2.0,-2.0,-125.0,18718.75,0.0,4.0,9480.0,9238.75,-135.0,-2.5
4837,2019-07-26,11:16:45,154.53125,154.5625,154.46875,154.5,287,44345.78125,154.51491724738676,-0.03125,-0.00020224491928555466,154.45460319604703,154.33488002401327,0.11972317203375837,1.000000000000003,0.00244140625,-1.2000000000000004,0.0,0.002441406249999993,0,4837,0.9941665228321146,0.7792476256107104,0.049410588440130854,24.230266388918423,20.0,0.0,0.2727931097101266,1.7179727020810263,2.0,0.4776892449874916,-0.30155838062321877,-2.0,-1.0,2.0,1.0,835.0,-31.25,0,0,-2.0,2.0,-62.5,18656.25,0.0,4.0,9490.0,9166.25,-72.5,-72.5
4838,2019-07-26,11:45:47,154.5,154.53125,154.4375,154.4375,288,44494.71875,154.49555121527777,-0.0625,-0.0004046125889720642,154.45080248581436,154.33803756173594,0.11276492407841943,1.0000000000000016,0.00263671875,-1.6872427983539093,-0.5184205276797869,0.002636718749999996,0,4838,0.9589910298195052,0.4776892449874916,0.051348989766109285,21.960495151327226,20.0,0.0,0.2727931097101266,1.7179727020810263,2.0,0.1658850481572873,-0.3118041968302043,2.0,1.0,-2.0,1.0,836.0,-62.5,0,0,2.0,-2.0,125.0,18781.25,0.0,4.0,9500.0,9281.25,115.0,115.0
4839,2019-07-26,12:01:38,154.4375,154.5,154.375,154.46875,288,44476.8125,154.43337673611111,0.03125,0.0002023267584041477,154.45479082230005,154.34205948291333,0.11273133938672686,1.0000000000000038,0.001953125,-1.750000000000001,-0.8838834764831844,0.0019531249999999928,-1,4839,0.8146083272201753,0.1658850481572873,0.04419417382415914,25.50819025043099,20.0,0.0,0.2727931097101266,1.7179727020810263,2.0,-0.3141459251935156,-0.4800309733508029,2.0,1.0,2.0,1.0,837.0,31.25,0,0,2.0,2.0,62.5,18843.75,0.0,0.0,9500.0,9343.75,62.5,115.0
4840,2019-07-26,12:07:52,154.46875,154.5,154.40625,154.5,287,44331.53125,154.4652656794425,0.03125,0.0002022858305679165,154.4648373062334,154.3469191911314,0.11791811510198613,1.0000000000000038,0.001953125,-1.750000000000001,-0.8838834764831844,0.0019531249999999928,-1,4840,0.4491745804838008,-0.3141459251935156,0.04419417382415914,26.681823620272127,20.0,0.0,0.2727931097101266,1.7179727020810263,2.0,-0.6099928108156925,-0.29584688562217687,2.0,1.0,2.0,0.0,837.0,62.5,0,0,2.0,2.0,62.5,18906.25,0.0,0.0,9500.0,9406.25,62.5,62.5
4841,2019-07-26,12:17:15,154.5,154.5625,154.4375,154.53125,288,44499.15625,154.51095920138889,0.03125,0.00020224491928555466,154.47959568262598,154.3525909083274,0.12700477429859802,1.0000000000000018,0.00078125,0.3125000000000024,-1.2577882373436315,0.0007812499999999987,-1,4841,0.1289862731706966,-0.6099928108156925,0.02795084971874735,45.43860940778937,20.0,0.0,0.2727931097101266,1.7179727020810263,2.0,-0.828232542565495,-0.2182397317498025,2.0,1.0,2.0,0.0,837.0,93.75,0,0,2.0,2.0,62.5,18968.75,0.0,0.0,9500.0,9468.75,62.5,62.5
4842,2019-07-26,12:19:13,154.53125,154.5625,154.5,154.5,287,44345.0625,154.51241289198606,-0.03125,-0.00020224491928555466,154.48412997537577,154.35712657268658,0.12700340268918353,1.0000000000000036,0.00419921875,1.9307733910221725,-1.446728466511237,0.004199218749999984,0,4842,-0.18939712457894495,-0.828232542565495,0.06480137922914901,19.598873388184728,19.598873388184728,0.0,0.2727931097101266,1.6741417317617677,2.0,-0.9912632024790339,-0.16303065991353893,2.0,1.0,2.0,0.0,837.0,62.5,0,0,2.0,2.0,-62.5,18906.25,0.0,0.0,9500.0,9406.25,-62.5,62.5
4843,2019-07-26,12:20:36,154.5,154.53125,154.46875,154.5,288,44496.625,154.50217013888889,0.0,0.0,154.4876566475145,154.3615226781424,0.12613396937211974,1.0000000000000069,0.0036132812500000006,-0.021913805697593602,-0.5901286563843656,0.0036132812499999755,0,4843,-0.6076624769995472,-0.9912632024790339,0.06011057519272275,20.983657030017916,20.0,0.0,0.2727931097101266,1.7179727020810263,2.0,-0.9905569751007548,0.0007062273782790784,2.0,1.0,2.0,0.0,837.0,62.5,0,0,2.0,2.0,0.0,18906.25,0.0,0.0,9500.0,9406.25,0.0,0.0
4844,2019-07-26,12:24:31,154.5,154.5,154.375,154.375,287,44327.21875,154.45023954703834,-0.125,-0.0008093889555587097,154.46262183695575,154.3619373649688,0.10068447198693775,1.0000000000000122,0.0031249999999999993,-2.3242187499999987,0.05240784322265203,0.0031249999999999607,0,4844,-0.7973751035997514,-0.9905569751007548,0.055901699437494394,18.010985891317404,18.010985891317404,0.0,0.2727931097101266,1.5006337976196045,2.0,-0.8951554563881118,0.09540151871264302,2.0,1.0,2.0,0.0,837.0,-62.5,0,0,2.0,2.0,-250.0,18656.25,0.0,0.0,9500.0,9156.25,-250.0,0.0
4845,2019-07-26,12:28:33,154.375,154.375,154.28125,154.3125,288,44453.40625,154.35210503472223,-0.0625,-0.00040494027684356837,154.42926142874336,154.3604162152775,0.06884521346586325,1.0000000000000164,0.002734374999999999,0.5357142857143096,1.0885117692152522,0.0027343749999999547,0,4845,-0.948166233325297,-0.8951554563881118,0.052291251658379286,13.165723000021423,13.165723000021423,0.0,0.2727931097101266,0.9711935467812958,1.0,-0.6340214723731391,0.2611339840149727,-2.0,1.0,2.0,0.0,837.0,-125.0,0,0,-2.0,2.0,-125.0,18531.25,-1.0,4.0,9510.0,9021.25,-135.0,-135.0
4846,2019-07-26,12:30:17,154.3125,154.3125,154.09375,154.1875,288,44411.90625,154.2080078125,-0.125,-0.0008103728158230794,154.3755366668004,154.3550957163459,0.020440950454513995,1.0000000000000164,0.002734374999999999,0.5357142857143096,1.0885117692152522,0.0027343749999999547,0,4846,-0.99513747544585,-0.6340214723731391,0.052291251658379286,3.9090574056355534,3.9090574056355534,0.0,0.2727931097101266,-0.040279197663980026,0.0,-0.2905096477481487,0.3435118246249904,-1.0,-1.0,-2.0,1.0,838.0,-125.0,0,0,-1.0,-2.0,250.0,18781.25,-1.0,1.0,9512.5,9268.75,247.5,247.5
4847,2019-07-26,12:30:55,154.15625,154.1875,154.09375,154.09375,288,44391.6875,154.13780381944446,-0.09375,-0.0006082108651757068,154.31291740751143,154.3470543096891,-0.0341369021776643,1.000000000000015,0.00244140625,-1.2000000000000028,0.0,0.002441406249999963,0,4847,-0.8820320662559763,-0.2905096477481487,0.049410588440130555,-6.908823241202042,0.0,-6.908823241202042,-0.5243297287971803,-0.4674205891246751,-1.0,-0.017227619610513518,0.2732820281376352,-0.0,-1.0,-1.0,0.0,838.0,-218.75,0,0,-0.0,-1.0,93.75,18875.0,-1.0,1.0,9515.0,9360.0,91.25,247.5
4848,2019-07-26,12:31:54,154.09375,154.125,154.0,154.09375,288,44365.3125,154.04622395833334,0.0,0.0,154.26421353917559,154.33926033092945,-0.07504679175386286,1.0000000000000098,0.00322265625,-2.231404958677679,-0.5671631517317608,0.0032226562499999686,0,4848,-0.7191836086289985,-0.017227619610513518,0.05676844413932769,-13.219807745597949,0.0,-13.219807745597949,-1.2524754210937505,-0.4674205891246751,-2.0,0.11451170040756081,0.13173932001807434,1.0,-1.0,-0.0,0.0,838.0,-218.75,0,0,1.0,-0.0,-0.0,18875.0,-1.0,1.0,9517.5,9357.5,-2.5,91.25
4849,2019-07-26,12:33:32,154.09375,154.125,154.0,154.0625,289,44526.1875,154.06985294117646,-0.03125,-0.0002028191873897356,154.21938830824772,154.33074462843933,-0.1113563201916179,1.0000000000000016,0.00634765625,1.9999999999999976,0.9051513929454648,0.006347656249999991,0,4849,-0.6214833618549104,0.11451170040756081,0.0796721798998872,-13.976813529081756,0.0,-13.976813529081756,-1.3398168651906865,-0.4674205891246751,-2.0,0.2906164684697517,0.1761047680621909,2.0,-1.0,1.0,1.0,839.0,-31.25,0,0,2.0,1.0,-31.25,18843.75,0.0,1.0,9520.0,9323.75,-33.75,-2.5
4850,2019-07-26,12:35:15,154.0625,154.125,154.0625,154.0625,288,44376.03125,154.08344184027777,0.0,0.0,154.18452423974824,154.3224909475643,-0.13796670781604803,0.9999999999999996,0.00361328125,2.607742878013152,1.5174736878455117,0.0036132812500000023,0,4850,-0.47109091187099444,0.2906164684697517,0.06011057519272297,-22.9521523248958,0.0,-20.0,-2.034757136339064,-0.4674205891246751,-3.0,0.334939474627114,0.04432300615736229,2.0,-1.0,2.0,0.0,839.0,-31.25,0,0,2.0,2.0,0.0,18843.75,-1.0,0.0,9520.0,9323.75,0.0,0.0
4851,2019-07-26,12:37:21,154.0625,154.1875,154.0625,154.1875,288,44393.84375,154.14529079861111,0.125,0.0008110300525654424,154.1851855198042,154.31833737994694,-0.13315186014273195,0.9999999999999996,0.00361328125,2.607742878013152,1.5174736878455117,0.0036132812500000023,-1,4851,-0.4294260685838964,0.334939474627114,0.06011057519272297,-22.15115388861749,0.0,-20.0,-2.034757136339064,-0.4674205891246751,-3.0,0.44347596221497926,0.10853648758786527,3.0,-1.0,2.0,0.0,839.0,93.75,0,0,3.0,2.0,250.0,19093.75,0.0,1.0,9522.5,9571.25,247.5,247.5
4852,2019-07-26,12:39:37,154.1875,154.3125,154.15625,154.21875,288,44418.90625,154.23231336805554,0.03125,0.00020265477828029788,154.19264429318105,154.31527315287167,-0.12262885969062154,1.0000000000000004,0.004687500000000001,1.7447916666666632,0.846307423922913,0.0046875,-1,4852,-0.3201852365226828,0.44347596221497926,0.06846531968814576,-17.911091374317177,0.0,-17.911091374317177,-1.7937440556806303,-0.4674205891246751,-2.0,0.5518745867002196,0.10839862448524035,3.0,-1.0,3.0,0.0,839.0,125.0,0,0,3.0,3.0,93.75,19187.5,1.0,0.0,9522.5,9665.0,93.75,247.5
4853,2019-07-26,12:42:21,154.21875,154.21875,154.125,154.21875,288,44401.1875,154.17078993055554,0.0,0.0,154.19844556136306,154.3123032097064,-0.11385764834335532,1.0000000000000004,0.004687500000000001,1.7447916666666632,0.846307423922913,0.0046875,0,4853,-0.1994412585583323,0.5518745867002196,0.06846531968814576,-16.62997395790571,0.0,-16.62997395790571,-1.6459319152077212,-0.4674205891246751,-2.0,0.7043914897413757,0.15251690304115606,2.0,-1.0,3.0,0.0,839.0,125.0,0,0,2.0,3.0,0.0,19187.5,0.0,1.0,9525.0,9662.5,-2.5,93.75
4854,2019-07-26,12:45:09,154.21875,154.21875,154.15625,154.15625,288,44410.21875,154.2021484375,-0.0625,-0.0004053506338435042,154.18906876994905,154.3075015724847,-0.1184328025356649,1.0000000000000007,0.00322265625,1.0743801652892582,0.2669003066972995,0.0032226562499999972,0,4854,-0.0038326573294831605,0.7043914897413757,0.056768444139327946,-20.862435871061194,0.0,-20.0,-2.034757136339064,-0.4674205891246751,-3.0,0.823310405022764,0.11891891528138832,2.0,-1.0,2.0,0.0,839.0,62.5,0,0,2.0,2.0,-125.0,19062.5,-1.0,0.0,9525.0,9537.5,-125.0,-2.5
4855,2019-07-26,12:48:49,154.15625,154.21875,154.15625,154.15625,288,44403.84375,154.18001302083334,0.0,0.0,154.1817757099604,154.30284767794672,-0.12107196798632458,0.9999999999999997,0.00458984375,-1.82435491172476,-0.0686991325127901,0.004589843750000003,0,4855,0.18082065522005844,0.823310405022764,0.06774838558962126,-17.87082702157736,0.0,-17.87082702157736,-1.7890984548270414,-0.4674205891246751,-2.0,0.9142668721425162,0.09095646711975225,3.0,-1.0,2.0,0.0,839.0,62.5,0,0,3.0,2.0,0.0,19062.5,1.0,1.0,9527.5,9535.0,-2.5,-2.5
4856,2019-07-26,12:51:54,154.15625,154.28125,154.15625,154.25,288,44417.34375,154.22688802083334,0.09375,0.0006079643514853572,154.19693666330252,154.30122159554838,-0.10428493224586077,0.999999999999999,0.00439453125,-0.9629629629629642,-0.5237828008789239,0.004394531250000005,-1,4856,0.3600265538559028,0.9142668721425162,0.06629126073623887,-15.731324323547257,0.0,-15.731324323547257,-1.5422479559639277,-0.4674205891246751,-2.0,0.9785978705528087,0.06433099841029244,2.0,-1.0,3.0,0.0,839.0,156.25,0,0,2.0,3.0,281.25,19343.75,0.0,1.0,9530.0,9813.75,278.75,278.75
4857,2019-07-26,12:53:03,154.25,154.375,154.25,154.34375,288,44442.28125,154.3134765625,0.09375,0.0006075949554009696,154.2295618492353,154.3025301618392,-0.0729683126039049,0.9999999999999977,0.003125,-2.324218750000005,-0.052407843222650706,0.003125000000000008,-1,4857,0.5464633835233592,0.9785978705528087,0.05590169943749481,-13.052968574862868,0.0,-13.052968574862868,-1.2332259326197317,-0.4674205891246751,-2.0,0.999210092078961,0.020612221526152386,2.0,-1.0,2.0,0.0,839.0,250.0,0,0,2.0,2.0,187.5,19531.25,0.0,0.0,9530.0,10001.25,187.5,278.75
4858,2019-07-26,12:55:25,154.34375,154.40625,154.3125,154.375,288,44455.46875,154.35926649305554,0.03125,0.00020244964134352728,154.26188143829413,154.3047600030134,-0.04287856471927398,0.9999999999999946,0.002734374999999999,0.5357142857142977,-1.0885117692152522,0.0027343750000000137,-1,4858,0.7346479818272263,0.999210092078961,0.052291251658379855,-8.199949964747601,0.0,-8.199949964747601,-0.6732967182270924,-0.4674205891246751,-1.0,0.9529871036017729,-0.0462229884771882,-2.0,-1.0,2.0,0.0,839.0,281.25,0,0,-2.0,2.0,62.5,19593.75,1.0,4.0,9540.0,10053.75,52.5,187.5
4859,2019-07-26,13:03:14,154.375,154.375,154.3125,154.34375,288,44450.53125,154.34212239583334,-0.03125,-0.00020244964134352728,154.28007445200657,154.3059596952284,-0.025885243221836163,0.9999999999999953,0.0022460937500000003,1.4555765595463086,-1.1180799331493776,0.002246093750000011,0,4859,0.8881246761584108,0.9529871036017729,0.047392971525322306,-5.4618316574654004,0.0,-5.4618316574654004,-0.35737943954305057,-0.4674205891246751,-1.0,0.8263035102108419,-0.12668359339093094,-1.0,-1.0,-2.0,1.0,840.0,-31.25,0,0,-1.0,-2.0,62.5,19656.25,0.0,1.0,9542.5,10113.75,60.0,60.0
4860,2019-07-26,13:07:18,154.34375,154.4375,154.34375,154.40625,287,44314.15625,154.4047256097561,0.0625,0.0004048583051252663,154.3081134626718,154.30904555075983,-0.0009320880880352433,0.9999999999999953,0.0022460937500000003,1.4555765595463086,-1.1180799331493776,0.002246093750000011,-1,4860,0.982545100260703,0.8263035102108419,0.047392971525322306,-0.19667221911528038,0.0,-0.19667221911528038,0.25010155832960135,-0.4674205891246751,-0.0,0.6159131451446689,-0.21039036506617304,1.0,-1.0,-1.0,0.0,840.0,31.25,0,0,1.0,-1.0,-62.5,19593.75,1.0,2.0,9547.5,10046.25,-67.5,60.0
4861,2019-07-26,13:16:15,154.40625,154.46875,154.375,154.46875,288,44473.28125,154.42111545138889,0.0625,0.00040469446120905417,154.34381047096696,154.31395953381337,0.02985093715358289,0.9999999999999953,0.0022460937500000003,1.4555765595463086,-1.1180799331493776,0.002246093750000011,-1,4861,0.992585027715273,0.6159131451446689,0.047392971525322306,6.298600022923944,6.298600022923944,0.0,0.2727931097101266,0.22082532257962806,0.0,0.3387819264367363,-0.27713121870793256,-0.0,1.0,1.0,1.0,841.0,62.5,0,0,-0.0,1.0,62.5,19656.25,0.0,1.0,9550.0,10106.25,60.0,60.0
4862,2019-07-26,13:17:41,154.46875,154.59375,154.46875,154.5625,287,44350.84375,154.53255662020905,0.09375,0.0006067347744025398,154.39240814408544,154.32160693277297,0.07080121131247097,0.9999999999999748,0.0006835937499999995,-0.612244897959202,0.5122408325718871,0.0006835937500000167,-1,4862,0.9048469658835392,0.3387819264367363,0.02614562582919018,27.079562667582135,20.0,0.0,0.2727931097101266,1.7179727020810263,2.0,0.043277727100583384,-0.29550419933615296,0.0,1.0,-0.0,0.0,841.0,156.25,0,0,0.0,-0.0,-0.0,19656.25,2.0,0.0,9550.0,10106.25,-0.0,60.0
4863,2019-07-26,13:21:26,154.5625,154.59375,154.53125,154.59375,288,44517.21875,154.57367621527777,0.03125,0.00020216314634691201,154.43715077873313,154.32998056561073,0.10717021312240149,0.9999999999999798,0.0009765624999999998,-3.00000000000006,3.70074341541719e-15,0.0009765625000000195,-1,4863,0.737046253191566,0.043277727100583384,0.03125000000000031,34.294468199168136,20.0,0.0,0.2727931097101266,1.7179727020810263,2.0,-0.035133343481552,-0.07841107058213538,2.0,1.0,0.0,0.0,841.0,187.5,0,0,2.0,0.0,0.0,19656.25,0.0,2.0,9555.0,10101.25,-5.0,-0.0
4864,2019-07-26,13:23:12,154.59375,154.6875,154.59375,154.625,287,44381.53125,154.63948170731706,0.03125,0.0002021222846702031,154.4788950501258,154.33905808666887,0.1398369634569292,0.9999999999999981,0.0041015625,0.9183673469387728,-1.022371504993701,0.004101562500000008,-1,4864,0.6818272117385324,-0.035133343481552,0.06404344228724755,21.834704454162953,20.0,0.0,0.2727931097101266,1.7179727020810263,2.0,-0.2525811221440043,-0.2174477786624523,2.0,1.0,2.0,1.0,842.0,31.25,0,0,2.0,2.0,62.5,19718.75,0.0,0.0,9555.0,10163.75,62.5,62.5
4865,2019-07-26,13:26:28,154.625,154.78125,154.625,154.71875,287,44400.0,154.70383275261324,0.09375,0.0006061218490440723,154.53219615009786,154.3507409147714,0.18145523532646735,1.0000000000000002,0.0032226562500000003,1.0743801652892546,-0.2669003066972995,0.00322265625,-1,4865,0.5055775296799272,-0.2525811221440043,0.05676844413932797,31.964102253906766,20.0,0.0,0.2727931097101266,1.7179727020810263,2.0,-0.30279698824953594,-0.05021586610553164,2.0,1.0,2.0,0.0,842.0,125.0,0,0,2.0,2.0,187.5,19906.25,0.0,0.0,9555.0,10351.25,187.5,187.5
4866,2019-07-26,13:30:49,154.71875,154.71875,154.625,154.65625,287,44389.09375,154.6658318815331,-0.0625,-0.00040404040953667675,154.55976367229835,154.36014119431692,0.1996224779814213,1.0000000000000016,0.00361328125,-0.021913805697588867,0.5901286563843656,0.0036132812499999945,0,4866,0.45980190560210665,-0.30279698824953594,0.060110575192722907,33.20921108164474,20.0,0.0,0.2727931097101266,1.7179727020810263,2.0,-0.3547389306827283,-0.05194194243319239,2.0,1.0,2.0,0.0,842.0,62.5,0,0,2.0,2.0,-125.0,19781.25,0.0,0.0,9555.0,10226.25,-125.0,187.5
4867,2019-07-26,13:35:52,154.65625,154.6875,154.59375,154.65625,287,44382.375,154.64242160278746,0.0,0.0,154.5812050784543,154.3692522344918,0.21195284396250713,1.0000000000000033,0.00361328125,2.6077428780131497,1.517473687845512,0.003613281249999989,0,4867,0.41028206800040873,-0.3547389306827283,0.06011057519272286,35.26049173260393,20.0,0.0,0.2727931097101266,1.7179727020810263,2.0,-0.28777899154693654,0.06695993913579179,2.0,1.0,2.0,0.0,842.0,62.5,0,0,2.0,2.0,0.0,19781.25,0.0,0.0,9555.0,10226.25,0.0,0.0
4868,2019-07-26,13:40:56,154.65625,154.6875,154.5625,154.625,288,44532.96875,154.62836371527777,-0.03125,-0.00020208143950739554,154.59093728324225,154.37712139650745,0.21381588673480678,1.0000000000000222,0.0012695312500000003,-0.17751479289942415,-0.4047960089109369,0.001269531249999972,0,4868,0.4737034588978367,-0.28777899154693654,0.03563048203434767,60.0092601971225,20.0,0.0,0.2727931097101266,1.7179727020810263,2.0,-0.22727803275516487,0.06050095879177167,2.0,1.0,2.0,0.0,842.0,31.25,0,0,2.0,2.0,-62.5,19718.75,0.0,0.0,9555.0,10163.75,-62.5,0.0
4869,2019-07-26,13:46:24,154.625,154.625,154.5625,154.59375,287,44372.21875,154.60703397212544,-0.03125,-0.0002021222846702031,154.59156233141064,154.38378689199953,0.2077754394111082,1.000000000000017,0.0017578124999999994,-2.407407407407393,-0.1656346649999839,0.0017578124999999693,0,4869,0.5278918957120204,-0.22727803275516487,0.04192627457812069,49.55733403500063,20.0,0.0,0.2727931097101266,1.7179727020810263,2.0,-0.18564183688025734,0.04163619587490752,2.0,1.0,2.0,0.0,842.0,0.0,0,0,2.0,2.0,-62.5,19656.25,0.0,0.0,9555.0,10101.25,-62.5,-62.5
4870,2019-07-26,13:50:21,154.59375,154.59375,154.46875,154.5,287,44350.8125,154.53244773519162,-0.09375,-0.0006066120901815353,154.57121514665275,154.38736267993804,0.18385246671471123,1.0000000000000104,0.0027343750000000003,-0.6122448979591854,0.5122408325718826,0.002734374999999972,0,4870,0.5635468803945147,-0.18564183688025734,0.05229125165837945,35.159316498259734,20.0,0.0,0.2727931097101266,1.7179727020810263,2.0,-0.27705567332621506,-0.09141383644595771,2.0,1.0,2.0,0.0,842.0,-93.75,0,0,2.0,2.0,-187.5,19468.75,0.0,0.0,9555.0,9913.75,-187.5,-62.5
4871,2019-07-26,14:00:02,154.5,154.5625,154.40625,154.40625,288,44488.375,154.47352430555554,-0.09375,-0.0006069802917769707,154.53455622517436,154.38794382824764,0.14661239692671302,1.000000000000008,0.003125,-2.324218750000005,0.052407843222650706,0.003124999999999975,0,4871,0.48351833976463615,-0.27705567332621506,0.05590169943749452,26.22682286978503,20.0,0.0,0.2727931097101266,1.7179727020810263,2.0,-0.4792724916798434,-0.20221681835362837,2.0,1.0,2.0,0.0,842.0,-187.5,0,0,2.0,2.0,-187.5,19281.25,0.0,0.0,9555.0,9726.25,-187.5,-187.5
4872,2019-07-26,14:08:05,154.40625,154.46875,154.375,154.4375,288,44471.46875,154.41482204861111,0.03125,0.00020236770280490646,154.51298817513563,154.38946863353237,0.12351954160325818,1.000000000000008,0.003710937499999999,-2.4792243767313025,0.7559840489048504,0.0037109374999999695,-1,4872,0.2817068605474487,-0.4792724916798434,0.06091746465505577,20.276540119107995,20.0,0.0,0.2727931097101266,1.7179727020810263,2.0,-0.6635203282791138,-0.18424783659927035,2.0,1.0,2.0,0.0,842.0,-156.25,0,0,2.0,2.0,62.5,19343.75,0.0,0.0,9555.0,9788.75,62.5,62.5
4873,2019-07-26,14:14:37,154.4375,154.5,154.40625,154.4375,287,44322.09375,154.4323824041812,0.0,0.0,154.4962130251055,154.3909465217314,0.1052665033741107,1.000000000000008,0.003125,-2.324218750000005,0.052407843222650706,0.003124999999999975,0,4873,0.05984805166325537,-0.6635203282791138,0.05590169943749452,18.830644583857875,18.830644583857875,0.0,0.2727931097101266,1.5901976280074237,2.0,-0.812738878598717,-0.14921855031960318,2.0,1.0,2.0,0.0,842.0,-156.25,0,0,2.0,2.0,0.0,19343.75,0.0,0.0,9555.0,9788.75,0.0,62.5
4874,2019-07-26,14:19:37,154.4375,154.4375,154.3125,154.34375,288,44465.375,154.39366319444446,-0.09375,-0.0006072260079301728,154.46233235285987,154.38949432106276,0.07283803179711867,1.0000000000000047,0.002734375,0.5357142857142883,-1.0885117692152515,0.002734374999999987,0,4874,-0.16271288450459545,-0.812738878598717,0.0522912516583796,13.929295912243953,13.929295912243953,0.0,0.2727931097101266,1.0546289027671716,1.0,-0.9192780028756492,-0.10653912427693224,2.0,1.0,2.0,0.0,842.0,-250.0,0,0,2.0,2.0,-187.5,19156.25,-1.0,0.0,9555.0,9601.25,-187.5,0.0
4875,2019-07-26,14:23:31,154.34375,154.375,154.25,154.3125,288,44441.8125,154.31184895833334,-0.03125,-0.0002024906355000411,154.4290362744466,154.38712526503008,0.04191100941650916,1.000000000000003,0.00361328125,-0.021913805697588867,-0.5901286563843656,0.0036132812499999898,0,4875,-0.37170419873838195,-0.9192780028756492,0.060110575192722865,6.972318811147062,6.972318811147062,0.0,0.2727931097101266,0.2944423485767299,1.0,-0.9790894971526316,-0.0598114942769824,1.0,1.0,2.0,0.0,842.0,-281.25,0,0,1.0,2.0,-62.5,19093.75,0.0,1.0,9557.5,9536.25,-65.0,-65.0
4876,2019-07-26,14:32:28,154.3125,154.375,154.28125,154.34375,287,44297.46875,154.34658101045295,0.03125,0.0002024906355000411,154.41008376901402,154.3857906414907,0.0242931275233218,1.000000000000002,0.00390625,-0.1875000000000012,-0.9375000000000003,0.0039062499999999926,-1,4876,-0.5484741048135716,-0.9790894971526316,0.06249999999999994,3.886900403731492,3.886900403731492,0.0,0.2727931097101266,-0.042700285829698426,0.0,-0.9990176629738406,-0.019928165821209043,1.0,1.0,1.0,0.0,842.0,-250.0,0,0,1.0,1.0,31.25,19125.0,-1.0,0.0,9557.5,9567.5,31.25,31.25
4877,2019-07-26,14:44:58,154.34375,154.46875,154.34375,154.40625,288,44468.5625,154.40473090277777,0.0625,0.0004048583051252663,154.40923182034427,154.3864201602141,0.02281166013017355,1.0000000000000009,0.0017578124999999998,-2.407407407407407,-0.1656346649999846,0.0017578124999999985,-1,4877,-0.7377467221429906,-0.9990176629738406,0.04192627457812104,5.44089842460691,5.44089842460691,0.0,0.2727931097101266,0.12710455663870546,0.0,-0.9787787139480219,0.020238949025818798,0.0,1.0,1.0,0.0,842.0,-187.5,0,0,0.0,1.0,62.5,19187.5,0.0,1.0,9560.0,9627.5,60.0,60.0
4878,2019-07-26,14:49:47,154.40625,154.5,154.40625,154.4375,288,44478.40625,154.43891059027777,0.03125,0.00020236770280490646,154.41551363804555,154.38799184759213,0.02752179045342018,0.9999999999999951,0.0021484375,0.867768595041318,-0.5516180692881069,0.00214843750000001,-1,4878,-0.8370014267176903,-0.9787787139480219,0.046351240544348006,5.937659948300164,5.937659948300164,0.0,0.2727931097101266,0.18138552169912336,0.0,-0.8948673638911439,0.083911350056878,0.0,1.0,0.0,0.0,842.0,-156.25,0,0,0.0,0.0,0.0,19187.5,0.0,0.0,9560.0,9627.5,0.0,60.0
4879,2019-07-26,14:58:37,154.4375,154.4375,154.34375,154.40625,287,44310.875,154.39329268292684,-0.03125,-0.00020236770280490646,154.41345505181323,154.388553636897,0.024901414916229214,0.9999999999999944,0.0022460937500000003,1.4555765595463086,-1.1180799331493776,0.002246093750000013,0,4879,-0.9483712814299803,-0.8948673638911439,0.047392971525322326,5.254242161820187,5.254242161820187,0.0,0.2727931097101266,0.10670868941592376,0.0,-0.5964845468089907,0.2983828170821532,-0.0,1.0,0.0,0.0,842.0,-187.5,0,0,-0.0,0.0,-0.0,19187.5,0.0,0.0,9560.0,9627.5,-0.0,-0.0
4880,2019-07-26,15:07:27,154.40625,154.53125,154.375,154.5,288,44482.46875,154.45301649305554,0.09375,0.0006069802917769707,154.43268726252143,154.39198275576172,0.0407045067597096,0.9999999999999971,0.00244140625,-1.1999999999999993,0.0,0.002441406250000007,-1,4880,-0.9893195375303055,-0.5964845468089907,0.049410588440131,8.238012953241746,8.238012953241746,0.0,0.2727931097101266,0.43274432291933385,1.0,-0.1608921904960129,0.43559235631297777,-0.0,-1.0,-0.0,0.0,842.0,-93.75,0,0,-0.0,-0.0,-0.0,19187.5,1.0,0.0,9560.0,9627.5,-0.0,-0.0
4881,2019-07-26,15:19:49,154.5,154.59375,154.46875,154.5625,287,44350.875,154.53266550522648,0.0625,0.00040444894383462326,154.46153453751668,154.39722944019985,0.06430509731683287,1.0000000000000009,0.01494140625,2.1004741765987447,-1.3768608950114016,0.014941406249999985,-1,4881,-0.8116625437579813,-0.1608921904960129,0.12223504509754961,5.26077421295294,5.26077421295294,0.0,0.2727931097101266,0.10742244445209037,0.0,0.4167224051681753,0.5776145956641883,-1.0,-1.0,-0.0,0.0,842.0,-31.25,0,0,-1.0,-0.0,-0.0,19187.5,-1.0,1.0,9562.5,9625.0,-2.5,-0.0
4882,2019-07-26,15:32:00,154.53125,154.59375,154.5,154.5625,288,44516.0,154.56944444444446,0.0,0.0,154.48397130695744,154.4023146881937,0.08165661876373065,0.9999999999999998,0.01884765625,2.8019544148836197,-1.6558887068984547,0.01884765625,0,4882,-0.3481167208748192,0.4167224051681753,0.137286766478055,5.947887102198105,5.947887102198105,0.0,0.2727931097101266,0.18250303937495777,0.0,0.7036985716347013,0.28697616646652596,-0.0,-1.0,-1.0,1.0,843.0,0.0,0,0,-0.0,-1.0,-0.0,19187.5,0.0,1.0,9565.0,9622.5,-2.5,-2.5
4883,2019-07-26,15:51:27,154.5625,154.5625,154.34375,154.34375,287,44331.90625,154.46657229965157,-0.21875,-0.0014162875407368603,154.45281101652247,154.40051269778778,0.05229831873469948,1.0000000000000009,0.016796875000000003,2.4479448350459663,-1.3415883163287332,0.016796874999999992,0,4883,-0.004808375865577734,0.7036985716347013,0.12960275845829822,4.035278211422275,4.035278211422275,0.0,0.2727931097101266,-0.026487092555136038,0.0,0.9655083044551027,0.26180973282040143,-0.0,-1.0,-0.0,0.0,843.0,-218.75,0,0,-0.0,-0.0,0.0,19187.5,0.0,0.0,9565.0,9622.5,0.0,0.0
4884,2019-07-26,16:01:54,154.34375,154.46875,154.34375,154.46875,288,44470.84375,154.41265190972223,0.125,0.0008095527663343205,154.45635301285083,154.40261230708663,0.05374070576419854,1.0000000000000013,0.016308593750000003,0.41485890494459926,-0.3472750953984371,0.01630859374999998,-1,4884,0.4986064783528084,0.9655083044551027,0.12770510463564086,4.208187755495578,4.208187755495578,0.0,0.2727931097101266,-0.007593324674974422,0.0,0.9999985028792723,0.03449019842416956,-0.0,-1.0,-0.0,0.0,843.0,-93.75,0,0,-0.0,-0.0,-0.0,19187.5,0.0,0.0,9565.0,9622.5,-0.0,-0.0
4885,2019-07-26,16:19:11,154.46875,154.5,154.40625,154.46875,287,44329.84375,154.45938588850174,0.0,0.0,154.45910789888399,154.40464731302245,0.05446058586153413,1.0000000000000009,0.01708984375,-0.024489795918367935,-0.512240832571883,0.017089843749999983,0,4885,0.7058821541714791,0.9999985028792723,0.13072812914594925,4.16594241938034,4.16594241938034,0.0,0.2727931097101266,-0.012209458381522986,0.0,0.9329883295907131,-0.06701017328855918,0.0,-1.0,-0.0,0.0,843.0,-93.75,0,0,0.0,-0.0,-0.0,19187.5,0.0,0.0,9565.0,9622.5,-0.0,-0.0
4886,2019-07-26,16:34:02,154.46875,154.46875,154.375,154.375,288,44472.71875,154.41916232638889,-0.09375,-0.0006071031249907932,154.44041725468756,154.40373508800639,0.03668216668117452,1.0,0.00654296875,0.7952773446201805,0.5016571985664497,0.006542968749999999,0,4886,0.914214787914641,0.9329883295907131,0.0808886194096549,4.534898351447957,4.534898351447957,0.0,0.2727931097101266,0.028106232553032906,0.0,0.8399928515479066,-0.0929954780428065,0.0,-1.0,0.0,0.0,843.0,-187.5,0,0,0.0,0.0,-0.0,19187.5,0.0,0.0,9565.0,9622.5,-0.0,-0.0
4887,2019-07-26,16:47:12,154.375,154.46875,154.375,154.40625,288,44472.21875,154.41742621527777,0.03125,0.00020240866378173905,154.43282453142368,154.4038124699139,0.029012061509774867,1.0000000000000036,0.002734375,0.5357142857142883,-1.0885117692152515,0.0027343749999999903,-1,4887,0.9776389886449903,0.8399928515479066,0.052291251658379626,5.548167349160346,5.548167349160346,0.0,0.2727931097101266,0.13882579604240192,0.0,0.4907516699796988,-0.34924118156820777,-0.0,-1.0,0.0,0.0,843.0,-156.25,0,0,-0.0,0.0,0.0,19187.5,0.0,0.0,9565.0,9622.5,0.0,0.0
4888,2019-07-26,17:01:24,154.40625,154.4375,154.34375,154.375,287,44308.53125,154.3851263066202,-0.03125,-0.00020240866378173905,154.41997463555177,154.4029259323781,0.01704870317365703,1.0000000000000024,0.003125,0.31250000000000117,-1.257788237343631,0.0031249999999999932,0,4888,0.963115610383264,0.4907516699796988,0.05590169943749468,3.0497647379610853,3.0497647379610853,0.0,0.2727931097101266,-0.13417381921988158,0.0,0.03013638392255145,-0.46061528605714736,0.0,1.0,-0.0,0.0,843.0,-187.5,0,0,0.0,-0.0,0.0,19187.5,0.0,0.0,9565.0,9622.5,0.0,0.0
4889,2019-07-26,17:07:23,154.375,154.4375,154.375,154.40625,288,44466.625,154.39800347222223,0.03125,0.00020240866378173905,154.41692471654028,154.4030282113819,0.013896505158385253,0.999999999999997,0.00078125,0.3125000000000024,-1.2577882373436315,0.0007812500000000024,-1,4889,0.7280952519123958,0.03013638392255145,0.027950849718747416,4.9717648294121375,4.9717648294121375,0.0,0.2727931097101266,0.07584248605781208,0.0,-0.9863013451251429,-1.0164377290476942,0.0,1.0,0.0,0.0,843.0,-156.25,0,0,0.0,0.0,0.0,19187.5,0.0,0.0,9565.0,9622.5,0.0,0.0
4890,2019-07-26,17:26:51,154.40625,154.5,154.40625,154.4375,288,44480.5,154.44618055555554,0.03125,0.00020236770280490646,154.42149700175355,154.40408888180093,0.017408119952619927,1.0000000000000036,0.0009765625,-3.0,0.0,0.0009765624999999965,-1,4890,-0.5807806321967571,-0.9863013451251429,0.031249999999999944,5.570598384838386,5.570598384838386,0.0,0.2727931097101266,0.14127682778668116,0.0,-0.9560990209271154,0.030202324198027486,0.0,1.0,0.0,0.0,843.0,-125.0,0,0,0.0,0.0,0.0,19187.5,0.0,0.0,9565.0,9622.5,0.0,0.0
4891,2019-07-26,17:49:51,154.4375,154.46875,154.375,154.4375,287,44317.78125,154.417356271777,0.0,0.0,154.4250532235861,154.40511691620708,0.01993630737902663,1.0000000000000036,0.0009765625,-3.0,0.0,0.0009765624999999965,0,4891,-0.8832773514621846,-0.9560990209271154,0.031249999999999944,6.379618361288532,6.379618361288532,0.0,0.2727931097101266,0.2296781692359583,1.0,-0.6508476901888586,0.30525133073825683,0.0,1.0,0.0,0.0,843.0,-125.0,0,0,0.0,0.0,0.0,19187.5,1.0,0.0,9565.0,9622.5,0.0,0.0
4892,2019-07-26,18:03:52,154.40625,154.4375,154.375,154.40625,288,44470.4375,154.41124131944446,-0.03125,-0.00020236770280490646,154.42087472945587,154.4051517803238,0.015722949132083386,1.000000000000012,0.00078125,0.3125000000000024,1.2577882373436315,0.0007812499999999906,0,4892,-0.9970601717886098,-0.6508476901888586,0.027950849718747204,5.625213290577596,5.625213290577596,0.0,0.2727931097101266,0.1472445802167962,0.0,-0.35934103144446256,0.291506658744396,-1.0,1.0,0.0,0.0,843.0,-156.25,0,0,-1.0,0.0,-0.0,19187.5,-1.0,1.0,9567.5,9620.0,-2.5,0.0
4893,2019-07-26,18:28:12,154.40625,154.4375,154.375,154.375,288,44467.34375,154.40049913194446,-0.03125,-0.00020240866378173905,154.41068034513236,154.40422403323694,0.006456311895419731,1.0000000000000417,0.00029296875,-3.333333333333344,0.6085806194501838,0.0002929687499999877,0,4893,-0.9139689924497788,-0.35934103144446256,0.017116329922036082,3.7720188409710884,3.7720188409710884,0.0,0.2727931097101266,-0.055253355656688985,0.0,0.3052487827477873,0.6645898141922498,-0.0,-1.0,-1.0,1.0,844.0,-31.25,0,0,-0.0,-1.0,31.25,19218.75,0.0,1.0,9570.0,9648.75,28.75,28.75
4894,2019-07-26,18:45:39,154.375,154.40625,154.34375,154.34375,287,44301.40625,154.3603005226481,-0.03125,-0.00020244964134352728,154.39580693510297,154.40236329375273,-0.006556358649760341,1.000000000000012,0.00078125,0.3125000000000024,1.2577882373436315,0.0007812499999999906,0,4894,-0.45751495695540034,0.3052487827477873,0.027950849718747204,-2.345674180117271,0.0,-2.345674180117271,0.00215505813608452,-0.4674205891246751,-0.0,0.6085707550457127,0.3033219722979254,-0.0,-1.0,-0.0,0.0,844.0,-62.5,0,0,-0.0,-0.0,0.0,19218.75,-0.0,0.0,9570.0,9648.75,0.0,28.75
4895,2019-07-26,18:59:31,154.34375,154.375,154.3125,154.34375,288,44450.96875,154.34364149305554,0.0,0.0,154.38423872730232,154.40055980779113,-0.016321080488808093,1.0000000000000002,0.0016601562499999997,-1.4878892733564004,0.5413870509510851,0.0016601562499999993,0,4895,-0.13076444961772712,0.6085707550457127,0.04074501503251655,-4.005663140824235,0.0,-4.005663140824235,-0.18937033859983027,-0.4674205891246751,-1.0,0.9196859475180713,0.31111519247235864,0.0,-1.0,-0.0,0.0,844.0,-62.5,0,0,0.0,-0.0,-0.0,19218.75,-1.0,0.0,9570.0,9648.75,-0.0,-0.0
4896,2019-07-26,19:01:01,154.34375,154.40625,154.3125,154.375,288,44454.8125,154.35698784722223,0.03125,0.00020244964134352728,154.3821856767907,154.39977335216682,-0.01758767537612016,0.9999999999999948,0.0016601562499999997,-1.4878892733564004,-0.5413870509510853,0.0016601562500000082,-1,4896,0.37266732894350235,0.9196859475180713,0.04074501503251666,-4.316521999583084,0.0,-4.316521999583084,-0.22523646040060785,-0.4674205891246751,-1.0,0.9825782453441569,0.06289229782608563,1.0,-1.0,0.0,0.0,844.0,-31.25,0,0,1.0,0.0,0.0,19218.75,0.0,1.0,9572.5,9646.25,-2.5,-0.0
4897,2019-07-26,19:11:28,154.375,154.4375,154.375,154.4375,287,44318.21875,154.4188806620209,0.0625,0.0004047763665866455,154.394477748615,154.40093417210016,-0.006456423485161622,0.9999999999999885,0.0009765625,-2.9999999999999964,-9.251858538542974e-16,0.0009765625000000113,-1,4897,0.5633723839655302,0.9825782453441569,0.03125000000000018,-2.066055515251707,0.0,-2.066055515251707,0.03441676408160832,-0.4674205891246751,-0.0,0.9994877387764918,0.016909493432334832,1.0,-1.0,1.0,1.0,845.0,62.5,0,0,1.0,1.0,62.5,19281.25,1.0,0.0,9572.5,9708.75,62.5,62.5
4898,2019-07-26,19:37:07,154.4375,154.5,154.40625,154.5,288,44481.125,154.44835069444446,0.0625,0.0004046125889720642,154.4179271378117,154.40398235142018,0.013944786391505204,0.9999999999999948,0.0016601562499999997,-1.4878892733564004,-0.5413870509510853,0.0016601562500000082,-1,4898,0.7293748476302928,0.9994877387764918,0.04074501503251666,3.422452140556712,3.422452140556712,0.0,0.2727931097101266,-0.09345039175241365,0.0,0.9670485953890844,-0.03243914338740739,-0.0,-1.0,1.0,0.0,845.0,125.0,0,0,-0.0,1.0,62.5,19343.75,0.0,1.0,9575.0,9768.75,60.0,62.5
4899,2019-07-26,19:48:39,154.5,154.53125,154.46875,154.5,288,44495.21875,154.49728732638889,0.0,0.0,154.43616555163132,154.40693674060725,0.029228811024069046,0.9999999999999969,0.0017578124999999998,-2.4074074074074083,0.1656346649999846,0.0017578125000000052,0,4899,0.8638302487578235,0.9670485953890844,0.04192627457812112,6.971478224140109,6.971478224140109,0.0,0.2727931097101266,0.29435049791644646,1.0,0.7950930867735997,-0.1719555086154847,0.0,-1.0,-0.0,0.0,845.0,125.0,0,0,0.0,-0.0,-0.0,19343.75,1.0,0.0,9575.0,9768.75,-0.0,60.0
4900,2019-07-26,20:00:40,154.5,154.53125,154.46875,154.46875,287,44336.1875,154.48148954703834,-0.03125,-0.0002022858305679165,154.4434065401577,154.40883868705012,0.03456785310757482,0.999999999999998,0.00126953125,-0.17751479289940755,0.4047960089109363,0.0012695312500000024,0,4900,0.9910670764900862,0.7950930867735997,0.0356304820343481,9.70176408903228,9.70176408903228,0.0,0.2727931097101266,0.5926879185269016,1.0,0.513310939538744,-0.28178214723485573,-1.0,-1.0,0.0,0.0,845.0,93.75,0,0,-1.0,0.0,-0.0,19343.75,0.0,1.0,9577.5,9766.25,-2.5,-0.0
4901,2019-07-26,20:40:04,154.46875,154.5,154.4375,154.46875,288,44485.90625,154.46495225694446,0.0,0.0,154.44903842012266,154.410682112064,0.038356308058666855,0.9999999999999981,0.00537109375,3.3223140495867747,1.744369497454994,0.005371093750000011,0,4901,0.9698065970933095,0.513310939538744,0.07328774624724116,5.233659107113113,5.233659107113113,0.0,0.2727931097101266,0.10445958593245586,0.0,0.189227432996227,-0.32408350654251694,1.0,1.0,-1.0,1.0,846.0,0.0,0,0,1.0,-1.0,-0.0,19343.75,-1.0,2.0,9582.5,9761.25,-5.0,-2.5
4902,2019-07-28,23:17:52,154.46875,154.5625,154.4375,154.5,287,44339.84375,154.49422909407664,0.03125,0.0002022858305679165,154.46036321565097,154.41343035476976,0.0469328608812134,0.9999999999999986,0.006054687499999999,2.814776274713843,1.6712144101358455,0.006054687500000008,-1,4902,0.828135686422455,0.189227432996227,0.07781187248742963,6.031580963277206,6.031580963277206,0.0,0.2727931097101266,0.19164823950082632,0.0,-0.013299579439486531,-0.20252701243571353,0.0,1.0,1.0,1.0,847.0,31.25,0,0,0.0,1.0,31.25,19375.0,0.0,1.0,9585.0,9790.0,28.75,28.75
4903,2019-07-29,00:46:09,154.53125,154.65625,154.53125,154.65625,287,44365.46875,154.58351480836237,0.15625,0.001010815814359134,154.503893612173,154.42090172846918,0.08299188370381216,0.9999999999999971,0.005078125,2.8180473372781094,1.4926852828590782,0.005078125000000014,-1,4903,0.6976400195082301,-0.013299579439486531,0.07126096406869623,11.646191542371954,11.646191542371954,0.0,0.2727931097101266,0.8051548541151372,1.0,-0.1620072536898631,-0.14870767425037656,0.0,1.0,0.0,0.0,847.0,187.5,0,0,0.0,0.0,0.0,19375.0,1.0,0.0,9585.0,9790.0,0.0,28.75
4904,2019-07-29,01:17:42,154.65625,154.6875,154.625,154.625,288,44539.21875,154.65006510416666,-0.03125,-0.00020208143950739554,154.53080614280123,154.4271816752855,0.10362446751571497,1.0,0.010546875,0.8590534979423872,0.11551761758082195,0.010546875000000002,0,4904,0.583209166820218,-0.1620072536898631,0.10269797953221865,10.090214820945494,10.090214820945494,0.0,0.2727931097101266,0.6351337997012558,1.0,-0.2679872305311624,-0.10597997684129931,1.0,1.0,0.0,0.0,847.0,156.25,0,0,1.0,0.0,-0.0,19375.0,0.0,1.0,9587.5,9787.5,-2.5,0.0
4905,2019-07-29,03:30:19,154.625,154.6875,154.625,154.65625,287,44382.53125,154.64296602787456,0.03125,0.00020208143950739554,154.5586825555121,154.4342299314306,0.12445262408149915,0.9999999999999996,0.01103515625,0.1542798966246366,-0.14742473703225142,0.011035156250000006,-1,4905,0.49174696951045493,-0.2679872305311624,0.1050483519623226,11.847175301344684,11.847175301344684,0.0,0.2727931097101266,0.8271162820401528,1.0,-0.4214888570660805,-0.1535016265349181,1.0,1.0,1.0,1.0,848.0,31.25,0,0,1.0,1.0,31.25,19406.25,0.0,0.0,9587.5,9818.75,31.25,31.25
4906,2019-07-29,06:00:08,154.65625,154.6875,154.53125,154.53125,287,44364.5625,154.58035714285714,-0.125,-0.0008085708950735793,154.552586432065,154.43721516430966,0.1153712677553358,1.0000000000000002,0.00751953125,0.12987012987013222,-0.9266785330582891,0.007519531249999999,0,4906,0.3431905454053591,-0.4214888570660805,0.08671523078444754,13.304614046651162,13.304614046651162,0.0,0.2727931097101266,0.9863701248569543,1.0,-0.5876674428362928,-0.16617858577021227,1.0,1.0,1.0,0.0,848.0,-93.75,0,0,1.0,1.0,-125.0,19281.25,0.0,0.0,9587.5,9693.75,-125.0,31.25
4907,2019-07-29,06:29:15,154.53125,154.59375,154.5,154.59375,288,44507.1875,154.53884548611111,0.0625,0.0004043671708959806,154.5617338916061,154.44203162079245,0.11970227081366147,0.999999999999999,0.00751953125,3.772980266486762,-1.8814382337850113,0.007519531250000008,-1,4907,0.1565782834404218,-0.5876674428362928,0.0867152307844476,13.804065298656866,13.804065298656866,0.0,0.2727931097101266,1.0409449956278318,1.0,-0.7109548716643488,-0.12328742882805599,1.0,1.0,1.0,0.0,848.0,-31.25,0,0,1.0,1.0,62.5,19343.75,0.0,0.0,9587.5,9756.25,62.5,62.5
4908,2019-07-29,06:58:00,154.59375,154.6875,154.53125,154.6875,287,44368.15625,154.59287891986062,0.09375,0.0006062443350272062,154.58968191569366,154.44958449399886,0.14009742169480432,0.9999999999999996,0.008105468749999999,-0.06241834809115806,-1.0831350893714544,0.008105468750000002,-1,4908,-0.005456910791480327,-0.7109548716643488,0.0900303768180496,15.561127993270503,15.561127993270503,0.0,0.2727931097101266,1.2329386468796546,2.0,-0.7175071381180771,-0.006552266453728306,1.0,1.0,1.0,0.0,848.0,62.5,0,0,1.0,1.0,93.75,19437.5,1.0,0.0,9587.5,9850.0,93.75,93.75
4909,2019-07-29,07:07:29,154.6875,154.75,154.6875,154.75,287,44402.6875,154.7131968641115,0.0625,0.00040395880169619147,154.62530815665065,154.4588280480297,0.1664801086209593,0.9999999999999921,0.0022460937500000003,1.4555765595463086,-1.1180799331493776,0.002246093750000018,-1,4909,-0.014818120196571706,-0.7175071381180771,0.04739297152532238,35.12759450671032,20.0,0.0,0.2727931097101266,1.7179727020810263,2.0,-0.6541053928271624,0.06340174529091469,2.0,1.0,1.0,0.0,848.0,125.0,0,0,2.0,1.0,62.5,19500.0,0.0,1.0,9590.0,9910.0,60.0,93.75
4910,2019-07-29,07:20:03,154.75,154.8125,154.71875,154.71875,287,44419.90625,154.7731925087108,-0.03125,-0.00020195900300912228,154.6460730107283,154.46682564655185,0.17924736417643317,0.9999999999999971,0.003125,-2.3242187499999987,0.052407843222650706,0.003125000000000009,0,4910,0.07233562931735316,-0.6541053928271624,0.055901699437494824,32.06474328689317,20.0,0.0,0.2727931097101266,1.7179727020810263,2.0,-0.6519583890157012,0.0021470038114611567,2.0,1.0,2.0,0.0,848.0,93.75,0,0,2.0,2.0,-62.5,19437.5,0.0,0.0,9590.0,9847.5,-62.5,60.0
4911,2019-07-29,07:38:04,154.71875,154.78125,154.6875,154.75,287,44406.71875,154.72724303135888,0.03125,0.00020195900300912228,154.6691678972331,154.47553870358107,0.19362919365204334,0.9999999999999986,0.0017578124999999998,-2.407407407407407,-0.1656346649999846,0.0017578125000000026,-1,4911,0.07516287444760036,-0.6519583890157012,0.041926274578121085,46.183257539673534,20.0,0.0,0.2727931097101266,1.7179727020810263,2.0,-0.6175018547161724,0.034456534299528885,2.0,1.0,2.0,0.0,848.0,125.0,0,0,2.0,2.0,62.5,19500.0,0.0,0.0,9590.0,9910.0,62.5,62.5
4912,2019-07-29,08:15:22,154.75,154.75,154.6875,154.71875,287,44408.25,154.73257839721254,-0.03125,-0.00020195900300912228,154.68018614229243,154.48302212808628,0.1971640142061517,1.0000000000000038,0.0009765625,-3.0,0.0,0.0009765624999999964,0,4912,0.11954882501166578,-0.6175018547161724,0.03124999999999994,63.09248454596866,20.0,0.0,0.2727931097101266,1.7179727020810263,2.0,-0.599723221965519,0.01777863275065339,2.0,1.0,2.0,0.0,848.0,93.75,0,0,2.0,2.0,-62.5,19437.5,0.0,0.0,9590.0,9847.5,-62.5,62.5
4913,2019-07-29,08:41:33,154.71875,154.75,154.65625,154.75,287,44399.6875,154.702743902439,0.03125,0.00020195900300912228,154.69570033289412,154.49123683183748,0.2044635010566367,1.0000000000000038,0.0009765625,-3.0,0.0,0.0009765624999999964,-1,4913,0.14176379869579295,-0.599723221965519,0.03124999999999994,65.42832033812387,20.0,0.0,0.2727931097101266,1.7179727020810263,2.0,-0.5866128305215497,0.013110391443969305,2.0,1.0,2.0,0.0,848.0,125.0,0,0,2.0,2.0,62.5,19500.0,0.0,0.0,9590.0,9910.0,62.5,62.5
4914,2019-07-29,09:19:03,154.75,154.75,154.6875,154.75,287,44406.53125,154.72658972125436,0.0,0.0,154.7077669255843,154.49919877547327,0.20856815011103436,0.9999999999999989,0.002734375,0.5357142857142883,1.0885117692152515,0.002734375000000003,0,4914,0.15786489923754596,-0.5866128305215497,0.05229125165837975,39.88585920138536,20.0,0.0,0.2727931097101266,1.7179727020810263,2.0,-0.5739970169003525,0.012615813621197125,2.0,1.0,2.0,0.0,848.0,125.0,0,0,2.0,2.0,0.0,19500.0,0.0,0.0,9590.0,9910.0,0.0,62.5
4915,2019-07-29,09:52:11,154.75,154.75,154.625,154.71875,287,44397.09375,154.69370644599303,-0.03125,-0.00020195900300912228,154.7102076087878,154.5059541977664,0.20425341102139782,0.9999999999999989,0.002734375,0.5357142857142883,1.0885117692152515,0.002734375000000003,0,4915,0.17314243001733667,-0.5739970169003525,0.05229125165837975,39.060723265105835,20.0,0.0,0.2727931097101266,1.7179727020810263,2.0,-0.5123870854949775,0.061609931405375074,2.0,1.0,2.0,0.0,848.0,93.75,0,0,2.0,2.0,-62.5,19437.5,0.0,0.0,9590.0,9847.5,-62.5,0.0
4916,2019-07-29,10:31:45,154.6875,154.8125,154.6875,154.8125,287,44415.09375,154.75642421602788,0.09375,0.000605754687882154,154.73293925127942,154.5153863762967,0.21755287498271514,0.9999999999999982,0.0032226562500000003,-2.231404958677686,0.5671631517317615,0.003222656250000006,-1,4916,0.2449188230636906,-0.5123870854949775,0.05676844413932802,38.32285317680548,20.0,0.0,0.2727931097101266,1.7179727020810263,2.0,-0.5390226557058284,-0.026635570210850945,2.0,1.0,2.0,0.0,848.0,187.5,0,0,2.0,2.0,187.5,19625.0,0.0,0.0,9590.0,10035.0,187.5,187.5
4917,2019-07-29,10:45:40,154.8125,154.84375,154.75,154.78125,287,44426.90625,154.79758275261324,-0.03125,-0.00020187746106703486,154.74367497321734,154.5235667954876,0.22010817772974178,0.9999999999999964,0.00341796875,-2.897959183673469,-0.381801774160606,0.003417968750000012,0,4917,0.21444329079956514,-0.5390226557058284,0.05846339666834294,37.64888635848404,20.0,0.0,0.2727931097101266,1.7179727020810263,2.0,-0.6025134386633144,-0.063490782957486,2.0,1.0,2.0,0.0,848.0,156.25,0,0,2.0,2.0,-62.5,19562.5,0.0,0.0,9590.0,9972.5,-62.5,187.5
4918,2019-07-29,10:59:12,154.78125,154.875,154.78125,154.84375,287,44431.96875,154.81522212543555,0.0625,0.00040371417585038927,154.76591386805794,154.5334185863957,0.23249528166223854,0.9999999999999979,0.00458984375,-2.367587143503846,-0.5594072218898565,0.004589843750000009,-1,4918,0.13830676189046182,-0.6025134386633144,0.06774838558962132,34.3174644884609,20.0,0.0,0.2727931097101266,1.7179727020810263,2.0,-0.6438879280116685,-0.04137448934835408,2.0,1.0,2.0,0.0,848.0,218.75,0,0,2.0,2.0,125.0,19687.5,0.0,0.0,9590.0,10097.5,125.0,125.0
4919,2019-07-29,11:12:54,154.84375,154.90625,154.84375,154.90625,287,44442.59375,154.85224303135888,0.0625,0.00040355125648527945,154.7970996751562,154.54489032219894,0.25220935295726576,1.000000000000001,0.00341796875,-2.897959183673469,0.38180177416060623,0.0034179687499999965,-1,4919,0.0857238916290274,-0.6438879280116685,0.058463396668342806,43.139702331704235,20.0,0.0,0.2727931097101266,1.7179727020810263,2.0,-0.6832384037568504,-0.03935047574518191,2.0,1.0,2.0,0.0,848.0,281.25,0,0,2.0,2.0,125.0,19812.5,0.0,0.0,9590.0,10222.5,125.0,125.0
4920,2019-07-29,11:22:01,154.90625,154.9375,154.8125,154.84375,287,44451.28125,154.88251306620208,-0.0625,-0.00040355125648527945,154.80746641401038,154.55408600459282,0.25338040941755935,1.0000000000000002,0.003125,-2.32421875,-0.052407843222651435,0.0031249999999999997,0,4920,0.03320359180245868,-0.6832384037568504,0.05590169943749474,45.326065569951254,20.0,0.0,0.2727931097101266,1.7179727020810263,2.0,-0.6962820022285902,-0.013043598471739748,2.0,1.0,2.0,0.0,848.0,218.75,0,0,2.0,2.0,-125.0,19687.5,0.0,0.0,9590.0,10097.5,-125.0,125.0
4921,2019-07-29,11:34:48,154.84375,154.875,154.8125,154.8125,287,44441.1875,154.8473432055749,-0.03125,-0.0002018367147833544,154.80858498867474,154.5620372044515,0.24654778422322465,1.0000000000000033,0.0021484375,0.8677685950413228,0.5516180692881075,0.0021484374999999932,0,4921,0.015193126996918072,-0.6962820022285902,0.04635124054434782,53.191194308452936,20.0,0.0,0.2727931097101266,1.7179727020810263,2.0,-0.7122250336233353,-0.015943031394745177,2.0,1.0,2.0,0.0,848.0,187.5,0,0,2.0,2.0,-62.5,19625.0,0.0,0.0,9590.0,10035.0,-62.5,-62.5
4922,2019-07-29,11:46:42,154.8125,154.875,154.8125,154.8125,286,44284.125,154.8395979020979,0.0,0.0,154.80945499119147,154.56974375200687,0.2397112391846008,1.000000000000023,0.0006835937499999997,-0.6122448979591795,-0.5122408325718838,0.0006835937499999839,0,4922,-0.007264690221933609,-0.7122250336233353,0.026145625829189553,91.68311393678016,20.0,0.0,0.2727931097101266,1.7179727020810263,2.0,-0.7299278023320808,-0.01770276870874543,2.0,1.0,2.0,0.0,848.0,187.5,0,0,2.0,2.0,0.0,19625.0,0.0,0.0,9590.0,10035.0,0.0,0.0
4923,2019-07-29,12:01:50,154.8125,154.84375,154.75,154.8125,287,44426.125,154.7948606271777,0.0,0.0,154.8101316598156,154.57721317502205,0.2329184847935437,1.0000000000000333,0.00029296875,-3.3333333333333304,-0.6085806194501845,0.0002929687499999902,0,4923,-0.03281226495033969,-0.7299278023320808,0.017116329922036155,136.07968872677336,20.0,0.0,0.2727931097101266,1.7179727020810263,2.0,-0.7528961390240647,-0.022968336691983948,2.0,1.0,2.0,0.0,848.0,187.5,0,0,2.0,2.0,0.0,19625.0,0.0,0.0,9590.0,10035.0,0.0,0.0
4924,2019-07-29,12:12:55,154.8125,154.875,154.78125,154.78125,287,44435.8125,154.8286149825784,-0.03125,-0.00020187746106703486,154.8037135131899,154.58349123117523,0.22022228201467442,1.0000000000000002,0.001171875,2.9166666666666665,1.2932338163316421,0.0011718749999999997,0,4924,-0.06700316817680105,-0.7528961390240647,0.03423265984407288,64.33104614650743,20.0,0.0,0.2727931097101266,1.7179727020810263,2.0,-0.814495991988108,-0.061599852964043245,2.0,1.0,2.0,0.0,848.0,156.25,0,0,2.0,2.0,-62.5,19562.5,0.0,0.0,9590.0,9972.5,-62.5,0.0
4925,2019-07-29,12:22:15,154.78125,154.875,154.75,154.78125,287,44427.78125,154.80063153310104,0.0,0.0,154.79872162136994,154.58957611636984,0.20914550500009454,1.0000000000000024,0.00146484375,2.0000000000000013,1.3608276348795436,0.0014648437499999965,0,4925,-0.16569407678739304,-0.814495991988108,0.03827327723098711,54.64530871967361,20.0,0.0,0.2727931097101266,1.7179727020810263,2.0,-0.8740176267108148,-0.059521634722706884,2.0,1.0,2.0,0.0,848.0,156.25,0,0,2.0,2.0,0.0,19562.5,0.0,0.0,9590.0,9972.5,0.0,0.0
4926,2019-07-29,12:29:26,154.78125,154.84375,154.71875,154.84375,287,44423.4375,154.78549651567945,0.0625,0.00040371417585038927,154.80872792773218,154.59739685125078,0.21133107648140026,1.0000000000000024,0.00146484375,2.0000000000000013,1.3608276348795436,0.0014648437499999965,-1,4926,-0.2744446963373622,-0.8740176267108148,0.03827327723098711,55.21635244506857,20.0,0.0,0.2727931097101266,1.7179727020810263,2.0,-0.8880258819788996,-0.014008255268084802,2.0,1.0,2.0,0.0,848.0,218.75,0,0,2.0,2.0,125.0,19687.5,0.0,0.0,9590.0,10097.5,125.0,125.0
4927,2019-07-29,12:38:11,154.84375,154.84375,154.8125,154.8125,287,44434.21875,154.82306184668988,-0.03125,-0.0002018367147833544,154.80956616601392,154.60401540967385,0.2055507563400738,0.999999999999998,0.00126953125,-0.17751479289940755,0.4047960089109363,0.0012695312500000029,0,4927,-0.3028060440635676,-0.8880258819788996,0.0356304820343481,57.68958055125975,20.0,0.0,0.2727931097101266,1.7179727020810263,2.0,-0.8989819924244417,-0.010956110445542011,2.0,1.0,2.0,0.0,848.0,187.5,0,0,2.0,2.0,-62.5,19625.0,0.0,0.0,9590.0,10035.0,-62.5,125.0
4928,2019-07-29,12:43:02,154.8125,154.875,154.78125,154.8125,287,44438.15625,154.83678135888502,0.0,0.0,154.81021812912195,154.61043032014544,0.1997878089765095,0.9999999999999943,0.0016601562499999997,-1.4878892733564004,-0.5413870509510853,0.0016601562500000093,0,4928,-0.3259736820559801,-0.8989819924244417,0.040745015032516665,49.0336814987228,20.0,0.0,0.2727931097101266,1.7179727020810263,2.0,-0.9247577778426694,-0.02577578541822778,2.0,1.0,2.0,0.0,848.0,187.5,0,0,2.0,2.0,0.0,19625.0,0.0,0.0,9590.0,10035.0,0.0,0.0
4929,2019-07-29,12:49:03,154.8125,154.875,154.78125,154.84375,287,44432.3125,154.81641986062718,0.03125,0.0002018367147833544,154.81766965598374,154.6176093872179,0.2000602687658386,0.9999999999999976,0.00126953125,-0.17751479289940755,0.4047960089109363,0.001269531250000003,-1,4929,-0.3848085972608007,-0.9247577778426694,0.035630482034348106,56.14862818105539,20.0,0.0,0.2727931097101266,1.7179727020810263,2.0,-0.9496641126518188,-0.02490633480914939,2.0,1.0,2.0,0.0,848.0,218.75,0,0,2.0,2.0,62.5,19687.5,0.0,0.0,9590.0,10097.5,62.5,62.5
4930,2019-07-29,12:54:44,154.84375,154.90625,154.84375,154.90625,287,44450.78125,154.88077090592336,0.0625,0.00040355125648527945,154.83735417687623,154.626490636842,0.21086354003423935,0.9999999999999976,0.00126953125,-0.17751479289940755,0.4047960089109363,0.001269531250000003,-1,4930,-0.44999861486284365,-0.9496641126518188,0.035630482034348106,59.18065880527942,20.0,0.0,0.2727931097101266,1.7179727020810263,2.0,-0.9572253468880229,-0.007561234236204029,2.0,1.0,2.0,0.0,848.0,281.25,0,0,2.0,2.0,125.0,19812.5,0.0,0.0,9590.0,10222.5,125.0,125.0
4931,2019-07-29,12:56:56,154.90625,154.96875,154.90625,154.90625,286,44309.28125,154.9275568181818,0.0,0.0,154.85266435979264,154.63509861724685,0.2175657425457871,1.0000000000000013,0.00244140625,-1.2000000000000004,0.0,0.0024414062499999965,0,4931,-0.4722638143901053,-0.9572253468880229,0.049410588440130895,44.03221038531123,20.0,0.0,0.2727931097101266,1.7179727020810263,2.0,-0.9688598093171505,-0.01163446242912769,2.0,1.0,2.0,0.0,848.0,281.25,0,0,2.0,2.0,0.0,19812.5,0.0,0.0,9590.0,10222.5,0.0,125.0
4932,2019-07-29,13:06:09,154.90625,154.9375,154.84375,154.875,287,44453.96875,154.89187717770034,-0.03125,-0.00020175527154098205,154.85762783539428,154.64248019825467,0.2151476371396086,1.0000000000000042,0.00224609375,1.4555765595463157,1.118079933149378,0.0022460937499999903,0,4932,-0.5100006913679022,-0.9688598093171505,0.04739297152532209,45.39652826467214,20.0,0.0,0.2727931097101266,1.7179727020810263,2.0,-0.9710633822984699,-0.002203572981319346,2.0,1.0,2.0,0.0,848.0,250.0,0,0,2.0,2.0,-62.5,19750.0,0.0,0.0,9590.0,10160.0,-62.5,0.0
4933,2019-07-29,13:16:40,154.875,154.90625,154.8125,154.8125,287,44446.53125,154.86596254355402,-0.0625,-0.0004036326997276518,154.8475994275289,154.64771157676992,0.19988785075898363,1.0000000000000042,0.00224609375,1.4555765595463157,1.118079933149378,0.0022460937499999903,0,4933,-0.5177729062898561,-0.9710633822984699,0.04739297152532209,42.176686611048105,20.0,0.0,0.2727931097101266,1.7179727020810263,2.0,-0.9849764477383871,-0.013913065439917216,2.0,1.0,2.0,0.0,848.0,187.5,0,0,2.0,2.0,-125.0,19625.0,0.0,0.0,9590.0,10035.0,-125.0,-62.5
4934,2019-07-29,13:27:10,154.8125,154.84375,154.75,154.78125,287,44427.65625,154.80019599303137,-0.03125,-0.00020187746106703486,154.83285511030027,154.65182045133088,0.18103465896939497,1.0000000000000058,0.0022460937500000003,3.7240075614366694,1.7487916903105647,0.0022460937499999872,0,4934,-0.5743741536272832,-0.9849764477383871,0.047392971525322056,38.19863012233115,20.0,0.0,0.2727931097101266,1.7179727020810263,2.0,-0.9917210336244877,-0.006744585886100607,2.0,1.0,2.0,0.0,848.0,156.25,0,0,2.0,2.0,-62.5,19562.5,0.0,0.0,9590.0,9972.5,-62.5,-62.5
4935,2019-07-29,13:38:05,154.78125,154.84375,154.78125,154.84375,287,44430.71875,154.81086672473867,0.0625,0.00040371417585038927,154.83527619690022,154.65772597590532,0.17755022099490247,1.000000000000006,0.0026367187499999997,3.2510288065843675,1.7355817665801567,0.002636718749999984,-1,4935,-0.6104523610198052,-0.9917210336244877,0.05134898976610917,34.57715951251048,20.0,0.0,0.2727931097101266,1.7179727020810263,2.0,-0.9932850371314129,-0.0015640035069252045,2.0,1.0,2.0,0.0,848.0,218.75,0,0,2.0,2.0,125.0,19687.5,0.0,0.0,9590.0,10097.5,125.0,125.0
4936,2019-07-29,13:47:01,154.84375,154.875,154.78125,154.8125,287,44436.84375,154.83220818815332,-0.03125,-0.0002018367147833544,154.8302148198113,154.6624882535698,0.16772656624149818,1.0000000000000022,0.00263671875,-1.6872427983539093,0.5184205276797869,0.0026367187499999937,0,4936,-0.6205513882574574,-0.9932850371314129,0.051348989766109264,32.664044026081115,20.0,0.0,0.2727931097101266,1.7179727020810263,2.0,-0.9980824267454674,-0.004797389614054515,2.0,1.0,2.0,0.0,848.0,187.5,0,0,2.0,2.0,-62.5,19625.0,0.0,0.0,9590.0,10035.0,-62.5,125.0
4937,2019-07-29,13:52:09,154.8125,154.84375,154.71875,154.75,287,44415.5,154.75783972125436,-0.0625,-0.00040379568487303175,154.81238930429768,154.66518092269072,0.14720838160695848,1.0,0.00263671875,-1.6872427983539093,-0.5184205276797869,0.00263671875,0,4937,-0.7495199589447782,-0.9980824267454674,0.051348989766109326,28.66821378131902,20.0,0.0,0.2727931097101266,1.7179727020810263,2.0,-0.9932226518150574,0.00485977493041001,2.0,1.0,2.0,0.0,848.0,125.0,0,0,2.0,2.0,-125.0,19500.0,0.0,0.0,9590.0,9910.0,-125.0,-62.5
4938,2019-07-29,13:56:36,154.75,154.8125,154.75,154.78125,287,44416.75,154.7621951219512,0.03125,0.0002019182238059969,154.80546945889822,154.66875227891563,0.1367171799825826,1.0000000000000056,0.0022460937500000003,-3.081285444234405,0.3153558785805939,0.0022460937499999877,-1,4938,-0.7844995193894215,-0.9932226518150574,0.04739297152532206,28.847564434640823,20.0,0.0,0.2727931097101266,1.7179727020810263,2.0,-0.9791927945029827,0.014029857312074734,2.0,1.0,2.0,0.0,848.0,156.25,0,0,2.0,2.0,62.5,19562.5,0.0,0.0,9590.0,9972.5,62.5,62.5
4939,2019-07-29,14:01:29,154.78125,154.84375,154.75,154.8125,286,44272.125,154.79763986013987,0.03125,0.00020187746106703486,154.8070318013653,154.67317528571826,0.1338565156470395,1.0000000000000022,0.00263671875,-3.3333333333333326,-0.6085806194501845,0.002636718749999994,-1,4939,-0.8358885883185652,-0.9791927945029827,0.051348989766109264,26.06799398717399,20.0,0.0,0.2727931097101266,1.7179727020810263,2.0,-0.7892799757327871,0.1899128187701956,2.0,1.0,2.0,0.0,848.0,187.5,0,0,2.0,2.0,62.5,19625.0,0.0,0.0,9590.0,10035.0,62.5,62.5
4940,2019-07-29,14:07:56,154.8125,154.8125,154.75,154.75,287,44426.125,154.7948606271777,-0.0625,-0.00040379568487303175,154.79435806772858,154.6755391230808,0.11881894464778497,1.0000000000000024,0.0037109375,-2.479224376731304,-0.7559840489048504,0.003710937499999991,0,4940,-0.9922924637573429,-0.7892799757327871,0.06091746465505595,19.504906404197072,19.504906404197072,0.0,0.2727931097101266,1.6638739909416949,2.0,-0.46573876499005606,0.323541210742731,-2.0,1.0,2.0,0.0,848.0,125.0,0,0,-2.0,2.0,-125.0,19500.0,0.0,4.0,9600.0,9900.0,-135.0,62.5
4941,2019-07-29,14:14:30,154.75,154.8125,154.71875,154.78125,287,44413.5625,154.75108885017423,0.03125,0.0002019182238059969,154.7914451637889,154.67879176544756,0.1126533983413367,1.0000000000000038,0.0032226562500000003,-2.231404958677686,-0.5671631517317615,0.003222656249999988,-1,4941,-0.9550615684732772,-0.46573876499005606,0.05676844413932786,19.84436953474528,19.84436953474528,0.0,0.2727931097101266,1.7009670133472818,2.0,-0.10130816135611086,0.3644306036339452,-2.0,-1.0,-2.0,1.0,849.0,31.25,0,0,-2.0,-2.0,-62.5,19437.5,0.0,0.0,9600.0,9837.5,-62.5,-62.5
4942,2019-07-29,14:22:40,154.78125,154.78125,154.6875,154.6875,287,44412.5,154.74738675958187,-0.09375,-0.0006058770255021884,154.7683462385025,154.67905971112611,0.08928652737637321,1.0000000000000058,0.0026367187499999997,-1.6872427983539058,-0.5184205276797867,0.002636718749999985,0,4942,-0.7751044705758483,-0.10130816135611086,0.051348989766109174,17.388176044566155,17.388176044566155,0.0,0.2727931097101266,1.432579574580253,2.0,0.13510249712615768,0.23641065848226855,-2.0,-1.0,-2.0,0.0,849.0,-62.5,0,0,-2.0,-2.0,187.5,19625.0,0.0,0.0,9600.0,10025.0,187.5,187.5
4943,2019-07-29,14:33:50,154.6875,154.75,154.6875,154.6875,288,44553.5625,154.69986979166666,0.0,0.0,154.75038040772415,154.67931941232226,0.07106099540189348,1.0000000000000038,0.00224609375,3.724007561436674,-1.7487916903105656,0.002246093749999991,0,4943,-0.6050918713801022,0.13510249712615768,0.0473929715253221,14.993994492184466,14.993994492184466,0.0,0.2727931097101266,1.1709681594550834,1.0,0.4538324670990617,0.31872996997290404,-2.0,-1.0,-2.0,0.0,849.0,-62.5,0,0,-2.0,-2.0,-0.0,19625.0,-1.0,0.0,9600.0,10025.0,-0.0,187.5
4944,2019-07-29,14:43:44,154.6875,154.71875,154.65625,154.6875,287,44394.3125,154.6840156794425,0.0,0.0,154.73640698378546,154.67957112271233,0.056835861073125216,1.0000000000000084,0.00263671875,-3.333333333333337,-0.608580619450185,0.0026367187499999785,0,4944,-0.30918566525147273,0.4538324670990617,0.05134898976610911,11.068545132437542,11.068545132437542,0.0,0.2727931097101266,0.7420356246671511,1.0,0.6821786809612946,0.22834621386223292,-1.0,-1.0,-2.0,0.0,849.0,-62.5,0,0,-1.0,-2.0,-0.0,19625.0,0.0,1.0,9602.5,10022.5,-2.5,-0.0
4945,2019-07-29,14:54:39,154.6875,154.71875,154.65625,154.6875,287,44397.46875,154.69501306620208,0.0,0.0,154.72553876516648,154.67981508816735,0.04572367699913116,1.0000000000000093,0.001953125,-1.750000000000001,-0.883883476483184,0.0019531249999999816,0,4945,-0.03465305978766513,0.6821786809612946,0.044194173824159015,10.346087061398133,10.346087061398133,0.0,0.2727931097101266,0.6630928735858044,1.0,0.7307024069022899,0.0485237259409953,-1.0,-1.0,-1.0,0.0,849.0,-62.5,0,0,-1.0,-1.0,-0.0,19625.0,0.0,0.0,9602.5,10022.5,-0.0,-0.0
4946,2019-07-29,15:02:45,154.6875,154.6875,154.5625,154.59375,287,44377.0625,154.62391114982577,-0.09375,-0.0006062443350272062,154.69625237290728,154.67716693160838,0.01908544129889833,1.0000000000000093,0.001953125,-1.750000000000001,-0.883883476483184,0.0019531249999999816,0,4946,0.03394557086104317,0.7307024069022899,0.044194173824159015,4.3185423886044365,4.3185423886044365,0.0,0.2727931097101266,0.0044650890675039245,0.0,0.6920024524757346,-0.03869995442655538,1.0,-1.0,-1.0,0.0,849.0,-156.25,0,0,1.0,-1.0,93.75,19718.75,-1.0,2.0,9607.5,10111.25,88.75,88.75
4947,2019-07-29,15:08:42,154.59375,154.625,154.46875,154.53125,287,44352.34375,154.5377831010453,-0.0625,-0.0004043671708959806,154.6595851789279,154.6726771798666,-0.013092000938712545,1.0000000000000129,0.0016601562499999997,-1.4878892733564086,-0.5413870509510866,0.0016601562499999785,0,4947,-0.021137328233092337,0.6920024524757346,0.04074501503251629,-3.2131540332638386,0.0,-3.2131540332638386,-0.09793260929246939,-0.4674205891246751,-1.0,0.6133937046469998,-0.07860874782873473,0.0,-1.0,1.0,1.0,850.0,-62.5,0,0,0.0,1.0,-62.5,19656.25,-1.0,1.0,9610.0,10046.25,-65.0,88.75
4948,2019-07-29,15:16:04,154.53125,154.5625,154.5,154.53125,288,44504.90625,154.53092447916666,0.0,0.0,154.63106625027726,154.66832557433227,-0.03725932405501453,1.0000000000000075,0.00244140625,-1.1999999999999993,0.0,0.002441406249999982,0,4948,-0.12472202718894951,0.6133937046469998,0.04941058844013074,-7.540756997897421,0.0,-7.540756997897421,-0.5972406735846408,-0.4674205891246751,-1.0,0.5890642890496982,-0.024329415597301618,-1.0,-1.0,0.0,0.0,850.0,-62.5,0,0,-1.0,0.0,0.0,19656.25,0.0,1.0,9612.5,10043.75,-2.5,-2.5
4949,2019-07-29,15:23:11,154.53125,154.53125,154.46875,154.5,287,44343.09375,154.5055531358885,-0.03125,-0.00020224491928555466,154.60194041688234,154.6631463258913,-0.0612059090089474,1.0000000000000033,0.0016601562499999997,-1.4878892733564004,-0.5413870509510851,0.0016601562499999943,0,4949,-0.15487185953252577,0.5890642890496982,0.040745015032516485,-15.021692582540991,0.0,-15.021692582540991,-1.4603724110357614,-0.4674205891246751,-2.0,0.5944335647824582,0.005369275732760026,1.0,-1.0,-1.0,1.0,851.0,-31.25,0,0,1.0,-1.0,31.25,19687.5,-1.0,2.0,9617.5,10070.0,26.25,26.25
4950,2019-07-29,15:31:21,154.5,154.5625,154.46875,154.53125,288,44498.09375,154.50726996527777,0.03125,0.00020224491928555466,154.58623143535294,154.65908797740232,-0.07285654204937941,0.9999999999999962,0.00341796875,1.999999999999999,1.145405322481819,0.003417968750000013,-1,4950,-0.14828818273935385,0.5944335647824582,0.058463396668342944,-12.4619071421196,0.0,-12.4619071421196,-1.1650307348918858,-0.4674205891246751,-2.0,0.624027789186275,0.02959422440381676,2.0,-1.0,1.0,1.0,852.0,31.25,0,0,2.0,1.0,31.25,19718.75,0.0,1.0,9620.0,10098.75,28.75,28.75
4951,2019-07-29,15:38:45,154.53125,154.59375,154.53125,154.5625,287,44357.625,154.55618466898954,0.03125,0.0002022040245490686,154.5809577830523,154.65611603963612,-0.07515825658381914,0.9999999999999977,0.0041015625,0.9183673469387763,1.0223715049937014,0.00410156250000001,-1,4951,-0.11128047694649822,0.624027789186275,0.06404344228724757,-11.735511693253374,0.0,-11.735511693253374,-1.081221035053872,-0.4674205891246751,-2.0,0.6872989246803667,0.06327113549409169,2.0,-1.0,2.0,0.0,852.0,62.5,0,0,2.0,2.0,62.5,19781.25,0.0,0.0,9620.0,10161.25,62.5,62.5
4952,2019-07-29,15:51:06,154.5625,154.6875,154.5625,154.6875,287,44372.03125,154.6063806620209,0.125,0.0008084074813741182,154.6046338312629,154.657081699955,-0.05244786869209861,0.9999999999999937,0.003710937499999999,-0.8171745152354504,-0.08099829095409124,0.0037109375000000224,-1,4952,-0.02763073759624926,0.6872989246803667,0.06091746465505621,-8.609660462575635,0.0,-8.609660462575635,-0.7205680962306931,-0.4674205891246751,-1.0,0.7507944972910742,0.06349557261070748,2.0,-1.0,2.0,0.0,852.0,187.5,0,0,2.0,2.0,250.0,20031.25,1.0,0.0,9620.0,10411.25,250.0,250.0
4953,2019-07-29,16:00:44,154.6875,154.6875,154.625,154.65625,288,44542.3125,154.66080729166666,-0.03125,-0.00020204061084960756,154.61610409098228,154.65705610918718,-0.040952018204905016,0.9999999999999957,0.004199218750000001,-1.963223363980531,0.23551393640880605,0.004199218750000019,0,4953,0.06382249422609704,0.7507944972910742,0.06480137922914928,-6.319621386466382,0.0,-6.319621386466382,-0.45634908455378476,-0.4674205891246751,-1.0,0.8015347691461137,0.05074027185503949,1.0,-1.0,2.0,0.0,852.0,156.25,0,0,1.0,2.0,-62.5,19968.75,0.0,1.0,9622.5,10346.25,-65.0,250.0
4954,2019-07-29,16:18:57,154.65625,154.75,154.65625,154.75,287,44395.0625,154.68662891986062,0.09375,0.000605999412545799,154.64585873743067,154.6599159212122,-0.014057183781517324,0.9999999999999957,0.004199218750000001,-1.963223363980531,0.23551393640880605,0.004199218750000019,-1,4954,0.1439574649074372,0.8015347691461137,0.06480137922914928,-2.1692723131414544,0.0,-2.1692723131414544,0.022507866713263547,-0.4674205891246751,-0.0,0.8707031422470037,0.06916837310089008,1.0,-1.0,1.0,0.0,852.0,250.0,0,0,1.0,1.0,93.75,20062.5,1.0,0.0,9622.5,10440.0,93.75,93.75
4955,2019-07-29,16:33:09,154.75,154.75,154.6875,154.75,287,44404.96875,154.72114547038328,0.0,0.0,154.66900124022388,154.66268773902107,0.006313501202811267,0.9999999999999973,0.0022460937500000003,1.455576559546311,1.1180799331493774,0.0022460937500000063,0,4955,0.2679186564418434,0.8707031422470037,0.04739297152532226,1.3321598118062585,1.3321598118062585,0.0,0.2727931097101266,-0.32185593334791274,-0.0,0.9463776364726159,0.07567449422561212,0.0,-1.0,1.0,0.0,852.0,250.0,0,0,0.0,1.0,0.0,20062.5,0.0,1.0,9625.0,10437.5,-2.5,93.75
4956,2019-07-29,16:41:52,154.75,154.78125,154.75,154.78125,287,44417.3125,154.7641550522648,0.03125,0.0002019182238059969,154.69394540906302,154.66633580858965,0.0276096004733688,0.9999999999999916,0.0014648437500000002,2.0000000000000058,1.3608276348795423,0.0014648437500000126,-1,4956,0.44075037045529575,0.9463776364726159,0.03827327723098732,7.213806203931537,7.213806203931537,0.0,0.2727931097101266,0.32082959498182734,1.0,0.9895491616990758,0.04317152522645995,0.0,-1.0,0.0,0.0,852.0,281.25,0,0,0.0,0.0,0.0,20062.5,1.0,0.0,9625.0,10437.5,0.0,0.0
4957,2019-07-29,16:50:20,154.78125,154.8125,154.78125,154.78125,287,44422.3125,154.78157665505228,0.0,0.0,154.71334642927124,154.66987162986385,0.04347479940739163,0.9999999999999781,0.00029296875,-3.333333333333344,-0.6085806194501838,0.00029296875000000633,0,4957,0.5977550262880482,0.9895491616990758,0.017116329922036627,25.399603539669723,20.0,0.0,0.2727931097101266,1.7179727020810263,2.0,0.9989188354644202,0.009369673765344366,-1.0,-1.0,0.0,0.0,852.0,281.25,0,0,-1.0,0.0,0.0,20062.5,1.0,1.0,9627.5,10435.0,-2.5,0.0
4958,2019-07-29,17:08:02,154.78125,154.8125,154.75,154.8125,287,44425.1875,154.79159407665506,0.03125,0.00020187746106703486,154.73538055609987,154.6742601950988,0.06112036100105911,0.9999999999999512,0.0001953124999999999,4.999999999999986,-2.2360679774997894,0.00019531250000000944,-1,4958,0.739214460271007,0.9989188354644202,0.013975424859374024,43.73417024246143,20.0,0.0,0.2727931097101266,1.7179727020810263,2.0,0.9805749395946244,-0.01834389586979579,2.0,-1.0,-1.0,1.0,853.0,31.25,0,0,2.0,-1.0,-31.25,20031.25,0.0,3.0,9635.0,10396.25,-38.75,-2.5
4959,2019-07-29,17:34:51,154.78125,154.875,154.75,154.84375,287,44435.375,154.82709059233449,0.03125,0.0002018367147833544,154.75946265474434,154.67947526601887,0.07998738872547051,0.9999999999999781,0.00029296875,-3.333333333333344,-0.6085806194501838,0.00029296875000000633,-1,4959,0.8320665169261967,0.9805749395946244,0.017116329922036627,46.73162359559906,20.0,0.0,0.2727931097101266,1.7179727020810263,2.0,0.9099650848040095,-0.07060985479061488,2.0,-1.0,2.0,1.0,854.0,31.25,0,0,2.0,2.0,62.5,20093.75,0.0,0.0,9635.0,10458.75,62.5,62.5
4960,2019-07-29,17:47:43,154.84375,154.90625,154.84375,154.875,286,44294.125,154.87456293706293,0.03125,0.0002017959849442974,154.78513762035672,154.68549141167986,0.0996462086768588,0.9999999999999999,0.0016601562499999997,2.6643598615916986,-1.7143923280117699,0.0016601562500000002,-1,4960,0.9366689683243057,0.9099650848040095,0.040745015032516554,24.456049064489523,20.0,0.0,0.2727931097101266,1.7179727020810263,2.0,0.7168324623646196,-0.1931326224393899,-2.0,-1.0,2.0,0.0,854.0,62.5,0,0,-2.0,2.0,62.5,20156.25,0.0,4.0,9645.0,10511.25,52.5,62.5
4961,2019-07-29,17:58:07,154.875,154.875,154.8125,154.875,287,44442.28125,154.85115418118468,0.0,0.0,154.80510703805524,154.69132244516663,0.11378459288860654,1.0000000000000036,0.0016601562499999997,-1.4878892733564004,-0.5413870509510851,0.0016601562499999939,0,4961,0.9999040826601482,0.7168324623646196,0.04074501503251648,27.926015685060115,20.0,0.0,0.2727931097101266,1.7179727020810263,2.0,0.424059213794604,-0.29277324857001563,2.0,1.0,-2.0,1.0,855.0,0.0,0,0,2.0,-2.0,-0.0,20156.25,0.0,4.0,9655.0,10501.25,-10.0,52.5
4962,2019-07-29,18:15:01,154.875,154.90625,154.8125,154.8125,287,44444.1875,154.8577961672474,-0.0625,-0.0004036326997276518,154.8067499184874,154.69505098531536,0.11169893317205037,1.0000000000000078,0.00244140625,-1.1999999999999993,0.0,0.0024414062499999814,0,4962,0.9402354167861843,0.424059213794604,0.049410588440130736,22.606274626215487,20.0,0.0,0.2727931097101266,1.7179727020810263,2.0,0.05686046257929362,-0.36719875121531037,2.0,1.0,2.0,1.0,856.0,-62.5,0,0,2.0,2.0,-125.0,20031.25,0.0,0.0,9655.0,10376.25,-125.0,-10.0
4963,2019-07-29,18:24:53,154.8125,154.84375,154.78125,154.78125,287,44427.28125,154.7988893728223,-0.03125,-0.00020187746106703486,154.80108326993465,154.69770326269028,0.10338000724436824,1.0000000000000042,0.00361328125,-0.021913805697585314,0.5901286563843663,0.0036132812499999846,0,4963,0.7461691966543356,0.05686046257929362,0.06011057519272282,17.198306107189566,17.198306107189566,0.0,0.2727931097101266,1.4118325502130307,2.0,-0.35534980060574506,-0.4122102631850387,2.0,1.0,2.0,0.0,856.0,-93.75,0,0,2.0,2.0,-62.5,19968.75,0.0,0.0,9655.0,10313.75,-62.5,-62.5
4964,2019-07-29,18:35:02,154.78125,154.78125,154.6875,154.6875,287,44406.53125,154.72658972125436,-0.09375,-0.0006058770255021884,154.77584254328252,154.69738931614597,0.07845322713654923,1.0000000000000018,0.005175781250000001,-2.716269134923461,0.19669686464742786,0.00517578124999999,0,4964,0.4096860683081948,-0.35534980060574506,0.0719429027076333,10.904929351457092,10.904929351457092,0.0,0.2727931097101266,0.7241573831626483,1.0,-0.5966813988254289,-0.24133159821968386,2.0,1.0,2.0,0.0,856.0,-187.5,0,0,2.0,2.0,-187.5,19781.25,-1.0,0.0,9655.0,10126.25,-187.5,-62.5
4965,2019-07-29,18:48:48,154.6875,154.75,154.6875,154.75,287,44400.84375,154.70677264808361,0.0625,0.00040395880169619147,154.7700997558864,154.69900810641843,0.07109164946797364,1.0000000000000007,0.00439453125,-0.9629629629629631,-0.5237828008789241,0.0043945312499999965,-1,4965,0.14552033428506642,-0.5966813988254289,0.06629126073623881,10.724135983902121,10.724135983902121,0.0,0.2727931097101266,0.7044021525351922,1.0,-0.7732101837352158,-0.17652878490978685,1.0,1.0,2.0,0.0,856.0,-125.0,0,0,1.0,2.0,125.0,19906.25,0.0,1.0,9657.5,10248.75,122.5,122.5
4966,2019-07-29,18:59:16,154.75,154.8125,154.75,154.8125,287,44423.25,154.7848432055749,0.0625,0.00040379568487303175,154.7795220323561,154.7025001646825,0.07702186767360786,1.0000000000000018,0.00615234375,-3.030990173847316,-0.19604278777442416,0.00615234374999999,-1,4966,-0.09833051640014426,-0.7732101837352158,0.07843687748756951,9.819598910705503,9.819598910705503,0.0,0.2727931097101266,0.6055636899646558,1.0,-0.8933576846773407,-0.1201475009421249,1.0,1.0,1.0,0.0,856.0,-62.5,0,0,1.0,1.0,62.5,19968.75,0.0,0.0,9657.5,10311.25,62.5,122.5
4967,2019-07-29,19:02:25,154.8125,154.8125,154.75,154.8125,287,44422.59375,154.78255662020905,0.0,0.0,154.78685046961033,154.705884775,0.08096569461034164,1.0000000000000002,0.0041015625,0.9183673469387786,-1.0223715049937014,0.004101562499999999,0,4967,-0.31396350044557475,-0.8933576846773407,0.06404344228724748,12.642308364249772,12.642308364249772,0.0,0.2727931097101266,0.9140002051045836,1.0,-0.9713986899078293,-0.07804100523048862,1.0,1.0,1.0,0.0,856.0,-62.5,0,0,1.0,1.0,0.0,19968.75,0.0,0.0,9657.5,10311.25,0.0,62.5
4968,2019-07-29,19:15:07,154.8125,154.8125,154.6875,154.71875,287,44421.75,154.77961672473867,-0.09375,-0.000605754687882154,154.77171703191917,154.7062806280769,0.06543640384225569,1.0000000000000038,0.00458984375,-1.82435491172476,0.0686991325127901,0.004589843749999984,0,4968,-0.518976994582342,-0.9713986899078293,0.06774838558962112,9.658739949705955,9.658739949705955,0.0,0.2727931097101266,0.5879866852547193,1.0,-0.9997803151957813,-0.02838162528795196,1.0,1.0,1.0,0.0,856.0,-156.25,0,0,1.0,1.0,-93.75,19875.0,0.0,0.0,9657.5,10217.5,-93.75,0.0
4969,2019-07-29,19:24:01,154.71875,154.75,154.71875,154.71875,287,44404.84375,154.72070993031357,0.0,0.0,154.7599465803816,154.7066643010592,0.053282279322417025,1.0000000000000127,0.00224609375,-3.081285444234387,0.31535587858059516,0.002246093749999971,0,4969,-0.6921304867052864,-0.9997803151957813,0.04739297152532189,11.242654260231078,11.242654260231078,0.0,0.2727931097101266,0.7610604706580346,1.0,-0.9792283662348993,0.02055194896088197,1.0,1.0,1.0,0.0,856.0,-156.25,0,0,1.0,1.0,0.0,19875.0,0.0,0.0,9657.5,10217.5,0.0,0.0
4970,2019-07-29,19:41:16,154.71875,154.71875,154.59375,154.625,287,44390.53125,154.67084059233449,-0.09375,-0.0006061218490440723,154.72995845140792,154.7041515533343,0.02580689807362546,1.0000000000000049,0.00458984375,-0.7378904481665955,0.9127170462413433,0.004589843749999978,0,4970,-0.8357923188885662,-0.9792283662348993,0.06774838558962108,3.8092270168544102,3.8092270168544102,0.0,0.2727931097101266,-0.05118763075901833,0.0,-0.9006892357091383,0.078539130525761,1.0,1.0,1.0,0.0,856.0,-250.0,0,0,1.0,1.0,-93.75,19781.25,-1.0,0.0,9657.5,10123.75,-93.75,0.0
4971,2019-07-29,19:46:04,154.625,154.625,154.53125,154.5625,288,44520.25,154.58420138888889,-0.0625,-0.0004042854310171151,154.69274546220618,154.69979304400096,-0.007047581794779489,1.0000000000000049,0.00390625,-0.1875,0.9375000000000006,0.003906249999999981,0,4971,-0.9440958526811624,-0.9006892357091383,0.06249999999999985,-1.127613087164721,0.0,-1.127613087164721,0.14269191687336458,-0.4674205891246751,-0.0,-0.7633238077174066,0.13736542799173168,-0.0,1.0,1.0,0.0,856.0,-312.5,0,0,-0.0,1.0,-62.5,19718.75,-0.0,1.0,9660.0,10058.75,-65.0,-65.0
4972,2019-07-29,19:48:53,154.5625,154.65625,154.5625,154.625,287,44369.0,154.595818815331,0.0625,0.0004042854310171151,154.67769091504925,154.6974917195702,-0.019800804520940574,1.0000000000000013,0.00712890625,-2.707825107900167,0.5779903148118288,0.00712890624999999,-1,4972,-0.9965537855559619,-0.7633238077174066,0.0844328505381643,-2.3451540952049768,0.0,-2.3451540952049768,0.002215064239451059,-0.4674205891246751,-0.0,-0.5618922568725501,0.20143155084485653,0.0,-1.0,-0.0,0.0,856.0,-250.0,0,0,0.0,-0.0,-0.0,19718.75,0.0,0.0,9660.0,10058.75,-0.0,-0.0
4973,2019-07-29,19:58:05,154.625,154.65625,154.53125,154.5625,287,44368.59375,154.59440331010452,-0.0625,-0.0004042854310171151,154.6520929339272,154.6933381281988,-0.04124519427159612,1.0000000000000007,0.00537109375,-2.62809917355372,0.5814564991516648,0.0053710937499999965,0,4973,-0.9822439280133168,-0.5618922568725501,0.07328774624724106,-5.627843177555594,0.0,-5.627843177555594,-0.37653343574460685,-0.4674205891246751,-1.0,-0.30776600976646956,0.2541262471060805,0.0,-1.0,0.0,0.0,856.0,-312.5,0,0,0.0,0.0,-0.0,19718.75,-1.0,0.0,9660.0,10058.75,-0.0,-0.0
4974,2019-07-29,20:13:24,154.5625,154.65625,154.5625,154.65625,287,44374.15625,154.61378484320556,0.09375,0.0006063668705245107,154.65301672638785,154.69219695502346,-0.03918022863561532,0.9999999999999998,0.004589843749999999,-2.3675871435038487,0.5594072218898559,0.004589843749999999,-1,4974,-0.8904087189393722,-0.30776600976646956,0.06774838558962125,-5.783197384649938,0.0,-5.783197384649938,-0.3944578176848734,-0.4674205891246751,-1.0,-0.1998192348187152,0.10794677494775437,1.0,-1.0,0.0,0.0,856.0,-218.75,0,0,1.0,0.0,0.0,19718.75,0.0,1.0,9662.5,10056.25,-2.5,-0.0
4975,2019-07-29,20:38:03,154.65625,154.71875,154.625,154.625,288,44544.15625,154.66720920138889,-0.03125,-0.00020208143950739554,154.64679078719058,154.69012935640737,-0.04333856921678603,1.000000000000001,0.00390625,-0.1875000000000012,0.9375000000000003,0.003906249999999996,0,4975,-0.8341399379041087,-0.1998192348187152,0.062499999999999965,-6.934171074685768,0.0,-6.934171074685768,-0.5272542987667896,-0.4674205891246751,-1.0,-0.10639681685442108,0.09342241796429411,1.0,-1.0,1.0,1.0,857.0,-31.25,0,0,1.0,1.0,-31.25,19687.5,0.0,0.0,9662.5,10025.0,-31.25,-2.5
4976,2019-07-29,20:47:31,154.625,154.65625,154.59375,154.59375,287,44376.28125,154.62118902439025,-0.03125,-0.0002021222846702031,154.63500394559267,154.6871638377487,-0.0521598921560269,0.9999999999999971,0.003125,-2.3242187499999987,0.052407843222650706,0.003125000000000009,0,4976,-0.7783269761428209,-0.10639681685442108,0.055901699437494824,-9.330645164794722,0.0,-9.330645164794722,-0.803753517580861,-0.4674205891246751,-1.0,-0.18491333660578863,-0.07851651975136754,-1.0,-1.0,1.0,0.0,857.0,-62.5,0,0,-1.0,1.0,-31.25,19656.25,0.0,2.0,9667.5,9988.75,-36.25,-31.25
4977,2019-07-29,22:34:47,154.59375,154.6875,154.53125,154.625,287,44372.21875,154.60703397212544,0.03125,0.0002021222846702031,154.6327808465721,154.68525110427953,-0.052470257707426526,1.0000000000000027,0.0037109375,-0.8171745152354575,-0.08099829095409096,0.0037109374999999903,-1,4977,-0.8256660795226324,-0.18491333660578863,0.060917464655055945,-8.613335765783823,0.0,-8.613335765783823,-0.7209921435718111,-0.4674205891246751,-1.0,-0.09176425615444372,0.0931490804513449,1.0,-1.0,-1.0,1.0,858.0,31.25,0,0,1.0,-1.0,-31.25,19625.0,0.0,2.0,9672.5,9952.5,-36.25,-36.25
4978,2019-07-29,23:59:26,154.625,154.6875,154.59375,154.6875,287,44380.5,154.63588850174216,0.0625,0.0004041220503570031,154.64494065844497,154.68532030107096,-0.04037964262599303,1.0000000000000009,0.00390625,-0.1875000000000012,-0.9375000000000003,0.0039062499999999965,-1,4978,-0.7690104555221214,-0.09176425615444372,0.06249999999999997,-6.460742820158888,0.0,-6.460742820158888,-0.4726313245057826,-0.4674205891246751,-1.0,0.16763580630276917,0.2594000624572129,1.0,-1.0,1.0,1.0,859.0,62.5,0,0,1.0,1.0,62.5,19687.5,0.0,0.0,9672.5,10015.0,62.5,62.5
4979,2019-07-30,00:32:02,154.6875,154.71875,154.59375,154.59375,288,44535.40625,154.63682725694446,-0.09375,-0.0006062443350272062,154.6335649565683,154.68250275334572,-0.04893779677740895,1.0000000000000002,0.00361328125,2.6077428780131497,-1.517473687845512,0.0036132812499999997,0,4979,-0.5785640925712245,0.16763580630276917,0.06011057519272295,-8.141295707204181,0.0,-8.141295707204181,-0.6665293359057847,-0.4674205891246751,-1.0,0.39966840796278,0.23203260166001086,1.0,-1.0,1.0,0.0,859.0,-31.25,0,0,1.0,1.0,-93.75,19593.75,0.0,0.0,9672.5,9921.25,-93.75,62.5
4980,2019-07-30,01:33:12,154.59375,154.65625,154.59375,154.625,287,44374.65625,154.61552700348432,0.03125,0.0002021222846702031,154.63166163288648,154.68073343785818,-0.04907180497170316,1.0000000000000002,0.00361328125,2.6077428780131497,-1.517473687845512,0.0036132812499999997,-1,4980,-0.3655681093820485,0.39966840796278,0.06011057519272295,-8.16358932090935,0.0,-8.16358932090935,-0.6691015175953192,-0.4674205891246751,-1.0,0.6825717354408763,0.2829033274780963,1.0,-1.0,1.0,0.0,859.0,0.0,0,0,1.0,1.0,31.25,19625.0,0.0,0.0,9672.5,9952.5,31.25,31.25
4981,2019-07-30,02:38:14,154.625,154.65625,154.59375,154.625,287,44377.09375,154.6240200348432,0.0,0.0,154.63018127002283,154.67901856284718,-0.04883729282434501,1.000000000000001,0.0029296875,3.666666666666669,-1.9245008972987523,0.0029296874999999965,0,4981,-0.034115685038468666,0.6825717354408763,0.054126587736527385,-9.022791730761021,0.0,-9.022791730761021,-0.7682341542082832,-0.4674205891246751,-1.0,0.8013865384130785,0.11881480297220215,1.0,-1.0,1.0,0.0,859.0,0.0,0,0,1.0,1.0,0.0,19625.0,0.0,0.0,9672.5,9952.5,0.0,31.25
4982,2019-07-30,05:30:54,154.625,154.6875,154.625,154.65625,287,44384.59375,154.6501524390244,0.03125,0.00020208143950739554,154.63597432112888,154.67831799168266,-0.04234367055377675,0.9999999999999749,0.0004882812499999999,1.9999999999999691,2.6168207644729593e-15,0.0004882812500000121,-1,4982,0.14371218441196612,0.8013865384130785,0.022097086912079886,-19.162557816898747,0.0,-19.162557816898747,-1.9381351405557006,-0.4674205891246751,-2.0,0.9315046607862543,0.13011812237317577,1.0,-1.0,1.0,0.0,859.0,31.25,0,0,1.0,1.0,31.25,19656.25,-1.0,0.0,9672.5,9983.75,31.25,31.25
4983,2019-07-30,06:28:06,154.65625,154.71875,154.65625,154.6875,288,44548.15625,154.68109809027777,0.03125,0.00020204061084960756,154.64742447198915,154.67860051501552,-0.03117604302636323,0.9999999999999863,0.0006835937499999997,-0.6122448979591795,0.5122408325718838,0.0006835937500000091,-1,4983,0.4014777463172709,0.9315046607862543,0.026145625829190035,-11.923999536303711,0.0,-11.923999536303711,-1.1029682934842766,-0.4674205891246751,-2.0,0.9946958328215734,0.0631911720353191,2.0,-1.0,1.0,0.0,859.0,62.5,0,0,2.0,1.0,31.25,19687.5,0.0,1.0,9675.0,10012.5,28.75,31.25
4984,2019-07-30,07:01:52,154.6875,154.78125,154.6875,154.75,287,44408.875,154.734756097561,0.0625,0.00040395880169619147,154.67021903376937,154.6807974222458,-0.01057838847643211,0.9999999999999952,0.00126953125,-0.1775147928994123,-0.4047960089109363,0.001269531250000006,-1,4984,0.6306230943984658,0.9946958328215734,0.03563048203434815,-2.9689153422719445,0.0,-2.9689153422719445,-0.0697529567178155,-0.4674205891246751,-1.0,0.9898707040000918,-0.004825128821481561,-2.0,-1.0,2.0,0.0,859.0,125.0,0,0,-2.0,2.0,125.0,19812.5,1.0,4.0,9685.0,10127.5,115.0,115.0
4985,2019-07-30,07:16:16,154.75,154.78125,154.6875,154.75,287,44410.21875,154.73943815331012,0.0,0.0,154.6879481373762,154.68292673233057,0.0050214050456247605,0.9999999999999952,0.00126953125,-0.1775147928994123,-0.4047960089109363,0.001269531250000006,0,4985,0.8003335032569535,0.9898707040000918,0.03563048203434815,1.4093003403052686,1.4093003403052686,0.0,0.2727931097101266,-0.31342681367482284,-0.0,0.9403504748325604,-0.049520229167531404,-1.0,-1.0,-2.0,1.0,860.0,0.0,0,0,-1.0,-2.0,-0.0,19812.5,1.0,1.0,9687.5,10125.0,-2.5,115.0
4986,2019-07-30,07:25:32,154.75,154.75,154.6875,154.71875,287,44404.78125,154.72049216027875,-0.03125,-0.00020195900300912228,154.69479299573706,154.68402898672042,0.010764009016639875,0.9999999999999943,0.0016601562499999997,-1.4878892733564004,-0.5413870509510853,0.001660156250000009,0,4986,0.9054910629118362,0.9403504748325604,0.040745015032516665,2.6417977777280557,2.6417977777280557,0.0,0.2727931097101266,-0.17875223211622393,0.0,0.7591594093382065,-0.18119106549435393,-0.0,-1.0,-1.0,0.0,860.0,-31.25,0,0,-0.0,-1.0,31.25,19843.75,0.0,1.0,9690.0,10153.75,28.75,28.75
4987,2019-07-30,07:48:50,154.71875,154.75,154.6875,154.75,287,44403.84375,154.7172256097561,0.03125,0.00020195900300912228,154.7070612189066,154.68605886405211,0.021002354854488203,0.9999999999999952,0.00126953125,-0.1775147928994123,-0.4047960089109363,0.001269531250000006,-1,4987,0.9970659276946496,0.7591594093382065,0.03563048203434815,5.89449079982744,5.89449079982744,0.0,0.2727931097101266,0.17666844332615567,0.0,0.5516365926731565,-0.20752281666505001,-0.0,-1.0,-0.0,0.0,860.0,0.0,0,0,-0.0,-0.0,-0.0,19843.75,0.0,0.0,9690.0,10153.75,-0.0,28.75
4988,2019-07-30,08:17:59,154.75,154.8125,154.75,154.8125,287,44418.59375,154.7686193379791,0.0625,0.00040379568487303175,154.73049205914958,154.68994936054284,0.04054269860674253,0.999999999999992,0.0014648437500000002,2.0000000000000013,-1.3608276348795436,0.0014648437500000121,-1,4988,0.9798528308377608,0.5516365926731565,0.038273277230987314,10.592951934076297,10.592951934076297,0.0,0.2727931097101266,0.6900677154150647,1.0,0.3164188963864085,-0.23521769628674793,0.0,1.0,-0.0,0.0,860.0,62.5,0,0,0.0,-0.0,-0.0,19843.75,1.0,0.0,9690.0,10153.75,-0.0,-0.0
4989,2019-07-30,08:41:07,154.8125,154.875,154.78125,154.84375,287,44436.375,154.830574912892,0.03125,0.0002018367147833544,154.75566049044969,154.6946816879108,0.06097880253889798,0.9999999999999983,0.00419921875,3.8777717685235253,-1.9177563393288484,0.004199218750000006,-1,4989,0.8945172755922514,0.3164188963864085,0.06480137922914918,9.410108745257737,9.410108745257737,0.0,0.2727931097101266,0.5608188369454429,1.0,0.23414243748497862,-0.0822764589014299,1.0,1.0,0.0,0.0,860.0,93.75,0,0,1.0,0.0,0.0,19843.75,0.0,1.0,9692.5,10151.25,-2.5,-0.0
4990,2019-07-30,09:16:30,154.84375,154.90625,154.8125,154.90625,286,44286.75,154.8487762237762,0.0625,0.00040355125648527945,154.78912482590533,154.70119148212893,0.08793334377639894,1.000000000000001,0.00654296875,-3.2145243929605716,-0.5016571985664497,0.006542968749999993,-1,4990,0.8530145468129856,0.23414243748497862,0.08088861940965486,10.870916628094065,10.870916628094065,0.0,0.2727931097101266,0.7204408242899886,1.0,0.008262585935634665,-0.22587985154934395,1.0,1.0,1.0,1.0,861.0,62.5,0,0,1.0,1.0,62.5,19906.25,0.0,0.0,9692.5,10213.75,62.5,62.5
4991,2019-07-30,10:00:52,154.90625,154.90625,154.8125,154.8125,287,44445.25,154.8614982578397,-0.09375,-0.0006053879712686339,154.7943193090375,154.70461635960189,0.08970294943560475,1.000000000000001,0.00654296875,-3.2145243929605716,-0.5016571985664497,0.006542968749999993,0,4991,0.7129251741144378,0.008262585935634665,0.08088861940965486,11.089687287319162,11.089687287319162,0.0,0.2727931097101266,0.7443458208391474,1.0,-0.09418501959387547,-0.10244760552951014,1.0,1.0,1.0,0.0,861.0,-31.25,0,0,1.0,1.0,-93.75,19812.5,0.0,0.0,9692.5,10120.0,-93.75,62.5
4992,2019-07-30,10:25:52,154.8125,154.84375,154.71875,154.71875,287,44426.75,154.79703832752614,-0.09375,-0.000605754687882154,154.77752612925138,154.70505124084494,0.07247488840644678,0.9999999999999997,0.01201171875,-2.0642474717430104,-0.025499696884692023,0.012011718750000006,0,4992,0.6373646209681108,-0.09418501959387547,0.10959798697968866,6.612793756866926,6.612793756866926,0.0,0.2727931097101266,0.25515716649452125,1.0,-0.32978459254379255,-0.23559957294991707,1.0,1.0,1.0,0.0,861.0,-125.0,0,0,1.0,1.0,-93.75,19718.75,0.0,0.0,9692.5,10026.25,-93.75,-93.75
4993,2019-07-30,10:46:54,154.75,154.84375,154.75,154.78125,287,44421.09375,154.77733013937282,0.0625,0.00040387722681511917,154.77835365608442,154.70739581804972,0.07095783803470113,0.9999999999999997,0.01201171875,-2.0642474717430104,-0.025499696884692023,0.012011718750000006,-1,4993,0.43435562427668417,-0.32978459254379255,0.10959798697968866,6.474374209797435,6.474374209797435,0.0,0.2727931097101266,0.24003210901765126,1.0,-0.4999513655832605,-0.17016677303946792,1.0,1.0,1.0,0.0,861.0,-62.5,0,0,1.0,1.0,62.5,19781.25,0.0,0.0,9692.5,10088.75,62.5,62.5
4994,2019-07-30,11:14:25,154.78125,154.9375,154.71875,154.9375,287,44433.4375,154.82033972125436,0.15625,0.0010089800068975308,154.81371951028788,154.71447594672514,0.09924356356273734,0.999999999999999,0.01044921875,-1.609747576207526,0.008571278138071067,0.01044921875000001,-1,4994,0.25887328845841984,-0.4999513655832605,0.10222142021122584,9.708685650978515,9.708685650978515,0.0,0.2727931097101266,0.593444235279,1.0,-0.5044483404981575,-0.004496974914896978,1.0,1.0,1.0,0.0,861.0,93.75,0,0,1.0,1.0,156.25,19937.5,0.0,0.0,9692.5,10245.0,156.25,156.25
4995,2019-07-30,11:19:32,154.9375,155.09375,154.9375,155.0,287,44489.59375,155.016006097561,0.0625,0.0004033071238378483,154.85511517466836,154.72326130221055,0.13185387245781044,0.999999999999997,0.006640625000000001,0.26384083044982276,0.11842841739555011,0.00664062500000002,-1,4995,0.25384676275694623,-0.5044483404981575,0.08149003006503323,16.180368611053925,16.180368611053925,0.0,0.2727931097101266,1.300602861466953,2.0,-0.5057206213163643,-0.0012722808182068501,1.0,1.0,1.0,0.0,861.0,156.25,0,0,1.0,1.0,62.5,20000.0,1.0,0.0,9692.5,10307.5,62.5,156.25
4996,2019-07-30,11:27:42,155.0,155.03125,154.9375,154.9375,286,44320.875,154.9680944055944,-0.0625,-0.0004033071238378483,154.87342291363095,154.72985326214254,0.14356965148840573,0.9999999999999987,0.00751953125,0.12987012987012747,0.9266785330582887,0.007519531250000011,0,4996,0.2524206391355267,-0.5057206213163643,0.08671523078444761,16.55645152410238,16.55645152410238,0.0,0.2727931097101266,1.3416973152226122,2.0,-0.5750832539049483,-0.069362632588584,2.0,1.0,1.0,0.0,861.0,93.75,0,0,2.0,1.0,-62.5,19937.5,0.0,1.0,9695.0,10242.5,-65.0,62.5
4997,2019-07-30,11:39:18,154.9375,154.96875,154.90625,154.9375,287,44468.65625,154.9430531358885,0.0,0.0,154.8876622661574,154.73624239253817,0.1514198736192327,1.0000000000000042,0.0027343750000000003,0.5357142857142847,1.088511769215251,0.0027343749999999886,0,4997,0.17183517666906908,-0.5750832539049483,0.05229125165837961,28.957018395440883,20.0,0.0,0.2727931097101266,1.7179727020810263,2.0,-0.5887013560541522,-0.013618102149203892,2.0,1.0,2.0,0.0,861.0,93.75,0,0,2.0,2.0,0.0,19937.5,0.0,0.0,9695.0,10242.5,0.0,0.0
4998,2019-07-30,11:58:03,154.9375,154.96875,154.90625,154.90625,287,44465.84375,154.93325348432055,-0.03125,-0.00020171457456186204,154.89179287367799,154.7414733958447,0.15031947783327837,1.0000000000000087,0.0016601562499999997,-1.4878892733564004,0.5413870509510853,0.0016601562499999854,0,4998,0.15531547900012022,-0.5887013560541522,0.040745015032516374,36.89272852478189,20.0,0.0,0.2727931097101266,1.7179727020810263,2.0,-0.6579277818318849,-0.06922642577773275,2.0,1.0,2.0,0.0,861.0,62.5,0,0,2.0,2.0,-62.5,19875.0,0.0,0.0,9695.0,10180.0,-62.5,0.0
4999,2019-07-30,12:02:35,154.90625,154.90625,154.8125,154.84375,286,44289.9375,154.85992132867133,-0.0625,-0.00040355125648527945,154.88111667952734,154.7446203682803,0.13649631124704342,1.0000000000000033,0.0016601562499999997,-1.4878892733564004,-0.5413870509510851,0.0016601562499999945,0,4999,0.06728350522313939,-0.6579277818318849,0.040745015032516485,33.50012538665473,20.0,0.0,0.2727931097101266,1.7179727020810263,2.0,-0.7263454988615283,-0.06841771702964339,2.0,1.0,2.0,0.0,861.0,0.0,0,0,2.0,2.0,-125.0,19750.0,0.0,0.0,9695.0,10055.0,-125.0,-62.5
5000,2019-07-30,12:13:42,154.84375,154.90625,154.8125,154.875,287,44446.09375,154.86443815331012,0.03125,0.0002017959849442974,154.87975741741016,154.7486320492563,0.13112536815387443,0.9999999999999997,0.00263671875,-1.6872427983539093,-0.5184205276797869,0.002636718750000001,-1,5000,-0.0275882846220999,-0.7263454988615283,0.05134898976610933,25.536114488549885,20.0,0.0,0.2727931097101266,1.7179727020810263,2.0,-0.7998462434579114,-0.07350074459638312,2.0,1.0,2.0,0.0,861.0,31.25,0,0,2.0,2.0,62.5,19812.5,0.0,0.0,9695.0,10117.5,62.5,62.5
5001,2019-07-30,12:20:57,154.875,154.90625,154.8125,154.90625,287,44442.5625,154.85213414634146,0.03125,0.00020175527154098205,154.8856446579857,154.7534818323561,0.13216282562959236,0.9999999999999971,0.0022460937500000003,3.7240075614366694,-1.7487916903105647,0.002246093750000007,-1,5001,-0.1411677095686608,-0.7998462434579114,0.047392971525322264,27.886587689268904,20.0,0.0,0.2727931097101266,1.7179727020810263,2.0,-0.8633414718627428,-0.06349522840483135,2.0,1.0,2.0,0.0,861.0,62.5,0,0,2.0,2.0,62.5,19875.0,0.0,0.0,9695.0,10180.0,62.5,62.5
5002,2019-07-30,12:25:19,154.90625,155.0,154.90625,154.96875,287,44467.75,154.93989547038328,0.0625,0.0004033884685599176,154.90411251176667,154.76010546828363,0.14400704348304316,0.9999999999999358,0.00029296875000000053,-3.3333333333331896,0.6085806194501694,0.00029296875000001934,-1,5002,-0.2536542742177119,-0.8633414718627428,0.017116329922037005,84.1342998989733,20.0,0.0,0.2727931097101266,1.7179727020810263,2.0,-0.8849458077047954,-0.02160433584205257,2.0,1.0,2.0,0.0,861.0,125.0,0,0,2.0,2.0,125.0,20000.0,0.0,0.0,9695.0,10305.0,125.0,125.0
5003,2019-07-30,12:30:10,154.96875,155.03125,154.9375,155.0,286,44319.125,154.96197552447552,0.03125,0.0002016332298397927,154.92542084248518,154.7674868384903,0.15793400399488178,1.0000000000000007,0.01787109375,4.729015497626082,-2.1600657609858023,0.01787109374999999,-1,5003,-0.2964557842652847,-0.8849458077047954,0.13368281022629644,11.814084677568735,11.814084677568735,0.0,0.2727931097101266,0.8235004806800641,1.0,-0.8927650993410337,-0.00781929163623829,2.0,1.0,2.0,0.0,861.0,156.25,0,0,2.0,2.0,62.5,20062.5,-1.0,0.0,9695.0,10367.5,62.5,125.0
5004,2019-07-30,12:31:27,155.0,155.09375,155.0,155.0625,287,44503.8125,155.0655487804878,0.0625,0.0004031445327727923,154.95588287748848,154.77656416653676,0.17931871095171914,1.0000000000000007,0.01787109375,4.729015497626082,-2.1600657609858023,0.01787109374999999,-1,5004,-0.3127127767148129,-0.8927650993410337,0.13368281022629644,13.413744867284796,13.413744867284796,0.0,0.2727931097101266,0.99829481302078,1.0,-0.8830441887961635,0.00972091054487012,1.0,1.0,2.0,0.0,861.0,218.75,0,0,1.0,2.0,125.0,20187.5,0.0,1.0,9697.5,10490.0,122.5,122.5
5005,2019-07-30,12:33:49,155.0625,155.0625,154.8125,154.8125,286,44320.53125,154.9668924825175,-0.25,-0.0016135542024411365,154.9240200158244,154.77766988448948,0.1463501313349127,1.0000000000000007,0.01630859375,4.416436587902038,-2.0704629105400487,0.016308593749999985,0,5005,-0.29256850072695284,-0.8830441887961635,0.1277051046356409,11.460006375819392,11.460006375819392,0.0,0.2727931097101266,0.784810463419838,1.0,-0.9030497491971081,-0.02000556040094459,1.0,1.0,1.0,0.0,861.0,-31.25,0,0,1.0,1.0,-250.0,19937.5,0.0,0.0,9697.5,10240.0,-250.0,122.5
5006,2019-07-30,12:35:59,154.8125,154.84375,154.78125,154.84375,287,44429.1875,154.80553135888502,0.03125,0.0002018367147833544,154.9061822345301,154.7797031188129,0.1264791157171885,1.0000000000000018,0.015917968749999997,0.9473446497798221,-1.2445217619085867,0.015917968749999973,-1,5006,-0.33482480347260707,-0.9030497491971081,0.12616643273866457,10.024783373179108,10.024783373179108,0.0,0.2727931097101266,0.627984127352129,1.0,-0.9439523810773944,-0.04090263188028631,1.0,1.0,1.0,0.0,861.0,0.0,0,0,1.0,1.0,31.25,19968.75,0.0,0.0,9697.5,10271.25,31.25,31.25
5007,2019-07-30,12:40:20,154.84375,154.875,154.8125,154.84375,287,44441.6875,154.84908536585365,0.0,0.0,154.89230840463455,154.78167379208023,0.11063461255432117,1.0000000000000029,0.01240234375,1.783743567487137,-1.385357816369994,0.012402343749999963,0,5007,-0.4340721496564535,-0.9439523810773944,0.11136581050753397,9.934342690105655,9.934342690105655,0.0,0.2727931097101266,0.6181017042500898,1.0,-0.9848599405316871,-0.0409075594542927,1.0,1.0,1.0,0.0,861.0,0.0,0,0,1.0,1.0,0.0,19968.75,0.0,0.0,9697.5,10271.25,0.0,31.25
5008,2019-07-30,12:43:59,154.84375,154.84375,154.71875,154.75,287,44417.0,154.76306620209058,-0.09375,-0.0006056323996563862,154.86068431471577,154.7806992138624,0.07998510085337784,1.000000000000005,0.0022460937500000003,1.455576559546311,-1.1180799331493774,0.0022460937499999886,0,5008,-0.5738228051985973,-0.9848599405316871,0.04739297152532207,16.87699637289926,16.87699637289926,0.0,0.2727931097101266,1.3767231433271747,2.0,-0.9998374812463233,-0.014977540714636195,1.0,1.0,1.0,0.0,861.0,-93.75,0,0,1.0,1.0,-93.75,19875.0,1.0,0.0,9697.5,10177.5,-93.75,0.0
5009,2019-07-30,12:48:42,154.75,154.8125,154.6875,154.71875,287,44408.40625,154.73312282229966,-0.03125,-0.00020195900300912228,154.82914335589007,154.7787930842051,0.05035027168497663,1.0000000000000087,0.0016601562499999997,2.664359861591702,-1.714392328011769,0.0016601562499999854,0,5009,-0.6942440967006167,-0.9998374812463233,0.040745015032516374,12.357406579625712,12.357406579625712,0.0,0.2727931097101266,0.8828690826660861,1.0,-0.988291182972988,0.01154629827333531,2.0,1.0,1.0,0.0,861.0,-125.0,0,0,2.0,1.0,-31.25,19843.75,-1.0,1.0,9700.0,10143.75,-33.75,-33.75
5010,2019-07-30,12:50:14,154.71875,154.71875,154.6875,154.71875,287,44403.375,154.71559233449477,0.0,0.0,154.80461149902564,154.7769456046911,0.027665894334546692,1.0000000000000024,0.00322265625,1.0743801652892582,-0.2669003066972995,0.0032226562499999916,0,5010,-0.8067174747947417,-0.988291182972988,0.0567684441393279,4.873463550744098,4.873463550744098,0.0,0.2727931097101266,0.06510113831190834,0.0,-0.9376992818428508,0.05059190113013723,1.0,1.0,2.0,0.0,861.0,-125.0,0,0,1.0,2.0,0.0,19843.75,-1.0,1.0,9702.5,10141.25,-2.5,-2.5
5011,2019-07-30,12:54:26,154.71875,154.75,154.71875,154.71875,287,44408.09375,154.73203397212544,0.0,0.0,154.78553116590885,154.7751549707006,0.01037619520823796,0.9999999999999971,0.00126953125,-0.17751479289940755,0.4047960089109363,0.0012695312500000037,0,5011,-0.9087363009601356,-0.9376992818428508,0.03563048203434811,2.912168069529683,2.912168069529683,0.0,0.2727931097101266,-0.14920896102399372,0.0,-0.7919653264929648,0.14573395534988598,0.0,1.0,1.0,0.0,861.0,-125.0,0,0,0.0,1.0,0.0,19843.75,0.0,1.0,9705.0,10138.75,-2.5,-2.5
5012,2019-07-30,13:02:50,154.71875,154.78125,154.71875,154.78125,287,44417.53125,154.76491724738676,0.0625,0.00040387722681511917,154.7845797957069,154.7753425100637,0.009237285643195037,0.9999999999999852,0.0006835937499999997,-0.6122448979591795,0.5122408325718838,0.0006835937500000098,-1,5012,-0.991739458853806,-0.7919653264929648,0.02614562582919005,3.533013783468955,3.533013783468955,0.0,0.2727931097101266,-0.08136935811815882,0.0,-0.6351337504603839,0.1568315760325809,-0.0,1.0,0.0,0.0,861.0,-62.5,0,0,-0.0,0.0,0.0,19843.75,0.0,0.0,9705.0,10138.75,0.0,0.0
5013,2019-07-30,13:07:48,154.78125,154.8125,154.78125,154.8125,287,44428.6875,154.80378919860627,0.03125,0.00020187746106703486,154.79078428554982,154.77648581744637,0.014298468103447703,0.9999999999999736,0.0004882812499999999,1.9999999999999691,2.6168207644729593e-15,0.0004882812500000128,-1,5013,-0.9952781972362458,-0.6351337504603839,0.0220970869120799,6.470748004177467,6.470748004177467,0.0,0.2727931097101266,0.23963587474593073,1.0,-0.43154400606106114,0.20358974439932276,-0.0,-1.0,-0.0,0.0,861.0,-31.25,0,0,-0.0,-0.0,-0.0,19843.75,1.0,0.0,9705.0,10138.75,-0.0,-0.0
5014,2019-07-30,13:17:43,154.8125,154.84375,154.78125,154.84375,287,44430.8125,154.81119337979095,0.03125,0.0002018367147833544,154.80255444431654,154.7785554846019,0.023998959714646162,0.9999999999999375,0.00029296875000000053,-3.3333333333331896,0.6085806194501694,0.00029296875000001885,-1,5014,-0.9430229829280712,-0.43154400606106114,0.01711632992203699,14.02108969852696,14.02108969852696,0.0,0.2727931097101266,1.0646591790030344,1.0,-0.07035144170119599,0.36119256435986513,-1.0,-1.0,-0.0,0.0,861.0,0.0,0,0,-1.0,-0.0,-0.0,19843.75,0.0,1.0,9707.5,10136.25,-2.5,-0.0
5015,2019-07-30,13:24:12,154.84375,154.90625,154.84375,154.875,287,44443.15625,154.85420296167248,0.03125,0.0002017959849442974,154.81865345669067,154.78152300815262,0.03713044853805059,0.9999999999999202,0.00019531250000000017,5.000000000000166,2.2360679774997756,0.00019531250000001573,-1,5015,-0.7551007414014564,-0.07035144170119599,0.013975424859374249,26.568386229163345,20.0,0.0,0.2727931097101266,1.7179727020810263,2.0,0.30856818899353894,0.37891963069473494,-1.0,-1.0,-1.0,1.0,862.0,31.25,0,0,-1.0,-1.0,-31.25,19812.5,1.0,0.0,9707.5,10105.0,-31.25,-2.5
5016,2019-07-30,13:35:02,154.875,154.96875,154.875,154.9375,287,44456.8125,154.90178571428572,0.0625,0.0004034698461028441,154.84506379964833,154.78632230020946,0.05874149943886664,0.9999999999999917,0.001171875,2.9166666666666714,-1.2932338163316428,0.0011718750000000097,-1,5016,-0.454410884642903,0.30856818899353894,0.034232659844073025,17.15949029565023,17.15949029565023,0.0,0.2727931097101266,1.4075911595064923,2.0,0.7727694516025788,0.4642012626090399,-2.0,-1.0,-1.0,0.0,862.0,93.75,0,0,-2.0,-1.0,-62.5,19750.0,0.0,1.0,9710.0,10040.0,-65.0,-31.25
5017,2019-07-30,13:41:41,154.9375,154.96875,154.90625,154.96875,286,44312.9375,154.9403409090909,0.03125,0.00020167389399805558,154.87254962194874,154.79193546020304,0.08061416174570013,1.0000000000000013,0.01005859375,2.711848430577812,-1.6607968306529897,0.010058593749999987,-1,5017,0.09763915670968942,0.7727694516025788,0.10029254084925751,8.037902027715646,8.037902027715646,0.0,0.2727931097101266,0.4108782692122486,1.0,0.9749858237034462,0.2022163721008674,-2.0,-1.0,-2.0,0.0,862.0,125.0,0,0,-2.0,-2.0,-62.5,19687.5,-1.0,0.0,9710.0,9977.5,-62.5,-62.5
5018,2019-07-30,13:47:40,154.96875,155.0,154.9375,154.9375,287,44473.375,154.95949477351917,-0.03125,-0.00020167389399805558,154.88698303929345,154.79641436911987,0.09056867017358172,1.0000000000000016,0.00947265625,2.6750983101286017,-1.5491313812566696,0.009472656249999984,0,5018,0.5322525459327893,0.9749858237034462,0.0973275718899839,9.305551182963628,9.305551182963628,0.0,0.2727931097101266,0.5493938671863243,1.0,0.9975215784275359,0.02253575472408964,-1.0,-1.0,-2.0,0.0,862.0,93.75,0,0,-1.0,-2.0,62.5,19750.0,0.0,1.0,9712.5,10037.5,60.0,60.0
5019,2019-07-30,13:55:23,154.9375,154.96875,154.75,154.75,287,44453.78125,154.8912238675958,-0.1875,-0.0012108982307035276,154.85654236389493,154.79498623468544,0.06155612920949238,1.000000000000004,0.00712890625,2.021017076374561,-1.3385038869326549,0.007128906249999971,0,5019,0.7551071647207296,0.9975215784275359,0.08443285053816418,7.290542581132994,7.290542581132994,0.0,0.2727931097101266,0.329214553178202,1.0,0.9128230561373872,-0.08469852229014863,1.0,-1.0,-1.0,0.0,862.0,-93.75,0,0,1.0,-1.0,187.5,19937.5,0.0,2.0,9717.5,10220.0,182.5,182.5
5020,2019-07-30,14:00:01,154.75,154.90625,154.71875,154.75,287,44425.90625,154.79409843205576,0.0,0.0,154.8328662830294,154.79360204284896,0.03926424018044372,1.0000000000000075,0.005078124999999999,2.818047337278107,-1.4926852828590798,0.005078124999999962,0,5020,0.9342141896265446,0.9128230561373872,0.07126096406869585,5.509922675560892,5.509922675560892,0.0,0.2727931097101266,0.134646813386972,0.0,0.6364817488156179,-0.2763413073217693,-1.0,-1.0,1.0,1.0,863.0,0.0,0,0,-1.0,1.0,0.0,19937.5,-1.0,2.0,9722.5,10215.0,-5.0,182.5
5021,2019-07-30,14:01:00,154.75,154.75,154.65625,154.6875,287,44396.875,154.69294425087108,-0.0625,-0.00040395880169619147,154.80056266457845,154.79033736460747,0.010225299970983315,1.000000000000006,0.005859375000000001,2.0000000000000058,-1.3608276348795423,0.005859374999999965,0,5021,0.9954461964663848,0.6364817488156179,0.07654655446197409,1.3358275944429243,1.3358275944429243,0.0,0.2727931097101266,-0.32145515596952423,-0.0,-0.09671680513361584,-0.7331985539492337,0.0,1.0,-1.0,1.0,864.0,-62.5,0,0,0.0,-1.0,62.5,20000.0,-0.0,1.0,9725.0,10275.0,60.0,60.0
5022,2019-07-30,14:01:11,154.6875,154.6875,154.59375,154.625,287,44380.28125,154.6351263066202,-0.0625,-0.0004041220503570031,154.7615487391166,154.78525006108111,-0.02370132196452346,1.0000000000000195,0.0009765625,-2.9999999999999964,9.251858538542974e-16,0.0009765624999999809,0,5022,0.6354027140084866,-0.09671680513361584,0.031249999999999695,-7.584423028647581,0.0,-7.584423028647581,-0.6022787515847171,-0.4674205891246751,-1.0,-0.9582315218991041,-0.8615147167654883,-0.0,1.0,0.0,0.0,864.0,-125.0,0,0,-0.0,0.0,-0.0,20000.0,-1.0,0.0,9725.0,10275.0,-0.0,60.0
5023,2019-07-30,14:02:35,154.625,154.65625,154.5625,154.625,287,44372.75,154.6088850174216,0.0,0.0,154.73120457486849,154.78031928997095,-0.049114715102462014,1.0000000000000093,0.0016601562499999997,-1.4878892733564004,0.5413870509510853,0.001660156249999984,0,5023,-0.47534397930236627,-0.9582315218991041,0.04074501503251636,-12.054165414656556,0.0,-12.054165414656556,-1.1179865087152923,-0.4674205891246751,-2.0,-0.791515944266044,0.1667155776330601,-1.0,1.0,-0.0,0.0,864.0,-125.0,0,0,-1.0,-0.0,-0.0,20000.0,-1.0,1.0,9727.5,10272.5,-2.5,-0.0
5024,2019-07-30,14:05:43,154.625,154.65625,154.59375,154.59375,287,44378.5625,154.62913763066203,-0.03125,-0.0002021222846702031,154.70065911378663,154.7745786964334,-0.07391958264676646,1.0,0.005175781250000001,1.1285154859380562,1.032658539398995,0.0051757812500000016,0,5024,-0.9918335523723575,-0.791515944266044,0.07194290270763337,-10.274756767483522,0.0,-10.274756767483522,-0.9126827656349827,-0.4674205891246751,-1.0,-0.4046799881050115,0.3868359561610325,2.0,1.0,-1.0,1.0,865.0,-31.25,0,0,2.0,-1.0,31.25,20031.25,1.0,3.0,9735.0,10296.25,23.75,23.75
5025,2019-07-30,14:12:12,154.59375,154.65625,154.59375,154.625,288,44529.40625,154.61599392361111,0.03125,0.0002021222846702031,154.6838459773896,154.7699762750047,-0.08613029761508528,0.999999999999997,0.00341796875,1.999999999999999,1.145405322481819,0.003417968750000011,-1,5025,-0.9327716770883249,-0.4046799881050115,0.058463396668342923,-14.732345796412405,0.0,-14.732345796412405,-1.4269882986595335,-0.4674205891246751,-2.0,-0.06862680599153217,0.33605318211347934,1.0,-1.0,2.0,1.0,866.0,31.25,0,0,1.0,2.0,62.5,20093.75,-1.0,1.0,9737.5,10356.25,60.0,60.0
5026,2019-07-30,14:17:55,154.625,154.75,154.625,154.75,287,44396.5625,154.69185540069685,0.125,0.0008080808520531946,154.69854687130302,154.7693616203892,-0.0708147490861677,0.9999999999999947,0.00322265625,1.0743801652892557,0.2669003066973004,0.003222656250000017,-1,5026,-0.7539661872687218,-0.06862680599153217,0.05676844413932812,-12.474315644861678,0.0,-12.474315644861678,-1.1664623970696648,-0.4674205891246751,-2.0,0.2969717162445505,0.3655985222360827,2.0,-1.0,1.0,0.0,866.0,156.25,0,0,2.0,1.0,125.0,20218.75,0.0,1.0,9740.0,10478.75,122.5,122.5
5027,2019-07-30,14:26:26,154.75,154.8125,154.71875,154.78125,287,44418.4375,154.768074912892,0.03125,0.0002019182238059969,154.7169253443468,154.7697274166849,-0.052802072338096195,0.9999999999999996,0.01103515625,2.9736079567702993,-1.4637170319630688,0.011035156250000004,-1,5027,-0.465215846517671,0.2969717162445505,0.1050483519623226,-5.0264541377131335,0.0,-5.0264541377131335,-0.3071466644016191,-0.4674205891246751,-1.0,0.798054479622802,0.5010827633782515,2.0,-1.0,2.0,0.0,866.0,187.5,0,0,2.0,2.0,62.5,20281.25,1.0,0.0,9740.0,10541.25,62.5,122.5
5028,2019-07-30,14:37:10,154.78125,154.875,154.78125,154.84375,287,44436.03125,154.82937717770034,0.0625,0.00040371417585038927,154.74510860115865,154.77200503463308,-0.026896433474433934,0.9999999999999991,0.01142578125,3.328950252027179,-1.654166406784198,0.011425781250000008,-1,5028,0.1382175802076633,0.798054479622802,0.10689144610304423,-2.5162381514144316,0.0,-2.5162381514144316,-0.01752418856061,-0.4674205891246751,-0.0,0.9672058575678335,0.16915137794503154,1.0,-1.0,2.0,0.0,866.0,250.0,0,0,1.0,2.0,125.0,20406.25,1.0,1.0,9742.5,10663.75,122.5,122.5
5029,2019-07-30,14:45:30,154.84375,154.875,154.6875,154.6875,287,44420.53125,154.77537020905925,-0.15625,-0.0010095912013525776,154.73230668979008,154.7694048797213,-0.037098189931214165,1.0000000000000013,0.01005859375,-2.038834951456309,-0.7532575789300445,0.010058593749999987,0,5029,0.5043171120516652,0.9672058575678335,0.10029254084925751,-3.698997913212088,0.0,-3.698997913212088,-0.1539880675282732,-0.4674205891246751,-1.0,0.9577191840025938,-0.00948667356523969,-0.0,-1.0,1.0,0.0,866.0,93.75,0,0,-0.0,1.0,-156.25,20250.0,-1.0,1.0,9745.0,10505.0,-158.75,122.5
5030,2019-07-30,14:48:57,154.6875,154.75,154.6875,154.75,287,44405.21875,154.72201655052265,0.0625,0.00040395880169619147,154.7362385365034,154.76880780649913,-0.03256926999571874,1.0000000000000016,0.00947265625,-1.9162503985545751,-0.5560984445536761,0.009472656249999984,-1,5030,0.8806476371987435,0.9577191840025938,0.0973275718899839,-3.346355956823216,0.0,-3.346355956823216,-0.11330111586665276,-0.4674205891246751,-1.0,0.8110247652256147,-0.14669441877697909,-1.0,-1.0,-0.0,0.0,866.0,156.25,0,0,-1.0,-0.0,-0.0,20250.0,0.0,1.0,9747.5,10502.5,-2.5,-2.5
5031,2019-07-30,14:59:43,154.75,154.75,154.625,154.65625,287,44394.0625,154.68314459930315,-0.09375,-0.000605999412545799,154.71846330616933,154.76534448937608,-0.046881183206750165,1.0000000000000022,0.00830078125,-1.598615916955018,-0.6052891240323844,0.008300781249999981,0,5031,0.9871469365909918,0.8110247652256147,0.09110862335695771,-5.145636217449221,0.0,-5.145636217449221,-0.32089759627260217,-0.4674205891246751,-1.0,0.5516830954018742,-0.2593416698237405,1.0,-1.0,-1.0,1.0,867.0,-93.75,0,0,1.0,-1.0,93.75,20343.75,0.0,2.0,9752.5,10591.25,88.75,88.75
5032,2019-07-30,15:05:46,154.65625,154.6875,154.625,154.65625,287,44389.03125,154.66561411149826,0.0,0.0,154.70463812702062,154.76198773585682,-0.05734960883620488,1.0000000000000022,0.00419921875,-1.9632233639805285,-0.235513936408806,0.00419921874999999,0,5032,0.9798639645611401,0.5516830954018742,0.06480137922914905,-8.850059908973018,0.0,-8.850059908973018,-0.7483047863149116,-0.4674205891246751,-1.0,0.02951285966994175,-0.5221702357319324,-1.0,1.0,1.0,1.0,868.0,0.0,0,0,-1.0,1.0,0.0,20343.75,0.0,2.0,9757.5,10586.25,-5.0,88.75
5033,2019-07-30,15:13:32,154.65625,154.71875,154.625,154.6875,287,44387.34375,154.6597343205575,0.03125,0.00020204061084960756,154.70082965434938,154.7596958055228,-0.05886615117341876,1.0000000000000075,0.00322265625,-2.2314049586776874,0.5671631517317608,0.003222656249999975,-1,5033,0.7276675091609124,0.02951285966994175,0.05676844413932775,-10.369519909501584,0.0,-10.369519909501584,-0.9236163012189913,-0.4674205891246751,-1.0,-0.8253978041315592,-0.8549106638015009,-1.0,1.0,-1.0,1.0,869.0,31.25,0,0,-1.0,-1.0,-31.25,20312.5,0.0,0.0,9757.5,10555.0,-31.25,-5.0
5034,2019-07-30,15:18:19,154.6875,154.75,154.625,154.625,287,44395.59375,154.6884799651568,-0.0625,-0.0004041220503570031,154.68397862004954,154.75555131919904,-0.07157269914949893,1.0000000000000078,0.00244140625,-1.1999999999999993,0.0,0.002441406249999981,0,5034,-0.18444614742343748,-0.8253978041315592,0.049410588440130736,-14.485295846298477,0.0,-14.485295846298477,-1.3984842900009418,-0.4674205891246751,-2.0,-0.9165153835710685,-0.09111757943950938,-1.0,1.0,-1.0,0.0,869.0,-31.25,0,0,-1.0,-1.0,62.5,20375.0,-1.0,0.0,9757.5,10617.5,62.5,62.5
5035,2019-07-30,15:22:04,154.625,154.625,154.5,154.53125,288,44516.53125,154.5712890625,-0.09375,-0.0006064894555661837,154.65003892670524,154.7486497401468,-0.09861081344155309,1.00000000000001,0.0021484375,0.867768595041318,0.5516180692881069,0.002148437499999978,0,5035,-0.9309165589944519,-0.9165153835710685,0.04635124054434766,-21.274686995098833,0.0,-20.0,-2.034757136339064,-0.4674205891246751,-3.0,-0.4287820259228153,0.48773335764825326,2.0,1.0,-1.0,0.0,869.0,-125.0,0,0,2.0,-1.0,93.75,20468.75,-1.0,3.0,9765.0,10703.75,86.25,86.25
5036,2019-07-30,15:30:05,154.53125,154.5625,154.46875,154.5,287,44342.4375,154.50326655052265,-0.03125,-0.00020224491928555466,154.61669694299297,154.7409989789115,-0.12430203591853228,1.00000000000001,0.0021484375,0.867768595041318,0.5516180692881069,0.002148437499999978,0,5036,-0.9420005854193974,-0.4287820259228153,0.04635124054434766,-26.817412966456278,0.0,-20.0,-2.034757136339064,-0.4674205891246751,-3.0,-0.06033992273018032,0.36844210319263493,3.0,-1.0,2.0,1.0,870.0,-31.25,0,0,3.0,2.0,-62.5,20406.25,0.0,1.0,9767.5,10638.75,-65.0,86.25
5037,2019-07-30,15:35:11,154.5,154.53125,154.4375,154.46875,288,44492.53125,154.48795572916666,-0.03125,-0.0002022858305679165,154.5838198445501,154.7326220872527,-0.148802242702601,1.0000000000000047,0.0027343750000000003,-0.6122448979591854,-0.5122408325718829,0.0027343749999999872,0,5037,-0.7484851211355809,-0.06033992273018032,0.0522912516583796,-28.456431617803062,0.0,-20.0,-2.034757136339064,-0.4674205891246751,-3.0,0.28591273778269605,0.3462526605128764,3.0,-1.0,3.0,0.0,870.0,-62.5,0,0,3.0,3.0,-93.75,20312.5,0.0,0.0,9767.5,10545.0,-93.75,-65.0
5038,2019-07-30,15:47:18,154.46875,154.5,154.4375,154.5,287,44333.96875,154.4737587108014,0.03125,0.0002022858305679165,154.56519321242786,154.72546448456802,-0.16027127214016446,0.9999999999999982,0.0027343750000000003,-0.6122448979591854,0.5122408325718829,0.0027343750000000055,-1,5038,-0.4754182382734226,0.28591273778269605,0.05229125165837977,-30.649729554614837,0.0,-20.0,-2.034757136339064,-0.4674205891246751,-3.0,0.5917591145781648,0.3058463767954687,3.0,-1.0,3.0,0.0,870.0,-31.25,0,0,3.0,3.0,93.75,20406.25,0.0,0.0,9767.5,10638.75,93.75,93.75
5039,2019-07-30,15:58:49,154.5,154.5625,154.5,154.53125,288,44500.96875,154.51725260416666,0.03125,0.00020224491928555466,154.5576502763328,154.71948865427365,-0.1618383779408532,0.999999999999996,0.0021484374999999997,0.8677685950413286,0.5516180692881066,0.0021484375000000084,-1,5039,-0.15157239363071148,0.5917591145781648,0.046351240544347985,-34.915651887679104,0.0,-20.0,-2.034757136339064,-0.4674205891246751,-3.0,0.8209407763588765,0.22918166178071175,3.0,-1.0,3.0,0.0,870.0,0.0,0,0,3.0,3.0,93.75,20500.0,0.0,0.0,9767.5,10732.5,93.75,93.75
5040,2019-07-30,16:10:04,154.53125,154.6875,154.53125,154.625,287,44370.125,154.59973867595818,0.09375,0.0006064894555661837,154.5726168815922,154.71658131106523,-0.1439644294730158,0.9999999999999983,0.0032226562500000003,1.0743801652892546,-0.2669003066972995,0.003222656250000005,-1,5040,0.17672538056289883,0.8209407763588765,0.056768444139328016,-25.359939250700762,0.0,-20.0,-2.034757136339064,-0.4674205891246751,-3.0,0.9553917031071159,0.13445092674823933,3.0,-1.0,3.0,0.0,870.0,93.75,0,0,3.0,3.0,281.25,20781.25,0.0,0.0,9767.5,11013.75,281.25,281.25
5041,2019-07-30,16:20:56,154.625,154.65625,154.59375,154.625,287,44377.21875,154.6244555749129,0.0,0.0,154.58425757457172,154.71376342457094,-0.12950584999921944,1.0000000000000007,0.00439453125,-0.9629629629629631,0.5237828008789241,0.0043945312499999965,0,5041,0.4667258643932361,0.9553917031071159,0.06629126073623881,-19.53588581072553,0.0,-19.53588581072553,-1.981208795756303,-0.4674205891246751,-2.0,0.9977086049188871,0.04231690181177128,3.0,-1.0,3.0,0.0,870.0,93.75,0,0,3.0,3.0,0.0,20781.25,1.0,0.0,9767.5,11013.75,0.0,281.25
5042,2019-07-30,16:38:23,154.625,154.625,154.53125,154.5625,288,44518.65625,154.57866753472223,-0.0625,-0.0004042854310171151,154.57942255800023,154.7091091653534,-0.12968660735316462,0.9999999999999996,0.00615234375,-3.030990173847316,0.19604278777442416,0.006152343750000002,0,5042,0.657645430781871,0.9977086049188871,0.0784368774875696,-16.533881957975304,0.0,-16.533881957975304,-1.6348450593035826,-0.4674205891246751,-2.0,0.9885617837447406,-0.009146821174146558,-2.0,-1.0,3.0,0.0,870.0,31.25,0,0,-2.0,3.0,-187.5,20593.75,0.0,5.0,9780.0,10813.75,-200.0,0.0
5043,2019-07-30,16:49:05,154.5625,154.5625,154.46875,154.5,287,44345.9375,154.51546167247386,-0.0625,-0.00040444894383462326,154.56177310066684,154.7026750371887,-0.1409019365218569,1.0000000000000022,0.00419921875,1.9307733910221774,1.4467284665112368,0.00419921874999999,0,5043,0.805662071030706,0.9885617837447406,0.06480137922914905,-21.743663205624518,0.0,-20.0,-2.034757136339064,-0.4674205891246751,-3.0,0.9264700964162939,-0.06209168732844672,-2.0,-1.0,-2.0,1.0,871.0,-62.5,0,0,-2.0,-2.0,125.0,20718.75,-1.0,0.0,9780.0,10938.75,125.0,125.0
5044,2019-07-30,17:05:21,154.5,154.625,154.46875,154.59375,287,44358.15625,154.55803571428572,0.09375,0.0006066120901815353,154.56887907829645,154.6993234975829,-0.130444419286448,1.0000000000000007,0.00537109375,-2.62809917355372,0.5814564991516648,0.0053710937499999965,-1,5044,0.9212459242664709,0.9264700964162939,0.07328774624724106,-17.798939927335894,0.0,-17.798939927335894,-1.7808043007268086,-0.4674205891246751,-2.0,0.773684517028417,-0.15278557938787685,-3.0,-1.0,-2.0,0.0,871.0,31.25,0,0,-3.0,-2.0,-187.5,20531.25,1.0,1.0,9782.5,10748.75,-190.0,125.0
5045,2019-07-30,17:18:11,154.59375,154.625,154.5625,154.5625,288,44520.3125,154.58441840277777,-0.03125,-0.00020216314634691201,154.5674615053417,154.69511354381115,-0.12765203846944928,0.9999999999999998,0.004589843749999999,-2.3675871435038487,0.5594072218898559,0.004589843749999999,0,5045,0.9950799502415958,0.773684517028417,0.06774838558962125,-18.84207828105132,0.0,-18.84207828105132,-1.9011590089657777,-0.4674205891246751,-2.0,0.7037416068388549,-0.06994291018956211,2.0,-1.0,-3.0,0.0,871.0,0.0,0,0,2.0,-3.0,93.75,20625.0,0.0,5.0,9795.0,10830.0,81.25,81.25
5046,2019-07-30,17:26:57,154.5625,154.625,154.53125,154.625,287,44366.5,154.5871080139373,0.0625,0.0004042854310171151,154.580247837488,154.69295620400158,-0.11270836651357286,0.9999999999999977,0.003125,-2.3242187499999987,0.052407843222650706,0.003125000000000008,-1,5046,0.9999887291135728,0.7037416068388549,0.05590169943749481,-20.161885532584765,0.0,-20.0,-2.034757136339064,-0.4674205891246751,-3.0,0.36683921996916247,-0.3369023868696924,-2.0,1.0,2.0,1.0,872.0,62.5,0,0,-2.0,2.0,125.0,20750.0,-1.0,4.0,9805.0,10945.0,115.0,115.0
5047,2019-07-30,17:34:49,154.625,154.65625,154.59375,154.59375,287,44380.3125,154.63523519163763,-0.03125,-0.0002021222846702031,154.58324831804623,154.68990370541692,-0.10665538737069369,0.9999999999999979,0.0022460937500000003,-3.081285444234405,-0.3153558785805939,0.002246093750000005,0,5047,0.9172048780010686,0.36683921996916247,0.04739297152532224,-22.50447354070367,0.0,-20.0,-2.034757136339064,-0.4674205891246751,-3.0,0.27480797060229045,-0.09203124936687201,-3.0,1.0,-2.0,1.0,873.0,-31.25,0,0,-3.0,-2.0,62.5,20812.5,0.0,1.0,9807.5,11005.0,60.0,115.0
5048,2019-07-30,17:40:53,154.59375,154.65625,154.59375,154.625,288,44529.75,154.6171875,0.03125,0.0002021222846702031,154.59252646959155,154.6879066683272,-0.09538019873565418,0.9999999999999979,0.0022460937500000003,-3.081285444234405,-0.3153558785805939,0.002246093750000005,-1,5048,0.8742011353116836,0.27480797060229045,0.04739297152532224,-20.125388990367945,0.0,-20.0,-2.034757136339064,-0.4674205891246751,-3.0,-0.15725406834669609,-0.43206203894898654,-3.0,1.0,-3.0,0.0,873.0,0.0,0,0,-3.0,-3.0,-93.75,20718.75,0.0,0.0,9807.5,10911.25,-93.75,60.0
5049,2019-07-30,18:03:47,154.625,154.6875,154.59375,154.6875,287,44383.40625,154.64601480836237,0.0625,0.0004041220503570031,154.6136316985712,154.6878941554556,-0.07426245688441213,1.0000000000000004,0.0016601562499999997,-1.4878892733564004,0.5413870509510851,0.001660156249999999,-1,5049,0.5871136674761697,-0.15725406834669609,0.04074501503251654,-18.22614541316208,0.0,-18.22614541316208,-1.8300942069233976,-0.4674205891246751,-2.0,-0.520887135002221,-0.36363306665552486,-3.0,1.0,-3.0,0.0,873.0,62.5,0,0,-3.0,-3.0,-187.5,20531.25,1.0,0.0,9807.5,10723.75,-187.5,-93.75
5050,2019-07-30,18:21:14,154.6875,154.71875,154.59375,154.65625,287,44389.15625,154.66604965156793,-0.03125,-0.00020204061084960756,154.62310243222205,154.6869204891339,-0.06381805691185605,1.0000000000000004,0.0016601562499999997,-1.4878892733564004,0.5413870509510851,0.001660156249999999,0,5050,0.23528159498072956,-0.520887135002221,0.04074501503251654,-15.662788898452014,0.0,-15.662788898452014,-1.5343405091118472,-0.4674205891246751,-2.0,-0.7041737822523537,-0.18328664725013277,-2.0,1.0,-3.0,0.0,873.0,31.25,0,0,-2.0,-3.0,93.75,20625.0,0.0,1.0,9810.0,10815.0,91.25,91.25
5051,2019-07-30,18:36:26,154.65625,154.6875,154.625,154.65625,287,44386.34375,154.65625,0.0,0.0,154.63046855839497,154.68597678177593,-0.0555082233809685,0.9999999999999989,0.00224609375,-3.081285444234402,0.31535587858059355,0.002246093750000002,0,5051,0.004139319850055173,-0.7041737822523537,0.047392971525322215,-11.712332355296667,0.0,-11.712332355296667,-1.0785466607036094,-0.4674205891246751,-2.0,-0.7340175654664906,-0.029843783214136832,-2.0,1.0,-2.0,0.0,873.0,31.25,0,0,-2.0,-2.0,-0.0,20625.0,0.0,0.0,9810.0,10815.0,-0.0,91.25
5052,2019-07-30,18:45:51,154.625,154.6875,154.59375,154.625,287,44384.46875,154.6497168989547,-0.03125,-0.00020208143950739554,154.62925332319608,154.68410057310592,-0.05484724990984091,1.000000000000004,0.0032226562500000003,1.0743801652892546,0.2669003066972995,0.003222656249999987,0,5052,-0.038811027874861334,-0.7340175654664906,0.056768444139327856,-9.661573562810402,0.0,-9.661573562810402,-0.8419352128941482,-0.4674205891246751,-1.0,-0.8034427125132939,-0.06942514704680336,-2.0,1.0,-2.0,0.0,873.0,0.0,0,0,-2.0,-2.0,62.5,20687.5,1.0,0.0,9810.0,10877.5,62.5,62.5
5053,2019-07-30,18:52:14,154.625,154.6875,154.625,154.6875,288,44535.375,154.63671875,0.0625,0.0004041220503570031,154.64219702915253,154.68420517085653,-0.042008141704002355,1.0000000000000009,0.00439453125,-0.9629629629629631,-0.5237828008789241,0.004394531249999996,-1,5053,-0.1471210921504203,-0.8034427125132939,0.0662912607362388,-6.336904930975038,0.0,-6.336904930975038,-0.4583432169229623,-0.4674205891246751,-1.0,-0.8376216945679472,-0.034178982054653306,-1.0,1.0,-2.0,0.0,873.0,62.5,0,0,-1.0,-2.0,-125.0,20562.5,0.0,1.0,9812.5,10750.0,-127.5,62.5
5054,2019-07-30,18:59:17,154.6875,154.71875,154.59375,154.59375,287,44387.71875,154.66104094076655,-0.09375,-0.0006062443350272062,154.6314310226742,154.68142193483018,-0.04999091215597673,0.9999999999999993,0.00615234375,-1.2169312169312185,-0.8284388773693415,0.006152343750000004,0,5054,-0.20603036109212694,-0.8376216945679472,0.07843687748756961,-6.373393964324894,0.0,-6.373393964324894,-0.46255323081719013,-0.4674205891246751,-1.0,-0.8858091606818703,-0.048187466113923105,-1.0,1.0,-1.0,0.0,873.0,-31.25,0,0,-1.0,-1.0,93.75,20656.25,0.0,0.0,9812.5,10843.75,93.75,93.75
5055,2019-07-30,19:00:00,154.59375,154.6875,154.59375,154.65625,287,44381.96875,154.641006097561,0.0625,0.00040420372417759864,154.63694635096883,154.6806474137585,-0.04370106278966546,0.9999999999999981,0.00537109375,3.3223140495867725,-1.7443694974549941,0.00537109375000001,-1,5055,-0.29822896951062183,-0.8858091606818703,0.07328774624724116,-5.962942651045234,0.0,-5.962942651045234,-0.4151963793697055,-0.4674205891246751,-1.0,-0.8528441011060642,0.03296505957580609,-1.0,1.0,-1.0,0.0,873.0,31.25,0,0,-1.0,-1.0,-62.5,20593.75,0.0,0.0,9812.5,10781.25,-62.5,93.75
5056,2019-07-30,19:07:36,154.65625,154.75,154.625,154.75,287,44395.6875,154.68880662020905,0.09375,0.000605999412545799,154.66206938408686,154.68278133948903,-0.020711955402163085,0.9999999999999988,0.005078125,2.818047337278107,-1.4926852828590789,0.005078125000000007,-1,5056,-0.23382499333660262,-0.8528441011060642,0.07126096406869617,-2.906493852959467,0.0,-2.906493852959467,-0.06255092056672729,-0.4674205891246751,-1.0,-0.7682940289207012,0.08455007218536303,-1.0,1.0,-1.0,0.0,873.0,125.0,0,0,-1.0,-1.0,-93.75,20500.0,0.0,0.0,9812.5,10687.5,-93.75,-62.5
5057,2019-07-30,19:22:11,154.75,154.78125,154.6875,154.78125,287,44409.5,154.73693379790942,0.03125,0.0002019182238059969,154.6885539654009,154.68581114442784,0.0027428209730544495,0.9999999999999939,0.0021484375,0.867768595041318,-0.5516180692881069,0.002148437500000013,-1,5057,-0.0906489245629365,-0.7682940289207012,0.046351240544348034,0.591747047294272,0.591747047294272,0.0,0.2727931097101266,-0.40276058776229096,-0.0,-0.6883254319239183,0.07996859699678294,-1.0,1.0,-1.0,0.0,873.0,156.25,0,0,-1.0,-1.0,-31.25,20468.75,1.0,0.0,9812.5,10656.25,-31.25,-31.25
5058,2019-07-30,19:41:19,154.78125,154.84375,154.75,154.8125,287,44428.53125,154.80324477351917,0.03125,0.00020187746106703486,154.71609752864515,154.68970926306085,0.026388265584301962,0.9999999999999966,0.0021484374999999997,0.8677685950413286,0.5516180692881066,0.002148437500000007,-1,5058,0.026217111309849814,-0.6883254319239183,0.04635124054434797,5.693108808825555,5.693108808825555,0.0,0.2727931097101266,0.1546635007208973,0.0,-0.6660034199762593,0.022322011947658926,-0.0,1.0,-1.0,0.0,873.0,187.5,0,0,-0.0,-1.0,-31.25,20437.5,0.0,1.0,9815.0,10622.5,-33.75,-31.25
5059,2019-07-30,19:56:49,154.8125,154.84375,154.75,154.78125,287,44426.0,154.794425087108,-0.03125,-0.00020187746106703486,154.7305758556129,154.69252590112052,0.038049954492379356,1.0000000000000042,0.0016601562499999997,-1.4878892733564004,-0.5413870509510851,0.0016601562499999924,0,5059,0.05652984088315869,-0.6660034199762593,0.040745015032516464,9.33855453532504,9.33855453532504,0.0,0.2727931097101266,0.5530001324282208,1.0,-0.6354933794919578,0.030510040484301504,0.0,1.0,-0.0,0.0,873.0,156.25,0,0,0.0,-0.0,0.0,20437.5,1.0,0.0,9815.0,10622.5,0.0,0.0
5060,2019-07-30,20:17:23,154.78125,154.84375,154.75,154.78125,287,44425.15625,154.79148519163763,0.0,0.0,154.74183677658783,154.69525587339376,0.04658090319406938,1.0000000000000018,0.00244140625,-1.2000000000000004,0.0,0.0024414062499999952,0,5060,0.09659993445049093,-0.6354933794919578,0.04941058844013088,9.427311971908585,9.427311971908585,0.0,0.2727931097101266,0.5626986277509355,1.0,-0.6600271482811706,-0.024533768789212762,1.0,1.0,0.0,0.0,873.0,156.25,0,0,1.0,0.0,0.0,20437.5,0.0,1.0,9817.5,10620.0,-2.5,0.0
5061,2019-07-30,20:45:33,154.78125,154.78125,154.71875,154.71875,287,44414.8125,154.75544425087108,-0.0625,-0.00040387722681511917,154.73670638179053,154.69597876959705,0.040727612193478535,1.0000000000000036,0.0021484375,0.8677685950413228,0.5516180692881075,0.0021484374999999924,0,5061,0.0644984618131999,-0.6600271482811706,0.04635124054434781,8.786736172575852,8.786736172575852,0.0,0.2727931097101266,0.49270312503241126,1.0,-0.6867246815356651,-0.026697533254494532,1.0,1.0,1.0,1.0,874.0,-62.5,0,0,1.0,1.0,-62.5,20375.0,0.0,0.0,9817.5,10557.5,-62.5,-2.5
5062,2019-07-30,23:19:04,154.71875,154.8125,154.6875,154.78125,287,44415.78125,154.75881968641116,0.0625,0.00040387722681511917,154.74660496361486,154.6986024997633,0.04800246385156015,,,,,,-1,5062,0.02842069229312331,-0.6867246815356651,,,0.0,0.0,0.2727931097101266,-0.4674205891246751,-0.0,-0.678240431883791,0.00848424965187411,1.0,1.0,1.0,0.0,874.0,0.0,0,0,1.0,1.0,62.5,20437.5,-1.0,0.0,9817.5,10620.0,62.5,62.5
5063,2019-07-30,23:21:38,154.78125,154.78125,154.78125,154.78125,6,928.6875,154.78125,0.0,0.0,154.75430386058935,154.7011454997706,0.05315836081874181,,,,,,0,5063,0.04002198218984246,-0.678240431883791,,,0.0,0.0,0.2727931097101266,-0.4674205891246751,-0.0,,,-0.0,1.0,1.0,0.0,874.0,0.0,0,0,-0.0,1.0,0.0,20437.5,0.0,1.0,9820.0,10617.5,-2.5,62.5
